k,c_0,c_1,c_2,D0,D1,spread,d,minimum_mask,least_minimum,normalised_minimum_mask,floor_k_theta
0,0,0,0,0,0,0,0,7,0,7,0
1,1,1,1,0,0,0,0,7,0,7,1
2,2,2,2,0,0,0,0,7,0,7,3
3,4,4,4,0,0,0,0,7,0,7,4
4,6,6,6,0,0,0,0,7,0,7,6
5,9,9,9,0,0,0,0,7,0,7,7
6,12,12,12,0,0,0,0,7,0,7,9
7,16,16,16,0,0,0,0,7,0,7,11
8,21,21,20,0,1,1,2,4,2,2,12
9,26,25,25,1,0,1,1,6,1,6,14
10,31,31,31,0,0,0,0,7,0,7,15
11,37,37,36,0,1,1,2,4,2,2,17
12,44,43,43,1,0,1,1,6,1,6,19
13,51,50,51,1,-1,1,2,2,1,4,20
14,58,58,58,0,0,0,0,7,0,7,22
15,67,66,66,1,0,1,1,6,1,6,23
16,75,74,75,1,-1,1,2,2,1,4,25
17,84,84,84,0,0,0,0,7,0,7,26
18,94,93,93,1,0,1,1,6,1,6,28
19,104,103,104,1,-1,1,2,2,1,4,30
20,114,115,115,-1,0,1,2,1,0,4,31
21,126,126,125,0,1,1,2,4,2,4,33
22,138,137,138,1,-1,1,2,2,1,4,34
23,149,150,150,-1,0,1,2,1,0,4,36
24,163,163,162,0,1,1,2,4,2,4,38
25,177,176,176,1,0,1,1,6,1,5,39
26,190,190,190,0,0,0,0,7,0,7,41
27,205,205,204,0,1,1,2,4,2,4,42
28,220,219,219,1,0,1,1,6,1,5,44
29,235,235,235,0,0,0,0,7,0,7,45
30,251,251,250,0,1,1,2,4,2,4,47
31,268,267,267,1,0,1,1,6,1,5,49
32,285,284,285,1,-1,1,2,2,1,1,50
33,302,302,302,0,0,0,0,7,0,7,52
34,321,320,320,1,0,1,1,6,1,5,53
35,339,338,339,1,-1,1,2,2,1,1,55
36,358,358,358,0,0,0,0,7,0,7,57
37,378,378,378,0,0,0,0,7,0,7,58
38,398,398,398,0,0,0,0,7,0,7,60
39,419,419,419,0,0,0,0,7,0,7,61
40,440,440,440,0,0,0,0,7,0,7,63
41,462,462,462,0,0,0,0,7,0,7,64
42,484,484,484,0,0,0,0,7,0,7,66
43,507,507,507,0,0,0,0,7,0,7,68
44,531,531,530,0,1,1,2,4,2,2,69
45,555,554,554,1,0,1,1,6,1,6,71
46,579,579,579,0,0,0,0,7,0,7,72
47,604,604,603,0,1,1,2,4,2,2,74
48,630,629,629,1,0,1,1,6,1,6,76
49,656,655,656,1,-1,1,2,2,1,4,77
50,682,682,682,0,0,0,0,7,0,7,79
51,710,709,709,1,0,1,1,6,1,6,80
52,737,736,737,1,-1,1,2,2,1,4,82
53,765,765,765,0,0,0,0,7,0,7,84
54,794,794,794,0,0,0,0,7,0,7,85
55,823,823,823,0,0,0,0,7,0,7,87
56,853,853,853,0,0,0,0,7,0,7,88
57,883,883,883,0,0,0,0,7,0,7,90
58,914,914,914,0,0,0,0,7,0,7,91
59,945,945,945,0,0,0,0,7,0,7,93
60,977,977,977,0,0,0,0,7,0,7,95
61,1010,1010,1009,0,1,1,2,4,2,1,96
62,1043,1042,1042,1,0,1,1,6,1,3,98
63,1076,1076,1076,0,0,0,0,7,0,7,99
64,1110,1110,1109,0,1,1,2,4,2,1,101
65,1145,1144,1144,1,0,1,1,6,1,3,103
66,1180,1179,1180,1,-1,1,2,2,1,2,104
67,1215,1215,1215,0,0,0,0,7,0,7,106
68,1252,1251,1251,1,0,1,1,6,1,3,107
69,1288,1287,1288,1,-1,1,2,2,1,2,109
70,1325,1325,1325,0,0,0,0,7,0,7,110
71,1363,1362,1362,1,0,1,1,6,1,3,112
72,1401,1400,1401,1,-1,1,2,2,1,2,114
73,1439,1440,1440,-1,0,1,2,1,0,2,115
74,1479,1479,1478,0,1,1,2,4,2,2,117
75,1519,1518,1519,1,-1,1,2,2,1,2,118
76,1558,1559,1559,-1,0,1,2,1,0,2,120
77,1600,1600,1599,0,1,1,2,4,2,2,122
78,1642,1641,1641,1,0,1,1,6,1,6,123
79,1683,1683,1683,0,0,0,0,7,0,7,125
80,1726,1726,1725,0,1,1,2,4,2,2,126
81,1769,1768,1768,1,0,1,1,6,1,6,128
82,1812,1812,1812,0,0,0,0,7,0,7,129
83,1856,1856,1855,0,1,1,2,4,2,2,131
84,1901,1900,1900,1,0,1,1,6,1,6,133
85,1946,1945,1946,1,-1,1,2,2,1,4,134
86,1991,1991,1991,0,0,0,0,7,0,7,136
87,2038,2037,2037,1,0,1,1,6,1,6,137
88,2084,2083,2084,1,-1,1,2,2,1,4,139
89,2131,2131,2131,0,0,0,0,7,0,7,141
90,2179,2179,2179,0,0,0,0,7,0,7,142
91,2227,2227,2227,0,0,0,0,7,0,7,144
92,2276,2276,2276,0,0,0,0,7,0,7,145
93,2325,2325,2325,0,0,0,0,7,0,7,147
94,2375,2375,2375,0,0,0,0,7,0,7,148
95,2425,2425,2425,0,0,0,0,7,0,7,150
96,2476,2476,2476,0,0,0,0,7,0,7,152
97,2528,2528,2527,0,1,1,2,4,2,1,153
98,2580,2579,2579,1,0,1,1,6,1,3,155
99,2632,2632,2632,0,0,0,0,7,0,7,156
100,2685,2685,2684,0,1,1,2,4,2,1,158
101,2739,2738,2738,1,0,1,1,6,1,3,160
102,2793,2792,2793,1,-1,1,2,2,1,2,161
103,2847,2847,2847,0,0,0,0,7,0,7,163
104,2903,2902,2902,1,0,1,1,6,1,3,164
105,2958,2957,2958,1,-1,1,2,2,1,2,166
106,3014,3014,3014,0,0,0,0,7,0,7,168
107,3071,3071,3071,0,0,0,0,7,0,7,169
108,3128,3128,3128,0,0,0,0,7,0,7,171
109,3186,3186,3186,0,0,0,0,7,0,7,172
110,3244,3244,3244,0,0,0,0,7,0,7,174
111,3303,3303,3303,0,0,0,0,7,0,7,175
112,3362,3362,3362,0,0,0,0,7,0,7,177
113,3422,3422,3422,0,0,0,0,7,0,7,179
114,3483,3483,3482,0,1,1,2,4,2,4,180
115,3544,3543,3543,1,0,1,1,6,1,5,182
116,3605,3605,3605,0,0,0,0,7,0,7,183
117,3667,3667,3666,0,1,1,2,4,2,4,185
118,3730,3729,3729,1,0,1,1,6,1,5,187
119,3793,3792,3793,1,-1,1,2,2,1,1,188
120,3856,3856,3856,0,0,0,0,7,0,7,190
121,3921,3920,3920,1,0,1,1,6,1,5,191
122,3985,3984,3985,1,-1,1,2,2,1,1,193
123,4050,4050,4050,0,0,0,0,7,0,7,194
124,4116,4115,4115,1,0,1,1,6,1,5,196
125,4182,4181,4182,1,-1,1,2,2,1,1,198
126,4248,4249,4249,-1,0,1,2,1,0,1,199
127,4316,4316,4315,0,1,1,2,4,2,1,201
128,4384,4383,4384,1,-1,1,2,2,1,1,202
129,4451,4452,4452,-1,0,1,2,1,0,1,204
130,4521,4521,4520,0,1,1,2,4,2,1,206
131,4591,4590,4590,1,0,1,1,6,1,3,207
132,4660,4660,4660,0,0,0,0,7,0,7,209
133,4731,4731,4730,0,1,1,2,4,2,1,210
134,4802,4801,4801,1,0,1,1,6,1,3,212
135,4873,4873,4873,0,0,0,0,7,0,7,213
136,4945,4945,4944,0,1,1,2,4,2,1,215
137,5018,5017,5017,1,0,1,1,6,1,3,217
138,5091,5090,5091,1,-1,1,2,2,1,2,218
139,5164,5164,5164,0,0,0,0,7,0,7,220
140,5239,5238,5238,1,0,1,1,6,1,3,221
141,5313,5312,5313,1,-1,1,2,2,1,2,223
142,5388,5388,5388,0,0,0,0,7,0,7,225
143,5464,5464,5464,0,0,0,0,7,0,7,226
144,5540,5540,5540,0,0,0,0,7,0,7,228
145,5617,5617,5617,0,0,0,0,7,0,7,229
146,5694,5694,5694,0,0,0,0,7,0,7,231
147,5772,5772,5772,0,0,0,0,7,0,7,232
148,5850,5850,5850,0,0,0,0,7,0,7,234
149,5929,5929,5929,0,0,0,0,7,0,7,236
150,6009,6009,6008,0,1,1,2,4,2,4,237
151,6089,6088,6088,1,0,1,1,6,1,5,239
152,6169,6169,6169,0,0,0,0,7,0,7,240
153,6250,6250,6249,0,1,1,2,4,2,4,242
154,6332,6331,6331,1,0,1,1,6,1,5,244
155,6414,6413,6414,1,-1,1,2,2,1,1,245
156,6496,6496,6496,0,0,0,0,7,0,7,247
157,6580,6579,6579,1,0,1,1,6,1,5,248
158,6663,6662,6663,1,-1,1,2,2,1,1,250
159,6747,6747,6747,0,0,0,0,7,0,7,252
160,6832,6832,6832,0,0,0,0,7,0,7,253
161,6917,6917,6917,0,0,0,0,7,0,7,255
162,7003,7003,7003,0,0,0,0,7,0,7,256
163,7089,7089,7089,0,0,0,0,7,0,7,258
164,7176,7176,7176,0,0,0,0,7,0,7,259
165,7263,7263,7263,0,0,0,0,7,0,7,261
166,7351,7351,7351,0,0,0,0,7,0,7,263
167,7440,7440,7439,0,1,1,2,4,2,2,264
168,7529,7528,7528,1,0,1,1,6,1,6,266
169,7618,7618,7618,0,0,0,0,7,0,7,267
170,7708,7708,7707,0,1,1,2,4,2,2,269
171,7799,7798,7798,1,0,1,1,6,1,6,271
172,7890,7889,7890,1,-1,1,2,2,1,4,272
173,7981,7981,7981,0,0,0,0,7,0,7,274
174,8074,8073,8073,1,0,1,1,6,1,6,275
175,8166,8165,8166,1,-1,1,2,2,1,4,277
176,8259,8259,8259,0,0,0,0,7,0,7,278
177,8353,8352,8352,1,0,1,1,6,1,6,280
178,8447,8446,8447,1,-1,1,2,2,1,4,282
179,8541,8542,8542,-1,0,1,2,1,0,4,283
180,8637,8637,8636,0,1,1,2,4,2,4,285
181,8733,8732,8733,1,-1,1,2,2,1,4,286
182,8828,8829,8829,-1,0,1,2,1,0,4,288
183,8926,8926,8925,0,1,1,2,4,2,4,290
184,9024,9023,9023,1,0,1,1,6,1,5,291
185,9121,9121,9121,0,0,0,0,7,0,7,293
186,9220,9220,9219,0,1,1,2,4,2,4,294
187,9319,9318,9318,1,0,1,1,6,1,5,296
188,9418,9418,9418,0,0,0,0,7,0,7,297
189,9518,9518,9517,0,1,1,2,4,2,4,299
190,9619,9618,9618,1,0,1,1,6,1,5,301
191,9720,9719,9720,1,-1,1,2,2,1,1,302
192,9821,9821,9821,0,0,0,0,7,0,7,304
193,9924,9923,9923,1,0,1,1,6,1,5,305
194,10026,10025,10026,1,-1,1,2,2,1,1,307
195,10129,10129,10129,0,0,0,0,7,0,7,309
196,10233,10233,10233,0,0,0,0,7,0,7,310
197,10337,10337,10337,0,0,0,0,7,0,7,312
198,10442,10442,10442,0,0,0,0,7,0,7,313
199,10547,10547,10547,0,0,0,0,7,0,7,315
200,10653,10653,10653,0,0,0,0,7,0,7,316
201,10759,10759,10759,0,0,0,0,7,0,7,318
202,10866,10866,10866,0,0,0,0,7,0,7,320
203,10974,10974,10973,0,1,1,2,4,2,2,321
204,11082,11081,11081,1,0,1,1,6,1,6,323
205,11190,11190,11190,0,0,0,0,7,0,7,324
206,11299,11299,11298,0,1,1,2,4,2,2,326
207,11409,11408,11408,1,0,1,1,6,1,6,328
208,11519,11518,11519,1,-1,1,2,2,1,4,329
209,11629,11629,11629,0,0,0,0,7,0,7,331
210,11741,11740,11740,1,0,1,1,6,1,6,332
211,11852,11851,11852,1,-1,1,2,2,1,4,334
212,11964,11964,11964,0,0,0,0,7,0,7,336
213,12077,12077,12077,0,0,0,0,7,0,7,337
214,12190,12190,12190,0,0,0,0,7,0,7,339
215,12304,12304,12304,0,0,0,0,7,0,7,340
216,12418,12418,12418,0,0,0,0,7,0,7,342
217,12533,12533,12533,0,0,0,0,7,0,7,343
218,12648,12648,12648,0,0,0,0,7,0,7,345
219,12764,12764,12764,0,0,0,0,7,0,7,347
220,12881,12881,12880,0,1,1,2,4,2,1,348
221,12998,12997,12997,1,0,1,1,6,1,3,350
222,13115,13115,13115,0,0,0,0,7,0,7,351
223,13233,13233,13232,0,1,1,2,4,2,1,353
224,13352,13351,13351,1,0,1,1,6,1,3,355
225,13471,13470,13471,1,-1,1,2,2,1,2,356
226,13590,13590,13590,0,0,0,0,7,0,7,358
227,13711,13710,13710,1,0,1,1,6,1,3,359
228,13831,13830,13831,1,-1,1,2,2,1,2,361
229,13952,13952,13952,0,0,0,0,7,0,7,362
230,14074,14073,14073,1,0,1,1,6,1,3,364
231,14196,14195,14196,1,-1,1,2,2,1,2,366
232,14318,14319,14319,-1,0,1,2,1,0,2,367
233,14442,14442,14441,0,1,1,2,4,2,2,369
234,14566,14565,14566,1,-1,1,2,2,1,2,370
235,14689,14690,14690,-1,0,1,2,1,0,2,372
236,14815,14815,14814,0,1,1,2,4,2,2,374
237,14941,14940,14940,1,0,1,1,6,1,6,375
238,15066,15066,15066,0,0,0,0,7,0,7,377
239,15193,15193,15192,0,1,1,2,4,2,2,378
240,15320,15319,15319,1,0,1,1,6,1,6,380
241,15447,15447,15447,0,0,0,0,7,0,7,381
242,15575,15575,15574,0,1,1,2,4,2,2,383
243,15704,15703,15703,1,0,1,1,6,1,6,385
244,15833,15832,15833,1,-1,1,2,2,1,4,386
245,15962,15962,15962,0,0,0,0,7,0,7,388
246,16093,16092,16092,1,0,1,1,6,1,6,389
247,16223,16222,16223,1,-1,1,2,2,1,4,391
248,16354,16354,16354,0,0,0,0,7,0,7,393
249,16486,16486,16486,0,0,0,0,7,0,7,394
250,16618,16618,16618,0,0,0,0,7,0,7,396
251,16751,16751,16751,0,0,0,0,7,0,7,397
252,16884,16884,16884,0,0,0,0,7,0,7,399
253,17018,17018,17018,0,0,0,0,7,0,7,400
254,17152,17152,17152,0,0,0,0,7,0,7,402
255,17287,17287,17287,0,0,0,0,7,0,7,404
256,17423,17423,17422,0,1,1,2,4,2,1,405
257,17559,17558,17558,1,0,1,1,6,1,3,407
258,17695,17695,17695,0,0,0,0,7,0,7,408
259,17832,17832,17831,0,1,1,2,4,2,1,410
260,17970,17969,17969,1,0,1,1,6,1,3,412
261,18108,18107,18108,1,-1,1,2,2,1,2,413
262,18246,18246,18246,0,0,0,0,7,0,7,415
263,18386,18385,18385,1,0,1,1,6,1,3,416
264,18525,18524,18525,1,-1,1,2,2,1,2,418
265,18665,18665,18665,0,0,0,0,7,0,7,420
266,18806,18806,18806,0,0,0,0,7,0,7,421
267,18947,18947,18947,0,0,0,0,7,0,7,423
268,19089,19089,19089,0,0,0,0,7,0,7,424
269,19231,19231,19231,0,0,0,0,7,0,7,426
270,19374,19374,19374,0,0,0,0,7,0,7,427
271,19517,19517,19517,0,0,0,0,7,0,7,429
272,19661,19661,19661,0,0,0,0,7,0,7,431
273,19806,19806,19805,0,1,1,2,4,2,4,432
274,19951,19950,19950,1,0,1,1,6,1,5,434
275,20096,20096,20096,0,0,0,0,7,0,7,435
276,20242,20242,20241,0,1,1,2,4,2,4,437
277,20389,20388,20388,1,0,1,1,6,1,5,439
278,20536,20535,20536,1,-1,1,2,2,1,1,440
279,20683,20683,20683,0,0,0,0,7,0,7,442
280,20832,20831,20831,1,0,1,1,6,1,5,443
281,20980,20979,20980,1,-1,1,2,2,1,1,445
282,21129,21129,21129,0,0,0,0,7,0,7,446
283,21279,21278,21278,1,0,1,1,6,1,5,448
284,21429,21428,21429,1,-1,1,2,2,1,1,450
285,21579,21580,21580,-1,0,1,2,1,0,1,451
286,21731,21731,21730,0,1,1,2,4,2,1,453
287,21883,21882,21883,1,-1,1,2,2,1,1,454
288,22034,22035,22035,-1,0,1,2,1,0,1,456
289,22188,22188,22187,0,1,1,2,4,2,1,458
290,22342,22341,22341,1,0,1,1,6,1,3,459
291,22495,22495,22495,0,0,0,0,7,0,7,461
292,22650,22650,22649,0,1,1,2,4,2,1,462
293,22805,22804,22804,1,0,1,1,6,1,3,464
294,22960,22960,22960,0,0,0,0,7,0,7,465
295,23116,23116,23115,0,1,1,2,4,2,1,467
296,23273,23272,23272,1,0,1,1,6,1,3,469
297,23430,23429,23430,1,-1,1,2,2,1,2,470
298,23587,23587,23587,0,0,0,0,7,0,7,472
299,23746,23745,23745,1,0,1,1,6,1,3,473
300,23904,23903,23904,1,-1,1,2,2,1,2,475
301,24063,24063,24063,0,0,0,0,7,0,7,477
302,24223,24223,24223,0,0,0,0,7,0,7,478
303,24383,24383,24383,0,0,0,0,7,0,7,480
304,24544,24544,24544,0,0,0,0,7,0,7,481
305,24705,24705,24705,0,0,0,0,7,0,7,483
306,24867,24867,24867,0,0,0,0,7,0,7,484
307,25029,25029,25029,0,0,0,0,7,0,7,486
308,25192,25192,25192,0,0,0,0,7,0,7,488
309,25356,25356,25355,0,1,1,2,4,2,4,489
310,25520,25519,25519,1,0,1,1,6,1,5,491
311,25684,25684,25684,0,0,0,0,7,0,7,492
312,25849,25849,25848,0,1,1,2,4,2,4,494
313,26015,26014,26014,1,0,1,1,6,1,5,496
314,26181,26180,26181,1,-1,1,2,2,1,1,497
315,26347,26347,26347,0,0,0,0,7,0,7,499
316,26515,26514,26514,1,0,1,1,6,1,5,500
317,26682,26681,26682,1,-1,1,2,2,1,1,502
318,26850,26850,26850,0,0,0,0,7,0,7,504
319,27019,27019,27019,0,0,0,0,7,0,7,505
320,27188,27188,27188,0,0,0,0,7,0,7,507
321,27358,27358,27358,0,0,0,0,7,0,7,508
322,27528,27528,27528,0,0,0,0,7,0,7,510
323,27699,27699,27699,0,0,0,0,7,0,7,511
324,27870,27870,27870,0,0,0,0,7,0,7,513
325,28042,28042,28042,0,0,0,0,7,0,7,515
326,28215,28215,28214,0,1,1,2,4,2,2,516
327,28388,28387,28387,1,0,1,1,6,1,6,518
328,28561,28561,28561,0,0,0,0,7,0,7,519
329,28735,28735,28734,0,1,1,2,4,2,2,521
330,28910,28909,28909,1,0,1,1,6,1,6,523
331,29085,29084,29085,1,-1,1,2,2,1,4,524
332,29260,29260,29260,0,0,0,0,7,0,7,526
333,29437,29436,29436,1,0,1,1,6,1,6,527
334,29613,29612,29613,1,-1,1,2,2,1,4,529
335,29790,29790,29790,0,0,0,0,7,0,7,530
336,29968,29967,29967,1,0,1,1,6,1,6,532
337,30146,30145,30146,1,-1,1,2,2,1,4,534
338,30324,30325,30325,-1,0,1,2,1,0,4,535
339,30504,30504,30503,0,1,1,2,4,2,4,537
340,30684,30683,30684,1,-1,1,2,2,1,4,538
341,30863,30864,30864,-1,0,1,2,1,0,4,540
342,31045,31045,31044,0,1,1,2,4,2,4,542
343,31227,31226,31226,1,0,1,1,6,1,5,543
344,31408,31408,31408,0,0,0,0,7,0,7,545
345,31591,31591,31590,0,1,1,2,4,2,4,546
346,31774,31773,31773,1,0,1,1,6,1,5,548
347,31957,31957,31957,0,0,0,0,7,0,7,549
348,32141,32141,32140,0,1,1,2,4,2,4,551
349,32326,32325,32325,1,0,1,1,6,1,5,553
350,32511,32510,32511,1,-1,1,2,2,1,1,554
351,32696,32696,32696,0,0,0,0,7,0,7,556
352,32883,32882,32882,1,0,1,1,6,1,5,557
353,33069,33068,33069,1,-1,1,2,2,1,1,559
354,33256,33256,33256,0,0,0,0,7,0,7,561
355,33444,33444,33444,0,0,0,0,7,0,7,562
356,33632,33632,33632,0,0,0,0,7,0,7,564
357,33821,33821,33821,0,0,0,0,7,0,7,565
358,34010,34010,34010,0,0,0,0,7,0,7,567
359,34200,34200,34200,0,0,0,0,7,0,7,569
360,34391,34391,34390,0,1,1,2,4,2,4,570
361,34582,34581,34581,1,0,1,1,6,1,5,572
362,34773,34773,34773,0,0,0,0,7,0,7,573
363,34965,34965,34964,0,1,1,2,4,2,4,575
364,35158,35157,35157,1,0,1,1,6,1,5,576
365,35350,35350,35350,0,0,0,0,7,0,7,578
366,35544,35544,35543,0,1,1,2,4,2,4,580
367,35739,35737,35738,2,-1,2,3,2,1,4,581
368,35932,35932,35933,0,-1,1,1,3,0,5,583
369,36128,36128,36127,0,1,1,2,4,2,4,584
370,36324,36322,36323,2,-1,2,3,2,1,4,586
371,36519,36519,36520,0,-1,1,1,3,0,5,588
372,36716,36717,36716,-1,1,1,1,5,0,5,589
373,36914,36913,36913,1,0,1,1,6,1,5,591
374,37111,37111,37112,0,-1,1,1,3,0,5,592
375,37309,37310,37309,-1,1,1,1,5,0,5,594
376,37509,37508,37508,1,0,1,1,6,1,5,595
377,37707,37707,37708,0,-1,1,1,3,0,5,597
378,37907,37908,37907,-1,1,1,1,5,0,5,599
379,38109,38108,38107,1,1,2,3,4,2,1,600
380,38309,38308,38309,1,-1,1,2,2,1,1,602
381,38510,38511,38510,-1,1,1,1,5,0,5,603
382,38713,38712,38711,1,1,2,3,4,2,1,605
383,38915,38914,38915,1,-1,1,2,2,1,1,607
384,39118,39118,39118,0,0,0,0,7,0,7,608
385,39322,39321,39321,1,0,1,1,6,1,5,610
386,39526,39525,39526,1,-1,1,2,2,1,1,611
387,39730,39730,39730,0,0,0,0,7,0,7,613
388,39936,39935,39935,1,0,1,1,6,1,5,614
389,40141,40140,40141,1,-1,1,2,2,1,1,616
390,40347,40347,40347,0,0,0,0,7,0,7,618
391,40554,40554,40554,0,0,0,0,7,0,7,619
392,40761,40761,40761,0,0,0,0,7,0,7,621
393,40969,40969,40969,0,0,0,0,7,0,7,622
394,41177,41177,41177,0,0,0,0,7,0,7,624
395,41386,41386,41386,0,0,0,0,7,0,7,626
396,41596,41596,41595,0,1,1,2,4,2,4,627
397,41806,41805,41805,1,0,1,1,6,1,5,629
398,42016,42016,42016,0,0,0,0,7,0,7,630
399,42227,42227,42226,0,1,1,2,4,2,4,632
400,42439,42438,42438,1,0,1,1,6,1,5,633
401,42650,42650,42650,0,0,0,0,7,0,7,635
402,42863,42863,42862,0,1,1,2,4,2,4,637
403,43077,43075,43076,2,-1,2,3,2,1,4,638
404,43289,43289,43290,0,-1,1,1,3,0,5,640
405,43504,43504,43503,0,1,1,2,4,2,4,641
406,43719,43717,43718,2,-1,2,3,2,1,4,643
407,43933,43933,43934,0,-1,1,1,3,0,5,645
408,44149,44150,44149,-1,1,1,1,5,0,5,646
409,44366,44365,44365,1,0,1,1,6,1,5,648
410,44582,44582,44583,0,-1,1,1,3,0,5,649
411,44799,44800,44799,-1,1,1,1,5,0,5,651
412,45018,45017,45017,1,0,1,1,6,1,5,653
413,45236,45236,45236,0,0,0,0,7,0,7,654
414,45455,45455,45454,0,1,1,2,4,2,4,656
415,45675,45674,45674,1,0,1,1,6,1,5,657
416,45894,45894,45894,0,0,0,0,7,0,7,659
417,46115,46115,46114,0,1,1,2,4,2,4,660
418,46336,46335,46335,1,0,1,1,6,1,5,662
419,46557,46557,46557,0,0,0,0,7,0,7,664
420,46780,46779,46779,1,0,1,1,6,1,6,665
421,47002,47001,47002,1,-1,1,2,2,1,4,667
422,47225,47225,47225,0,0,0,0,7,0,7,668
423,47449,47448,47448,1,0,1,1,6,1,6,670
424,47673,47672,47673,1,-1,1,2,2,1,4,672
425,47897,47898,47898,-1,0,1,2,1,0,4,673
426,48123,48123,48122,0,1,1,2,4,2,4,675
427,48349,48348,48349,1,-1,1,2,2,1,4,676
428,48574,48575,48575,-1,0,1,2,1,0,4,678
429,48802,48802,48801,0,1,1,2,4,2,4,679
430,49029,49028,49029,1,-1,1,2,2,1,4,681
431,49256,49257,49257,-1,0,1,2,1,0,4,683
432,49486,49486,49484,0,2,2,4,4,2,4,684
433,49715,49713,49714,2,-1,2,3,2,1,4,686
434,49943,49944,49944,-1,0,1,2,1,0,4,687
435,50174,50174,50172,0,2,2,4,4,2,4,689
436,50405,50403,50404,2,-1,2,3,2,1,4,691
437,50635,50635,50636,0,-1,1,1,3,0,5,692
438,50867,50867,50866,0,1,1,2,4,2,4,694
439,51100,51098,51099,2,-1,2,3,2,1,4,695
440,51331,51331,51332,0,-1,1,1,3,0,5,697
441,51565,51565,51564,0,1,1,2,4,2,4,698
442,51799,51797,51798,2,-1,2,3,2,1,4,700
443,52032,52032,52033,0,-1,1,1,3,0,5,702
444,52267,52268,52267,-1,1,1,1,5,0,5,703
445,52503,52502,52502,1,0,1,1,6,1,5,705
446,52738,52738,52739,0,-1,1,1,3,0,5,706
447,52974,52975,52974,-1,1,1,1,5,0,5,708
448,53212,53211,53211,1,0,1,1,6,1,5,710
449,53449,53449,53449,0,0,0,0,7,0,7,711
450,53687,53687,53686,0,1,1,2,4,2,4,713
451,53926,53925,53925,1,0,1,1,6,1,5,714
452,54164,54164,54164,0,0,0,0,7,0,7,716
453,54404,54404,54403,0,1,1,2,4,2,4,717
454,54644,54643,54643,1,0,1,1,6,1,5,719
455,54884,54884,54884,0,0,0,0,7,0,7,721
456,55126,55125,55125,1,0,1,1,6,1,6,722
457,55367,55366,55367,1,-1,1,2,2,1,4,724
458,55609,55609,55609,0,0,0,0,7,0,7,725
459,55852,55851,55851,1,0,1,1,6,1,6,727
460,56095,56094,56095,1,-1,1,2,2,1,4,729
461,56338,56339,56339,-1,0,1,2,1,0,4,730
462,56583,56583,56582,0,1,1,2,4,2,4,732
463,56828,56827,56828,1,-1,1,2,2,1,4,733
464,57072,57073,57073,-1,0,1,2,1,0,4,735
465,57319,57319,57318,0,1,1,2,4,2,4,737
466,57566,57565,57565,1,0,1,1,6,1,5,738
467,57812,57812,57812,0,0,0,0,7,0,7,740
468,58060,58060,58059,0,1,1,2,4,2,4,741
469,58308,58307,58307,1,0,1,1,6,1,5,743
470,58556,58556,58556,0,0,0,0,7,0,7,744
471,58805,58805,58804,0,1,1,2,4,2,4,746
472,59055,59054,59054,1,0,1,1,6,1,5,748
473,59305,59304,59305,1,-1,1,2,2,1,1,749
474,59555,59555,59555,0,0,0,0,7,0,7,751
475,59807,59806,59806,1,0,1,1,6,1,5,752
476,60058,60057,60058,1,-1,1,2,2,1,1,754
477,60310,60310,60310,0,0,0,0,7,0,7,756
478,60563,60563,60563,0,0,0,0,7,0,7,757
479,60816,60816,60816,0,0,0,0,7,0,7,759
480,61070,61070,61070,0,0,0,0,7,0,7,760
481,61324,61324,61324,0,0,0,0,7,0,7,762
482,61579,61579,61579,0,0,0,0,7,0,7,763
483,61834,61834,61834,0,0,0,0,7,0,7,765
484,62090,62090,62090,0,0,0,0,7,0,7,767
485,62347,62347,62346,0,1,1,2,4,2,2,768
486,62604,62603,62603,1,0,1,1,6,1,6,770
487,62861,62861,62861,0,0,0,0,7,0,7,771
488,63119,63119,63118,0,1,1,2,4,2,2,773
489,63378,63377,63377,1,0,1,1,6,1,6,775
490,63637,63636,63637,1,-1,1,2,2,1,4,776
491,63896,63896,63896,0,0,0,0,7,0,7,778
492,64157,64156,64156,1,0,1,1,6,1,6,779
493,64417,64416,64417,1,-1,1,2,2,1,4,781
494,64678,64678,64678,0,0,0,0,7,0,7,782
495,64940,64939,64939,1,0,1,1,6,1,6,784
496,65202,65201,65202,1,-1,1,2,2,1,4,786
497,65464,65465,65465,-1,0,1,2,1,0,4,787
498,65728,65728,65727,0,1,1,2,4,2,4,789
499,65992,65991,65992,1,-1,1,2,2,1,4,790
500,66255,66256,66256,-1,0,1,2,1,0,4,792
501,66521,66521,66520,0,1,1,2,4,2,4,794
502,66787,66786,66786,1,0,1,1,6,1,5,795
503,67052,67052,67052,0,0,0,0,7,0,7,797
504,67319,67319,67318,0,1,1,2,4,2,4,798
505,67586,67585,67585,1,0,1,1,6,1,5,800
506,67853,67853,67853,0,0,0,0,7,0,7,801
507,68121,68121,68120,0,1,1,2,4,2,4,803
508,68390,68389,68389,1,0,1,1,6,1,5,805
509,68659,68658,68659,1,-1,1,2,2,1,1,806
510,68928,68928,68928,0,0,0,0,7,0,7,808
511,69199,69198,69198,1,0,1,1,6,1,5,809
512,69469,69468,69469,1,-1,1,2,2,1,1,811
513,69740,69740,69740,0,0,0,0,7,0,7,813
514,70012,70012,70012,0,0,0,0,7,0,7,814
515,70284,70284,70284,0,0,0,0,7,0,7,816
516,70557,70557,70557,0,0,0,0,7,0,7,817
517,70830,70830,70830,0,0,0,0,7,0,7,819
518,71104,71104,71104,0,0,0,0,7,0,7,821
519,71379,71379,71378,0,1,1,2,4,2,4,822
520,71654,71653,71653,1,0,1,1,6,1,5,824
521,71929,71929,71929,0,0,0,0,7,0,7,825
522,72205,72205,72204,0,1,1,2,4,2,4,827
523,72482,72481,72481,1,0,1,1,6,1,5,828
524,72758,72758,72758,0,0,0,0,7,0,7,830
525,73036,73036,73035,0,1,1,2,4,2,4,832
526,73315,73313,73314,2,-1,2,3,2,1,4,833
527,73592,73592,73593,0,-1,1,1,3,0,5,835
528,73872,73872,73871,0,1,1,2,4,2,4,836
529,74152,74150,74151,2,-1,2,3,2,1,4,838
530,74431,74431,74432,0,-1,1,1,3,0,5,840
531,74712,74713,74712,-1,1,1,1,5,0,5,841
532,74994,74993,74993,1,0,1,1,6,1,5,843
533,75275,75275,75276,0,-1,1,1,3,0,5,844
534,75557,75558,75557,-1,1,1,1,5,0,5,846
535,75841,75840,75840,1,0,1,1,6,1,5,847
536,76123,76123,76124,0,-1,1,1,3,0,5,849
537,76407,76408,76407,-1,1,1,1,5,0,5,851
538,76693,76692,76691,1,1,2,3,4,2,1,852
539,76977,76976,76977,1,-1,1,2,2,1,1,854
540,77262,77263,77262,-1,1,1,1,5,0,5,855
541,77549,77548,77547,1,1,2,3,4,2,1,857
542,77835,77834,77835,1,-1,1,2,2,1,1,859
543,78122,78122,78122,0,0,0,0,7,0,7,860
544,78410,78409,78409,1,0,1,1,6,1,5,862
545,78698,78697,78698,1,-1,1,2,2,1,1,863
546,78986,78986,78986,0,0,0,0,7,0,7,865
547,79276,79275,79275,1,0,1,1,6,1,5,866
548,79565,79564,79565,1,-1,1,2,2,1,1,868
549,79855,79855,79855,0,0,0,0,7,0,7,870
550,80146,80146,80146,0,0,0,0,7,0,7,871
551,80437,80437,80437,0,0,0,0,7,0,7,873
552,80729,80729,80729,0,0,0,0,7,0,7,874
553,81021,81021,81021,0,0,0,0,7,0,7,876
554,81314,81314,81314,0,0,0,0,7,0,7,878
555,81608,81608,81607,0,1,1,2,4,2,4,879
556,81902,81901,81901,1,0,1,1,6,1,5,881
557,82196,82196,82196,0,0,0,0,7,0,7,882
558,82491,82491,82490,0,1,1,2,4,2,4,884
559,82787,82786,82786,1,0,1,1,6,1,5,885
560,83082,83082,83082,0,0,0,0,7,0,7,887
561,83379,83379,83378,0,1,1,2,4,2,4,889
562,83677,83675,83676,2,-1,2,3,2,1,4,890
563,83973,83973,83974,0,-1,1,1,3,0,5,892
564,84272,84272,84271,0,1,1,2,4,2,4,893
565,84571,84569,84570,2,-1,2,3,2,1,4,895
566,84869,84869,84870,0,-1,1,1,3,0,5,897
567,85169,85170,85169,-1,1,1,1,5,0,5,898
568,85470,85469,85469,1,0,1,1,6,1,5,900
569,85770,85770,85771,0,-1,1,1,3,0,5,901
570,86071,86072,86071,-1,1,1,1,5,0,5,903
571,86374,86373,86373,1,0,1,1,6,1,5,905
572,86676,86676,86676,0,0,0,0,7,0,7,906
573,86979,86979,86978,0,1,1,2,4,2,4,908
574,87283,87282,87282,1,0,1,1,6,1,5,909
575,87586,87586,87586,0,0,0,0,7,0,7,911
576,87891,87891,87890,0,1,1,2,4,2,4,912
577,88196,88195,88195,1,0,1,1,6,1,5,914
578,88501,88501,88501,0,0,0,0,7,0,7,916
579,88808,88807,88807,1,0,1,1,6,1,6,917
580,89114,89113,89114,1,-1,1,2,2,1,4,919
581,89421,89421,89421,0,0,0,0,7,0,7,920
582,89729,89728,89728,1,0,1,1,6,1,6,922
583,90037,90036,90037,1,-1,1,2,2,1,4,924
584,90345,90346,90346,-1,0,1,2,1,0,4,925
585,90655,90655,90654,0,1,1,2,4,2,4,927
586,90965,90964,90965,1,-1,1,2,2,1,4,928
587,91274,91275,91275,-1,0,1,2,1,0,4,930
588,91586,91586,91585,0,1,1,2,4,2,4,931
589,91897,91896,91897,1,-1,1,2,2,1,4,933
590,92208,92209,92209,-1,0,1,2,1,0,4,935
591,92522,92522,92520,0,2,2,4,4,2,4,936
592,92835,92833,92834,2,-1,2,3,2,1,4,938
593,93147,93148,93148,-1,0,1,2,1,0,4,939
594,93462,93462,93460,0,2,2,4,4,2,4,941
595,93777,93775,93776,2,-1,2,3,2,1,4,943
596,94091,94091,94092,0,-1,1,1,3,0,5,944
597,94407,94407,94406,0,1,1,2,4,2,4,946
598,94724,94722,94723,2,-1,2,3,2,1,4,947
599,95039,95039,95040,0,-1,1,1,3,0,5,949
600,95357,95357,95356,0,1,1,2,4,2,4,950
601,95675,95673,95674,2,-1,2,3,2,1,4,952
602,95992,95992,95993,0,-1,1,1,3,0,5,954
603,96311,96312,96311,-1,1,1,1,5,0,5,955
604,96631,96630,96630,1,0,1,1,6,1,5,957
605,96950,96950,96951,0,-1,1,1,3,0,5,958
606,97270,97271,97270,-1,1,1,1,5,0,5,960
607,97592,97591,97591,1,0,1,1,6,1,5,962
608,97913,97913,97913,0,0,0,0,7,0,7,963
609,98235,98235,98234,0,1,1,2,4,2,4,965
610,98558,98557,98557,1,0,1,1,6,1,5,966
611,98880,98880,98880,0,0,0,0,7,0,7,968
612,99204,99204,99203,0,1,1,2,4,2,4,969
613,99528,99527,99527,1,0,1,1,6,1,5,971
614,99852,99852,99852,0,0,0,0,7,0,7,973
615,100178,100177,100177,1,0,1,1,6,1,6,974
616,100503,100502,100503,1,-1,1,2,2,1,4,976
617,100829,100829,100829,0,0,0,0,7,0,7,977
618,101156,101155,101155,1,0,1,1,6,1,6,979
619,101483,101482,101483,1,-1,1,2,2,1,4,981
620,101810,101811,101811,-1,0,1,2,1,0,4,982
621,102139,102139,102138,0,1,1,2,4,2,4,984
622,102468,102467,102468,1,-1,1,2,2,1,4,985
623,102796,102797,102797,-1,0,1,2,1,0,4,987
624,103127,103127,103126,0,1,1,2,4,2,4,989
625,103458,103457,103457,1,0,1,1,6,1,5,990
626,103788,103788,103788,0,0,0,0,7,0,7,992
627,104120,104120,104119,0,1,1,2,4,2,4,993
628,104452,104451,104451,1,0,1,1,6,1,5,995
629,104784,104784,104784,0,0,0,0,7,0,7,996
630,105117,105117,105116,0,1,1,2,4,2,4,998
631,105451,105450,105450,1,0,1,1,6,1,5,1000
632,105785,105784,105785,1,-1,1,2,2,1,1,1001
633,106119,106119,106119,0,0,0,0,7,0,7,1003
634,106455,106454,106454,1,0,1,1,6,1,5,1004
635,106790,106789,106790,1,-1,1,2,2,1,1,1006
636,107126,107126,107126,0,0,0,0,7,0,7,1008
637,107463,107463,107463,0,0,0,0,7,0,7,1009
638,107800,107800,107800,0,0,0,0,7,0,7,1011
639,108138,108138,108138,0,0,0,0,7,0,7,1012
640,108476,108476,108476,0,0,0,0,7,0,7,1014
641,108815,108815,108815,0,0,0,0,7,0,7,1015
642,109154,109154,109154,0,0,0,0,7,0,7,1017
643,109494,109494,109494,0,0,0,0,7,0,7,1019
644,109835,109835,109834,0,1,1,2,4,2,2,1020
645,110176,110175,110175,1,0,1,1,6,1,6,1022
646,110517,110517,110517,0,0,0,0,7,0,7,1023
647,110859,110859,110858,0,1,1,2,4,2,2,1025
648,111202,111201,111201,1,0,1,1,6,1,6,1027
649,111545,111544,111545,1,-1,1,2,2,1,4,1028
650,111888,111888,111888,0,0,0,0,7,0,7,1030
651,112233,112232,112232,1,0,1,1,6,1,6,1031
652,112577,112576,112577,1,-1,1,2,2,1,4,1033
653,112922,112922,112922,0,0,0,0,7,0,7,1034
654,113268,113267,113267,1,0,1,1,6,1,6,1036
655,113614,113613,113614,1,-1,1,2,2,1,4,1038
656,113960,113961,113961,-1,0,1,2,1,0,4,1039
657,114308,114308,114307,0,1,1,2,4,2,4,1041
658,114656,114655,114656,1,-1,1,2,2,1,4,1042
659,115003,115004,115004,-1,0,1,2,1,0,4,1044
660,115353,115353,115352,0,1,1,2,4,2,4,1046
661,115703,115702,115702,1,0,1,1,6,1,5,1047
662,116052,116052,116052,0,0,0,0,7,0,7,1049
663,116403,116403,116402,0,1,1,2,4,2,4,1050
664,116754,116753,116753,1,0,1,1,6,1,5,1052
665,117105,117105,117105,0,0,0,0,7,0,7,1054
666,117458,117457,117457,1,0,1,1,6,1,6,1055
667,117810,117809,117810,1,-1,1,2,2,1,4,1057
668,118163,118163,118163,0,0,0,0,7,0,7,1058
669,118517,118516,118516,1,0,1,1,6,1,6,1060
670,118871,118870,118871,1,-1,1,2,2,1,4,1061
671,119225,119225,119225,0,0,0,0,7,0,7,1063
672,119581,119580,119580,1,0,1,1,6,1,6,1065
673,119936,119936,119937,0,-1,1,1,3,0,6,1066
674,120292,120293,120292,-1,1,1,1,5,0,6,1068
675,120650,120649,120649,1,0,1,1,6,1,6,1069
676,121006,121006,121007,0,-1,1,1,3,0,6,1071
677,121364,121365,121364,-1,1,1,1,5,0,6,1073
678,121724,121723,121722,1,1,2,3,4,2,4,1074
679,122082,122081,122082,1,-1,1,2,2,1,4,1076
680,122441,122442,122441,-1,1,1,1,5,0,6,1077
681,122802,122801,122800,1,1,2,3,4,2,4,1079
682,123162,123161,123162,1,-1,1,2,2,1,4,1080
683,123522,123523,123522,-1,1,1,1,5,0,6,1082
684,123885,123884,123883,1,1,2,3,4,2,4,1084
685,124247,124245,124247,2,-2,2,4,2,1,4,1085
686,124608,124609,124609,-1,0,1,2,1,0,4,1087
687,124973,124972,124971,1,1,2,3,4,2,4,1088
688,125336,125334,125336,2,-2,2,4,2,1,4,1090
689,125699,125700,125700,-1,0,1,2,1,0,4,1092
690,126065,126065,126064,0,1,1,2,4,2,4,1093
691,126430,126429,126430,1,-1,1,2,2,1,4,1095
692,126795,126796,126796,-1,0,1,2,1,0,4,1096
693,127162,127162,127161,0,1,1,2,4,2,4,1098
694,127529,127528,127529,1,-1,1,2,2,1,4,1099
695,127895,127896,127896,-1,0,1,2,1,0,4,1101
696,128264,128264,128263,0,1,1,2,4,2,4,1103
697,128633,128632,128632,1,0,1,1,6,1,5,1104
698,129001,129001,129001,0,0,0,0,7,0,7,1106
699,129371,129371,129370,0,1,1,2,4,2,4,1107
700,129741,129740,129740,1,0,1,1,6,1,5,1109
701,130111,130111,130111,0,0,0,0,7,0,7,1111
702,130483,130482,130482,1,0,1,1,6,1,6,1112
703,130854,130853,130854,1,-1,1,2,2,1,4,1114
704,131226,131226,131226,0,0,0,0,7,0,7,1115
705,131599,131598,131598,1,0,1,1,6,1,6,1117
706,131972,131971,131972,1,-1,1,2,2,1,4,1118
707,132345,132345,132345,0,0,0,0,7,0,7,1120
708,132720,132719,132719,1,0,1,1,6,1,6,1122
709,133094,133094,133095,0,-1,1,1,3,0,6,1123
710,133469,133470,133469,-1,1,1,1,5,0,6,1125
711,133846,133845,133845,1,0,1,1,6,1,6,1126
712,134221,134221,134222,0,-1,1,1,3,0,6,1128
713,134598,134599,134598,-1,1,1,1,5,0,6,1130
714,134977,134976,134975,1,1,2,3,4,2,4,1131
715,135354,135353,135354,1,-1,1,2,2,1,4,1133
716,135732,135733,135732,-1,1,1,1,5,0,6,1134
717,136112,136111,136110,1,1,2,3,4,2,4,1136
718,136491,136490,136491,1,-1,1,2,2,1,4,1138
719,136871,136871,136871,0,0,0,0,7,0,7,1139
720,137252,137251,137251,1,0,1,1,6,1,6,1141
721,137633,137632,137633,1,-1,1,2,2,1,4,1142
722,138014,138014,138014,0,0,0,0,7,0,7,1144
723,138397,138396,138396,1,0,1,1,6,1,6,1145
724,138779,138778,138779,1,-1,1,2,2,1,4,1147
725,139162,139162,139162,0,0,0,0,7,0,7,1149
726,139546,139546,139546,0,0,0,0,7,0,7,1150
727,139930,139930,139930,0,0,0,0,7,0,7,1152
728,140315,140315,140315,0,0,0,0,7,0,7,1153
729,140700,140700,140700,0,0,0,0,7,0,7,1155
730,141086,141086,141086,0,0,0,0,7,0,7,1157
731,141473,141473,141472,0,1,1,2,4,2,2,1158
732,141860,141859,141859,1,0,1,1,6,1,6,1160
733,142247,142247,142247,0,0,0,0,7,0,7,1161
734,142635,142635,142634,0,1,1,2,4,2,2,1163
735,143024,143023,143023,1,0,1,1,6,1,6,1164
736,143412,143412,143412,0,0,0,0,7,0,7,1166
737,143802,143802,143801,0,1,1,2,4,2,2,1168
738,144193,144191,144192,2,-1,2,3,2,1,2,1169
739,144582,144582,144583,0,-1,1,1,3,0,6,1171
740,144974,144974,144973,0,1,1,2,4,2,2,1172
741,145366,145364,145365,2,-1,2,3,2,1,2,1174
742,145757,145757,145758,0,-1,1,1,3,0,6,1176
743,146150,146151,146150,-1,1,1,1,5,0,6,1177
744,146544,146543,146543,1,0,1,1,6,1,6,1179
745,146937,146937,146938,0,-1,1,1,3,0,6,1180
746,147331,147332,147331,-1,1,1,1,5,0,6,1182
747,147727,147726,147726,1,0,1,1,6,1,6,1183
748,148121,148121,148122,0,-1,1,1,3,0,6,1185
749,148517,148518,148517,-1,1,1,1,5,0,6,1187
750,148915,148914,148913,1,1,2,3,4,2,4,1188
751,149311,149310,149311,1,-1,1,2,2,1,4,1190
752,149708,149709,149708,-1,1,1,1,5,0,6,1191
753,150107,150106,150105,1,1,2,3,4,2,4,1193
754,150505,150504,150505,1,-1,1,2,2,1,4,1195
755,150904,150904,150904,0,0,0,0,7,0,7,1196
756,151304,151303,151303,1,0,1,1,6,1,6,1198
757,151704,151703,151704,1,-1,1,2,2,1,4,1199
758,152104,152104,152104,0,0,0,0,7,0,7,1201
759,152506,152505,152505,1,0,1,1,6,1,6,1202
760,152907,152906,152907,1,-1,1,2,2,1,4,1204
761,153309,153309,153309,0,0,0,0,7,0,7,1206
762,153712,153712,153712,0,0,0,0,7,0,7,1207
763,154115,154115,154115,0,0,0,0,7,0,7,1209
764,154519,154519,154519,0,0,0,0,7,0,7,1210
765,154923,154923,154923,0,0,0,0,7,0,7,1212
766,155328,155328,155328,0,0,0,0,7,0,7,1214
767,155734,155734,155733,0,1,1,2,4,2,2,1215
768,156140,156139,156139,1,0,1,1,6,1,6,1217
769,156546,156546,156546,0,0,0,0,7,0,7,1218
770,156953,156953,156952,0,1,1,2,4,2,2,1220
771,157361,157360,157360,1,0,1,1,6,1,6,1222
772,157769,157768,157769,1,-1,1,2,2,1,4,1223
773,158177,158177,158177,0,0,0,0,7,0,7,1225
774,158587,158586,158586,1,0,1,1,6,1,6,1226
775,158996,158995,158996,1,-1,1,2,2,1,4,1228
776,159406,159406,159406,0,0,0,0,7,0,7,1229
777,159817,159816,159816,1,0,1,1,6,1,6,1231
778,160228,160227,160228,1,-1,1,2,2,1,4,1233
779,160639,160640,160640,-1,0,1,2,1,0,4,1234
780,161052,161052,161051,0,1,1,2,4,2,4,1236
781,161465,161464,161465,1,-1,1,2,2,1,4,1237
782,161877,161878,161878,-1,0,1,2,1,0,4,1239
783,162292,162292,162291,0,1,1,2,4,2,4,1241
784,162707,162706,162706,1,0,1,1,6,1,5,1242
785,163121,163121,163121,0,0,0,0,7,0,7,1244
786,163537,163537,163536,0,1,1,2,4,2,4,1245
787,163953,163952,163952,1,0,1,1,6,1,5,1247
788,164369,164369,164369,0,0,0,0,7,0,7,1248
789,164786,164786,164785,0,1,1,2,4,2,4,1250
790,165204,165203,165203,1,0,1,1,6,1,5,1252
791,165622,165621,165622,1,-1,1,2,2,1,1,1253
792,166040,166040,166040,0,0,0,0,7,0,7,1255
793,166460,166459,166459,1,0,1,1,6,1,5,1256
794,166879,166878,166879,1,-1,1,2,2,1,1,1258
795,167299,167299,167299,0,0,0,0,7,0,7,1260
796,167720,167720,167720,0,0,0,0,7,0,7,1261
797,168141,168141,168141,0,0,0,0,7,0,7,1263
798,168563,168563,168563,0,0,0,0,7,0,7,1264
799,168985,168985,168985,0,0,0,0,7,0,7,1266
800,169408,169408,169408,0,0,0,0,7,0,7,1267
801,169831,169831,169831,0,0,0,0,7,0,7,1269
802,170255,170255,170255,0,0,0,0,7,0,7,1271
803,170680,170680,170679,0,1,1,2,4,2,2,1272
804,171105,171104,171104,1,0,1,1,6,1,6,1274
805,171530,171530,171530,0,0,0,0,7,0,7,1275
806,171956,171956,171955,0,1,1,2,4,2,2,1277
807,172383,172382,172382,1,0,1,1,6,1,6,1279
808,172810,172809,172810,1,-1,1,2,2,1,4,1280
809,173237,173237,173237,0,0,0,0,7,0,7,1282
810,173666,173665,173665,1,0,1,1,6,1,6,1283
811,174094,174093,174094,1,-1,1,2,2,1,4,1285
812,174523,174523,174523,0,0,0,0,7,0,7,1286
813,174953,174952,174952,1,0,1,1,6,1,6,1288
814,175383,175382,175383,1,-1,1,2,2,1,4,1290
815,175813,175814,175814,-1,0,1,2,1,0,4,1291
816,176245,176245,176244,0,1,1,2,4,2,4,1293
817,176677,176676,176677,1,-1,1,2,2,1,4,1294
818,177108,177109,177109,-1,0,1,2,1,0,4,1296
819,177542,177542,177541,0,1,1,2,4,2,4,1298
820,177976,177975,177975,1,0,1,1,6,1,5,1299
821,178409,178409,178409,0,0,0,0,7,0,7,1301
822,178844,178844,178843,0,1,1,2,4,2,4,1302
823,179279,179278,179278,1,0,1,1,6,1,5,1304
824,179714,179714,179714,0,0,0,0,7,0,7,1306
825,180151,180150,180150,1,0,1,1,6,1,6,1307
826,180587,180586,180587,1,-1,1,2,2,1,4,1309
827,181024,181024,181024,0,0,0,0,7,0,7,1310
828,181462,181461,181461,1,0,1,1,6,1,6,1312
829,181900,181899,181900,1,-1,1,2,2,1,4,1313
830,182338,182338,182338,0,0,0,0,7,0,7,1315
831,182778,182777,182777,1,0,1,1,6,1,6,1317
832,183217,183217,183218,0,-1,1,1,3,0,6,1318
833,183657,183658,183657,-1,1,1,1,5,0,6,1320
834,184099,184098,184098,1,0,1,1,6,1,6,1321
835,184539,184539,184540,0,-1,1,1,3,0,6,1323
836,184981,184982,184981,-1,1,1,1,5,0,6,1325
837,185425,185424,185423,1,1,2,3,4,2,4,1326
838,185867,185866,185867,1,-1,1,2,2,1,4,1328
839,186310,186311,186310,-1,1,1,1,5,0,6,1329
840,186755,186754,186753,1,1,2,3,4,2,4,1331
841,187199,187198,187199,1,-1,1,2,2,1,4,1332
842,187643,187644,187643,-1,1,1,1,5,0,6,1334
843,188090,188089,188088,1,1,2,3,4,2,4,1336
844,188536,188534,188536,2,-2,2,4,2,1,4,1337
845,188981,188982,188982,-1,0,1,2,1,0,4,1339
846,189430,189429,189428,1,1,2,3,4,2,4,1340
847,189877,189875,189877,2,-2,2,4,2,1,4,1342
848,190324,190325,190325,-1,0,1,2,1,0,4,1344
849,190774,190774,190773,0,1,1,2,4,2,4,1345
850,191223,191222,191223,1,-1,1,2,2,1,4,1347
851,191672,191673,191673,-1,0,1,2,1,0,4,1348
852,192123,192123,192122,0,1,1,2,4,2,4,1350
853,192574,192573,192574,1,-1,1,2,2,1,4,1351
854,193024,193025,193025,-1,0,1,2,1,0,4,1353
855,193477,193477,193476,0,1,1,2,4,2,4,1355
856,193930,193929,193929,1,0,1,1,6,1,5,1356
857,194382,194382,194382,0,0,0,0,7,0,7,1358
858,194836,194836,194835,0,1,1,2,4,2,4,1359
859,195290,195289,195289,1,0,1,1,6,1,5,1361
860,195744,195744,195744,0,0,0,0,7,0,7,1363
861,196200,196199,196199,1,0,1,1,6,1,6,1364
862,196655,196654,196655,1,-1,1,2,2,1,4,1366
863,197111,197111,197111,0,0,0,0,7,0,7,1367
864,197568,197567,197567,1,0,1,1,6,1,6,1369
865,198025,198024,198025,1,-1,1,2,2,1,4,1370
866,198482,198482,198482,0,0,0,0,7,0,7,1372
867,198941,198940,198940,1,0,1,1,6,1,6,1374
868,199399,199399,199400,0,-1,1,1,3,0,6,1375
869,199858,199859,199858,-1,1,1,1,5,0,6,1377
870,200319,200318,200318,1,0,1,1,6,1,6,1378
871,200778,200778,200779,0,-1,1,1,3,0,6,1380
872,201239,201240,201239,-1,1,1,1,5,0,6,1382
873,201702,201701,201700,1,1,2,3,4,2,4,1383
874,202163,202162,202163,1,-1,1,2,2,1,4,1385
875,202625,202626,202625,-1,1,1,1,5,0,6,1386
876,203089,203088,203087,1,1,2,3,4,2,4,1388
877,203552,203551,203552,1,-1,1,2,2,1,4,1390
878,204016,204016,204016,0,0,0,0,7,0,7,1391
879,204481,204480,204480,1,0,1,1,6,1,6,1393
880,204946,204945,204946,1,-1,1,2,2,1,4,1394
881,205411,205411,205411,0,0,0,0,7,0,7,1396
882,205878,205877,205877,1,0,1,1,6,1,6,1397
883,206344,206343,206344,1,-1,1,2,2,1,4,1399
884,206811,206811,206811,0,0,0,0,7,0,7,1401
885,207279,207279,207279,0,0,0,0,7,0,7,1402
886,207747,207747,207747,0,0,0,0,7,0,7,1404
887,208216,208216,208216,0,0,0,0,7,0,7,1405
888,208685,208685,208685,0,0,0,0,7,0,7,1407
889,209155,209155,209155,0,0,0,0,7,0,7,1409
890,209626,209626,209625,0,1,1,2,4,2,2,1410
891,210097,210096,210096,1,0,1,1,6,1,6,1412
892,210568,210568,210568,0,0,0,0,7,0,7,1413
893,211040,211040,211039,0,1,1,2,4,2,2,1415
894,211513,211512,211512,1,0,1,1,6,1,6,1416
895,211985,211985,211985,0,0,0,0,7,0,7,1418
896,212459,212459,212458,0,1,1,2,4,2,2,1420
897,212934,212932,212933,2,-1,2,3,2,1,2,1421
898,213407,213407,213408,0,-1,1,1,3,0,6,1423
899,213883,213883,213882,0,1,1,2,4,2,2,1424
900,214359,214357,214358,2,-1,2,3,2,1,2,1426
901,214834,214834,214835,0,-1,1,1,3,0,6,1428
902,215311,215312,215311,-1,1,1,1,5,0,6,1429
903,215789,215788,215788,1,0,1,1,6,1,6,1431
904,216266,216266,216267,0,-1,1,1,3,0,6,1432
905,216744,216745,216744,-1,1,1,1,5,0,6,1434
906,217224,217223,217223,1,0,1,1,6,1,6,1435
907,217702,217702,217703,0,-1,1,1,3,0,6,1437
908,218182,218183,218182,-1,1,1,1,5,0,6,1439
909,218664,218663,218662,1,1,2,3,4,2,4,1440
910,219144,219143,219144,1,-1,1,2,2,1,4,1442
911,219625,219626,219625,-1,1,1,1,5,0,6,1443
912,220108,220107,220106,1,1,2,3,4,2,4,1445
913,220590,220589,220590,1,-1,1,2,2,1,4,1447
914,221073,221073,221073,0,0,0,0,7,0,7,1448
915,221557,221556,221556,1,0,1,1,6,1,6,1450
916,222041,222040,222041,1,-1,1,2,2,1,4,1451
917,222525,222525,222525,0,0,0,0,7,0,7,1453
918,223011,223010,223010,1,0,1,1,6,1,6,1454
919,223496,223495,223496,1,-1,1,2,2,1,4,1456
920,223982,223982,223982,0,0,0,0,7,0,7,1458
921,224469,224469,224469,0,0,0,0,7,0,7,1459
922,224956,224956,224956,0,0,0,0,7,0,7,1461
923,225444,225444,225444,0,0,0,0,7,0,7,1462
924,225932,225932,225932,0,0,0,0,7,0,7,1464
925,226421,226421,226421,0,0,0,0,7,0,7,1466
926,226911,226911,226910,0,1,1,2,4,2,2,1467
927,227401,227400,227400,1,0,1,1,6,1,6,1469
928,227891,227891,227891,0,0,0,0,7,0,7,1470
929,228382,228382,228381,0,1,1,2,4,2,2,1472
930,228874,228873,228873,1,0,1,1,6,1,6,1474
931,229366,229365,229366,1,-1,1,2,2,1,4,1475
932,229858,229858,229858,0,0,0,0,7,0,7,1477
933,230352,230351,230351,1,0,1,1,6,1,6,1478
934,230845,230844,230845,1,-1,1,2,2,1,4,1480
935,231339,231339,231339,0,0,0,0,7,0,7,1481
936,231834,231833,231833,1,0,1,1,6,1,6,1483
937,232329,232328,232329,1,-1,1,2,2,1,4,1485
938,232824,232825,232825,-1,0,1,2,1,0,4,1486
939,233321,233321,233320,0,1,1,2,4,2,4,1488
940,233818,233817,233818,1,-1,1,2,2,1,4,1489
941,234314,234315,234315,-1,0,1,2,1,0,4,1491
942,234813,234813,234812,0,1,1,2,4,2,4,1493
943,235312,235311,235311,1,0,1,1,6,1,5,1494
944,235810,235810,235810,0,0,0,0,7,0,7,1496
945,236310,236310,236309,0,1,1,2,4,2,4,1497
946,236810,236809,236809,1,0,1,1,6,1,5,1499
947,237310,237310,237310,0,0,0,0,7,0,7,1500
948,237811,237811,237810,0,1,1,2,4,2,4,1502
949,238313,238312,238312,1,0,1,1,6,1,5,1504
950,238815,238814,238815,1,-1,1,2,2,1,1,1505
951,239317,239317,239317,0,0,0,0,7,0,7,1507
952,239821,239820,239820,1,0,1,1,6,1,5,1508
953,240324,240323,240324,1,-1,1,2,2,1,1,1510
954,240828,240828,240828,0,0,0,0,7,0,7,1512
955,241333,241333,241333,0,0,0,0,7,0,7,1513
956,241838,241838,241838,0,0,0,0,7,0,7,1515
957,242344,242344,242344,0,0,0,0,7,0,7,1516
958,242850,242850,242850,0,0,0,0,7,0,7,1518
959,243357,243357,243357,0,0,0,0,7,0,7,1519
960,243864,243864,243864,0,0,0,0,7,0,7,1521
961,244372,244372,244372,0,0,0,0,7,0,7,1523
962,244881,244881,244880,0,1,1,2,4,2,2,1524
963,245390,245389,245389,1,0,1,1,6,1,6,1526
964,245899,245899,245899,0,0,0,0,7,0,7,1527
965,246409,246409,246408,0,1,1,2,4,2,2,1529
966,246920,246919,246919,1,0,1,1,6,1,6,1531
967,247431,247430,247431,1,-1,1,2,2,1,4,1532
968,247942,247942,247942,0,0,0,0,7,0,7,1534
969,248455,248454,248454,1,0,1,1,6,1,6,1535
970,248967,248966,248967,1,-1,1,2,2,1,4,1537
971,249480,249480,249480,0,0,0,0,7,0,7,1538
972,249994,249993,249993,1,0,1,1,6,1,6,1540
973,250508,250507,250508,1,-1,1,2,2,1,4,1542
974,251022,251023,251023,-1,0,1,2,1,0,4,1543
975,251538,251538,251537,0,1,1,2,4,2,4,1545
976,252054,252053,252054,1,-1,1,2,2,1,4,1546
977,252569,252570,252570,-1,0,1,2,1,0,4,1548
978,253087,253087,253086,0,1,1,2,4,2,4,1550
979,253605,253604,253604,1,0,1,1,6,1,5,1551
980,254122,254122,254122,0,0,0,0,7,0,7,1553
981,254641,254641,254640,0,1,1,2,4,2,4,1554
982,255160,255159,255159,1,0,1,1,6,1,5,1556
983,255679,255679,255679,0,0,0,0,7,0,7,1558
984,256200,256199,256199,1,0,1,1,6,1,6,1559
985,256720,256719,256720,1,-1,1,2,2,1,4,1561
986,257241,257241,257241,0,0,0,0,7,0,7,1562
987,257763,257762,257762,1,0,1,1,6,1,6,1564
988,258285,258284,258285,1,-1,1,2,2,1,4,1565
989,258807,258807,258807,0,0,0,0,7,0,7,1567
990,259331,259330,259330,1,0,1,1,6,1,6,1569
991,259854,259854,259855,0,-1,1,1,3,0,6,1570
992,260378,260379,260378,-1,1,1,1,5,0,6,1572
993,260904,260903,260903,1,0,1,1,6,1,6,1573
994,261428,261428,261429,0,-1,1,1,3,0,6,1575
995,261954,261955,261954,-1,1,1,1,5,0,6,1577
996,262482,262481,262480,1,1,2,3,4,2,4,1578
997,263008,263007,263008,1,-1,1,2,2,1,4,1580
998,263535,263536,263535,-1,1,1,1,5,0,6,1581
999,264064,264063,264062,1,1,2,3,4,2,4,1583
1000,264592,264591,264592,1,-1,1,2,2,1,4,1584
1001,265120,265121,265120,-1,1,1,1,5,0,6,1586
1002,265651,265650,265649,1,1,2,3,4,2,4,1588
1003,266181,266179,266181,2,-2,2,4,2,1,4,1589
1004,266710,266711,266711,-1,0,1,2,1,0,4,1591
1005,267243,267242,267241,1,1,2,3,4,2,4,1592
1006,267774,267772,267774,2,-2,2,4,2,1,4,1594
1007,268305,268306,268306,-1,0,1,2,1,0,4,1596
1008,268839,268839,268838,0,1,1,2,4,2,4,1597
1009,269372,269371,269372,1,-1,1,2,2,1,4,1599
1010,269905,269906,269906,-1,0,1,2,1,0,4,1600
1011,270440,270440,270439,0,1,1,2,4,2,4,1602
1012,270975,270974,270975,1,-1,1,2,2,1,4,1603
1013,271509,271510,271510,-1,0,1,2,1,0,4,1605
1014,272046,272046,272045,0,1,1,2,4,2,4,1607
1015,272583,272582,272582,1,0,1,1,6,1,5,1608
1016,273119,273119,273119,0,0,0,0,7,0,7,1610
1017,273657,273657,273656,0,1,1,2,4,2,4,1611
1018,274195,274194,274194,1,0,1,1,6,1,5,1613
1019,274733,274733,274733,0,0,0,0,7,0,7,1615
1020,275273,275272,275272,1,0,1,1,6,1,6,1616
1021,275812,275811,275812,1,-1,1,2,2,1,4,1618
1022,276352,276352,276352,0,0,0,0,7,0,7,1619
1023,276893,276892,276892,1,0,1,1,6,1,6,1621
1024,277434,277433,277434,1,-1,1,2,2,1,4,1623
1025,277975,277976,277976,-1,0,1,2,1,0,4,1624
1026,278518,278518,278517,0,1,1,2,4,2,4,1626
1027,279061,279060,279061,1,-1,1,2,2,1,4,1627
1028,279603,279604,279604,-1,0,1,2,1,0,4,1629
1029,280148,280148,280147,0,1,1,2,4,2,4,1630
1030,280692,280691,280692,1,-1,1,2,2,1,4,1632
1031,281236,281237,281237,-1,0,1,2,1,0,4,1634
1032,281783,281783,281781,0,2,2,4,4,2,4,1635
1033,282329,282327,282328,2,-1,2,3,2,1,4,1637
1034,282874,282875,282875,-1,0,1,2,1,0,4,1638
1035,283422,283422,283420,0,2,2,4,4,2,4,1640
1036,283970,283968,283969,2,-1,2,3,2,1,4,1642
1037,284517,284517,284518,0,-1,1,1,3,0,5,1643
1038,285066,285066,285065,0,1,1,2,4,2,4,1645
1039,285616,285614,285615,2,-1,2,3,2,1,4,1646
1040,286164,286164,286165,0,-1,1,1,3,0,5,1648
1041,286715,286715,286714,0,1,1,2,4,2,4,1649
1042,287266,287264,287265,2,-1,2,3,2,1,4,1651
1043,287816,287816,287817,0,-1,1,1,3,0,5,1653
1044,288368,288369,288368,-1,1,1,1,5,0,5,1654
1045,288921,288920,288920,1,0,1,1,6,1,5,1656
1046,289473,289473,289474,0,-1,1,1,3,0,5,1657
1047,290026,290027,290026,-1,1,1,1,5,0,5,1659
1048,290581,290580,290580,1,0,1,1,6,1,5,1661
1049,291135,291135,291135,0,0,0,0,7,0,7,1662
1050,291690,291690,291689,0,1,1,2,4,2,4,1664
1051,292246,292245,292245,1,0,1,1,6,1,5,1665
1052,292801,292801,292801,0,0,0,0,7,0,7,1667
1053,293358,293358,293357,0,1,1,2,4,2,4,1668
1054,293915,293914,293914,1,0,1,1,6,1,5,1670
1055,294472,294472,294472,0,0,0,0,7,0,7,1672
1056,295031,295030,295030,1,0,1,1,6,1,6,1673
1057,295589,295588,295589,1,-1,1,2,2,1,4,1675
1058,296148,296148,296148,0,0,0,0,7,0,7,1676
1059,296708,296707,296707,1,0,1,1,6,1,6,1678
1060,297268,297267,297268,1,-1,1,2,2,1,4,1680
1061,297828,297829,297829,-1,0,1,2,1,0,4,1681
1062,298390,298390,298389,0,1,1,2,4,2,4,1683
1063,298952,298951,298952,1,-1,1,2,2,1,4,1684
1064,299513,299514,299514,-1,0,1,2,1,0,4,1686
1065,300077,300077,300076,0,1,1,2,4,2,4,1687
1066,300640,300639,300640,1,-1,1,2,2,1,4,1689
1067,301203,301204,301204,-1,0,1,2,1,0,4,1691
1068,301769,301769,301767,0,2,2,4,4,2,4,1692
1069,302334,302332,302333,2,-1,2,3,2,1,4,1694
1070,302898,302899,302899,-1,0,1,2,1,0,4,1695
1071,303465,303465,303463,0,2,2,4,4,2,4,1697
1072,304032,304030,304031,2,-1,2,3,2,1,4,1699
1073,304598,304598,304599,0,-1,1,1,3,0,5,1700
1074,305166,305166,305165,0,1,1,2,4,2,4,1702
1075,305735,305733,305734,2,-1,2,3,2,1,4,1703
1076,306302,306302,306303,0,-1,1,1,3,0,5,1705
1077,306872,306872,306871,0,1,1,2,4,2,4,1707
1078,307442,307441,307442,1,-1,1,2,2,1,4,1708
1079,308011,308012,308012,-1,0,1,2,1,0,4,1710
1080,308583,308583,308582,0,1,1,2,4,2,4,1711
1081,309154,309153,309154,1,-1,1,2,2,1,4,1713
1082,309725,309726,309726,-1,0,1,2,1,0,4,1714
1083,310298,310298,310297,0,1,1,2,4,2,4,1716
1084,310871,310870,310871,1,-1,1,2,2,1,4,1718
1085,311444,311445,311444,-1,1,1,1,5,0,6,1719
1086,312019,312018,312017,1,1,2,3,4,2,4,1721
1087,312593,312592,312593,1,-1,1,2,2,1,4,1722
1088,313167,313168,313167,-1,1,1,1,5,0,6,1724
1089,313744,313743,313742,1,1,2,3,4,2,4,1726
1090,314320,314318,314320,2,-2,2,4,2,1,4,1727
1091,314895,314896,314896,-1,0,1,2,1,0,4,1729
1092,315474,315473,315472,1,1,2,3,4,2,4,1730
1093,316051,316049,316051,2,-2,2,4,2,1,4,1732
1094,316628,316629,316629,-1,0,1,2,1,0,4,1733
1095,317208,317207,317206,1,1,2,3,4,2,4,1735
1096,317787,317785,317787,2,-2,2,4,2,1,4,1737
1097,318365,318367,318367,-2,0,2,4,1,0,4,1738
1098,318947,318947,318945,0,2,2,4,4,2,4,1740
1099,319528,319526,319528,2,-2,2,4,2,1,4,1741
1100,320107,320109,320109,-2,0,2,4,1,0,4,1743
1101,320691,320691,320689,0,2,2,4,4,2,4,1745
1102,321274,321272,321273,2,-1,2,3,2,1,4,1746
1103,321855,321856,321856,-1,0,1,2,1,0,4,1748
1104,322440,322440,322438,0,2,2,4,4,2,4,1749
1105,323024,323022,323023,2,-1,2,3,2,1,4,1751
1106,323607,323608,323608,-1,0,1,2,1,0,4,1752
1107,324193,324193,324191,0,2,2,4,4,2,4,1754
1108,324779,324777,324778,2,-1,2,3,2,1,4,1756
1109,325364,325364,325365,0,-1,1,1,3,0,5,1757
1110,325951,325951,325950,0,1,1,2,4,2,4,1759
1111,326539,326537,326538,2,-1,2,3,2,1,4,1760
1112,327125,327125,327126,0,-1,1,1,3,0,5,1762
1113,327714,327714,327713,0,1,1,2,4,2,4,1764
1114,328303,328302,328303,1,-1,1,2,2,1,4,1765
1115,328891,328892,328892,-1,0,1,2,1,0,4,1767
1116,329482,329482,329481,0,1,1,2,4,2,4,1768
1117,330072,330071,330072,1,-1,1,2,2,1,4,1770
1118,330662,330663,330663,-1,0,1,2,1,0,4,1771
1119,331254,331254,331253,0,1,1,2,4,2,4,1773
1120,331846,331845,331846,1,-1,1,2,2,1,4,1775
1121,332438,332439,332438,-1,1,1,1,5,0,6,1776
1122,333032,333031,333030,1,1,2,3,4,2,4,1778
1123,333625,333624,333625,1,-1,1,2,2,1,4,1779
1124,334218,334219,334218,-1,1,1,1,5,0,6,1781
1125,334814,334813,334812,1,1,2,3,4,2,4,1783
1126,335409,335407,335409,2,-2,2,4,2,1,4,1784
1127,336003,336004,336004,-1,0,1,2,1,0,4,1786
1128,336601,336600,336599,1,1,2,3,4,2,4,1787
1129,337197,337195,337197,2,-2,2,4,2,1,4,1789
1130,337793,337794,337794,-1,0,1,2,1,0,4,1791
1131,338392,338392,338391,0,1,1,2,4,2,4,1792
1132,338990,338989,338990,1,-1,1,2,2,1,4,1794
1133,339588,339589,339589,-1,0,1,2,1,0,4,1795
1134,340188,340188,340187,0,1,1,2,4,2,4,1797
1135,340788,340787,340788,1,-1,1,2,2,1,4,1798
1136,341387,341388,341388,-1,0,1,2,1,0,4,1800
1137,341989,341989,341988,0,1,1,2,4,2,4,1802
1138,342591,342590,342590,1,0,1,1,6,1,5,1803
1139,343192,343192,343192,0,0,0,0,7,0,7,1805
1140,343795,343795,343794,0,1,1,2,4,2,4,1806
1141,344398,344397,344397,1,0,1,1,6,1,5,1808
1142,345001,345001,345001,0,0,0,0,7,0,7,1810
1143,345606,345605,345605,1,0,1,1,6,1,6,1811
1144,346210,346209,346210,1,-1,1,2,2,1,4,1813
1145,346815,346815,346815,0,0,0,0,7,0,7,1814
1146,347421,347420,347420,1,0,1,1,6,1,6,1816
1147,348027,348026,348027,1,-1,1,2,2,1,4,1817
1148,348633,348633,348633,0,0,0,0,7,0,7,1819
1149,349241,349240,349240,1,0,1,1,6,1,6,1821
1150,349848,349848,349849,0,-1,1,1,3,0,6,1822
1151,350456,350457,350456,-1,1,1,1,5,0,6,1824
1152,351066,351065,351065,1,0,1,1,6,1,6,1825
1153,351674,351674,351675,0,-1,1,1,3,0,6,1827
1154,352284,352285,352284,-1,1,1,1,5,0,6,1829
1155,352896,352895,352894,1,1,2,3,4,2,4,1830
1156,353506,353505,353506,1,-1,1,2,2,1,4,1832
1157,354117,354118,354117,-1,1,1,1,5,0,6,1833
1158,354730,354729,354728,1,1,2,3,4,2,4,1835
1159,355342,355341,355342,1,-1,1,2,2,1,4,1836
1160,355954,355955,355954,-1,1,1,1,5,0,6,1838
1161,356569,356568,356567,1,1,2,3,4,2,4,1840
1162,357183,357181,357183,2,-2,2,4,2,1,4,1841
1163,357796,357797,357797,-1,0,1,2,1,0,4,1843
1164,358413,358412,358411,1,1,2,3,4,2,4,1844
1165,359028,359026,359028,2,-2,2,4,2,1,4,1846
1166,359643,359644,359644,-1,0,1,2,1,0,4,1848
1167,360261,360261,360260,0,1,1,2,4,2,4,1849
1168,360878,360877,360878,1,-1,1,2,2,1,4,1851
1169,361495,361496,361496,-1,0,1,2,1,0,4,1852
1170,362114,362114,362113,0,1,1,2,4,2,4,1854
1171,362733,362732,362733,1,-1,1,2,2,1,4,1855
1172,363351,363352,363352,-1,0,1,2,1,0,4,1857
1173,363972,363972,363971,0,1,1,2,4,2,4,1859
1174,364593,364592,364592,1,0,1,1,6,1,5,1860
1175,365213,365213,365213,0,0,0,0,7,0,7,1862
1176,365835,365835,365834,0,1,1,2,4,2,4,1863
1177,366457,366456,366456,1,0,1,1,6,1,5,1865
1178,367079,367079,367079,0,0,0,0,7,0,7,1867
1179,367703,367702,367702,1,0,1,1,6,1,6,1868
1180,368326,368325,368326,1,-1,1,2,2,1,4,1870
1181,368950,368950,368950,0,0,0,0,7,0,7,1871
1182,369575,369574,369574,1,0,1,1,6,1,6,1873
1183,370200,370199,370200,1,-1,1,2,2,1,4,1875
1184,370825,370826,370826,-1,0,1,2,1,0,4,1876
1185,371452,371452,371451,0,1,1,2,4,2,4,1878
1186,372079,372078,372079,1,-1,1,2,2,1,4,1879
1187,372705,372706,372706,-1,0,1,2,1,0,4,1881
1188,373334,373334,373333,0,1,1,2,4,2,4,1882
1189,373962,373961,373962,1,-1,1,2,2,1,4,1884
1190,374590,374591,374591,-1,0,1,2,1,0,4,1886
1191,375221,375221,375219,0,2,2,4,4,2,4,1887
1192,375851,375849,375850,2,-1,2,3,2,1,4,1889
1193,376480,376481,376481,-1,0,1,2,1,0,4,1890
1194,377112,377112,377110,0,2,2,4,4,2,4,1892
1195,377744,377742,377743,2,-1,2,3,2,1,4,1894
1196,378375,378375,378376,0,-1,1,1,3,0,5,1895
1197,379008,379008,379007,0,1,1,2,4,2,4,1897
1198,379642,379640,379641,2,-1,2,3,2,1,4,1898
1199,380274,380274,380275,0,-1,1,1,3,0,5,1900
1200,380909,380909,380908,0,1,1,2,4,2,4,1901
1201,381544,381542,381543,2,-1,2,3,2,1,4,1903
1202,382178,382178,382179,0,-1,1,1,3,0,5,1905
1203,382814,382815,382814,-1,1,1,1,5,0,5,1906
1204,383451,383450,383450,1,0,1,1,6,1,5,1908
1205,384087,384087,384088,0,-1,1,1,3,0,5,1909
1206,384724,384725,384724,-1,1,1,1,5,0,5,1911
1207,385363,385362,385362,1,0,1,1,6,1,5,1913
1208,386001,386001,386001,0,0,0,0,7,0,7,1914
1209,386640,386640,386639,0,1,1,2,4,2,4,1916
1210,387280,387279,387279,1,0,1,1,6,1,5,1917
1211,387919,387919,387919,0,0,0,0,7,0,7,1919
1212,388560,388560,388559,0,1,1,2,4,2,4,1920
1213,389201,389200,389200,1,0,1,1,6,1,5,1922
1214,389842,389842,389842,0,0,0,0,7,0,7,1924
1215,390485,390484,390484,1,0,1,1,6,1,6,1925
1216,391127,391126,391127,1,-1,1,2,2,1,4,1927
1217,391770,391770,391770,0,0,0,0,7,0,7,1928
1218,392414,392413,392413,1,0,1,1,6,1,6,1930
1219,393058,393057,393058,1,-1,1,2,2,1,4,1932
1220,393702,393703,393703,-1,0,1,2,1,0,4,1933
1221,394348,394348,394347,0,1,1,2,4,2,4,1935
1222,394994,394993,394994,1,-1,1,2,2,1,4,1936
1223,395639,395640,395640,-1,0,1,2,1,0,4,1938
1224,396287,396287,396286,0,1,1,2,4,2,4,1939
1225,396934,396933,396934,1,-1,1,2,2,1,4,1941
1226,397581,397582,397582,-1,0,1,2,1,0,4,1943
1227,398231,398231,398229,0,2,2,4,4,2,4,1944
1228,398880,398878,398879,2,-1,2,3,2,1,4,1946
1229,399528,399529,399529,-1,0,1,2,1,0,4,1947
1230,400179,400179,400177,0,2,2,4,4,2,4,1949
1231,400830,400828,400829,2,-1,2,3,2,1,4,1951
1232,401480,401480,401481,0,-1,1,1,3,0,5,1952
1233,402132,402132,402131,0,1,1,2,4,2,4,1954
1234,402785,402783,402784,2,-1,2,3,2,1,4,1955
1235,403436,403436,403437,0,-1,1,1,3,0,5,1957
1236,404090,404090,404089,0,1,1,2,4,2,4,1959
1237,404744,404743,404744,1,-1,1,2,2,1,4,1960
1238,405397,405398,405398,-1,0,1,2,1,0,4,1962
1239,406053,406053,406052,0,1,1,2,4,2,4,1963
1240,406708,406707,406708,1,-1,1,2,2,1,4,1965
1241,407363,407364,407364,-1,0,1,2,1,0,4,1966
1242,408020,408020,408019,0,1,1,2,4,2,4,1968
1243,408677,408676,408677,1,-1,1,2,2,1,4,1970
1244,409334,409335,409334,-1,1,1,1,5,0,6,1971
1245,409993,409992,409991,1,1,2,3,4,2,4,1973
1246,410651,410650,410651,1,-1,1,2,2,1,4,1974
1247,411309,411310,411309,-1,1,1,1,5,0,6,1976
1248,411970,411969,411968,1,1,2,3,4,2,4,1978
1249,412630,412628,412630,2,-2,2,4,2,1,4,1979
1250,413289,413290,413290,-1,0,1,2,1,0,4,1981
1251,413952,413951,413950,1,1,2,3,4,2,4,1982
1252,414613,414611,414613,2,-2,2,4,2,1,4,1984
1253,415274,415275,415275,-1,0,1,2,1,0,4,1985
1254,415938,415937,415936,1,1,2,3,4,2,4,1987
1255,416601,416599,416601,2,-2,2,4,2,1,4,1989
1256,417263,417265,417265,-2,0,2,4,1,0,4,1990
1257,417929,417929,417927,0,2,2,4,4,2,4,1992
1258,418594,418592,418594,2,-2,2,4,2,1,4,1993
1259,419257,419259,419259,-2,0,2,4,1,0,4,1995
1260,419925,419925,419923,0,2,2,4,4,2,4,1997
1261,420592,420590,420591,2,-1,2,3,2,1,4,1998
1262,421257,421258,421258,-1,0,1,2,1,0,4,2000
1263,421926,421926,421924,0,2,2,4,4,2,4,2001
1264,422594,422592,422593,2,-1,2,3,2,1,4,2003
1265,423261,423262,423262,-1,0,1,2,1,0,4,2004
1266,423931,423931,423929,0,2,2,4,4,2,4,2006
1267,424601,424599,424600,2,-1,2,3,2,1,4,2008
1268,425270,425270,425271,0,-1,1,1,3,0,5,2009
1269,425941,425941,425940,0,1,1,2,4,2,4,2011
1270,426613,426611,426612,2,-1,2,3,2,1,4,2012
1271,427283,427283,427284,0,-1,1,1,3,0,5,2014
1272,427956,427956,427955,0,1,1,2,4,2,4,2016
1273,428629,428628,428629,1,-1,1,2,2,1,4,2017
1274,429301,429302,429302,-1,0,1,2,1,0,4,2019
1275,429976,429976,429975,0,1,1,2,4,2,4,2020
1276,430650,430649,430650,1,-1,1,2,2,1,4,2022
1277,431324,431325,431325,-1,0,1,2,1,0,4,2023
1278,432000,432000,431999,0,1,1,2,4,2,4,2025
1279,432676,432675,432676,1,-1,1,2,2,1,4,2027
1280,433352,433353,433352,-1,1,1,1,5,0,6,2028
1281,434030,434029,434028,1,1,2,3,4,2,4,2030
1282,434707,434706,434707,1,-1,1,2,2,1,4,2031
1283,435384,435385,435384,-1,1,1,1,5,0,6,2033
1284,436064,436063,436062,1,1,2,3,4,2,4,2035
1285,436743,436741,436743,2,-2,2,4,2,1,4,2036
1286,437421,437422,437422,-1,0,1,2,1,0,4,2038
1287,438103,438102,438101,1,1,2,3,4,2,4,2039
1288,438783,438781,438783,2,-2,2,4,2,1,4,2041
1289,439463,439464,439464,-1,0,1,2,1,0,4,2043
1290,440146,440146,440145,0,1,1,2,4,2,4,2044
1291,440828,440827,440828,1,-1,1,2,2,1,4,2046
1292,441510,441511,441511,-1,0,1,2,1,0,4,2047
1293,442194,442194,442193,0,1,1,2,4,2,4,2049
1294,442878,442877,442878,1,-1,1,2,2,1,4,2050
1295,443561,443562,443562,-1,0,1,2,1,0,4,2052
1296,444247,444247,444246,0,1,1,2,4,2,4,2054
1297,444933,444932,444932,1,0,1,1,6,1,5,2055
1298,445618,445618,445618,0,0,0,0,7,0,7,2057
1299,446305,446305,446304,0,1,1,2,4,2,4,2058
1300,446992,446991,446991,1,0,1,1,6,1,5,2060
1301,447679,447679,447679,0,0,0,0,7,0,7,2062
1302,448368,448367,448367,1,0,1,1,6,1,6,2063
1303,449056,449055,449056,1,-1,1,2,2,1,4,2065
1304,449745,449745,449745,0,0,0,0,7,0,7,2066
1305,450435,450434,450434,1,0,1,1,6,1,6,2068
1306,451125,451124,451125,1,-1,1,2,2,1,4,2069
1307,451815,451815,451815,0,0,0,0,7,0,7,2071
1308,452507,452506,452506,1,0,1,1,6,1,6,2073
1309,453198,453198,453199,0,-1,1,1,3,0,6,2074
1310,453890,453891,453890,-1,1,1,1,5,0,6,2076
1311,454584,454583,454583,1,0,1,1,6,1,6,2077
1312,455276,455276,455277,0,-1,1,1,3,0,6,2079
1313,455970,455971,455970,-1,1,1,1,5,0,6,2081
1314,456666,456665,456664,1,1,2,3,4,2,4,2082
1315,457360,457359,457360,1,-1,1,2,2,1,4,2084
1316,458055,458056,458055,-1,1,1,1,5,0,6,2085
1317,458752,458751,458750,1,1,2,3,4,2,4,2087
1318,459448,459447,459448,1,-1,1,2,2,1,4,2088
1319,460144,460145,460144,-1,1,1,1,5,0,6,2090
1320,460843,460842,460841,1,1,2,3,4,2,4,2092
1321,461541,461539,461541,2,-2,2,4,2,1,4,2093
1322,462238,462239,462239,-1,0,1,2,1,0,4,2095
1323,462939,462938,462937,1,1,2,3,4,2,4,2096
1324,463638,463636,463638,2,-2,2,4,2,1,4,2098
1325,464337,464338,464338,-1,0,1,2,1,0,4,2100
1326,465039,465039,465038,0,1,1,2,4,2,4,2101
1327,465740,465739,465740,1,-1,1,2,2,1,4,2103
1328,466441,466442,466442,-1,0,1,2,1,0,4,2104
1329,467144,467144,467143,0,1,1,2,4,2,4,2106
1330,467847,467846,467847,1,-1,1,2,2,1,4,2108
1331,468550,468551,468550,-1,1,1,1,5,0,6,2109
1332,469255,469254,469253,1,1,2,3,4,2,4,2111
1333,469959,469958,469959,1,-1,1,2,2,1,4,2112
1334,470663,470664,470663,-1,1,1,1,5,0,6,2114
1335,471370,471369,471368,1,1,2,3,4,2,4,2115
1336,472075,472074,472075,1,-1,1,2,2,1,4,2117
1337,472781,472782,472781,-1,1,1,1,5,0,6,2119
1338,473490,473488,473488,2,0,2,2,6,1,6,2120
1339,474196,474195,474197,1,-2,2,3,2,1,4,2122
1340,474904,474905,474904,-1,1,1,1,5,0,6,2123
1341,475614,475612,475612,2,0,2,2,6,1,6,2125
1342,476322,476321,476323,1,-2,2,3,2,1,4,2127
1343,477031,477033,477032,-2,1,2,3,1,0,4,2128
1344,477743,477742,477741,1,1,2,3,4,2,4,2130
1345,478453,478452,478454,1,-2,2,3,2,1,4,2131
1346,479163,479165,479164,-2,1,2,3,1,0,4,2133
1347,479877,479876,479875,1,1,2,3,4,2,4,2134
1348,480588,480587,480589,1,-2,2,3,2,1,4,2136
1349,481300,481302,481301,-2,1,2,3,1,0,4,2138
1350,482016,482015,482013,1,2,3,5,4,2,4,2139
1351,482729,482727,482729,2,-2,2,4,2,1,4,2141
1352,483442,483444,483443,-2,1,2,3,1,0,4,2142
1353,484159,484158,484156,1,2,3,5,4,2,4,2144
1354,484874,484872,484874,2,-2,2,4,2,1,4,2146
1355,485589,485590,485590,-1,0,1,2,1,0,4,2147
1356,486307,486306,486305,1,1,2,3,4,2,4,2149
1357,487024,487022,487024,2,-2,2,4,2,1,4,2150
1358,487740,487741,487741,-1,0,1,2,1,0,4,2152
1359,488460,488459,488458,1,1,2,3,4,2,4,2153
1360,489178,489176,489178,2,-2,2,4,2,1,4,2155
1361,489896,489897,489897,-1,0,1,2,1,0,4,2157
1362,490617,490617,490616,0,1,1,2,4,2,4,2158
1363,491337,491336,491337,1,-1,1,2,2,1,4,2160
1364,492057,492058,492058,-1,0,1,2,1,0,4,2161
1365,492779,492779,492778,0,1,1,2,4,2,4,2163
1366,493501,493500,493501,1,-1,1,2,2,1,4,2165
1367,494223,494224,494223,-1,1,1,1,5,0,6,2166
1368,494947,494946,494945,1,1,2,3,4,2,4,2168
1369,495670,495669,495670,1,-1,1,2,2,1,4,2169
1370,496393,496394,496393,-1,1,1,1,5,0,6,2171
1371,497119,497118,497117,1,1,2,3,4,2,4,2172
1372,497843,497842,497843,1,-1,1,2,2,1,4,2174
1373,498568,498569,498568,-1,1,1,1,5,0,6,2176
1374,499296,499294,499294,2,0,2,2,6,1,6,2177
1375,500021,500020,500022,1,-2,2,3,2,1,4,2179
1376,500748,500749,500748,-1,1,1,1,5,0,6,2180
1377,501477,501475,501475,2,0,2,2,6,1,6,2182
1378,502204,502203,502205,1,-2,2,3,2,1,4,2184
1379,502932,502934,502933,-2,1,2,3,1,0,4,2185
1380,503663,503662,503661,1,1,2,3,4,2,4,2187
1381,504392,504391,504393,1,-2,2,3,2,1,4,2188
1382,505121,505123,505122,-2,1,2,3,1,0,4,2190
1383,505854,505853,505852,1,1,2,3,4,2,4,2192
1384,506585,506584,506585,1,-1,1,2,2,1,4,2193
1385,507316,507317,507316,-1,1,1,1,5,0,6,2195
1386,508050,508049,508048,1,1,2,3,4,2,4,2196
1387,508782,508781,508782,1,-1,1,2,2,1,4,2198
1388,509515,509516,509515,-1,1,1,1,5,0,6,2199
1389,510250,510249,510248,1,1,2,3,4,2,4,2201
1390,510984,510983,510984,1,-1,1,2,2,1,4,2203
1391,511719,511719,511719,0,0,0,0,7,0,7,2204
1392,512455,512454,512454,1,0,1,1,6,1,6,2206
1393,513191,513190,513191,1,-1,1,2,2,1,4,2207
1394,513927,513927,513927,0,0,0,0,7,0,7,2209
1395,514665,514664,514664,1,0,1,1,6,1,6,2211
1396,515402,515402,515403,0,-1,1,1,3,0,6,2212
1397,516140,516141,516140,-1,1,1,1,5,0,6,2214
1398,516880,516879,516879,1,0,1,1,6,1,6,2215
1399,517618,517618,517619,0,-1,1,1,3,0,6,2217
1400,518358,518359,518358,-1,1,1,1,5,0,6,2218
1401,519099,519098,519098,1,0,1,1,6,1,6,2220
1402,519839,519839,519840,0,-1,1,1,3,0,6,2222
1403,520581,520582,520580,-1,2,2,3,4,2,2,2223
1404,521324,521322,521322,2,0,2,2,6,1,6,2225
1405,522065,522065,522066,0,-1,1,1,3,0,6,2226
1406,522808,522809,522807,-1,2,2,3,4,2,2,2228
1407,523553,523551,523551,2,0,2,2,6,1,6,2230
1408,524296,524295,524297,1,-2,2,3,2,1,4,2231
1409,525040,525041,525040,-1,1,1,1,5,0,6,2233
1410,525787,525785,525785,2,0,2,2,6,1,6,2234
1411,526531,526530,526532,1,-2,2,3,2,1,4,2236
1412,527277,527278,527277,-1,1,1,1,5,0,6,2237
1413,528025,528023,528023,2,0,2,2,6,1,6,2239
1414,528771,528770,528772,1,-2,2,3,2,1,4,2241
1415,529518,529520,529519,-2,1,2,3,1,0,4,2242
1416,530268,530267,530266,1,1,2,3,4,2,4,2244
1417,531016,531015,531017,1,-2,2,3,2,1,4,2245
1418,531764,531766,531765,-2,1,2,3,1,0,4,2247
1419,532516,532515,532514,1,1,2,3,4,2,4,2249
1420,533266,533265,533266,1,-1,1,2,2,1,4,2250
1421,534016,534017,534016,-1,1,1,1,5,0,6,2252
1422,534769,534768,534767,1,1,2,3,4,2,4,2253
1423,535520,535519,535520,1,-1,1,2,2,1,4,2255
1424,536272,536273,536272,-1,1,1,1,5,0,6,2256
1425,537026,537025,537024,1,1,2,3,4,2,4,2258
1426,537779,537778,537779,1,-1,1,2,2,1,4,2260
1427,538533,538533,538533,0,0,0,0,7,0,7,2261
1428,539288,539287,539287,1,0,1,1,6,1,6,2263
1429,540043,540042,540043,1,-1,1,2,2,1,4,2264
1430,540798,540798,540798,0,0,0,0,7,0,7,2266
1431,541555,541554,541554,1,0,1,1,6,1,6,2268
1432,542311,542311,542312,0,-1,1,1,3,0,6,2269
1433,543068,543069,543068,-1,1,1,1,5,0,6,2271
1434,543827,543826,543826,1,0,1,1,6,1,6,2272
1435,544584,544584,544585,0,-1,1,1,3,0,6,2274
1436,545343,545344,545343,-1,1,1,1,5,0,6,2276
1437,546104,546103,546102,1,1,2,3,4,2,4,2277
1438,546863,546862,546863,1,-1,1,2,2,1,4,2279
1439,547623,547624,547623,-1,1,1,1,5,0,6,2280
1440,548385,548384,548383,1,1,2,3,4,2,4,2282
1441,549146,549145,549146,1,-1,1,2,2,1,4,2283
1442,549907,549908,549907,-1,1,1,1,5,0,6,2285
1443,550671,550670,550669,1,1,2,3,4,2,4,2287
1444,551434,551432,551434,2,-2,2,4,2,1,4,2288
1445,552196,552197,552197,-1,0,1,2,1,0,4,2290
1446,552962,552961,552960,1,1,2,3,4,2,4,2291
1447,553726,553724,553726,2,-2,2,4,2,1,4,2293
1448,554490,554491,554491,-1,0,1,2,1,0,4,2295
1449,555257,555257,555256,0,1,1,2,4,2,4,2296
1450,556023,556022,556023,1,-1,1,2,2,1,4,2298
1451,556789,556790,556790,-1,0,1,2,1,0,4,2299
1452,557557,557557,557556,0,1,1,2,4,2,4,2301
1453,558325,558324,558325,1,-1,1,2,2,1,4,2302
1454,559092,559093,559093,-1,0,1,2,1,0,4,2304
1455,559862,559862,559861,0,1,1,2,4,2,4,2306
1456,560632,560631,560631,1,0,1,1,6,1,5,2307
1457,561401,561401,561401,0,0,0,0,7,0,7,2309
1458,562172,562172,562171,0,1,1,2,4,2,4,2310
1459,562943,562942,562942,1,0,1,1,6,1,5,2312
1460,563714,563714,563714,0,0,0,0,7,0,7,2314
1461,564487,564486,564486,1,0,1,1,6,1,6,2315
1462,565259,565258,565259,1,-1,1,2,2,1,4,2317
1463,566032,566032,566032,0,0,0,0,7,0,7,2318
1464,566806,566805,566805,1,0,1,1,6,1,6,2320
1465,567580,567579,567580,1,-1,1,2,2,1,4,2321
1466,568354,568354,568354,0,0,0,0,7,0,7,2323
1467,569130,569129,569129,1,0,1,1,6,1,6,2325
1468,569905,569905,569906,0,-1,1,1,3,0,6,2326
1469,570681,570682,570681,-1,1,1,1,5,0,6,2328
1470,571459,571458,571458,1,0,1,1,6,1,6,2329
1471,572235,572235,572236,0,-1,1,1,3,0,6,2331
1472,573013,573014,573013,-1,1,1,1,5,0,6,2333
1473,573793,573792,573791,1,1,2,3,4,2,4,2334
1474,574571,574570,574571,1,-1,1,2,2,1,4,2336
1475,575350,575351,575350,-1,1,1,1,5,0,6,2337
1476,576131,576130,576129,1,1,2,3,4,2,4,2339
1477,576911,576910,576911,1,-1,1,2,2,1,4,2340
1478,577691,577692,577691,-1,1,1,1,5,0,6,2342
1479,578474,578473,578472,1,1,2,3,4,2,4,2344
1480,579256,579254,579256,2,-2,2,4,2,1,4,2345
1481,580037,580038,580038,-1,0,1,2,1,0,4,2347
1482,580822,580821,580820,1,1,2,3,4,2,4,2348
1483,581605,581603,581605,2,-2,2,4,2,1,4,2350
1484,582388,582389,582389,-1,0,1,2,1,0,4,2352
1485,583174,583174,583173,0,1,1,2,4,2,4,2353
1486,583959,583958,583959,1,-1,1,2,2,1,4,2355
1487,584744,584745,584745,-1,0,1,2,1,0,4,2356
1488,585531,585531,585530,0,1,1,2,4,2,4,2358
1489,586318,586317,586318,1,-1,1,2,2,1,4,2360
1490,587105,587106,587105,-1,1,1,1,5,0,6,2361
1491,587894,587893,587892,1,1,2,3,4,2,4,2363
1492,588682,588681,588682,1,-1,1,2,2,1,4,2364
1493,589470,589471,589470,-1,1,1,1,5,0,6,2366
1494,590261,590260,590259,1,1,2,3,4,2,4,2367
1495,591050,591049,591050,1,-1,1,2,2,1,4,2369
1496,591840,591841,591840,-1,1,1,1,5,0,6,2371
1497,592633,592631,592631,2,0,2,2,6,1,6,2372
1498,593423,593422,593424,1,-2,2,3,2,1,4,2374
1499,594215,594216,594215,-1,1,1,1,5,0,6,2375
1500,595009,595007,595007,2,0,2,2,6,1,6,2377
1501,595801,595800,595802,1,-2,2,3,2,1,4,2379
1502,596594,596596,596595,-2,1,2,3,1,0,4,2380
1503,597390,597389,597388,1,1,2,3,4,2,4,2382
1504,598184,598183,598185,1,-2,2,3,2,1,4,2383
1505,598978,598980,598979,-2,1,2,3,1,0,4,2385
1506,599776,599775,599774,1,1,2,3,4,2,4,2386
1507,600571,600570,600572,1,-2,2,3,2,1,4,2388
1508,601367,601369,601368,-2,1,2,3,1,0,4,2390
1509,602167,602166,602164,1,2,3,5,4,2,4,2391
1510,602964,602962,602964,2,-2,2,4,2,1,4,2393
1511,603761,603763,603762,-2,1,2,3,1,0,4,2394
1512,604562,604561,604559,1,2,3,5,4,2,4,2396
1513,605361,605359,605361,2,-2,2,4,2,1,4,2398
1514,606160,606161,606161,-1,0,1,2,1,0,4,2399
1515,606962,606961,606960,1,1,2,3,4,2,4,2401
1516,607763,607761,607763,2,-2,2,4,2,1,4,2402
1517,608563,608564,608564,-1,0,1,2,1,0,4,2404
1518,609367,609366,609365,1,1,2,3,4,2,4,2405
1519,610169,610167,610169,2,-2,2,4,2,1,4,2407
1520,610971,610972,610972,-1,0,1,2,1,0,4,2409
1521,611776,611776,611775,0,1,1,2,4,2,4,2410
1522,612580,612579,612580,1,-1,1,2,2,1,4,2412
1523,613384,613385,613385,-1,0,1,2,1,0,4,2413
1524,614190,614190,614189,0,1,1,2,4,2,4,2415
1525,614996,614995,614996,1,-1,1,2,2,1,4,2417
1526,615802,615803,615802,-1,1,1,1,5,0,6,2418
1527,616610,616609,616608,1,1,2,3,4,2,4,2420
1528,617417,617416,617417,1,-1,1,2,2,1,4,2421
1529,618224,618225,618224,-1,1,1,1,5,0,6,2423
1530,619034,619033,619032,1,1,2,3,4,2,4,2424
1531,619842,619841,619842,1,-1,1,2,2,1,4,2426
1532,620651,620652,620651,-1,1,1,1,5,0,6,2428
1533,621463,621461,621461,2,0,2,2,6,1,6,2429
1534,622272,622271,622273,1,-2,2,3,2,1,4,2431
1535,623083,623084,623083,-1,1,1,1,5,0,6,2432
1536,623896,623894,623894,2,0,2,2,6,1,6,2434
1537,624707,624706,624708,1,-2,2,3,2,1,4,2436
1538,625519,625521,625520,-2,1,2,3,1,0,4,2437
1539,626334,626333,626332,1,1,2,3,4,2,4,2439
1540,627147,627146,627148,1,-2,2,3,2,1,4,2440
1541,627960,627962,627961,-2,1,2,3,1,0,4,2442
1542,628777,628776,628775,1,1,2,3,4,2,4,2444
1543,629592,629591,629592,1,-1,1,2,2,1,4,2445
1544,630407,630408,630407,-1,1,1,1,5,0,6,2447
1545,631225,631224,631223,1,1,2,3,4,2,4,2448
1546,632041,632040,632041,1,-1,1,2,2,1,4,2450
1547,632858,632859,632858,-1,1,1,1,5,0,6,2451
1548,633677,633676,633675,1,1,2,3,4,2,4,2453
1549,634495,634494,634495,1,-1,1,2,2,1,4,2455
1550,635314,635314,635314,0,0,0,0,7,0,7,2456
1551,636134,636133,636133,1,0,1,1,6,1,6,2458
1552,636954,636953,636954,1,-1,1,2,2,1,4,2459
1553,637774,637774,637774,0,0,0,0,7,0,7,2461
1554,638596,638595,638595,1,0,1,1,6,1,6,2463
1555,639417,639417,639418,0,-1,1,1,3,0,6,2464
1556,640239,640240,640239,-1,1,1,1,5,0,6,2466
1557,641063,641062,641062,1,0,1,1,6,1,6,2467
1558,641885,641885,641886,0,-1,1,1,3,0,6,2469
1559,642709,642710,642709,-1,1,1,1,5,0,6,2470
1560,643534,643533,643533,1,0,1,1,6,1,6,2472
1561,644358,644358,644359,0,-1,1,1,3,0,6,2474
1562,645184,645185,645183,-1,2,2,3,4,2,2,2475
1563,646011,646009,646009,2,0,2,2,6,1,6,2477
1564,646836,646836,646837,0,-1,1,1,3,0,6,2478
1565,647663,647664,647662,-1,2,2,3,4,2,2,2480
1566,648492,648490,648490,2,0,2,2,6,1,6,2482
1567,649319,649318,649320,1,-2,2,3,2,1,4,2483
1568,650147,650148,650147,-1,1,1,1,5,0,6,2485
1569,650978,650976,650976,2,0,2,2,6,1,6,2486
1570,651806,651805,651807,1,-2,2,3,2,1,4,2488
1571,652636,652637,652636,-1,1,1,1,5,0,6,2489
1572,653468,653466,653466,2,0,2,2,6,1,6,2491
1573,654298,654297,654299,1,-2,2,3,2,1,4,2493
1574,655129,655131,655130,-2,1,2,3,1,0,4,2494
1575,655963,655962,655961,1,1,2,3,4,2,4,2496
1576,656795,656794,656796,1,-2,2,3,2,1,4,2497
1577,657627,657629,657628,-2,1,2,3,1,0,4,2499
1578,658463,658462,658461,1,1,2,3,4,2,4,2501
1579,659297,659296,659297,1,-1,1,2,2,1,4,2502
1580,660131,660132,660131,-1,1,1,1,5,0,6,2504
1581,660968,660967,660966,1,1,2,3,4,2,4,2505
1582,661803,661802,661803,1,-1,1,2,2,1,4,2507
1583,662639,662640,662639,-1,1,1,1,5,0,6,2508
1584,663477,663476,663475,1,1,2,3,4,2,4,2510
1585,664314,664313,664314,1,-1,1,2,2,1,4,2512
1586,665152,665152,665152,0,0,0,0,7,0,7,2513
1587,665991,665990,665990,1,0,1,1,6,1,6,2515
1588,666830,666829,666830,1,-1,1,2,2,1,4,2516
1589,667669,667669,667669,0,0,0,0,7,0,7,2518
1590,668510,668509,668509,1,0,1,1,6,1,6,2520
1591,669350,669350,669351,0,-1,1,1,3,0,6,2521
1592,670191,670192,670191,-1,1,1,1,5,0,6,2523
1593,671034,671033,671033,1,0,1,1,6,1,6,2524
1594,671875,671875,671876,0,-1,1,1,3,0,6,2526
1595,672718,672719,672718,-1,1,1,1,5,0,6,2528
1596,673563,673562,673561,1,1,2,3,4,2,4,2529
1597,674406,674405,674406,1,-1,1,2,2,1,4,2531
1598,675250,675251,675250,-1,1,1,1,5,0,6,2532
1599,676096,676095,676094,1,1,2,3,4,2,4,2534
1600,676941,676940,676941,1,-1,1,2,2,1,4,2535
1601,677786,677787,677786,-1,1,1,1,5,0,6,2537
1602,678634,678633,678632,1,1,2,3,4,2,4,2539
1603,679481,679479,679481,2,-2,2,4,2,1,4,2540
1604,680327,680328,680328,-1,0,1,2,1,0,4,2542
1605,681177,681176,681175,1,1,2,3,4,2,4,2543
1606,682025,682023,682025,2,-2,2,4,2,1,4,2545
1607,682873,682874,682874,-1,0,1,2,1,0,4,2547
1608,683724,683724,683723,0,1,1,2,4,2,4,2548
1609,684574,684573,684574,1,-1,1,2,2,1,4,2550
1610,685424,685425,685425,-1,0,1,2,1,0,4,2551
1611,686276,686276,686275,0,1,1,2,4,2,4,2553
1612,687128,687127,687128,1,-1,1,2,2,1,4,2554
1613,687979,687980,687980,-1,0,1,2,1,0,4,2556
1614,688833,688833,688832,0,1,1,2,4,2,4,2558
1615,689687,689686,689686,1,0,1,1,6,1,5,2559
1616,690540,690540,690540,0,0,0,0,7,0,7,2561
1617,691395,691395,691394,0,1,1,2,4,2,4,2562
1618,692250,692249,692249,1,0,1,1,6,1,5,2564
1619,693105,693105,693105,0,0,0,0,7,0,7,2566
1620,693962,693961,693961,1,0,1,1,6,1,6,2567
1621,694818,694817,694818,1,-1,1,2,2,1,4,2569
1622,695675,695675,695675,0,0,0,0,7,0,7,2570
1623,696533,696532,696532,1,0,1,1,6,1,6,2572
1624,697391,697390,697391,1,-1,1,2,2,1,4,2573
1625,698249,698249,698249,0,0,0,0,7,0,7,2575
1626,699109,699108,699108,1,0,1,1,6,1,6,2577
1627,699968,699968,699969,0,-1,1,1,3,0,6,2578
1628,700828,700829,700828,-1,1,1,1,5,0,6,2580
1629,701690,701689,701689,1,0,1,1,6,1,6,2581
1630,702550,702550,702551,0,-1,1,1,3,0,6,2583
1631,703412,703413,703412,-1,1,1,1,5,0,6,2585
1632,704276,704275,704274,1,1,2,3,4,2,4,2586
1633,705138,705137,705138,1,-1,1,2,2,1,4,2588
1634,706001,706002,706001,-1,1,1,1,5,0,6,2589
1635,706866,706865,706864,1,1,2,3,4,2,4,2591
1636,707730,707729,707730,1,-1,1,2,2,1,4,2592
1637,708594,708595,708594,-1,1,1,1,5,0,6,2594
1638,709461,709460,709459,1,1,2,3,4,2,4,2596
1639,710327,710325,710327,2,-2,2,4,2,1,4,2597
1640,711192,711193,711193,-1,0,1,2,1,0,4,2599
1641,712061,712060,712059,1,1,2,3,4,2,4,2600
1642,712928,712926,712928,2,-2,2,4,2,1,4,2602
1643,713795,713796,713796,-1,0,1,2,1,0,4,2604
1644,714665,714665,714664,0,1,1,2,4,2,4,2605
1645,715534,715533,715534,1,-1,1,2,2,1,4,2607
1646,716403,716404,716404,-1,0,1,2,1,0,4,2608
1647,717274,717274,717273,0,1,1,2,4,2,4,2610
1648,718145,718144,718145,1,-1,1,2,2,1,4,2612
1649,719016,719017,719016,-1,1,1,1,5,0,6,2613
1650,719889,719888,719887,1,1,2,3,4,2,4,2615
1651,720761,720760,720761,1,-1,1,2,2,1,4,2616
1652,721633,721634,721633,-1,1,1,1,5,0,6,2618
1653,722508,722507,722506,1,1,2,3,4,2,4,2619
1654,723381,723380,723381,1,-1,1,2,2,1,4,2621
1655,724255,724256,724255,-1,1,1,1,5,0,6,2623
1656,725132,725130,725130,2,0,2,2,6,1,6,2624
1657,726006,726005,726007,1,-2,2,3,2,1,4,2626
1658,726882,726883,726882,-1,1,1,1,5,0,6,2627
1659,727760,727758,727758,2,0,2,2,6,1,6,2629
1660,728636,728635,728637,1,-2,2,3,2,1,4,2631
1661,729513,729515,729514,-2,1,2,3,1,0,4,2632
1662,730393,730392,730391,1,1,2,3,4,2,4,2634
1663,731271,731270,731272,1,-2,2,3,2,1,4,2635
1664,732149,732151,732150,-2,1,2,3,1,0,4,2637
1665,733031,733030,733029,1,1,2,3,4,2,4,2638
1666,733910,733909,733911,1,-2,2,3,2,1,4,2640
1667,734790,734792,734791,-2,1,2,3,1,0,4,2642
1668,735674,735673,735671,1,2,3,5,4,2,4,2643
1669,736555,736553,736555,2,-2,2,4,2,1,4,2645
1670,737436,737438,737437,-2,1,2,3,1,0,4,2646
1671,738321,738320,738318,1,2,3,5,4,2,4,2648
1672,739204,739202,739204,2,-2,2,4,2,1,4,2650
1673,740087,740088,740088,-1,0,1,2,1,0,4,2651
1674,740973,740972,740971,1,1,2,3,4,2,4,2653
1675,741858,741856,741858,2,-2,2,4,2,1,4,2654
1676,742742,742743,742743,-1,0,1,2,1,0,4,2656
1677,743630,743629,743628,1,1,2,3,4,2,4,2657
1678,744516,744514,744516,2,-2,2,4,2,1,4,2659
1679,745402,745403,745403,-1,0,1,2,1,0,4,2661
1680,746291,746291,746290,0,1,1,2,4,2,4,2662
1681,747179,747178,747179,1,-1,1,2,2,1,4,2664
1682,748067,748068,748068,-1,0,1,2,1,0,4,2665
1683,748957,748957,748956,0,1,1,2,4,2,4,2667
1684,749847,749846,749847,1,-1,1,2,2,1,4,2669
1685,750737,750738,750737,-1,1,1,1,5,0,6,2670
1686,751629,751628,751627,1,1,2,3,4,2,4,2672
1687,752520,752519,752520,1,-1,1,2,2,1,4,2673
1688,753411,753412,753411,-1,1,1,1,5,0,6,2675
1689,754305,754304,754303,1,1,2,3,4,2,4,2677
1690,755198,755196,755198,2,-2,2,4,2,1,4,2678
1691,756090,756091,756091,-1,0,1,2,1,0,4,2680
1692,756986,756985,756984,1,1,2,3,4,2,4,2681
1693,757880,757878,757880,2,-2,2,4,2,1,4,2683
1694,758774,758775,758775,-1,0,1,2,1,0,4,2684
1695,759671,759670,759669,1,1,2,3,4,2,4,2686
1696,760567,760565,760567,2,-2,2,4,2,1,4,2688
1697,761462,761464,761464,-2,0,2,4,1,0,4,2689
1698,762361,762361,762359,0,2,2,4,4,2,4,2691
1699,763259,763257,763259,2,-2,2,4,2,1,4,2692
1700,764155,764157,764157,-2,0,2,4,1,0,4,2694
1701,765056,765056,765054,0,2,2,4,4,2,4,2696
1702,765956,765954,765955,2,-1,2,3,2,1,4,2697
1703,766854,766855,766855,-1,0,1,2,1,0,4,2699
1704,767756,767756,767754,0,2,2,4,4,2,4,2700
1705,768657,768655,768656,2,-1,2,3,2,1,4,2702
1706,769557,769558,769558,-1,0,1,2,1,0,4,2703
1707,770460,770460,770458,0,2,2,4,4,2,4,2705
1708,771363,771361,771362,2,-1,2,3,2,1,4,2707
1709,772265,772265,772266,0,-1,1,1,3,0,5,2708
1710,773169,773169,773168,0,1,1,2,4,2,4,2710
1711,774074,774072,774073,2,-1,2,3,2,1,4,2711
1712,774977,774977,774978,0,-1,1,1,3,0,5,2713
1713,775883,775883,775882,0,1,1,2,4,2,4,2715
1714,776789,776788,776789,1,-1,1,2,2,1,4,2716
1715,777694,777695,777695,-1,0,1,2,1,0,4,2718
1716,778602,778602,778601,0,1,1,2,4,2,4,2719
1717,779509,779508,779509,1,-1,1,2,2,1,4,2721
1718,780416,780417,780417,-1,0,1,2,1,0,4,2722
1719,781325,781325,781324,0,1,1,2,4,2,4,2724
1720,782234,782233,782234,1,-1,1,2,2,1,4,2726
1721,783143,783144,783143,-1,1,1,1,5,0,6,2727
1722,784054,784053,784052,1,1,2,3,4,2,4,2729
1723,784964,784963,784964,1,-1,1,2,2,1,4,2730
1724,785874,785875,785874,-1,1,1,1,5,0,6,2732
1725,786787,786786,786785,1,1,2,3,4,2,4,2734
1726,787699,787697,787699,2,-2,2,4,2,1,4,2735
1727,788610,788611,788611,-1,0,1,2,1,0,4,2737
1728,789525,789524,789523,1,1,2,3,4,2,4,2738
1729,790438,790436,790438,2,-2,2,4,2,1,4,2740
1730,791351,791352,791352,-1,0,1,2,1,0,4,2741
1731,792267,792266,792265,1,1,2,3,4,2,4,2743
1732,793182,793180,793182,2,-2,2,4,2,1,4,2745
1733,794096,794098,794098,-2,0,2,4,1,0,4,2746
1734,795014,795014,795012,0,2,2,4,4,2,4,2748
1735,795931,795929,795931,2,-2,2,4,2,1,4,2749
1736,796846,796848,796848,-2,0,2,4,1,0,4,2751
1737,797766,797766,797764,0,2,2,4,4,2,4,2753
1738,798685,798683,798684,2,-1,2,3,2,1,4,2754
1739,799602,799603,799603,-1,0,1,2,1,0,4,2756
1740,800523,800523,800521,0,2,2,4,4,2,4,2757
1741,801443,801441,801442,2,-1,2,3,2,1,4,2759
1742,802362,802363,802363,-1,0,1,2,1,0,4,2761
1743,803285,803284,803283,1,1,2,3,4,2,4,2762
1744,804206,804204,804206,2,-2,2,4,2,1,4,2764
1745,805127,805128,805128,-1,0,1,2,1,0,4,2765
1746,806051,806050,806049,1,1,2,3,4,2,4,2767
1747,806974,806972,806974,2,-2,2,4,2,1,4,2768
1748,807896,807897,807897,-1,0,1,2,1,0,4,2770
1749,808822,808821,808820,1,1,2,3,4,2,4,2772
1750,809746,809745,809747,1,-2,2,3,2,1,4,2773
1751,810670,810672,810671,-2,1,2,3,1,0,4,2775
1752,811598,811597,811596,1,1,2,3,4,2,4,2776
1753,812523,812522,812524,1,-2,2,3,2,1,4,2778
1754,813449,813451,813450,-2,1,2,3,1,0,4,2780
1755,814379,814378,814376,1,2,3,5,4,2,4,2781
1756,815306,815304,815306,2,-2,2,4,2,1,4,2783
1757,816233,816235,816234,-2,1,2,3,1,0,4,2784
1758,817164,817163,817161,1,2,3,5,4,2,4,2786
1759,818093,818091,818093,2,-2,2,4,2,1,4,2787
1760,819021,819023,819022,-2,1,2,3,1,0,4,2789
1761,819954,819953,819951,1,2,3,5,4,2,4,2791
1762,820885,820882,820885,3,-3,3,6,2,1,4,2792
1763,821814,821816,821816,-2,0,2,4,1,0,4,2794
1764,822749,822748,822746,1,2,3,5,4,2,4,2795
1765,823681,823678,823681,3,-3,3,6,2,1,4,2797
1766,824612,824614,824614,-2,0,2,4,1,0,4,2799
1767,825548,825548,825546,0,2,2,4,4,2,4,2800
1768,826482,826480,826482,2,-2,2,4,2,1,4,2802
1769,827415,827417,827417,-2,0,2,4,1,0,4,2803
1770,828352,828352,828350,0,2,2,4,4,2,4,2805
1771,829288,829286,829288,2,-2,2,4,2,1,4,2806
1772,830222,830224,830224,-2,0,2,4,1,0,4,2808
1773,831161,831161,831159,0,2,2,4,4,2,4,2810
1774,832099,832097,832098,2,-1,2,3,2,1,4,2811
1775,833035,833036,833036,-1,0,1,2,1,0,4,2813
1776,833975,833975,833973,0,2,2,4,4,2,4,2814
1777,834914,834912,834913,2,-1,2,3,2,1,4,2816
1778,835852,835853,835853,-1,0,1,2,1,0,4,2818
1779,836794,836793,836792,1,1,2,3,4,2,4,2819
1780,837734,837732,837734,2,-2,2,4,2,1,4,2821
1781,838674,838675,838675,-1,0,1,2,1,0,4,2822
1782,839617,839616,839615,1,1,2,3,4,2,4,2824
1783,840559,840557,840559,2,-2,2,4,2,1,4,2825
1784,841500,841501,841501,-1,0,1,2,1,0,4,2827
1785,842445,842444,842443,1,1,2,3,4,2,4,2829
1786,843388,843387,843389,1,-2,2,3,2,1,4,2830
1787,844331,844333,844332,-2,1,2,3,1,0,4,2832
1788,845278,845277,845276,1,1,2,3,4,2,4,2833
1789,846222,846221,846223,1,-2,2,3,2,1,4,2835
1790,847167,847169,847168,-2,1,2,3,1,0,4,2837
1791,848116,848115,848113,1,2,3,5,4,2,4,2838
1792,849062,849060,849062,2,-2,2,4,2,1,4,2840
1793,850008,850010,850009,-2,1,2,3,1,0,4,2841
1794,850958,850957,850955,1,2,3,5,4,2,4,2843
1795,851906,851904,851906,2,-2,2,4,2,1,4,2845
1796,852854,852855,852855,-1,0,1,2,1,0,4,2846
1797,853805,853804,853803,1,1,2,3,4,2,4,2848
1798,854755,854753,854755,2,-2,2,4,2,1,4,2849
1799,855704,855705,855705,-1,0,1,2,1,0,4,2851
1800,856657,856656,856655,1,1,2,3,4,2,4,2852
1801,857608,857606,857608,2,-2,2,4,2,1,4,2854
1802,858559,858560,858560,-1,0,1,2,1,0,4,2856
1803,859513,859513,859512,0,1,1,2,4,2,4,2857
1804,860466,860465,860466,1,-1,1,2,2,1,4,2859
1805,861419,861420,861420,-1,0,1,2,1,0,4,2860
1806,862374,862374,862373,0,1,1,2,4,2,4,2862
1807,863329,863328,863329,1,-1,1,2,2,1,4,2864
1808,864284,864285,864284,-1,1,1,1,5,0,6,2865
1809,865241,865240,865239,1,1,2,3,4,2,4,2867
1810,866197,866196,866197,1,-1,1,2,2,1,4,2868
1811,867153,867154,867153,-1,1,1,1,5,0,6,2870
1812,868112,868111,868110,1,1,2,3,4,2,4,2871
1813,869069,869068,869069,1,-1,1,2,2,1,4,2873
1814,870027,870028,870027,-1,1,1,1,5,0,6,2875
1815,870988,870986,870986,2,0,2,2,6,1,6,2876
1816,871946,871945,871947,1,-2,2,3,2,1,4,2878
1817,872906,872907,872906,-1,1,1,1,5,0,6,2879
1818,873868,873866,873866,2,0,2,2,6,1,6,2881
1819,874828,874827,874829,1,-2,2,3,2,1,4,2883
1820,875789,875791,875790,-2,1,2,3,1,0,4,2884
1821,876753,876752,876751,1,1,2,3,4,2,4,2886
1822,877715,877714,877716,1,-2,2,3,2,1,4,2887
1823,878677,878679,878678,-2,1,2,3,1,0,4,2889
1824,879643,879642,879641,1,1,2,3,4,2,4,2890
1825,880606,880605,880607,1,-2,2,3,2,1,4,2892
1826,881570,881572,881571,-2,1,2,3,1,0,4,2894
1827,882538,882537,882535,1,2,3,5,4,2,4,2895
1828,883503,883501,883503,2,-2,2,4,2,1,4,2897
1829,884468,884470,884469,-2,1,2,3,1,0,4,2898
1830,885437,885436,885434,1,2,3,5,4,2,4,2900
1831,886404,886402,886404,2,-2,2,4,2,1,4,2902
1832,887371,887372,887372,-1,0,1,2,1,0,4,2903
1833,888341,888340,888339,1,1,2,3,4,2,4,2905
1834,889310,889308,889310,2,-2,2,4,2,1,4,2906
1835,890278,890279,890279,-1,0,1,2,1,0,4,2908
1836,891250,891249,891248,1,1,2,3,4,2,4,2909
1837,892220,892218,892220,2,-2,2,4,2,1,4,2911
1838,893190,893191,893191,-1,0,1,2,1,0,4,2913
1839,894163,894163,894162,0,1,1,2,4,2,4,2914
1840,895135,895134,895135,1,-1,1,2,2,1,4,2916
1841,896107,896108,896108,-1,0,1,2,1,0,4,2917
1842,897081,897081,897080,0,1,1,2,4,2,4,2919
1843,898055,898054,898055,1,-1,1,2,2,1,4,2921
1844,899029,899030,899029,-1,1,1,1,5,0,6,2922
1845,900005,900004,900003,1,1,2,3,4,2,4,2924
1846,900980,900979,900980,1,-1,1,2,2,1,4,2925
1847,901955,901956,901955,-1,1,1,1,5,0,6,2927
1848,902933,902932,902931,1,1,2,3,4,2,4,2929
1849,903910,903908,903910,2,-2,2,4,2,1,4,2930
1850,904886,904887,904887,-1,0,1,2,1,0,4,2932
1851,905866,905865,905864,1,1,2,3,4,2,4,2933
1852,906844,906842,906844,2,-2,2,4,2,1,4,2935
1853,907822,907823,907823,-1,0,1,2,1,0,4,2936
1854,908803,908802,908801,1,1,2,3,4,2,4,2938
1855,909783,909781,909783,2,-2,2,4,2,1,4,2940
1856,910762,910764,910764,-2,0,2,4,1,0,4,2941
1857,911745,911745,911743,0,2,2,4,4,2,4,2943
1858,912727,912725,912727,2,-2,2,4,2,1,4,2944
1859,913707,913709,913709,-2,0,2,4,1,0,4,2946
1860,914692,914692,914690,0,2,2,4,4,2,4,2948
1861,915676,915674,915675,2,-1,2,3,2,1,4,2949
1862,916658,916659,916659,-1,0,1,2,1,0,4,2951
1863,917644,917644,917642,0,2,2,4,4,2,4,2952
1864,918629,918627,918628,2,-1,2,3,2,1,4,2954
1865,919613,919614,919614,-1,0,1,2,1,0,4,2955
1866,920600,920600,920598,0,2,2,4,4,2,4,2957
1867,921587,921585,921586,2,-1,2,3,2,1,4,2959
1868,922573,922573,922574,0,-1,1,1,3,0,5,2960
1869,923561,923561,923560,0,1,1,2,4,2,4,2962
1870,924550,924548,924549,2,-1,2,3,2,1,4,2963
1871,925537,925537,925538,0,-1,1,1,3,0,5,2965
1872,926527,926527,926526,0,1,1,2,4,2,4,2967
1873,927517,927516,927517,1,-1,1,2,2,1,4,2968
1874,928506,928507,928507,-1,0,1,2,1,0,4,2970
1875,929498,929498,929497,0,1,1,2,4,2,4,2971
1876,930489,930488,930489,1,-1,1,2,2,1,4,2973
1877,931480,931481,931481,-1,0,1,2,1,0,4,2974
1878,932473,932473,932472,0,1,1,2,4,2,4,2976
1879,933466,933465,933466,1,-1,1,2,2,1,4,2978
1880,934459,934460,934459,-1,1,1,1,5,0,6,2979
1881,935454,935453,935452,1,1,2,3,4,2,4,2981
1882,936448,936447,936448,1,-1,1,2,2,1,4,2982
1883,937442,937443,937442,-1,1,1,1,5,0,6,2984
1884,938439,938438,938437,1,1,2,3,4,2,4,2986
1885,939435,939433,939435,2,-2,2,4,2,1,4,2987
1886,940430,940431,940431,-1,0,1,2,1,0,4,2989
1887,941429,941428,941427,1,1,2,3,4,2,4,2990
1888,942426,942424,942426,2,-2,2,4,2,1,4,2992
1889,943423,943424,943424,-1,0,1,2,1,0,4,2993
1890,944423,944422,944421,1,1,2,3,4,2,4,2995
1891,945422,945420,945422,2,-2,2,4,2,1,4,2997
1892,946420,946422,946422,-2,0,2,4,1,0,4,2998
1893,947422,947422,947420,0,2,2,4,4,2,4,3000
1894,948423,948421,948423,2,-2,2,4,2,1,4,3001
1895,949422,949424,949424,-2,0,2,4,1,0,4,3003
1896,950426,950426,950424,0,2,2,4,4,2,4,3005
1897,951429,951427,951428,2,-1,2,3,2,1,4,3006
1898,952430,952431,952431,-1,0,1,2,1,0,4,3008
1899,953435,953435,953433,0,2,2,4,4,2,4,3009
1900,954439,954437,954438,2,-1,2,3,2,1,4,3011
1901,955442,955443,955443,-1,0,1,2,1,0,4,3013
1902,956449,956448,956447,1,1,2,3,4,2,4,3014
1903,957454,957452,957454,2,-2,2,4,2,1,4,3016
1904,958459,958460,958460,-1,0,1,2,1,0,4,3017
1905,959467,959466,959465,1,1,2,3,4,2,4,3019
1906,960474,960472,960474,2,-2,2,4,2,1,4,3020
1907,961480,961481,961481,-1,0,1,2,1,0,4,3022
1908,962490,962489,962488,1,1,2,3,4,2,4,3024
1909,963498,963497,963499,1,-2,2,3,2,1,4,3025
1910,964506,964508,964507,-2,1,2,3,1,0,4,3027
1911,965518,965517,965516,1,1,2,3,4,2,4,3028
1912,966527,966526,966528,1,-2,2,3,2,1,4,3030
1913,967537,967539,967538,-2,1,2,3,1,0,4,3032
1914,968551,968550,968548,1,2,3,5,4,2,4,3033
1915,969562,969560,969562,2,-2,2,4,2,1,4,3035
1916,970573,970575,970574,-2,1,2,3,1,0,4,3036
1917,971588,971587,971585,1,2,3,5,4,2,4,3038
1918,972601,972599,972601,2,-2,2,4,2,1,4,3039
1919,973613,973615,973614,-2,1,2,3,1,0,4,3041
1920,974630,974629,974627,1,2,3,5,4,2,4,3043
1921,975645,975642,975645,3,-3,3,6,2,1,4,3044
1922,976658,976660,976660,-2,0,2,4,1,0,4,3046
1923,977677,977676,977674,1,2,3,5,4,2,4,3047
1924,978693,978690,978693,3,-3,3,6,2,1,4,3049
1925,979708,979710,979710,-2,0,2,4,1,0,4,3051
1926,980728,980728,980726,0,2,2,4,4,2,4,3052
1927,981746,981744,981746,2,-2,2,4,2,1,4,3054
1928,982763,982765,982765,-2,0,2,4,1,0,4,3055
1929,983784,983784,983782,0,2,2,4,4,2,4,3057
1930,984804,984802,984804,2,-2,2,4,2,1,4,3058
1931,985822,985824,985824,-2,0,2,4,1,0,4,3060
1932,986845,986845,986843,0,2,2,4,4,2,4,3062
1933,987867,987865,987866,2,-1,2,3,2,1,4,3063
1934,988887,988888,988888,-1,0,1,2,1,0,4,3065
1935,989911,989911,989909,0,2,2,4,4,2,4,3066
1936,990934,990932,990933,2,-1,2,3,2,1,4,3068
1937,991956,991957,991957,-1,0,1,2,1,0,4,3070
1938,992982,992981,992980,1,1,2,3,4,2,4,3071
1939,994006,994004,994006,2,-2,2,4,2,1,4,3073
1940,995030,995031,995031,-1,0,1,2,1,0,4,3074
1941,996057,996056,996055,1,1,2,3,4,2,4,3076
1942,997083,997081,997083,2,-2,2,4,2,1,4,3077
1943,998108,998109,998109,-1,0,1,2,1,0,4,3079
1944,999137,999136,999135,1,1,2,3,4,2,4,3081
1945,1000164,1000163,1000165,1,-2,2,3,2,1,4,3082
1946,1001191,1001193,1001192,-2,1,2,3,1,0,4,3084
1947,1002222,1002221,1002220,1,1,2,3,4,2,4,3085
1948,1003250,1003249,1003251,1,-2,2,3,2,1,4,3087
1949,1004279,1004281,1004280,-2,1,2,3,1,0,4,3089
1950,1005312,1005311,1005309,1,2,3,5,4,2,4,3090
1951,1006342,1006340,1006342,2,-2,2,4,2,1,4,3092
1952,1007372,1007374,1007373,-2,1,2,3,1,0,4,3093
1953,1008406,1008405,1008403,1,2,3,5,4,2,4,3095
1954,1009438,1009436,1009438,2,-2,2,4,2,1,4,3097
1955,1010470,1010471,1010471,-1,0,1,2,1,0,4,3098
1956,1011505,1011504,1011503,1,1,2,3,4,2,4,3100
1957,1012539,1012537,1012539,2,-2,2,4,2,1,4,3101
1958,1013572,1013573,1013573,-1,0,1,2,1,0,4,3103
1959,1014609,1014608,1014607,1,1,2,3,4,2,4,3104
1960,1015644,1015642,1015644,2,-2,2,4,2,1,4,3106
1961,1016679,1016680,1016680,-1,0,1,2,1,0,4,3108
1962,1017717,1017717,1017716,0,1,1,2,4,2,4,3109
1963,1018754,1018753,1018754,1,-1,1,2,2,1,4,3111
1964,1019791,1019792,1019792,-1,0,1,2,1,0,4,3112
1965,1020830,1020830,1020829,0,1,1,2,4,2,4,3114
1966,1021869,1021868,1021869,1,-1,1,2,2,1,4,3116
1967,1022908,1022909,1022908,-1,1,1,1,5,0,6,3117
1968,1023949,1023948,1023947,1,1,2,3,4,2,4,3119
1969,1024989,1024988,1024989,1,-1,1,2,2,1,4,3120
1970,1026029,1026030,1026029,-1,1,1,1,5,0,6,3122
1971,1027072,1027071,1027070,1,1,2,3,4,2,4,3123
1972,1028113,1028112,1028113,1,-1,1,2,2,1,4,3125
1973,1029155,1029156,1029155,-1,1,1,1,5,0,6,3127
1974,1030200,1030198,1030198,2,0,2,2,6,1,6,3128
1975,1031242,1031241,1031243,1,-2,2,3,2,1,4,3130
1976,1032286,1032287,1032286,-1,1,1,1,5,0,6,3131
1977,1033332,1033330,1033330,2,0,2,2,6,1,6,3133
1978,1034376,1034375,1034377,1,-2,2,3,2,1,4,3135
1979,1035421,1035423,1035422,-2,1,2,3,1,0,4,3136
1980,1036469,1036468,1036467,1,1,2,3,4,2,4,3138
1981,1037515,1037514,1037516,1,-2,2,3,2,1,4,3139
1982,1038561,1038563,1038562,-2,1,2,3,1,0,4,3141
1983,1039611,1039610,1039609,1,1,2,3,4,2,4,3142
1984,1040658,1040657,1040659,1,-2,2,3,2,1,4,3144
1985,1041706,1041708,1041707,-2,1,2,3,1,0,4,3146
1986,1042758,1042757,1042755,1,2,3,5,4,2,4,3147
1987,1043807,1043805,1043807,2,-2,2,4,2,1,4,3149
1988,1044856,1044858,1044857,-2,1,2,3,1,0,4,3150
1989,1045909,1045908,1045906,1,2,3,5,4,2,4,3152
1990,1046960,1046958,1046960,2,-2,2,4,2,1,4,3154
1991,1048011,1048012,1048012,-1,0,1,2,1,0,4,3155
1992,1049065,1049064,1049063,1,1,2,3,4,2,4,3157
1993,1050118,1050116,1050118,2,-2,2,4,2,1,4,3158
1994,1051170,1051171,1051171,-1,0,1,2,1,0,4,3160
1995,1052226,1052225,1052224,1,1,2,3,4,2,4,3162
1996,1053280,1053279,1053281,1,-2,2,3,2,1,4,3163
1997,1054334,1054336,1054335,-2,1,2,3,1,0,4,3165
1998,1055392,1055391,1055390,1,1,2,3,4,2,4,3166
1999,1056447,1056446,1056448,1,-2,2,3,2,1,4,3168
2000,1057503,1057505,1057504,-2,1,2,3,1,0,4,3169
2001,1058562,1058561,1058560,1,1,2,3,4,2,4,3171
2002,1059619,1059618,1059620,1,-2,2,3,2,1,4,3173
2003,1060677,1060679,1060677,-2,2,2,2,5,0,6,3174
2004,1061738,1061736,1061735,2,1,3,4,4,2,4,3176
2005,1062796,1062795,1062797,1,-2,2,3,2,1,4,3177
2006,1063855,1063857,1063855,-2,2,2,2,5,0,6,3179
2007,1064918,1064916,1064915,2,1,3,4,4,2,4,3181
2008,1065978,1065976,1065979,2,-3,3,5,2,1,4,3182
2009,1067038,1067040,1067039,-2,1,2,3,1,0,4,3184
2010,1068103,1068101,1068100,2,1,3,4,4,2,4,3185
2011,1069164,1069162,1069165,2,-3,3,5,2,1,4,3187
2012,1070226,1070228,1070227,-2,1,2,3,1,0,4,3188
2013,1071292,1071290,1071289,2,1,3,4,4,2,4,3190
2014,1072355,1072353,1072356,2,-3,3,5,2,1,4,3192
2015,1073418,1073421,1073420,-3,1,3,5,1,0,4,3193
2016,1074486,1074485,1074483,1,2,3,5,4,2,4,3195
2017,1075551,1075549,1075552,2,-3,3,5,2,1,4,3196
2018,1076615,1076618,1076617,-3,1,3,5,1,0,4,3198
2019,1077685,1077684,1077682,1,2,3,5,4,2,4,3200
2020,1078752,1078750,1078752,2,-2,2,4,2,1,4,3201
2021,1079818,1079820,1079819,-2,1,2,3,1,0,4,3203
2022,1080889,1080888,1080886,1,2,3,5,4,2,4,3204
2023,1081957,1081955,1081957,2,-2,2,4,2,1,4,3206
2024,1083025,1083027,1083026,-2,1,2,3,1,0,4,3207
2025,1084097,1084096,1084094,1,2,3,5,4,2,4,3209
2026,1085167,1085165,1085167,2,-2,2,4,2,1,4,3211
2027,1086237,1086238,1086238,-1,0,1,2,1,0,4,3212
2028,1087310,1087309,1087308,1,1,2,3,4,2,4,3214
2029,1088382,1088380,1088382,2,-2,2,4,2,1,4,3215
2030,1089453,1089454,1089454,-1,0,1,2,1,0,4,3217
2031,1090528,1090527,1090526,1,1,2,3,4,2,4,3219
2032,1091601,1091600,1091602,1,-2,2,3,2,1,4,3220
2033,1092674,1092676,1092675,-2,1,2,3,1,0,4,3222
2034,1093751,1093750,1093749,1,1,2,3,4,2,4,3223
2035,1094825,1094824,1094826,1,-2,2,3,2,1,4,3225
2036,1095900,1095902,1095901,-2,1,2,3,1,0,4,3226
2037,1096978,1096977,1096976,1,1,2,3,4,2,4,3228
2038,1098054,1098053,1098055,1,-2,2,3,2,1,4,3230
2039,1099131,1099133,1099131,-2,2,2,2,5,0,6,3231
2040,1100211,1100209,1100208,2,1,3,4,4,2,4,3233
2041,1101288,1101287,1101289,1,-2,2,3,2,1,4,3234
2042,1102366,1102368,1102366,-2,2,2,2,5,0,6,3236
2043,1103448,1103446,1103445,2,1,3,4,4,2,4,3238
2044,1104527,1104525,1104528,2,-3,3,5,2,1,4,3239
2045,1105606,1105608,1105607,-2,1,2,3,1,0,4,3241
2046,1106690,1106688,1106687,2,1,3,4,4,2,4,3242
2047,1107770,1107768,1107771,2,-3,3,5,2,1,4,3244
2048,1108851,1108853,1108852,-2,1,2,3,1,0,4,3246
2049,1109936,1109935,1109934,1,1,2,3,4,2,4,3247
2050,1111018,1111017,1111019,1,-2,2,3,2,1,4,3249
2051,1112101,1112103,1112102,-2,1,2,3,1,0,4,3250
2052,1113187,1113186,1113185,1,1,2,3,4,2,4,3252
2053,1114271,1114270,1114272,1,-2,2,3,2,1,4,3253
2054,1115355,1115357,1115356,-2,1,2,3,1,0,4,3255
2055,1116443,1116442,1116441,1,1,2,3,4,2,4,3257
2056,1117529,1117528,1117529,1,-1,1,2,2,1,4,3258
2057,1118615,1118616,1118615,-1,1,1,1,5,0,6,3260
2058,1119704,1119703,1119702,1,1,2,3,4,2,4,3261
2059,1120791,1120790,1120791,1,-1,1,2,2,1,4,3263
2060,1121879,1121880,1121879,-1,1,1,1,5,0,6,3265
2061,1122970,1122968,1122968,2,0,2,2,6,1,6,3266
2062,1124058,1124057,1124059,1,-2,2,3,2,1,4,3268
2063,1125148,1125149,1125148,-1,1,1,1,5,0,6,3269
2064,1126240,1126238,1126238,2,0,2,2,6,1,6,3271
2065,1127330,1127329,1127331,1,-2,2,3,2,1,4,3272
2066,1128421,1128422,1128421,-1,1,1,1,5,0,6,3274
2067,1129515,1129513,1129513,2,0,2,2,6,1,6,3276
2068,1130606,1130606,1130608,0,-2,2,2,3,0,6,3277
2069,1131699,1131701,1131699,-2,2,2,2,5,0,6,3279
2070,1132795,1132793,1132793,2,0,2,2,6,1,6,3280
2071,1133887,1133887,1133889,0,-2,2,2,3,0,6,3282
2072,1134982,1134984,1134982,-2,2,2,2,5,0,6,3284
2073,1136080,1136078,1136077,2,1,3,4,4,2,4,3285
2074,1137174,1137173,1137175,1,-2,2,3,2,1,4,3287
2075,1138270,1138272,1138270,-2,2,2,2,5,0,6,3288
2076,1139369,1139367,1139366,2,1,3,4,4,2,4,3290
2077,1140465,1140464,1140466,1,-2,2,3,2,1,4,3291
2078,1141562,1141564,1141562,-2,2,2,2,5,0,6,3293
2079,1142663,1142661,1142660,2,1,3,4,4,2,4,3295
2080,1143761,1143759,1143762,2,-3,3,5,2,1,4,3296
2081,1144859,1144861,1144860,-2,1,2,3,1,0,4,3298
2082,1145962,1145960,1145959,2,1,3,4,4,2,4,3299
2083,1147061,1147059,1147062,2,-3,3,5,2,1,4,3301
2084,1148161,1148163,1148162,-2,1,2,3,1,0,4,3303
2085,1149265,1149264,1149263,1,1,2,3,4,2,4,3304
2086,1150366,1150365,1150367,1,-2,2,3,2,1,4,3306
2087,1151468,1151470,1151469,-2,1,2,3,1,0,4,3307
2088,1152573,1152572,1152571,1,1,2,3,4,2,4,3309
2089,1153676,1153675,1153677,1,-2,2,3,2,1,4,3310
2090,1154779,1154781,1154780,-2,1,2,3,1,0,4,3312
2091,1155886,1155885,1155884,1,1,2,3,4,2,4,3314
2092,1156991,1156990,1156991,1,-1,1,2,2,1,4,3315
2093,1158096,1158097,1158096,-1,1,1,1,5,0,6,3317
2094,1159204,1159203,1159202,1,1,2,3,4,2,4,3318
2095,1160310,1160309,1160310,1,-1,1,2,2,1,4,3320
2096,1161417,1161418,1161417,-1,1,1,1,5,0,6,3322
2097,1162527,1162525,1162525,2,0,2,2,6,1,6,3323
2098,1163634,1163633,1163635,1,-2,2,3,2,1,4,3325
2099,1164743,1164744,1164743,-1,1,1,1,5,0,6,3326
2100,1165854,1165852,1165852,2,0,2,2,6,1,6,3328
2101,1166963,1166962,1166964,1,-2,2,3,2,1,4,3330
2102,1168073,1168075,1168074,-2,1,2,3,1,0,4,3331
2103,1169186,1169185,1169184,1,1,2,3,4,2,4,3333
2104,1170297,1170296,1170298,1,-2,2,3,2,1,4,3334
2105,1171408,1171410,1171409,-2,1,2,3,1,0,4,3336
2106,1172523,1172522,1172521,1,1,2,3,4,2,4,3337
2107,1173635,1173634,1173636,1,-2,2,3,2,1,4,3339
2108,1174748,1174750,1174749,-2,1,2,3,1,0,4,3341
2109,1175865,1175864,1175862,1,2,3,5,4,2,4,3342
2110,1176979,1176977,1176979,2,-2,2,4,2,1,4,3344
2111,1178093,1178095,1178094,-2,1,2,3,1,0,4,3345
2112,1179211,1179210,1179208,1,2,3,5,4,2,4,3347
2113,1180327,1180325,1180327,2,-2,2,4,2,1,4,3349
2114,1181443,1181444,1181444,-1,0,1,2,1,0,4,3350
2115,1182562,1182561,1182560,1,1,2,3,4,2,4,3352
2116,1183680,1183678,1183680,2,-2,2,4,2,1,4,3353
2117,1184797,1184798,1184798,-1,0,1,2,1,0,4,3355
2118,1185918,1185917,1185916,1,1,2,3,4,2,4,3356
2119,1187037,1187035,1187037,2,-2,2,4,2,1,4,3358
2120,1188156,1188157,1188157,-1,0,1,2,1,0,4,3360
2121,1189278,1189278,1189277,0,1,1,2,4,2,4,3361
2122,1190399,1190398,1190399,1,-1,1,2,2,1,4,3363
2123,1191520,1191521,1191521,-1,0,1,2,1,0,4,3364
2124,1192643,1192643,1192642,0,1,1,2,4,2,4,3366
2125,1193766,1193765,1193766,1,-1,1,2,2,1,4,3368
2126,1194889,1194890,1194889,-1,1,1,1,5,0,6,3369
2127,1196014,1196013,1196012,1,1,2,3,4,2,4,3371
2128,1197138,1197137,1197138,1,-1,1,2,2,1,4,3372
2129,1198262,1198263,1198262,-1,1,1,1,5,0,6,3374
2130,1199389,1199388,1199387,1,1,2,3,4,2,4,3375
2131,1200514,1200513,1200514,1,-1,1,2,2,1,4,3377
2132,1201640,1201641,1201640,-1,1,1,1,5,0,6,3379
2133,1202769,1202767,1202767,2,0,2,2,6,1,6,3380
2134,1203895,1203894,1203896,1,-2,2,3,2,1,4,3382
2135,1205023,1205024,1205023,-1,1,1,1,5,0,6,3383
2136,1206153,1206151,1206151,2,0,2,2,6,1,6,3385
2137,1207281,1207280,1207282,1,-2,2,3,2,1,4,3387
2138,1208410,1208412,1208411,-2,1,2,3,1,0,4,3388
2139,1209542,1209541,1209540,1,1,2,3,4,2,4,3390
2140,1210672,1210671,1210673,1,-2,2,3,2,1,4,3391
2141,1211802,1211804,1211803,-2,1,2,3,1,0,4,3393
2142,1212936,1212935,1212934,1,1,2,3,4,2,4,3394
2143,1214067,1214066,1214068,1,-2,2,3,2,1,4,3396
2144,1215199,1215201,1215200,-2,1,2,3,1,0,4,3398
2145,1216335,1216334,1216332,1,2,3,5,4,2,4,3399
2146,1217468,1217466,1217468,2,-2,2,4,2,1,4,3401
2147,1218601,1218603,1218602,-2,1,2,3,1,0,4,3402
2148,1219738,1219737,1219735,1,2,3,5,4,2,4,3404
2149,1220873,1220871,1220873,2,-2,2,4,2,1,4,3406
2150,1222008,1222009,1222009,-1,0,1,2,1,0,4,3407
2151,1223146,1223145,1223144,1,1,2,3,4,2,4,3409
2152,1224283,1224281,1224283,2,-2,2,4,2,1,4,3410
2153,1225419,1225420,1225420,-1,0,1,2,1,0,4,3412
2154,1226559,1226558,1226557,1,1,2,3,4,2,4,3414
2155,1227697,1227696,1227698,1,-2,2,3,2,1,4,3415
2156,1228835,1228837,1228836,-2,1,2,3,1,0,4,3417
2157,1229977,1229976,1229975,1,1,2,3,4,2,4,3418
2158,1231116,1231115,1231117,1,-2,2,3,2,1,4,3420
2159,1232256,1232258,1232257,-2,1,2,3,1,0,4,3421
2160,1233399,1233398,1233397,1,1,2,3,4,2,4,3423
2161,1234540,1234539,1234541,1,-2,2,3,2,1,4,3425
2162,1235682,1235684,1235682,-2,2,2,2,5,0,6,3426
2163,1236827,1236825,1236824,2,1,3,4,4,2,4,3428
2164,1237969,1237968,1237970,1,-2,2,3,2,1,4,3429
2165,1239112,1239114,1239112,-2,2,2,2,5,0,6,3431
2166,1240259,1240257,1240256,2,1,3,4,4,2,4,3433
2167,1241403,1241401,1241404,2,-3,3,5,2,1,4,3434
2168,1242547,1242549,1242548,-2,1,2,3,1,0,4,3436
2169,1243696,1243694,1243693,2,1,3,4,4,2,4,3437
2170,1244841,1244839,1244842,2,-3,3,5,2,1,4,3439
2171,1245987,1245989,1245988,-2,1,2,3,1,0,4,3440
2172,1247137,1247135,1247134,2,1,3,4,4,2,4,3442
2173,1248284,1248282,1248285,2,-3,3,5,2,1,4,3444
2174,1249431,1249434,1249433,-3,1,3,5,1,0,4,3445
2175,1250583,1250582,1250580,1,2,3,5,4,2,4,3447
2176,1251732,1251730,1251733,2,-3,3,5,2,1,4,3448
2177,1252880,1252883,1252882,-3,1,3,5,1,0,4,3450
2178,1254034,1254033,1254031,1,2,3,5,4,2,4,3452
2179,1255185,1255183,1255185,2,-2,2,4,2,1,4,3453
2180,1256335,1256337,1256336,-2,1,2,3,1,0,4,3455
2181,1257490,1257489,1257487,1,2,3,5,4,2,4,3456
2182,1258642,1258640,1258642,2,-2,2,4,2,1,4,3458
2183,1259794,1259796,1259795,-2,1,2,3,1,0,4,3459
2184,1260950,1260949,1260947,1,2,3,5,4,2,4,3461
2185,1262104,1262102,1262104,2,-2,2,4,2,1,4,3463
2186,1263258,1263259,1263259,-1,0,1,2,1,0,4,3464
2187,1264415,1264414,1264413,1,1,2,3,4,2,4,3466
2188,1265571,1265569,1265571,2,-2,2,4,2,1,4,3467
2189,1266726,1266727,1266727,-1,0,1,2,1,0,4,3469
2190,1267885,1267884,1267883,1,1,2,3,4,2,4,3471
2191,1269042,1269041,1269043,1,-2,2,3,2,1,4,3472
2192,1270199,1270201,1270200,-2,1,2,3,1,0,4,3474
2193,1271360,1271359,1271358,1,1,2,3,4,2,4,3475
2194,1272518,1272517,1272519,1,-2,2,3,2,1,4,3477
2195,1273677,1273679,1273678,-2,1,2,3,1,0,4,3478
2196,1274839,1274838,1274837,1,1,2,3,4,2,4,3480
2197,1275999,1275998,1276000,1,-2,2,3,2,1,4,3482
2198,1277160,1277162,1277160,-2,2,2,2,5,0,6,3483
2199,1278324,1278322,1278321,2,1,3,4,4,2,4,3485
2200,1279485,1279484,1279486,1,-2,2,3,2,1,4,3486
2201,1280647,1280649,1280647,-2,2,2,2,5,0,6,3488
2202,1281813,1281811,1281810,2,1,3,4,4,2,4,3490
2203,1282976,1282974,1282977,2,-3,3,5,2,1,4,3491
2204,1284139,1284141,1284140,-2,1,2,3,1,0,4,3493
2205,1285307,1285305,1285304,2,1,3,4,4,2,4,3494
2206,1286471,1286469,1286472,2,-3,3,5,2,1,4,3496
2207,1287636,1287638,1287637,-2,1,2,3,1,0,4,3498
2208,1288805,1288804,1288803,1,1,2,3,4,2,4,3499
2209,1289971,1289970,1289972,1,-2,2,3,2,1,4,3501
2210,1291138,1291140,1291139,-2,1,2,3,1,0,4,3502
2211,1292308,1292307,1292306,1,1,2,3,4,2,4,3504
2212,1293476,1293475,1293477,1,-2,2,3,2,1,4,3505
2213,1294644,1294646,1294645,-2,1,2,3,1,0,4,3507
2214,1295816,1295815,1295814,1,1,2,3,4,2,4,3509
2215,1296986,1296985,1296986,1,-1,1,2,2,1,4,3510
2216,1298156,1298157,1298156,-1,1,1,1,5,0,6,3512
2217,1299329,1299328,1299327,1,1,2,3,4,2,4,3513
2218,1300500,1300499,1300500,1,-1,1,2,2,1,4,3515
2219,1301672,1301673,1301672,-1,1,1,1,5,0,6,3517
2220,1302847,1302845,1302845,2,0,2,2,6,1,6,3518
2221,1304019,1304018,1304020,1,-2,2,3,2,1,4,3520
2222,1305193,1305194,1305193,-1,1,1,1,5,0,6,3521
2223,1306369,1306367,1306367,2,0,2,2,6,1,6,3523
2224,1307543,1307542,1307544,1,-2,2,3,2,1,4,3524
2225,1308718,1308719,1308718,-1,1,1,1,5,0,6,3526
2226,1309896,1309894,1309894,2,0,2,2,6,1,6,3528
2227,1311071,1311071,1311073,0,-2,2,2,3,0,6,3529
2228,1312248,1312250,1312248,-2,2,2,2,5,0,6,3531
2229,1313428,1313426,1313426,2,0,2,2,6,1,6,3532
2230,1314604,1314604,1314606,0,-2,2,2,3,0,6,3534
2231,1315783,1315785,1315783,-2,2,2,2,5,0,6,3536
2232,1316965,1316963,1316962,2,1,3,4,4,2,4,3537
2233,1318143,1318142,1318144,1,-2,2,3,2,1,4,3539
2234,1319323,1319325,1319323,-2,2,2,2,5,0,6,3540
2235,1320506,1320504,1320503,2,1,3,4,4,2,4,3542
2236,1321686,1321685,1321687,1,-2,2,3,2,1,4,3543
2237,1322867,1322869,1322867,-2,2,2,2,5,0,6,3545
2238,1324052,1324050,1324049,2,1,3,4,4,2,4,3547
2239,1325234,1325232,1325235,2,-3,3,5,2,1,4,3548
2240,1326416,1326418,1326417,-2,1,2,3,1,0,4,3550
2241,1327603,1327601,1327600,2,1,3,4,4,2,4,3551
2242,1328786,1328784,1328787,2,-3,3,5,2,1,4,3553
2243,1329970,1329972,1329971,-2,1,2,3,1,0,4,3555
2244,1331158,1331157,1331156,1,1,2,3,4,2,4,3556
2245,1332343,1332342,1332344,1,-2,2,3,2,1,4,3558
2246,1333529,1333531,1333530,-2,1,2,3,1,0,4,3559
2247,1334718,1334717,1334716,1,1,2,3,4,2,4,3561
2248,1335905,1335904,1335906,1,-2,2,3,2,1,4,3562
2249,1337092,1337094,1337093,-2,1,2,3,1,0,4,3564
2250,1338283,1338282,1338281,1,1,2,3,4,2,4,3566
2251,1339472,1339471,1339472,1,-1,1,2,2,1,4,3567
2252,1340661,1340662,1340661,-1,1,1,1,5,0,6,3569
2253,1341853,1341852,1341851,1,1,2,3,4,2,4,3570
2254,1343043,1343042,1343043,1,-1,1,2,2,1,4,3572
2255,1344234,1344235,1344234,-1,1,1,1,5,0,6,3574
2256,1345428,1345426,1345426,2,0,2,2,6,1,6,3575
2257,1346619,1346618,1346620,1,-2,2,3,2,1,4,3577
2258,1347812,1347813,1347812,-1,1,1,1,5,0,6,3578
2259,1349007,1349005,1349005,2,0,2,2,6,1,6,3580
2260,1350200,1350199,1350201,1,-2,2,3,2,1,4,3582
2261,1351394,1351396,1351395,-2,1,2,3,1,0,4,3583
2262,1352591,1352590,1352589,1,1,2,3,4,2,4,3585
2263,1353786,1353785,1353787,1,-2,2,3,2,1,4,3586
2264,1354981,1354983,1354982,-2,1,2,3,1,0,4,3588
2265,1356180,1356179,1356178,1,1,2,3,4,2,4,3589
2266,1357376,1357375,1357377,1,-2,2,3,2,1,4,3591
2267,1358573,1358575,1358574,-2,1,2,3,1,0,4,3593
2268,1359774,1359773,1359771,1,2,3,5,4,2,4,3594
2269,1360972,1360970,1360972,2,-2,2,4,2,1,4,3596
2270,1362170,1362172,1362171,-2,1,2,3,1,0,4,3597
2271,1363372,1363371,1363369,1,2,3,5,4,2,4,3599
2272,1364572,1364570,1364572,2,-2,2,4,2,1,4,3601
2273,1365772,1365773,1365773,-1,0,1,2,1,0,4,3602
2274,1366975,1366974,1366973,1,1,2,3,4,2,4,3604
2275,1368177,1368175,1368177,2,-2,2,4,2,1,4,3605
2276,1369378,1369379,1369379,-1,0,1,2,1,0,4,3607
2277,1370583,1370582,1370581,1,1,2,3,4,2,4,3608
2278,1371786,1371784,1371786,2,-2,2,4,2,1,4,3610
2279,1372989,1372990,1372990,-1,0,1,2,1,0,4,3612
2280,1374195,1374195,1374194,0,1,1,2,4,2,4,3613
2281,1375400,1375399,1375400,1,-1,1,2,2,1,4,3615
2282,1376605,1376606,1376606,-1,0,1,2,1,0,4,3616
2283,1377812,1377812,1377811,0,1,1,2,4,2,4,3618
2284,1379019,1379018,1379019,1,-1,1,2,2,1,4,3620
2285,1380226,1380227,1380226,-1,1,1,1,5,0,6,3621
2286,1381435,1381434,1381433,1,1,2,3,4,2,4,3623
2287,1382643,1382642,1382643,1,-1,1,2,2,1,4,3624
2288,1383851,1383852,1383851,-1,1,1,1,5,0,6,3626
2289,1385062,1385061,1385060,1,1,2,3,4,2,4,3627
2290,1386271,1386270,1386271,1,-1,1,2,2,1,4,3629
2291,1387481,1387482,1387481,-1,1,1,1,5,0,6,3631
2292,1388694,1388692,1388692,2,0,2,2,6,1,6,3632
2293,1389904,1389903,1389905,1,-2,2,3,2,1,4,3634
2294,1391116,1391117,1391116,-1,1,1,1,5,0,6,3635
2295,1392330,1392328,1392328,2,0,2,2,6,1,6,3637
2296,1393542,1393541,1393543,1,-2,2,3,2,1,4,3639
2297,1394755,1394757,1394756,-2,1,2,3,1,0,4,3640
2298,1395971,1395970,1395969,1,1,2,3,4,2,4,3642
2299,1397185,1397184,1397186,1,-2,2,3,2,1,4,3643
2300,1398399,1398401,1398400,-2,1,2,3,1,0,4,3645
2301,1399617,1399616,1399615,1,1,2,3,4,2,4,3646
2302,1400832,1400831,1400833,1,-2,2,3,2,1,4,3648
2303,1402048,1402050,1402049,-2,1,2,3,1,0,4,3650
2304,1403268,1403267,1403265,1,2,3,5,4,2,4,3651
2305,1404485,1404483,1404485,2,-2,2,4,2,1,4,3653
2306,1405702,1405704,1405703,-2,1,2,3,1,0,4,3654
2307,1406923,1406922,1406920,1,2,3,5,4,2,4,3656
2308,1408142,1408140,1408142,2,-2,2,4,2,1,4,3658
2309,1409361,1409362,1409362,-1,0,1,2,1,0,4,3659
2310,1410583,1410582,1410581,1,1,2,3,4,2,4,3661
2311,1411804,1411802,1411804,2,-2,2,4,2,1,4,3662
2312,1413024,1413025,1413025,-1,0,1,2,1,0,4,3664
2313,1414248,1414247,1414246,1,1,2,3,4,2,4,3666
2314,1415470,1415469,1415471,1,-2,2,3,2,1,4,3667
2315,1416692,1416694,1416693,-2,1,2,3,1,0,4,3669
2316,1417918,1417917,1417916,1,1,2,3,4,2,4,3670
2317,1419141,1419140,1419142,1,-2,2,3,2,1,4,3672
2318,1420365,1420367,1420366,-2,1,2,3,1,0,4,3673
2319,1421592,1421591,1421590,1,1,2,3,4,2,4,3675
2320,1422817,1422816,1422818,1,-2,2,3,2,1,4,3677
2321,1424043,1424045,1424043,-2,2,2,2,5,0,6,3678
2322,1425272,1425270,1425269,2,1,3,4,4,2,4,3680
2323,1426498,1426497,1426499,1,-2,2,3,2,1,4,3681
2324,1427725,1427727,1427725,-2,2,2,2,5,0,6,3683
2325,1428956,1428954,1428953,2,1,3,4,4,2,4,3685
2326,1430184,1430182,1430185,2,-3,3,5,2,1,4,3686
2327,1431412,1431414,1431413,-2,1,2,3,1,0,4,3688
2328,1432645,1432643,1432642,2,1,3,4,4,2,4,3689
2329,1433874,1433872,1433875,2,-3,3,5,2,1,4,3691
2330,1435104,1435106,1435105,-2,1,2,3,1,0,4,3692
2331,1436338,1436336,1436335,2,1,3,4,4,2,4,3694
2332,1437569,1437567,1437570,2,-3,3,5,2,1,4,3696
2333,1438800,1438803,1438802,-3,1,3,5,1,0,4,3697
2334,1440036,1440035,1440033,1,2,3,5,4,2,4,3699
2335,1441269,1441267,1441270,2,-3,3,5,2,1,4,3700
2336,1442501,1442504,1442503,-3,1,3,5,1,0,4,3702
2337,1443739,1443738,1443736,1,2,3,5,4,2,4,3704
2338,1444974,1444972,1444974,2,-2,2,4,2,1,4,3705
2339,1446208,1446210,1446209,-2,1,2,3,1,0,4,3707
2340,1447447,1447446,1447444,1,2,3,5,4,2,4,3708
2341,1448683,1448681,1448683,2,-2,2,4,2,1,4,3710
2342,1449919,1449921,1449920,-2,1,2,3,1,0,4,3711
2343,1451159,1451158,1451156,1,2,3,5,4,2,4,3713
2344,1452397,1452395,1452397,2,-2,2,4,2,1,4,3715
2345,1453635,1453636,1453636,-1,0,1,2,1,0,4,3716
2346,1454876,1454875,1454874,1,1,2,3,4,2,4,3718
2347,1456116,1456114,1456116,2,-2,2,4,2,1,4,3719
2348,1457355,1457356,1457356,-1,0,1,2,1,0,4,3721
2349,1458598,1458597,1458596,1,1,2,3,4,2,4,3723
2350,1459839,1459838,1459840,1,-2,2,3,2,1,4,3724
2351,1461080,1461082,1461081,-2,1,2,3,1,0,4,3726
2352,1462325,1462324,1462323,1,1,2,3,4,2,4,3727
2353,1463567,1463566,1463568,1,-2,2,3,2,1,4,3729
2354,1464810,1464812,1464811,-2,1,2,3,1,0,4,3731
2355,1466057,1466056,1466054,1,2,3,5,4,2,4,3732
2356,1467301,1467299,1467301,2,-2,2,4,2,1,4,3734
2357,1468545,1468547,1468546,-2,1,2,3,1,0,4,3735
2358,1469793,1469792,1469790,1,2,3,5,4,2,4,3737
2359,1471039,1471037,1471039,2,-2,2,4,2,1,4,3738
2360,1472284,1472286,1472285,-2,1,2,3,1,0,4,3740
2361,1473534,1473533,1473531,1,2,3,5,4,2,4,3742
2362,1474782,1474779,1474782,3,-3,3,6,2,1,4,3743
2363,1476028,1476030,1476030,-2,0,2,4,1,0,4,3745
2364,1477280,1477279,1477277,1,2,3,5,4,2,4,3746
2365,1478529,1478526,1478529,3,-3,3,6,2,1,4,3748
2366,1479777,1479779,1479779,-2,0,2,4,1,0,4,3750
2367,1481030,1481030,1481028,0,2,2,4,4,2,4,3751
2368,1482281,1482279,1482281,2,-2,2,4,2,1,4,3753
2369,1483531,1483533,1483533,-2,0,2,4,1,0,4,3754
2370,1484785,1484785,1484783,0,2,2,4,4,2,4,3756
2371,1486038,1486036,1486038,2,-2,2,4,2,1,4,3757
2372,1487289,1487291,1487291,-2,0,2,4,1,0,4,3759
2373,1488545,1488545,1488543,0,2,2,4,4,2,4,3761
2374,1489800,1489798,1489799,2,-1,2,3,2,1,4,3762
2375,1491053,1491054,1491054,-1,0,1,2,1,0,4,3764
2376,1492310,1492310,1492308,0,2,2,4,4,2,4,3765
2377,1493566,1493564,1493565,2,-1,2,3,2,1,4,3767
2378,1494821,1494822,1494822,-1,0,1,2,1,0,4,3769
2379,1496080,1496079,1496078,1,1,2,3,4,2,4,3770
2380,1497337,1497335,1497337,2,-2,2,4,2,1,4,3772
2381,1498594,1498595,1498595,-1,0,1,2,1,0,4,3773
2382,1499854,1499853,1499852,1,1,2,3,4,2,4,3775
2383,1501113,1501111,1501113,2,-2,2,4,2,1,4,3776
2384,1502371,1502372,1502372,-1,0,1,2,1,0,4,3778
2385,1503633,1503632,1503631,1,1,2,3,4,2,4,3780
2386,1504893,1504892,1504894,1,-2,2,3,2,1,4,3781
2387,1506153,1506155,1506154,-2,1,2,3,1,0,4,3783
2388,1507417,1507416,1507415,1,1,2,3,4,2,4,3784
2389,1508678,1508677,1508679,1,-2,2,3,2,1,4,3786
2390,1509940,1509942,1509941,-2,1,2,3,1,0,4,3788
2391,1511206,1511205,1511203,1,2,3,5,4,2,4,3789
2392,1512469,1512467,1512469,2,-2,2,4,2,1,4,3791
2393,1513732,1513734,1513733,-2,1,2,3,1,0,4,3792
2394,1514999,1514998,1514996,1,2,3,5,4,2,4,3794
2395,1516264,1516262,1516264,2,-2,2,4,2,1,4,3795
2396,1517528,1517530,1517529,-2,1,2,3,1,0,4,3797
2397,1518797,1518796,1518794,1,2,3,5,4,2,4,3799
2398,1520064,1520061,1520064,3,-3,3,6,2,1,4,3800
2399,1521329,1521331,1521331,-2,0,2,4,1,0,4,3802
2400,1522600,1522599,1522597,1,2,3,5,4,2,4,3803
2401,1523868,1523865,1523868,3,-3,3,6,2,1,4,3805
2402,1525135,1525137,1525137,-2,0,2,4,1,0,4,3807
2403,1526407,1526407,1526405,0,2,2,4,4,2,4,3808
2404,1527677,1527675,1527677,2,-2,2,4,2,1,4,3810
2405,1528946,1528948,1528948,-2,0,2,4,1,0,4,3811
2406,1530219,1530219,1530217,0,2,2,4,4,2,4,3813
2407,1531491,1531489,1531491,2,-2,2,4,2,1,4,3815
2408,1532762,1532764,1532763,-2,1,2,3,1,0,4,3816
2409,1534037,1534036,1534034,1,2,3,5,4,2,4,3818
2410,1535310,1535308,1535310,2,-2,2,4,2,1,4,3819
2411,1536582,1536584,1536583,-2,1,2,3,1,0,4,3821
2412,1537859,1537858,1537856,1,2,3,5,4,2,4,3822
2413,1539133,1539131,1539133,2,-2,2,4,2,1,4,3824
2414,1540407,1540409,1540408,-2,1,2,3,1,0,4,3826
2415,1541686,1541684,1541683,2,1,3,4,4,2,4,3827
2416,1542961,1542959,1542962,2,-3,3,5,2,1,4,3829
2417,1544237,1544239,1544238,-2,1,2,3,1,0,4,3830
2418,1545517,1545515,1545514,2,1,3,4,4,2,4,3832
2419,1546794,1546792,1546795,2,-3,3,5,2,1,4,3834
2420,1548071,1548074,1548073,-3,1,3,5,1,0,4,3835
2421,1549353,1549352,1549350,1,2,3,5,4,2,4,3837
2422,1550632,1550630,1550633,2,-3,3,5,2,1,4,3838
2423,1551910,1551913,1551912,-3,1,3,5,1,0,4,3840
2424,1553194,1553193,1553191,1,2,3,5,4,2,4,3841
2425,1554474,1554472,1554475,2,-3,3,5,2,1,4,3843
2426,1555754,1555757,1555756,-3,1,3,5,1,0,4,3845
2427,1557040,1557039,1557036,1,3,4,7,4,2,4,3846
2428,1558322,1558319,1558322,3,-3,3,6,2,1,4,3848
2429,1559603,1559606,1559605,-3,1,3,5,1,0,4,3849
2430,1560890,1560889,1560886,1,3,4,7,4,2,4,3851
2431,1562174,1562171,1562174,3,-3,3,6,2,1,4,3853
2432,1563457,1563459,1563459,-2,0,2,4,1,0,4,3854
2433,1564745,1564744,1564742,1,2,3,5,4,2,4,3856
2434,1566031,1566028,1566031,3,-3,3,6,2,1,4,3857
2435,1567315,1567317,1567317,-2,0,2,4,1,0,4,3859
2436,1568605,1568604,1568602,1,2,3,5,4,2,4,3860
2437,1569892,1569889,1569892,3,-3,3,6,2,1,4,3862
2438,1571178,1571180,1571180,-2,0,2,4,1,0,4,3864
2439,1572469,1572469,1572467,0,2,2,4,4,2,4,3865
2440,1573758,1573756,1573758,2,-2,2,4,2,1,4,3867
2441,1575046,1575048,1575048,-2,0,2,4,1,0,4,3868
2442,1576338,1576338,1576336,0,2,2,4,4,2,4,3870
2443,1577629,1577627,1577629,2,-2,2,4,2,1,4,3872
2444,1578919,1578921,1578920,-2,1,2,3,1,0,4,3873
2445,1580213,1580212,1580210,1,2,3,5,4,2,4,3875
2446,1581505,1581503,1581505,2,-2,2,4,2,1,4,3876
2447,1582796,1582798,1582797,-2,1,2,3,1,0,4,3878
2448,1584092,1584091,1584089,1,2,3,5,4,2,4,3879
2449,1585385,1585383,1585385,2,-2,2,4,2,1,4,3881
2450,1586678,1586680,1586679,-2,1,2,3,1,0,4,3883
2451,1587976,1587974,1587973,2,1,3,4,4,2,4,3884
2452,1589270,1589268,1589271,2,-3,3,5,2,1,4,3886
2453,1590565,1590567,1590566,-2,1,2,3,1,0,4,3887
2454,1591864,1591862,1591861,2,1,3,4,4,2,4,3889
2455,1593160,1593158,1593161,2,-3,3,5,2,1,4,3891
2456,1594456,1594459,1594458,-3,1,3,5,1,0,4,3892
2457,1595757,1595756,1595754,1,2,3,5,4,2,4,3894
2458,1597055,1597053,1597056,2,-3,3,5,2,1,4,3895
2459,1598352,1598355,1598354,-3,1,3,5,1,0,4,3897
2460,1599655,1599654,1599652,1,2,3,5,4,2,4,3899
2461,1600955,1600953,1600955,2,-2,2,4,2,1,4,3900
2462,1602254,1602256,1602255,-2,1,2,3,1,0,4,3902
2463,1603558,1603557,1603555,1,2,3,5,4,2,4,3903
2464,1604859,1604857,1604859,2,-2,2,4,2,1,4,3905
2465,1606160,1606162,1606161,-2,1,2,3,1,0,4,3906
2466,1607465,1607464,1607462,1,2,3,5,4,2,4,3908
2467,1608768,1608766,1608768,2,-2,2,4,2,1,4,3910
2468,1610071,1610072,1610072,-1,0,1,2,1,0,4,3911
2469,1611377,1611376,1611375,1,1,2,3,4,2,4,3913
2470,1612682,1612680,1612682,2,-2,2,4,2,1,4,3914
2471,1613986,1613987,1613987,-1,0,1,2,1,0,4,3916
2472,1615294,1615293,1615292,1,1,2,3,4,2,4,3918
2473,1616600,1616599,1616601,1,-2,2,3,2,1,4,3919
2474,1617906,1617908,1617907,-2,1,2,3,1,0,4,3921
2475,1619216,1619215,1619214,1,1,2,3,4,2,4,3922
2476,1620523,1620522,1620524,1,-2,2,3,2,1,4,3924
2477,1621831,1621833,1621832,-2,1,2,3,1,0,4,3925
2478,1623142,1623141,1623140,1,1,2,3,4,2,4,3927
2479,1624451,1624450,1624452,1,-2,2,3,2,1,4,3929
2480,1625761,1625763,1625761,-2,2,2,2,5,0,6,3930
2481,1627074,1627072,1627071,2,1,3,4,4,2,4,3932
2482,1628384,1628383,1628385,1,-2,2,3,2,1,4,3933
2483,1629695,1629697,1629695,-2,2,2,2,5,0,6,3935
2484,1631010,1631008,1631007,2,1,3,4,4,2,4,3937
2485,1632322,1632320,1632323,2,-3,3,5,2,1,4,3938
2486,1633634,1633636,1633635,-2,1,2,3,1,0,4,3940
2487,1634951,1634949,1634948,2,1,3,4,4,2,4,3941
2488,1636264,1636262,1636265,2,-3,3,5,2,1,4,3943
2489,1637578,1637580,1637579,-2,1,2,3,1,0,4,3944
2490,1638896,1638894,1638893,2,1,3,4,4,2,4,3946
2491,1640211,1640209,1640212,2,-3,3,5,2,1,4,3948
2492,1641526,1641529,1641528,-3,1,3,5,1,0,4,3949
2493,1642846,1642845,1642843,1,2,3,5,4,2,4,3951
2494,1644163,1644161,1644164,2,-3,3,5,2,1,4,3952
2495,1645479,1645482,1645481,-3,1,3,5,1,0,4,3954
2496,1646801,1646800,1646798,1,2,3,5,4,2,4,3956
2497,1648120,1648118,1648120,2,-2,2,4,2,1,4,3957
2498,1649438,1649440,1649439,-2,1,2,3,1,0,4,3959
2499,1650761,1650760,1650758,1,2,3,5,4,2,4,3960
2500,1652081,1652079,1652081,2,-2,2,4,2,1,4,3962
2501,1653401,1653403,1653402,-2,1,2,3,1,0,4,3963
2502,1654725,1654724,1654722,1,2,3,5,4,2,4,3965
2503,1656047,1656045,1656047,2,-2,2,4,2,1,4,3967
2504,1657369,1657370,1657370,-1,0,1,2,1,0,4,3968
2505,1658694,1658693,1658692,1,1,2,3,4,2,4,3970
2506,1660018,1660016,1660018,2,-2,2,4,2,1,4,3971
2507,1661341,1661342,1661342,-1,0,1,2,1,0,4,3973
2508,1662668,1662667,1662666,1,1,2,3,4,2,4,3975
2509,1663993,1663992,1663994,1,-2,2,3,2,1,4,3976
2510,1665318,1665320,1665319,-2,1,2,3,1,0,4,3978
2511,1666647,1666646,1666645,1,1,2,3,4,2,4,3979
2512,1667973,1667972,1667974,1,-2,2,3,2,1,4,3981
2513,1669300,1669302,1669301,-2,1,2,3,1,0,4,3983
2514,1670631,1670630,1670628,1,2,3,5,4,2,4,3984
2515,1671959,1671957,1671959,2,-2,2,4,2,1,4,3986
2516,1673287,1673289,1673288,-2,1,2,3,1,0,4,3987
2517,1674619,1674618,1674616,1,2,3,5,4,2,4,3989
2518,1675949,1675947,1675949,2,-2,2,4,2,1,4,3990
2519,1677278,1677280,1677279,-2,1,2,3,1,0,4,3992
2520,1678612,1678611,1678609,1,2,3,5,4,2,4,3994
2521,1679944,1679941,1679944,3,-3,3,6,2,1,4,3995
2522,1681274,1681276,1681276,-2,0,2,4,1,0,4,3997
2523,1682610,1682609,1682607,1,2,3,5,4,2,4,3998
2524,1683943,1683940,1683943,3,-3,3,6,2,1,4,4000
2525,1685275,1685277,1685277,-2,0,2,4,1,0,4,4002
2526,1686612,1686612,1686610,0,2,2,4,4,2,4,4003
2527,1687947,1687945,1687947,2,-2,2,4,2,1,4,4005
2528,1689281,1689283,1689283,-2,0,2,4,1,0,4,4006
2529,1690619,1690619,1690617,0,2,2,4,4,2,4,4008
2530,1691956,1691954,1691956,2,-2,2,4,2,1,4,4009
2531,1693291,1693293,1693293,-2,0,2,4,1,0,4,4011
2532,1694631,1694631,1694629,0,2,2,4,4,2,4,4013
2533,1695970,1695968,1695969,2,-1,2,3,2,1,4,4014
2534,1697307,1697308,1697308,-1,0,1,2,1,0,4,4016
2535,1698648,1698648,1698646,0,2,2,4,4,2,4,4017
2536,1699988,1699986,1699987,2,-1,2,3,2,1,4,4019
2537,1701327,1701328,1701328,-1,0,1,2,1,0,4,4021
2538,1702670,1702669,1702668,1,1,2,3,4,2,4,4022
2539,1704011,1704009,1704011,2,-2,2,4,2,1,4,4024
2540,1705352,1705353,1705353,-1,0,1,2,1,0,4,4025
2541,1706696,1706695,1706694,1,1,2,3,4,2,4,4027
2542,1708039,1708037,1708039,2,-2,2,4,2,1,4,4028
2543,1709381,1709382,1709382,-1,0,1,2,1,0,4,4030
2544,1710727,1710726,1710725,1,1,2,3,4,2,4,4032
2545,1712071,1712070,1712072,1,-2,2,3,2,1,4,4033
2546,1713415,1713417,1713416,-2,1,2,3,1,0,4,4035
2547,1714763,1714762,1714761,1,1,2,3,4,2,4,4036
2548,1716108,1716107,1716109,1,-2,2,3,2,1,4,4038
2549,1717454,1717456,1717455,-2,1,2,3,1,0,4,4040
2550,1718804,1718803,1718801,1,2,3,5,4,2,4,4041
2551,1720151,1720149,1720151,2,-2,2,4,2,1,4,4043
2552,1721498,1721500,1721499,-2,1,2,3,1,0,4,4044
2553,1722849,1722848,1722846,1,2,3,5,4,2,4,4046
2554,1724198,1724196,1724198,2,-2,2,4,2,1,4,4047
2555,1725546,1725548,1725547,-2,1,2,3,1,0,4,4049
2556,1726899,1726898,1726896,1,2,3,5,4,2,4,4051
2557,1728250,1728247,1728250,3,-3,3,6,2,1,4,4052
2558,1729599,1729601,1729601,-2,0,2,4,1,0,4,4054
2559,1730954,1730953,1730951,1,2,3,5,4,2,4,4055
2560,1732306,1732303,1732306,3,-3,3,6,2,1,4,4057
2561,1733657,1733659,1733659,-2,0,2,4,1,0,4,4059
2562,1735013,1735013,1735011,0,2,2,4,4,2,4,4060
2563,1736367,1736365,1736367,2,-2,2,4,2,1,4,4062
2564,1737720,1737722,1737722,-2,0,2,4,1,0,4,4063
2565,1739077,1739077,1739075,0,2,2,4,4,2,4,4065
2566,1740433,1740431,1740433,2,-2,2,4,2,1,4,4067
2567,1741788,1741790,1741789,-2,1,2,3,1,0,4,4068
2568,1743147,1743146,1743144,1,2,3,5,4,2,4,4070
2569,1744504,1744502,1744504,2,-2,2,4,2,1,4,4071
2570,1745860,1745862,1745861,-2,1,2,3,1,0,4,4073
2571,1747221,1747220,1747218,1,2,3,5,4,2,4,4074
2572,1748579,1748577,1748579,2,-2,2,4,2,1,4,4076
2573,1749937,1749939,1749938,-2,1,2,3,1,0,4,4078
2574,1751300,1751298,1751297,2,1,3,4,4,2,4,4079
2575,1752659,1752657,1752660,2,-3,3,5,2,1,4,4081
2576,1754019,1754021,1754020,-2,1,2,3,1,0,4,4082
2577,1755383,1755381,1755380,2,1,3,4,4,2,4,4084
2578,1756744,1756742,1756745,2,-3,3,5,2,1,4,4086
2579,1758105,1758108,1758107,-3,1,3,5,1,0,4,4087
2580,1759471,1759470,1759468,1,2,3,5,4,2,4,4089
2581,1760834,1760832,1760835,2,-3,3,5,2,1,4,4090
2582,1762196,1762199,1762198,-3,1,3,5,1,0,4,4092
2583,1763564,1763563,1763561,1,2,3,5,4,2,4,4093
2584,1764928,1764926,1764929,2,-3,3,5,2,1,4,4095
2585,1766292,1766295,1766294,-3,1,3,5,1,0,4,4097
2586,1767662,1767661,1767658,1,3,4,7,4,2,4,4098
2587,1769028,1769025,1769028,3,-3,3,6,2,1,4,4100
2588,1770393,1770396,1770395,-3,1,3,5,1,0,4,4101
2589,1771764,1771763,1771760,1,3,4,7,4,2,4,4103
2590,1773132,1773129,1773132,3,-3,3,6,2,1,4,4105
2591,1774499,1774501,1774501,-2,0,2,4,1,0,4,4106
2592,1775871,1775870,1775868,1,2,3,5,4,2,4,4108
2593,1777241,1777238,1777241,3,-3,3,6,2,1,4,4109
2594,1778609,1778611,1778611,-2,0,2,4,1,0,4,4111
2595,1779983,1779982,1779980,1,2,3,5,4,2,4,4112
2596,1781354,1781351,1781354,3,-3,3,6,2,1,4,4114
2597,1782724,1782726,1782726,-2,0,2,4,1,0,4,4116
2598,1784099,1784099,1784097,0,2,2,4,4,2,4,4117
2599,1785472,1785470,1785472,2,-2,2,4,2,1,4,4119
2600,1786844,1786846,1786846,-2,0,2,4,1,0,4,4120
2601,1788220,1788220,1788218,0,2,2,4,4,2,4,4122
2602,1789595,1789593,1789595,2,-2,2,4,2,1,4,4124
2603,1790969,1790971,1790970,-2,1,2,3,1,0,4,4125
2604,1792347,1792346,1792344,1,2,3,5,4,2,4,4127
2605,1793723,1793721,1793723,2,-2,2,4,2,1,4,4128
2606,1795098,1795100,1795099,-2,1,2,3,1,0,4,4130
2607,1796478,1796477,1796475,1,2,3,5,4,2,4,4131
2608,1797855,1797853,1797855,2,-2,2,4,2,1,4,4133
2609,1799232,1799234,1799233,-2,1,2,3,1,0,4,4135
2610,1800614,1800612,1800611,2,1,3,4,4,2,4,4136
2611,1801992,1801990,1801993,2,-3,3,5,2,1,4,4138
2612,1803371,1803373,1803372,-2,1,2,3,1,0,4,4139
2613,1804754,1804752,1804751,2,1,3,4,4,2,4,4141
2614,1806134,1806132,1806135,2,-3,3,5,2,1,4,4143
2615,1807514,1807517,1807516,-3,1,3,5,1,0,4,4144
2616,1808899,1808898,1808896,1,2,3,5,4,2,4,4146
2617,1810281,1810279,1810282,2,-3,3,5,2,1,4,4147
2618,1811662,1811665,1811664,-3,1,3,5,1,0,4,4149
2619,1813049,1813048,1813046,1,2,3,5,4,2,4,4151
2620,1814433,1814431,1814433,2,-2,2,4,2,1,4,4152
2621,1815816,1815818,1815817,-2,1,2,3,1,0,4,4154
2622,1817204,1817203,1817201,1,2,3,5,4,2,4,4155
2623,1818589,1818587,1818589,2,-2,2,4,2,1,4,4157
2624,1819974,1819976,1819975,-2,1,2,3,1,0,4,4158
2625,1821363,1821362,1821360,1,2,3,5,4,2,4,4160
2626,1822750,1822748,1822750,2,-2,2,4,2,1,4,4162
2627,1824137,1824138,1824138,-1,0,1,2,1,0,4,4163
2628,1825527,1825526,1825525,1,1,2,3,4,2,4,4165
2629,1826916,1826914,1826916,2,-2,2,4,2,1,4,4166
2630,1828304,1828305,1828305,-1,0,1,2,1,0,4,4168
2631,1829696,1829695,1829694,1,1,2,3,4,2,4,4170
2632,1831086,1831085,1831087,1,-2,2,3,2,1,4,4171
2633,1832476,1832478,1832477,-2,1,2,3,1,0,4,4173
2634,1833870,1833869,1833868,1,1,2,3,4,2,4,4174
2635,1835261,1835260,1835262,1,-2,2,3,2,1,4,4176
2636,1836653,1836655,1836654,-2,1,2,3,1,0,4,4177
2637,1838048,1838047,1838046,1,1,2,3,4,2,4,4179
2638,1839441,1839440,1839442,1,-2,2,3,2,1,4,4181
2639,1840835,1840837,1840835,-2,2,2,2,5,0,6,4182
2640,1842232,1842230,1842229,2,1,3,4,4,2,4,4184
2641,1843626,1843625,1843627,1,-2,2,3,2,1,4,4185
2642,1845021,1845023,1845021,-2,2,2,2,5,0,6,4187
2643,1846420,1846418,1846417,2,1,3,4,4,2,4,4189
2644,1847816,1847814,1847817,2,-3,3,5,2,1,4,4190
2645,1849212,1849214,1849213,-2,1,2,3,1,0,4,4192
2646,1850613,1850611,1850610,2,1,3,4,4,2,4,4193
2647,1852010,1852008,1852011,2,-3,3,5,2,1,4,4195
2648,1853408,1853410,1853409,-2,1,2,3,1,0,4,4196
2649,1854810,1854808,1854807,2,1,3,4,4,2,4,4198
2650,1856209,1856207,1856210,2,-3,3,5,2,1,4,4200
2651,1857608,1857611,1857610,-3,1,3,5,1,0,4,4201
2652,1859012,1859011,1859009,1,2,3,5,4,2,4,4203
2653,1860413,1860411,1860414,2,-3,3,5,2,1,4,4204
2654,1861813,1861816,1861815,-3,1,3,5,1,0,4,4206
2655,1863219,1863218,1863216,1,2,3,5,4,2,4,4208
2656,1864622,1864620,1864622,2,-2,2,4,2,1,4,4209
2657,1866024,1866026,1866025,-2,1,2,3,1,0,4,4211
2658,1867431,1867430,1867428,1,2,3,5,4,2,4,4212
2659,1868835,1868833,1868835,2,-2,2,4,2,1,4,4214
2660,1870239,1870241,1870240,-2,1,2,3,1,0,4,4216
2661,1871648,1871646,1871645,2,1,3,4,4,2,4,4217
2662,1873053,1873051,1873054,2,-3,3,5,2,1,4,4219
2663,1874459,1874461,1874460,-2,1,2,3,1,0,4,4220
2664,1875869,1875867,1875866,2,1,3,4,4,2,4,4222
2665,1877276,1877274,1877277,2,-3,3,5,2,1,4,4223
2666,1878683,1878685,1878684,-2,1,2,3,1,0,4,4225
2667,1880095,1880093,1880092,2,1,3,4,4,2,4,4227
2668,1881503,1881502,1881505,1,-3,3,4,2,1,4,4228
2669,1882912,1882915,1882913,-3,2,3,4,1,0,4,4230
2670,1884326,1884324,1884323,2,1,3,4,4,2,4,4231
2671,1885735,1885734,1885737,1,-3,3,4,2,1,4,4233
2672,1887146,1887149,1887147,-3,2,3,4,1,0,4,4235
2673,1888562,1888560,1888558,2,2,4,6,4,2,4,4236
2674,1889973,1889971,1889974,2,-3,3,5,2,1,4,4238
2675,1891385,1891388,1891386,-3,2,3,4,1,0,4,4239
2676,1892802,1892800,1892798,2,2,4,6,4,2,4,4241
2677,1894215,1894213,1894216,2,-3,3,5,2,1,4,4242
2678,1895628,1895631,1895629,-3,2,3,4,1,0,4,4244
2679,1897047,1897045,1897043,2,2,4,6,4,2,4,4246
2680,1898462,1898459,1898463,3,-4,4,7,2,1,4,4247
2681,1899876,1899879,1899878,-3,1,3,5,1,0,4,4249
2682,1901297,1901295,1901293,2,2,4,6,4,2,4,4250
2683,1902713,1902710,1902714,3,-4,4,7,2,1,4,4252
2684,1904129,1904132,1904131,-3,1,3,5,1,0,4,4254
2685,1905551,1905550,1905548,1,2,3,5,4,2,4,4255
2686,1906969,1906967,1906970,2,-3,3,5,2,1,4,4257
2687,1908387,1908390,1908389,-3,1,3,5,1,0,4,4258
2688,1909810,1909809,1909807,1,2,3,5,4,2,4,4260
2689,1911230,1911228,1911231,2,-3,3,5,2,1,4,4261
2690,1912649,1912652,1912651,-3,1,3,5,1,0,4,4263
2691,1914074,1914073,1914071,1,2,3,5,4,2,4,4265
2692,1915496,1915494,1915496,2,-2,2,4,2,1,4,4266
2693,1916917,1916919,1916918,-2,1,2,3,1,0,4,4268
2694,1918343,1918342,1918340,1,2,3,5,4,2,4,4269
2695,1919766,1919764,1919766,2,-2,2,4,2,1,4,4271
2696,1921189,1921191,1921190,-2,1,2,3,1,0,4,4273
2697,1922617,1922615,1922614,2,1,3,4,4,2,4,4274
2698,1924041,1924039,1924042,2,-3,3,5,2,1,4,4276
2699,1925466,1925468,1925467,-2,1,2,3,1,0,4,4277
2700,1926895,1926893,1926892,2,1,3,4,4,2,4,4279
2701,1928321,1928319,1928322,2,-3,3,5,2,1,4,4280
2702,1929747,1929749,1929748,-2,1,2,3,1,0,4,4282
2703,1931178,1931176,1931175,2,1,3,4,4,2,4,4284
2704,1932605,1932604,1932607,1,-3,3,4,2,1,4,4285
2705,1934033,1934036,1934034,-3,2,3,4,1,0,4,4287
2706,1935466,1935464,1935463,2,1,3,4,4,2,4,4288
2707,1936894,1936893,1936896,1,-3,3,4,2,1,4,4290
2708,1938324,1938327,1938325,-3,2,3,4,1,0,4,4292
2709,1939759,1939757,1939755,2,2,4,6,4,2,4,4293
2710,1941189,1941187,1941190,2,-3,3,5,2,1,4,4295
2711,1942620,1942623,1942621,-3,2,3,4,1,0,4,4296
2712,1944056,1944054,1944052,2,2,4,6,4,2,4,4298
2713,1945488,1945486,1945489,2,-3,3,5,2,1,4,4300
2714,1946921,1946923,1946922,-2,1,2,3,1,0,4,4301
2715,1948358,1948356,1948355,2,1,3,4,4,2,4,4303
2716,1949792,1949790,1949793,2,-3,3,5,2,1,4,4304
2717,1951226,1951228,1951227,-2,1,2,3,1,0,4,4306
2718,1952665,1952663,1952662,2,1,3,4,4,2,4,4307
2719,1954100,1954098,1954101,2,-3,3,5,2,1,4,4309
2720,1955536,1955538,1955537,-2,1,2,3,1,0,4,4311
2721,1956976,1956975,1956974,1,1,2,3,4,2,4,4312
2722,1958413,1958412,1958414,1,-2,2,3,2,1,4,4314
2723,1959851,1959853,1959852,-2,1,2,3,1,0,4,4315
2724,1961292,1961291,1961290,1,1,2,3,4,2,4,4317
2725,1962731,1962730,1962732,1,-2,2,3,2,1,4,4319
2726,1964171,1964173,1964171,-2,2,2,2,5,0,6,4320
2727,1965614,1965612,1965611,2,1,3,4,4,2,4,4322
2728,1967054,1967053,1967055,1,-2,2,3,2,1,4,4323
2729,1968495,1968497,1968495,-2,2,2,2,5,0,6,4325
2730,1969940,1969938,1969937,2,1,3,4,4,2,4,4326
2731,1971381,1971380,1971382,1,-2,2,3,2,1,4,4328
2732,1972824,1972826,1972824,-2,2,2,2,5,0,6,4330
2733,1974271,1974268,1974268,3,0,3,3,6,1,6,4331
2734,1975713,1975712,1975715,1,-3,3,4,2,1,4,4333
2735,1977158,1977160,1977158,-2,2,2,2,5,0,6,4334
2736,1978606,1978603,1978603,3,0,3,3,6,1,6,4336
2737,1980050,1980049,1980052,1,-3,3,4,2,1,4,4338
2738,1981496,1981499,1981497,-3,2,3,4,1,0,4,4339
2739,1982946,1982944,1982943,2,1,3,4,4,2,4,4341
2740,1984392,1984391,1984394,1,-3,3,4,2,1,4,4342
2741,1985839,1985842,1985840,-3,2,3,4,1,0,4,4344
2742,1987291,1987289,1987288,2,1,3,4,4,2,4,4345
2743,1988738,1988737,1988740,1,-3,3,4,2,1,4,4347
2744,1990187,1990190,1990188,-3,2,3,4,1,0,4,4349
2745,1991641,1991639,1991637,2,2,4,6,4,2,4,4350
2746,1993090,1993088,1993091,2,-3,3,5,2,1,4,4352
2747,1994540,1994543,1994541,-3,2,3,4,1,0,4,4353
2748,1995995,1995993,1995991,2,2,4,6,4,2,4,4355
2749,1997446,1997444,1997447,2,-3,3,5,2,1,4,4357
2750,1998898,1998900,1998899,-2,1,2,3,1,0,4,4358
2751,2000354,2000352,2000351,2,1,3,4,4,2,4,4360
2752,2001807,2001805,2001808,2,-3,3,5,2,1,4,4361
2753,2003260,2003262,2003261,-2,1,2,3,1,0,4,4363
2754,2004718,2004716,2004715,2,1,3,4,4,2,4,4364
2755,2006172,2006170,2006173,2,-3,3,5,2,1,4,4366
2756,2007627,2007629,2007628,-2,1,2,3,1,0,4,4368
2757,2009086,2009085,2009084,1,1,2,3,4,2,4,4369
2758,2010542,2010541,2010543,1,-2,2,3,2,1,4,4371
2759,2011999,2012001,2012000,-2,1,2,3,1,0,4,4372
2760,2013459,2013458,2013457,1,1,2,3,4,2,4,4374
2761,2014917,2014916,2014918,1,-2,2,3,2,1,4,4376
2762,2016376,2016378,2016376,-2,2,2,2,5,0,6,4377
2763,2017838,2017836,2017835,2,1,3,4,4,2,4,4379
2764,2019297,2019296,2019298,1,-2,2,3,2,1,4,4380
2765,2020757,2020759,2020757,-2,2,2,2,5,0,6,4382
2766,2022221,2022219,2022218,2,1,3,4,4,2,4,4384
2767,2023682,2023680,2023683,2,-3,3,5,2,1,4,4385
2768,2025143,2025145,2025144,-2,1,2,3,1,0,4,4387
2769,2026609,2026607,2026606,2,1,3,4,4,2,4,4388
2770,2028071,2028069,2028072,2,-3,3,5,2,1,4,4390
2771,2029534,2029536,2029535,-2,1,2,3,1,0,4,4391
2772,2031001,2030999,2030998,2,1,3,4,4,2,4,4393
2773,2032465,2032463,2032466,2,-3,3,5,2,1,4,4395
2774,2033929,2033932,2033931,-3,1,3,5,1,0,4,4396
2775,2035398,2035397,2035395,1,2,3,5,4,2,4,4398
2776,2036864,2036862,2036865,2,-3,3,5,2,1,4,4399
2777,2038329,2038332,2038331,-3,1,3,5,1,0,4,4401
2778,2039800,2039799,2039797,1,2,3,5,4,2,4,4403
2779,2041268,2041266,2041268,2,-2,2,4,2,1,4,4404
2780,2042735,2042737,2042736,-2,1,2,3,1,0,4,4406
2781,2044207,2044206,2044204,1,2,3,5,4,2,4,4407
2782,2045676,2045674,2045676,2,-2,2,4,2,1,4,4409
2783,2047145,2047147,2047146,-2,1,2,3,1,0,4,4410
2784,2048618,2048617,2048615,1,2,3,5,4,2,4,4412
2785,2050089,2050087,2050089,2,-2,2,4,2,1,4,4414
2786,2051560,2051561,2051561,-1,0,1,2,1,0,4,4415
2787,2053034,2053033,2053032,1,1,2,3,4,2,4,4417
2788,2054507,2054505,2054507,2,-2,2,4,2,1,4,4418
2789,2055979,2055980,2055980,-1,0,1,2,1,0,4,4420
2790,2057455,2057454,2057453,1,1,2,3,4,2,4,4422
2791,2058929,2058928,2058930,1,-2,2,3,2,1,4,4423
2792,2060403,2060405,2060404,-2,1,2,3,1,0,4,4425
2793,2061881,2061880,2061879,1,1,2,3,4,2,4,4426
2794,2063356,2063355,2063357,1,-2,2,3,2,1,4,4428
2795,2064832,2064834,2064833,-2,1,2,3,1,0,4,4429
2796,2066311,2066310,2066309,1,1,2,3,4,2,4,4431
2797,2067788,2067787,2067789,1,-2,2,3,2,1,4,4433
2798,2069266,2069268,2069266,-2,2,2,2,5,0,6,4434
2799,2070747,2070745,2070744,2,1,3,4,4,2,4,4436
2800,2072225,2072224,2072226,1,-2,2,3,2,1,4,4437
2801,2073704,2073706,2073704,-2,2,2,2,5,0,6,4439
2802,2075187,2075185,2075184,2,1,3,4,4,2,4,4441
2803,2076667,2076665,2076668,2,-3,3,5,2,1,4,4442
2804,2078147,2078149,2078148,-2,1,2,3,1,0,4,4444
2805,2079632,2079630,2079629,2,1,3,4,4,2,4,4445
2806,2081113,2081111,2081114,2,-3,3,5,2,1,4,4447
2807,2082595,2082597,2082596,-2,1,2,3,1,0,4,4448
2808,2084081,2084079,2084078,2,1,3,4,4,2,4,4450
2809,2085564,2085562,2085565,2,-3,3,5,2,1,4,4452
2810,2087047,2087050,2087049,-3,1,3,5,1,0,4,4453
2811,2088535,2088534,2088532,1,2,3,5,4,2,4,4455
2812,2090020,2090018,2090021,2,-3,3,5,2,1,4,4456
2813,2091504,2091507,2091506,-3,1,3,5,1,0,4,4458
2814,2092994,2092993,2092991,1,2,3,5,4,2,4,4460
2815,2094481,2094479,2094481,2,-2,2,4,2,1,4,4461
2816,2095967,2095969,2095968,-2,1,2,3,1,0,4,4463
2817,2097458,2097457,2097455,1,2,3,5,4,2,4,4464
2818,2098946,2098944,2098946,2,-2,2,4,2,1,4,4466
2819,2100434,2100436,2100435,-2,1,2,3,1,0,4,4468
2820,2101927,2101925,2101924,2,1,3,4,4,2,4,4469
2821,2103416,2103414,2103417,2,-3,3,5,2,1,4,4471
2822,2104906,2104908,2104907,-2,1,2,3,1,0,4,4472
2823,2106400,2106398,2106397,2,1,3,4,4,2,4,4474
2824,2107891,2107889,2107892,2,-3,3,5,2,1,4,4475
2825,2109382,2109384,2109383,-2,1,2,3,1,0,4,4477
2826,2110878,2110876,2110875,2,1,3,4,4,2,4,4479
2827,2112370,2112369,2112372,1,-3,3,4,2,1,4,4480
2828,2113863,2113866,2113864,-3,2,3,4,1,0,4,4482
2829,2115361,2115359,2115358,2,1,3,4,4,2,4,4483
2830,2116854,2116853,2116856,1,-3,3,4,2,1,4,4485
2831,2118349,2118352,2118350,-3,2,3,4,1,0,4,4487
2832,2119849,2119847,2119845,2,2,4,6,4,2,4,4488
2833,2121344,2121342,2121345,2,-3,3,5,2,1,4,4490
2834,2122840,2122843,2122841,-3,2,3,4,1,0,4,4491
2835,2124341,2124339,2124337,2,2,4,6,4,2,4,4493
2836,2125838,2125836,2125839,2,-3,3,5,2,1,4,4494
2837,2127335,2127338,2127336,-3,2,3,4,1,0,4,4496
2838,2128838,2128836,2128834,2,2,4,6,4,2,4,4498
2839,2130337,2130334,2130338,3,-4,4,7,2,1,4,4499
2840,2131835,2131838,2131837,-3,1,3,5,1,0,4,4501
2841,2133340,2133338,2133336,2,2,4,6,4,2,4,4502
2842,2134840,2134837,2134841,3,-4,4,7,2,1,4,4504
2843,2136340,2136343,2136342,-3,1,3,5,1,0,4,4506
2844,2137846,2137845,2137843,1,2,3,5,4,2,4,4507
2845,2139348,2139346,2139349,2,-3,3,5,2,1,4,4509
2846,2140850,2140853,2140852,-3,1,3,5,1,0,4,4510
2847,2142357,2142356,2142354,1,2,3,5,4,2,4,4512
2848,2143861,2143859,2143862,2,-3,3,5,2,1,4,4513
2849,2145364,2145367,2145366,-3,1,3,5,1,0,4,4515
2850,2146873,2146872,2146870,1,2,3,5,4,2,4,4517
2851,2148379,2148377,2148379,2,-2,2,4,2,1,4,4518
2852,2149884,2149886,2149885,-2,1,2,3,1,0,4,4520
2853,2151394,2151393,2151391,1,2,3,5,4,2,4,4521
2854,2152901,2152899,2152901,2,-2,2,4,2,1,4,4523
2855,2154408,2154410,2154409,-2,1,2,3,1,0,4,4525
2856,2155920,2155918,2155917,2,1,3,4,4,2,4,4526
2857,2157428,2157426,2157429,2,-3,3,5,2,1,4,4528
2858,2158937,2158939,2158938,-2,1,2,3,1,0,4,4529
2859,2160450,2160448,2160447,2,1,3,4,4,2,4,4531
2860,2161960,2161958,2161961,2,-3,3,5,2,1,4,4532
2861,2163470,2163472,2163471,-2,1,2,3,1,0,4,4534
2862,2164985,2164983,2164982,2,1,3,4,4,2,4,4536
2863,2166496,2166495,2166498,1,-3,3,4,2,1,4,4537
2864,2168008,2168011,2168009,-3,2,3,4,1,0,4,4539
2865,2169525,2169523,2169522,2,1,3,4,4,2,4,4540
2866,2171037,2171036,2171039,1,-3,3,4,2,1,4,4542
2867,2172551,2172554,2172552,-3,2,3,4,1,0,4,4544
2868,2174070,2174068,2174066,2,2,4,6,4,2,4,4545
2869,2175584,2175582,2175585,2,-3,3,5,2,1,4,4547
2870,2177099,2177102,2177100,-3,2,3,4,1,0,4,4548
2871,2178619,2178617,2178615,2,2,4,6,4,2,4,4550
2872,2180135,2180133,2180136,2,-3,3,5,2,1,4,4552
2873,2181652,2181654,2181653,-2,1,2,3,1,0,4,4553
2874,2183173,2183171,2183170,2,1,3,4,4,2,4,4555
2875,2184691,2184689,2184692,2,-3,3,5,2,1,4,4556
2876,2186209,2186211,2186210,-2,1,2,3,1,0,4,4558
2877,2187732,2187730,2187729,2,1,3,4,4,2,4,4559
2878,2189251,2189249,2189252,2,-3,3,5,2,1,4,4561
2879,2190771,2190773,2190772,-2,1,2,3,1,0,4,4563
2880,2192295,2192294,2192293,1,1,2,3,4,2,4,4564
2881,2193816,2193815,2193817,1,-2,2,3,2,1,4,4566
2882,2195338,2195340,2195339,-2,1,2,3,1,0,4,4567
2883,2196863,2196862,2196861,1,1,2,3,4,2,4,4569
2884,2198386,2198385,2198387,1,-2,2,3,2,1,4,4571
2885,2199910,2199912,2199910,-2,2,2,2,5,0,6,4572
2886,2201437,2201435,2201434,2,1,3,4,4,2,4,4574
2887,2202961,2202960,2202962,1,-2,2,3,2,1,4,4575
2888,2204486,2204488,2204486,-2,2,2,2,5,0,6,4577
2889,2206015,2206013,2206012,2,1,3,4,4,2,4,4578
2890,2207540,2207539,2207541,1,-2,2,3,2,1,4,4580
2891,2209067,2209069,2209067,-2,2,2,2,5,0,6,4582
2892,2210598,2210595,2210595,3,0,3,3,6,1,6,4583
2893,2212124,2212123,2212126,1,-3,3,4,2,1,4,4585
2894,2213653,2213655,2213653,-2,2,2,2,5,0,6,4586
2895,2215185,2215182,2215182,3,0,3,3,6,1,6,4588
2896,2216713,2216712,2216715,1,-3,3,4,2,1,4,4590
2897,2218243,2218246,2218244,-3,2,3,4,1,0,4,4591
2898,2219777,2219775,2219774,2,1,3,4,4,2,4,4593
2899,2221307,2221306,2221309,1,-3,3,4,2,1,4,4594
2900,2222838,2222841,2222839,-3,2,3,4,1,0,4,4596
2901,2224374,2224372,2224371,2,1,3,4,4,2,4,4597
2902,2225905,2225904,2225907,1,-3,3,4,2,1,4,4599
2903,2227438,2227441,2227439,-3,2,3,4,1,0,4,4601
2904,2228976,2228974,2228972,2,2,4,6,4,2,4,4602
2905,2230509,2230507,2230510,2,-3,3,5,2,1,4,4604
2906,2232043,2232046,2232044,-3,2,3,4,1,0,4,4605
2907,2233582,2233580,2233578,2,2,4,6,4,2,4,4607
2908,2235117,2235115,2235118,2,-3,3,5,2,1,4,4609
2909,2236653,2236655,2236654,-2,1,2,3,1,0,4,4610
2910,2238193,2238191,2238190,2,1,3,4,4,2,4,4612
2911,2239730,2239728,2239731,2,-3,3,5,2,1,4,4613
2912,2241267,2241269,2241268,-2,1,2,3,1,0,4,4615
2913,2242809,2242807,2242806,2,1,3,4,4,2,4,4616
2914,2244347,2244345,2244348,2,-3,3,5,2,1,4,4618
2915,2245886,2245888,2245887,-2,1,2,3,1,0,4,4620
2916,2247429,2247428,2247427,1,1,2,3,4,2,4,4621
2917,2248969,2248968,2248970,1,-2,2,3,2,1,4,4623
2918,2250510,2250512,2250511,-2,1,2,3,1,0,4,4624
2919,2252054,2252053,2252052,1,1,2,3,4,2,4,4626
2920,2253596,2253595,2253597,1,-2,2,3,2,1,4,4628
2921,2255139,2255141,2255139,-2,2,2,2,5,0,6,4629
2922,2256685,2256683,2256682,2,1,3,4,4,2,4,4631
2923,2258228,2258227,2258229,1,-2,2,3,2,1,4,4632
2924,2259772,2259774,2259772,-2,2,2,2,5,0,6,4634
2925,2261320,2261318,2261317,2,1,3,4,4,2,4,4636
2926,2262865,2262863,2262866,2,-3,3,5,2,1,4,4637
2927,2264410,2264412,2264411,-2,1,2,3,1,0,4,4639
2928,2265960,2265958,2265957,2,1,3,4,4,2,4,4640
2929,2267506,2267504,2267507,2,-3,3,5,2,1,4,4642
2930,2269053,2269055,2269054,-2,1,2,3,1,0,4,4643
2931,2270604,2270602,2270601,2,1,3,4,4,2,4,4645
2932,2272152,2272150,2272153,2,-3,3,5,2,1,4,4647
2933,2273700,2273703,2273702,-3,1,3,5,1,0,4,4648
2934,2275253,2275252,2275250,1,2,3,5,4,2,4,4650
2935,2276803,2276801,2276804,2,-3,3,5,2,1,4,4651
2936,2278352,2278355,2278354,-3,1,3,5,1,0,4,4653
2937,2279907,2279906,2279904,1,2,3,5,4,2,4,4655
2938,2281459,2281457,2281459,2,-2,2,4,2,1,4,4656
2939,2283010,2283012,2283011,-2,1,2,3,1,0,4,4658
2940,2284566,2284565,2284563,1,2,3,5,4,2,4,4659
2941,2286119,2286117,2286119,2,-2,2,4,2,1,4,4661
2942,2287672,2287674,2287673,-2,1,2,3,1,0,4,4662
2943,2289229,2289228,2289226,1,2,3,5,4,2,4,4664
2944,2290784,2290782,2290784,2,-2,2,4,2,1,4,4666
2945,2292339,2292340,2292340,-1,0,1,2,1,0,4,4667
2946,2293897,2293896,2293895,1,1,2,3,4,2,4,4669
2947,2295454,2295452,2295454,2,-2,2,4,2,1,4,4670
2948,2297010,2297011,2297011,-1,0,1,2,1,0,4,4672
2949,2298570,2298569,2298568,1,1,2,3,4,2,4,4674
2950,2300128,2300127,2300129,1,-2,2,3,2,1,4,4675
2951,2301686,2301688,2301687,-2,1,2,3,1,0,4,4677
2952,2303248,2303247,2303246,1,1,2,3,4,2,4,4678
2953,2304807,2304806,2304808,1,-2,2,3,2,1,4,4680
2954,2306367,2306369,2306368,-2,1,2,3,1,0,4,4681
2955,2307930,2307929,2307928,1,1,2,3,4,2,4,4683
2956,2309491,2309490,2309492,1,-2,2,3,2,1,4,4685
2957,2311053,2311055,2311053,-2,2,2,2,5,0,6,4686
2958,2312618,2312616,2312615,2,1,3,4,4,2,4,4688
2959,2314180,2314179,2314181,1,-2,2,3,2,1,4,4689
2960,2315743,2315745,2315743,-2,2,2,2,5,0,6,4691
2961,2317310,2317308,2317307,2,1,3,4,4,2,4,4693
2962,2318874,2318872,2318875,2,-3,3,5,2,1,4,4694
2963,2320438,2320440,2320439,-2,1,2,3,1,0,4,4696
2964,2322007,2322005,2322004,2,1,3,4,4,2,4,4697
2965,2323572,2323570,2323573,2,-3,3,5,2,1,4,4699
2966,2325138,2325140,2325139,-2,1,2,3,1,0,4,4700
2967,2326708,2326706,2326705,2,1,3,4,4,2,4,4702
2968,2328275,2328273,2328276,2,-3,3,5,2,1,4,4704
2969,2329842,2329845,2329844,-3,1,3,5,1,0,4,4705
2970,2331414,2331413,2331411,1,2,3,5,4,2,4,4707
2971,2332983,2332981,2332984,2,-3,3,5,2,1,4,4708
2972,2334551,2334554,2334553,-3,1,3,5,1,0,4,4710
2973,2336125,2336124,2336122,1,2,3,5,4,2,4,4712
2974,2337696,2337694,2337696,2,-2,2,4,2,1,4,4713
2975,2339266,2339268,2339267,-2,1,2,3,1,0,4,4715
2976,2340841,2340840,2340838,1,2,3,5,4,2,4,4716
2977,2342413,2342411,2342413,2,-2,2,4,2,1,4,4718
2978,2343985,2343987,2343986,-2,1,2,3,1,0,4,4720
2979,2345562,2345560,2345559,2,1,3,4,4,2,4,4721
2980,2347135,2347133,2347136,2,-3,3,5,2,1,4,4723
2981,2348709,2348711,2348710,-2,1,2,3,1,0,4,4724
2982,2350287,2350285,2350284,2,1,3,4,4,2,4,4726
2983,2351862,2351860,2351863,2,-3,3,5,2,1,4,4727
2984,2353437,2353439,2353438,-2,1,2,3,1,0,4,4729
2985,2355017,2355015,2355014,2,1,3,4,4,2,4,4731
2986,2356593,2356592,2356595,1,-3,3,4,2,1,4,4732
2987,2358170,2358173,2358171,-3,2,3,4,1,0,4,4734
2988,2359752,2359750,2359749,2,1,3,4,4,2,4,4735
2989,2361329,2361328,2361331,1,-3,3,4,2,1,4,4737
2990,2362908,2362911,2362909,-3,2,3,4,1,0,4,4739
2991,2364492,2364490,2364488,2,2,4,6,4,2,4,4740
2992,2366071,2366069,2366072,2,-3,3,5,2,1,4,4742
2993,2367651,2367654,2367652,-3,2,3,4,1,0,4,4743
2994,2369236,2369234,2369232,2,2,4,6,4,2,4,4745
2995,2370817,2370815,2370818,2,-3,3,5,2,1,4,4746
2996,2372398,2372401,2372399,-3,2,3,4,1,0,4,4748
2997,2373985,2373983,2373981,2,2,4,6,4,2,4,4750
2998,2375568,2375565,2375569,3,-4,4,7,2,1,4,4751
2999,2377150,2377153,2377152,-3,1,3,5,1,0,4,4753
3000,2378739,2378737,2378735,2,2,4,6,4,2,4,4754
3001,2380323,2380320,2380324,3,-4,4,7,2,1,4,4756
3002,2381907,2381910,2381909,-3,1,3,5,1,0,4,4758
3003,2383497,2383496,2383494,1,2,3,5,4,2,4,4759
3004,2385083,2385081,2385084,2,-3,3,5,2,1,4,4761
3005,2386669,2386672,2386671,-3,1,3,5,1,0,4,4762
3006,2388260,2388259,2388257,1,2,3,5,4,2,4,4764
3007,2389848,2389846,2389849,2,-3,3,5,2,1,4,4765
3008,2391435,2391438,2391437,-3,1,3,5,1,0,4,4767
3009,2393028,2393027,2393025,1,2,3,5,4,2,4,4769
3010,2394618,2394616,2394618,2,-2,2,4,2,1,4,4770
3011,2396207,2396209,2396208,-2,1,2,3,1,0,4,4772
3012,2397801,2397800,2397798,1,2,3,5,4,2,4,4773
3013,2399392,2399390,2399392,2,-2,2,4,2,1,4,4775
3014,2400983,2400985,2400984,-2,1,2,3,1,0,4,4777
3015,2402579,2402577,2402576,2,1,3,4,4,2,4,4778
3016,2404171,2404169,2404172,2,-3,3,5,2,1,4,4780
3017,2405764,2405766,2405765,-2,1,2,3,1,0,4,4781
3018,2407361,2407359,2407358,2,1,3,4,4,2,4,4783
3019,2408955,2408953,2408956,2,-3,3,5,2,1,4,4785
3020,2410549,2410552,2410551,-3,1,3,5,1,0,4,4786
3021,2412148,2412147,2412145,1,2,3,5,4,2,4,4788
3022,2413744,2413742,2413745,2,-3,3,5,2,1,4,4789
3023,2415339,2415342,2415341,-3,1,3,5,1,0,4,4791
3024,2416940,2416939,2416937,1,2,3,5,4,2,4,4792
3025,2418537,2418535,2418538,2,-3,3,5,2,1,4,4794
3026,2420134,2420137,2420136,-3,1,3,5,1,0,4,4796
3027,2421737,2421736,2421733,1,3,4,7,4,2,4,4797
3028,2423336,2423333,2423336,3,-3,3,6,2,1,4,4799
3029,2424934,2424937,2424936,-3,1,3,5,1,0,4,4800
3030,2426538,2426537,2426534,1,3,4,7,4,2,4,4802
3031,2428139,2428136,2428139,3,-3,3,6,2,1,4,4804
3032,2429739,2429741,2429741,-2,0,2,4,1,0,4,4805
3033,2431344,2431343,2431341,1,2,3,5,4,2,4,4807
3034,2432947,2432944,2432947,3,-3,3,6,2,1,4,4808
3035,2434548,2434550,2434550,-2,0,2,4,1,0,4,4810
3036,2436155,2436154,2436152,1,2,3,5,4,2,4,4811
3037,2437759,2437756,2437759,3,-3,3,6,2,1,4,4813
3038,2439362,2439364,2439364,-2,0,2,4,1,0,4,4815
3039,2440970,2440970,2440968,0,2,2,4,4,2,4,4816
3040,2442576,2442574,2442576,2,-2,2,4,2,1,4,4818
3041,2444181,2444183,2444183,-2,0,2,4,1,0,4,4819
3042,2445790,2445790,2445788,0,2,2,4,4,2,4,4821
3043,2447398,2447396,2447398,2,-2,2,4,2,1,4,4823
3044,2449005,2449007,2449006,-2,1,2,3,1,0,4,4824
3045,2450616,2450615,2450613,1,2,3,5,4,2,4,4826
3046,2452225,2452223,2452225,2,-2,2,4,2,1,4,4827
3047,2453833,2453835,2453834,-2,1,2,3,1,0,4,4829
3048,2455446,2455445,2455443,1,2,3,5,4,2,4,4830
3049,2457056,2457054,2457056,2,-2,2,4,2,1,4,4832
3050,2458666,2458668,2458667,-2,1,2,3,1,0,4,4834
3051,2460281,2460279,2460278,2,1,3,4,4,2,4,4835
3052,2461892,2461890,2461893,2,-3,3,5,2,1,4,4837
3053,2463504,2463506,2463505,-2,1,2,3,1,0,4,4838
3054,2465120,2465118,2465117,2,1,3,4,4,2,4,4840
3055,2466733,2466731,2466734,2,-3,3,5,2,1,4,4842
3056,2468346,2468349,2468348,-3,1,3,5,1,0,4,4843
3057,2469964,2469963,2469961,1,2,3,5,4,2,4,4845
3058,2471579,2471577,2471580,2,-3,3,5,2,1,4,4846
3059,2473193,2473196,2473195,-3,1,3,5,1,0,4,4848
3060,2474813,2474812,2474810,1,2,3,5,4,2,4,4849
3061,2476429,2476427,2476430,2,-3,3,5,2,1,4,4851
3062,2478045,2478048,2478047,-3,1,3,5,1,0,4,4853
3063,2479667,2479666,2479663,1,3,4,7,4,2,4,4854
3064,2481285,2481282,2481285,3,-3,3,6,2,1,4,4856
3065,2482902,2482905,2482904,-3,1,3,5,1,0,4,4857
3066,2484525,2484524,2484521,1,3,4,7,4,2,4,4859
3067,2486145,2486142,2486145,3,-3,3,6,2,1,4,4861
3068,2487764,2487766,2487766,-2,0,2,4,1,0,4,4862
3069,2489388,2489387,2489385,1,2,3,5,4,2,4,4864
3070,2491010,2491007,2491010,3,-3,3,6,2,1,4,4865
3071,2492630,2492632,2492632,-2,0,2,4,1,0,4,4867
3072,2494256,2494255,2494253,1,2,3,5,4,2,4,4869
3073,2495879,2495877,2495880,2,-3,3,5,2,1,4,4870
3074,2497501,2497504,2497503,-3,1,3,5,1,0,4,4872
3075,2499129,2499128,2499126,1,2,3,5,4,2,4,4873
3076,2500753,2500751,2500754,2,-3,3,5,2,1,4,4875
3077,2502377,2502380,2502379,-3,1,3,5,1,0,4,4876
3078,2504006,2504005,2504003,1,2,3,5,4,2,4,4878
3079,2505632,2505630,2505633,2,-3,3,5,2,1,4,4880
3080,2507258,2507261,2507259,-3,2,3,4,1,0,4,4881
3081,2508889,2508887,2508885,2,2,4,6,4,2,4,4883
3082,2510516,2510514,2510517,2,-3,3,5,2,1,4,4884
3083,2512143,2512146,2512144,-3,2,3,4,1,0,4,4886
3084,2513776,2513774,2513772,2,2,4,6,4,2,4,4888
3085,2515405,2515402,2515406,3,-4,4,7,2,1,4,4889
3086,2517033,2517036,2517035,-3,1,3,5,1,0,4,4891
3087,2518668,2518666,2518664,2,2,4,6,4,2,4,4892
3088,2520298,2520295,2520299,3,-4,4,7,2,1,4,4894
3089,2521928,2521931,2521930,-3,1,3,5,1,0,4,4895
3090,2523564,2523562,2523560,2,2,4,6,4,2,4,4897
3091,2525196,2525193,2525197,3,-4,4,7,2,1,4,4899
3092,2526827,2526831,2526830,-4,1,4,7,1,0,4,4900
3093,2528465,2528464,2528461,1,3,4,7,4,2,4,4902
3094,2530099,2530096,2530100,3,-4,4,7,2,1,4,4903
3095,2531731,2531735,2531734,-4,1,4,7,1,0,4,4905
3096,2533371,2533370,2533367,1,3,4,7,4,2,4,4907
3097,2535007,2535004,2535007,3,-3,3,6,2,1,4,4908
3098,2536641,2536644,2536643,-3,1,3,5,1,0,4,4910
3099,2538282,2538281,2538278,1,3,4,7,4,2,4,4911
3100,2539919,2539916,2539919,3,-3,3,6,2,1,4,4913
3101,2541555,2541558,2541557,-3,1,3,5,1,0,4,4914
3102,2543197,2543196,2543193,1,3,4,7,4,2,4,4916
3103,2544836,2544833,2544836,3,-3,3,6,2,1,4,4918
3104,2546474,2546476,2546476,-2,0,2,4,1,0,4,4919
3105,2548117,2548116,2548114,1,2,3,5,4,2,4,4921
3106,2549758,2549755,2549758,3,-3,3,6,2,1,4,4922
3107,2551397,2551399,2551399,-2,0,2,4,1,0,4,4924
3108,2553042,2553041,2553039,1,2,3,5,4,2,4,4926
3109,2554684,2554682,2554685,2,-3,3,5,2,1,4,4927
3110,2556325,2556328,2556327,-3,1,3,5,1,0,4,4929
3111,2557972,2557971,2557969,1,2,3,5,4,2,4,4930
3112,2559615,2559613,2559616,2,-3,3,5,2,1,4,4932
3113,2561258,2561261,2561260,-3,1,3,5,1,0,4,4933
3114,2562906,2562905,2562903,1,2,3,5,4,2,4,4935
3115,2564551,2564549,2564552,2,-3,3,5,2,1,4,4937
3116,2566196,2566199,2566197,-3,2,3,4,1,0,4,4938
3117,2567846,2567844,2567842,2,2,4,6,4,2,4,4940
3118,2569492,2569490,2569493,2,-3,3,5,2,1,4,4941
3119,2571138,2571141,2571139,-3,2,3,4,1,0,4,4943
3120,2572790,2572788,2572786,2,2,4,6,4,2,4,4945
3121,2574438,2574435,2574439,3,-4,4,7,2,1,4,4946
3122,2576085,2576088,2576087,-3,1,3,5,1,0,4,4948
3123,2577739,2577737,2577735,2,2,4,6,4,2,4,4949
3124,2579388,2579385,2579389,3,-4,4,7,2,1,4,4951
3125,2581037,2581040,2581039,-3,1,3,5,1,0,4,4953
3126,2582692,2582691,2582689,1,2,3,5,4,2,4,4954
3127,2584343,2584341,2584344,2,-3,3,5,2,1,4,4956
3128,2585994,2585997,2585996,-3,1,3,5,1,0,4,4957
3129,2587650,2587649,2587647,1,2,3,5,4,2,4,4959
3130,2589303,2589301,2589304,2,-3,3,5,2,1,4,4960
3131,2590955,2590958,2590957,-3,1,3,5,1,0,4,4962
3132,2592613,2592612,2592610,1,2,3,5,4,2,4,4964
3133,2594268,2594266,2594268,2,-2,2,4,2,1,4,4965
3134,2595922,2595924,2595923,-2,1,2,3,1,0,4,4967
3135,2597581,2597580,2597578,1,2,3,5,4,2,4,4968
3136,2599237,2599235,2599237,2,-2,2,4,2,1,4,4970
3137,2600893,2600895,2600894,-2,1,2,3,1,0,4,4972
3138,2602554,2602552,2602551,2,1,3,4,4,2,4,4973
3139,2604211,2604209,2604212,2,-3,3,5,2,1,4,4975
3140,2605869,2605871,2605870,-2,1,2,3,1,0,4,4976
3141,2607531,2607529,2607528,2,1,3,4,4,2,4,4978
3142,2609190,2609188,2609191,2,-3,3,5,2,1,4,4979
3143,2610849,2610851,2610850,-2,1,2,3,1,0,4,4981
3144,2612513,2612511,2612510,2,1,3,4,4,2,4,4983
3145,2614173,2614172,2614175,1,-3,3,4,2,1,4,4984
3146,2615834,2615837,2615835,-3,2,3,4,1,0,4,4986
3147,2617500,2617498,2617497,2,1,3,4,4,2,4,4987
3148,2619161,2619160,2619163,1,-3,3,4,2,1,4,4989
3149,2620824,2620827,2620825,-3,2,3,4,1,0,4,4991
3150,2622492,2622490,2622488,2,2,4,6,4,2,4,4992
3151,2624155,2624153,2624156,2,-3,3,5,2,1,4,4994
3152,2625819,2625822,2625820,-3,2,3,4,1,0,4,4995
3153,2627488,2627486,2627484,2,2,4,6,4,2,4,4997
3154,2629153,2629151,2629154,2,-3,3,5,2,1,4,4998
3155,2630818,2630821,2630819,-3,2,3,4,1,0,4,5000
3156,2632489,2632487,2632485,2,2,4,6,4,2,4,5002
3157,2634156,2634153,2634157,3,-4,4,7,2,1,4,5003
3158,2635822,2635825,2635824,-3,1,3,5,1,0,4,5005
3159,2637495,2637493,2637491,2,2,4,6,4,2,4,5006
3160,2639163,2639160,2639164,3,-4,4,7,2,1,4,5008
3161,2640831,2640834,2640833,-3,1,3,5,1,0,4,5010
3162,2642505,2642504,2642502,1,2,3,5,4,2,4,5011
3163,2644175,2644173,2644176,2,-3,3,5,2,1,4,5013
3164,2645845,2645848,2645847,-3,1,3,5,1,0,4,5014
3165,2647520,2647519,2647517,1,2,3,5,4,2,4,5016
3166,2649192,2649190,2649193,2,-3,3,5,2,1,4,5017
3167,2650863,2650866,2650865,-3,1,3,5,1,0,4,5019
3168,2652540,2652539,2652537,1,2,3,5,4,2,4,5021
3169,2654214,2654212,2654214,2,-2,2,4,2,1,4,5022
3170,2655887,2655889,2655888,-2,1,2,3,1,0,4,5024
3171,2657565,2657564,2657562,1,2,3,5,4,2,4,5025
3172,2659240,2659238,2659240,2,-2,2,4,2,1,4,5027
3173,2660915,2660917,2660916,-2,1,2,3,1,0,4,5029
3174,2662595,2662593,2662592,2,1,3,4,4,2,4,5030
3175,2664271,2664269,2664272,2,-3,3,5,2,1,4,5032
3176,2665948,2665950,2665949,-2,1,2,3,1,0,4,5033
3177,2667629,2667627,2667626,2,1,3,4,4,2,4,5035
3178,2669307,2669305,2669308,2,-3,3,5,2,1,4,5037
3179,2670985,2670988,2670987,-3,1,3,5,1,0,4,5038
3180,2672668,2672667,2672665,1,2,3,5,4,2,4,5040
3181,2674348,2674346,2674349,2,-3,3,5,2,1,4,5041
3182,2676027,2676030,2676029,-3,1,3,5,1,0,4,5043
3183,2677712,2677711,2677709,1,2,3,5,4,2,4,5044
3184,2679393,2679391,2679394,2,-3,3,5,2,1,4,5046
3185,2681074,2681077,2681076,-3,1,3,5,1,0,4,5048
3186,2682761,2682760,2682757,1,3,4,7,4,2,4,5049
3187,2684444,2684441,2684444,3,-3,3,6,2,1,4,5051
3188,2686126,2686129,2686128,-3,1,3,5,1,0,4,5052
3189,2687814,2687813,2687810,1,3,4,7,4,2,4,5054
3190,2689499,2689496,2689499,3,-3,3,6,2,1,4,5056
3191,2691183,2691185,2691185,-2,0,2,4,1,0,4,5057
3192,2692872,2692871,2692869,1,2,3,5,4,2,4,5059
3193,2694559,2694556,2694559,3,-3,3,6,2,1,4,5060
3194,2696244,2696246,2696246,-2,0,2,4,1,0,4,5062
3195,2697935,2697934,2697932,1,2,3,5,4,2,4,5063
3196,2699623,2699620,2699623,3,-3,3,6,2,1,4,5065
3197,2701310,2701312,2701312,-2,0,2,4,1,0,4,5067
3198,2703002,2703002,2703000,0,2,2,4,4,2,4,5068
3199,2704692,2704690,2704692,2,-2,2,4,2,1,4,5070
3200,2706381,2706383,2706383,-2,0,2,4,1,0,4,5071
3201,2708074,2708074,2708072,0,2,2,4,4,2,4,5073
3202,2709766,2709764,2709766,2,-2,2,4,2,1,4,5075
3203,2711457,2711459,2711458,-2,1,2,3,1,0,4,5076
3204,2713152,2713151,2713149,1,2,3,5,4,2,4,5078
3205,2714845,2714843,2714845,2,-2,2,4,2,1,4,5079
3206,2716537,2716539,2716538,-2,1,2,3,1,0,4,5081
3207,2718234,2718233,2718231,1,2,3,5,4,2,4,5082
3208,2719928,2719926,2719928,2,-2,2,4,2,1,4,5084
3209,2721622,2721624,2721623,-2,1,2,3,1,0,4,5086
3210,2723321,2723319,2723318,2,1,3,4,4,2,4,5087
3211,2725016,2725014,2725017,2,-3,3,5,2,1,4,5089
3212,2726712,2726714,2726713,-2,1,2,3,1,0,4,5090
3213,2728412,2728410,2728409,2,1,3,4,4,2,4,5092
3214,2730109,2730107,2730110,2,-3,3,5,2,1,4,5094
3215,2731806,2731809,2731808,-3,1,3,5,1,0,4,5095
3216,2733508,2733507,2733505,1,2,3,5,4,2,4,5097
3217,2735207,2735205,2735208,2,-3,3,5,2,1,4,5098
3218,2736905,2736908,2736907,-3,1,3,5,1,0,4,5100
3219,2738609,2738608,2738606,1,2,3,5,4,2,4,5101
3220,2740309,2740307,2740310,2,-3,3,5,2,1,4,5103
3221,2742009,2742012,2742011,-3,1,3,5,1,0,4,5105
3222,2743715,2743714,2743711,1,3,4,7,4,2,4,5106
3223,2745417,2745414,2745417,3,-3,3,6,2,1,4,5108
3224,2747118,2747121,2747120,-3,1,3,5,1,0,4,5109
3225,2748825,2748824,2748821,1,3,4,7,4,2,4,5111
3226,2750529,2750526,2750529,3,-3,3,6,2,1,4,5113
3227,2752232,2752234,2752234,-2,0,2,4,1,0,4,5114
3228,2753940,2753939,2753937,1,2,3,5,4,2,4,5116
3229,2755646,2755643,2755646,3,-3,3,6,2,1,4,5117
3230,2757350,2757352,2757352,-2,0,2,4,1,0,4,5119
3231,2759060,2759059,2759057,1,2,3,5,4,2,4,5121
3232,2760767,2760765,2760768,2,-3,3,5,2,1,4,5122
3233,2762473,2762476,2762475,-3,1,3,5,1,0,4,5124
3234,2764185,2764184,2764182,1,2,3,5,4,2,4,5125
3235,2765893,2765891,2765894,2,-3,3,5,2,1,4,5127
3236,2767601,2767604,2767603,-3,1,3,5,1,0,4,5128
3237,2769314,2769313,2769311,1,2,3,5,4,2,4,5130
3238,2771024,2771022,2771025,2,-3,3,5,2,1,4,5132
3239,2772734,2772737,2772735,-3,2,3,4,1,0,4,5133
3240,2774449,2774447,2774445,2,2,4,6,4,2,4,5135
3241,2776160,2776158,2776161,2,-3,3,5,2,1,4,5136
3242,2777871,2777874,2777872,-3,2,3,4,1,0,4,5138
3243,2779588,2779586,2779584,2,2,4,6,4,2,4,5140
3244,2781301,2781298,2781302,3,-4,4,7,2,1,4,5141
3245,2783013,2783016,2783015,-3,1,3,5,1,0,4,5143
3246,2784732,2784730,2784728,2,2,4,6,4,2,4,5144
3247,2786446,2786443,2786447,3,-4,4,7,2,1,4,5146
3248,2788160,2788163,2788162,-3,1,3,5,1,0,4,5147
3249,2789880,2789878,2789876,2,2,4,6,4,2,4,5149
3250,2791596,2791593,2791597,3,-4,4,7,2,1,4,5151
3251,2793311,2793315,2793314,-4,1,4,7,1,0,4,5152
3252,2795033,2795032,2795029,1,3,4,7,4,2,4,5154
3253,2796751,2796748,2796752,3,-4,4,7,2,1,4,5155
3254,2798467,2798471,2798470,-4,1,4,7,1,0,4,5157
3255,2800191,2800190,2800187,1,3,4,7,4,2,4,5159
3256,2801911,2801908,2801911,3,-3,3,6,2,1,4,5160
3257,2803629,2803632,2803631,-3,1,3,5,1,0,4,5162
3258,2805354,2805353,2805350,1,3,4,7,4,2,4,5163
3259,2807075,2807072,2807075,3,-3,3,6,2,1,4,5165
3260,2808795,2808798,2808797,-3,1,3,5,1,0,4,5166
3261,2810521,2810520,2810517,1,3,4,7,4,2,4,5168
3262,2812244,2812241,2812244,3,-3,3,6,2,1,4,5170
3263,2813966,2813968,2813968,-2,0,2,4,1,0,4,5171
3264,2815693,2815692,2815690,1,2,3,5,4,2,4,5173
3265,2817418,2817415,2817418,3,-3,3,6,2,1,4,5174
3266,2819141,2819143,2819143,-2,0,2,4,1,0,4,5176
3267,2820870,2820869,2820867,1,2,3,5,4,2,4,5178
3268,2822596,2822594,2822597,2,-3,3,5,2,1,4,5179
3269,2824321,2824324,2824323,-3,1,3,5,1,0,4,5181
3270,2826052,2826051,2826049,1,2,3,5,4,2,4,5182
3271,2827779,2827777,2827780,2,-3,3,5,2,1,4,5184
3272,2829506,2829509,2829508,-3,1,3,5,1,0,4,5185
3273,2831238,2831237,2831235,1,2,3,5,4,2,4,5187
3274,2832967,2832965,2832968,2,-3,3,5,2,1,4,5189
3275,2834696,2834699,2834697,-3,2,3,4,1,0,4,5190
3276,2836430,2836428,2836426,2,2,4,6,4,2,4,5192
3277,2838160,2838158,2838161,2,-3,3,5,2,1,4,5193
3278,2839890,2839893,2839891,-3,2,3,4,1,0,4,5195
3279,2841626,2841624,2841622,2,2,4,6,4,2,4,5197
3280,2843358,2843355,2843359,3,-4,4,7,2,1,4,5198
3281,2845089,2845092,2845091,-3,1,3,5,1,0,4,5200
3282,2846827,2846825,2846823,2,2,4,6,4,2,4,5201
3283,2848560,2848557,2848561,3,-4,4,7,2,1,4,5203
3284,2850293,2850296,2850295,-3,1,3,5,1,0,4,5205
3285,2852032,2852031,2852029,1,2,3,5,4,2,4,5206
3286,2853767,2853765,2853768,2,-3,3,5,2,1,4,5208
3287,2855502,2855505,2855504,-3,1,3,5,1,0,4,5209
3288,2857242,2857241,2857239,1,2,3,5,4,2,4,5211
3289,2858979,2858977,2858980,2,-3,3,5,2,1,4,5212
3290,2860715,2860718,2860717,-3,1,3,5,1,0,4,5214
3291,2862457,2862456,2862454,1,2,3,5,4,2,4,5216
3292,2864196,2864194,2864196,2,-2,2,4,2,1,4,5217
3293,2865934,2865936,2865935,-2,1,2,3,1,0,4,5219
3294,2867677,2867676,2867674,1,2,3,5,4,2,4,5220
3295,2869417,2869415,2869417,2,-2,2,4,2,1,4,5222
3296,2871157,2871159,2871158,-2,1,2,3,1,0,4,5224
3297,2872902,2872900,2872899,2,1,3,4,4,2,4,5225
3298,2874643,2874641,2874644,2,-3,3,5,2,1,4,5227
3299,2876385,2876387,2876386,-2,1,2,3,1,0,4,5228
3300,2878131,2878129,2878128,2,1,3,4,4,2,4,5230
3301,2879874,2879872,2879875,2,-3,3,5,2,1,4,5231
3302,2881617,2881619,2881618,-2,1,2,3,1,0,4,5233
3303,2883365,2883363,2883362,2,1,3,4,4,2,4,5235
3304,2885109,2885108,2885111,1,-3,3,4,2,1,4,5236
3305,2886854,2886857,2886855,-3,2,3,4,1,0,4,5238
3306,2888604,2888602,2888601,2,1,3,4,4,2,4,5239
3307,2890349,2890348,2890351,1,-3,3,4,2,1,4,5241
3308,2892096,2892099,2892097,-3,2,3,4,1,0,4,5243
3309,2893848,2893846,2893844,2,2,4,6,4,2,4,5244
3310,2895595,2895593,2895596,2,-3,3,5,2,1,4,5246
3311,2897343,2897346,2897344,-3,2,3,4,1,0,4,5247
3312,2899096,2899094,2899092,2,2,4,6,4,2,4,5249
3313,2900845,2900843,2900846,2,-3,3,5,2,1,4,5250
3314,2902594,2902597,2902595,-3,2,3,4,1,0,4,5252
3315,2904349,2904347,2904345,2,2,4,6,4,2,4,5254
3316,2906100,2906097,2906101,3,-4,4,7,2,1,4,5255
3317,2907850,2907853,2907852,-3,1,3,5,1,0,4,5257
3318,2909607,2909605,2909603,2,2,4,6,4,2,4,5258
3319,2911359,2911356,2911360,3,-4,4,7,2,1,4,5260
3320,2913111,2913114,2913113,-3,1,3,5,1,0,4,5262
3321,2914869,2914868,2914866,1,2,3,5,4,2,4,5263
3322,2916623,2916621,2916624,2,-3,3,5,2,1,4,5265
3323,2918377,2918380,2918379,-3,1,3,5,1,0,4,5266
3324,2920136,2920135,2920133,1,2,3,5,4,2,4,5268
3325,2921892,2921890,2921893,2,-3,3,5,2,1,4,5270
3326,2923648,2923651,2923649,-3,2,3,4,1,0,4,5271
3327,2925409,2925407,2925405,2,2,4,6,4,2,4,5273
3328,2927166,2927164,2927167,2,-3,3,5,2,1,4,5274
3329,2928923,2928926,2928924,-3,2,3,4,1,0,4,5276
3330,2930686,2930684,2930682,2,2,4,6,4,2,4,5277
3331,2932444,2932442,2932445,2,-3,3,5,2,1,4,5279
3332,2934203,2934206,2934204,-3,2,3,4,1,0,4,5281
3333,2935968,2935965,2935964,3,1,4,5,4,2,4,5282
3334,2937727,2937725,2937729,2,-4,4,6,2,1,4,5284
3335,2939488,2939491,2939489,-3,2,3,4,1,0,4,5285
3336,2941254,2941251,2941250,3,1,4,5,4,2,4,5287
3337,2943015,2943013,2943017,2,-4,4,6,2,1,4,5289
3338,2944777,2944781,2944779,-4,2,4,6,1,0,4,5290
3339,2946545,2946543,2946541,2,2,4,6,4,2,4,5292
3340,2948308,2948306,2948310,2,-4,4,6,2,1,4,5293
3341,2950071,2950075,2950073,-4,2,4,6,1,0,4,5295
3342,2951841,2951839,2951837,2,2,4,6,4,2,4,5296
3343,2953605,2953603,2953607,2,-4,4,6,2,1,4,5298
3344,2955370,2955374,2955372,-4,2,4,6,1,0,4,5300
3345,2957142,2957140,2957137,2,3,5,8,4,2,4,5301
3346,2958908,2958905,2958909,3,-4,4,7,2,1,4,5303
3347,2960674,2960678,2960676,-4,2,4,6,1,0,4,5304
3348,2962447,2962445,2962442,2,3,5,8,4,2,4,5306
3349,2964215,2964212,2964216,3,-4,4,7,2,1,4,5308
3350,2965983,2965986,2965985,-3,1,3,5,1,0,4,5309
3351,2967757,2967755,2967753,2,2,4,6,4,2,4,5311
3352,2969527,2969524,2969528,3,-4,4,7,2,1,4,5312
3353,2971296,2971299,2971298,-3,1,3,5,1,0,4,5314
3354,2973072,2973070,2973068,2,2,4,6,4,2,4,5315
3355,2974843,2974840,2974844,3,-4,4,7,2,1,4,5317
3356,2976614,2976617,2976616,-3,1,3,5,1,0,4,5319
3357,2978391,2978390,2978388,1,2,3,5,4,2,4,5320
3358,2980164,2980162,2980165,2,-3,3,5,2,1,4,5322
3359,2981937,2981940,2981939,-3,1,3,5,1,0,4,5323
3360,2983715,2983714,2983712,1,2,3,5,4,2,4,5325
3361,2985490,2985488,2985491,2,-3,3,5,2,1,4,5327
3362,2987265,2987268,2987266,-3,2,3,4,1,0,4,5328
3363,2989045,2989043,2989041,2,2,4,6,4,2,4,5330
3364,2990821,2990819,2990822,2,-3,3,5,2,1,4,5331
3365,2992597,2992600,2992598,-3,2,3,4,1,0,4,5333
3366,2994379,2994377,2994375,2,2,4,6,4,2,4,5334
3367,2996156,2996154,2996157,2,-3,3,5,2,1,4,5336
3368,2997934,2997937,2997935,-3,2,3,4,1,0,4,5338
3369,2999718,2999715,2999714,3,1,4,5,4,2,4,5339
3370,3001496,3001494,3001498,2,-4,4,6,2,1,4,5341
3371,3003276,3003279,3003277,-3,2,3,4,1,0,4,5342
3372,3005061,3005058,3005057,3,1,4,5,4,2,4,5344
3373,3006841,3006839,3006843,2,-4,4,6,2,1,4,5346
3374,3008622,3008626,3008624,-4,2,4,6,1,0,4,5347
3375,3010409,3010407,3010405,2,2,4,6,4,2,4,5349
3376,3012191,3012189,3012193,2,-4,4,6,2,1,4,5350
3377,3013973,3013977,3013975,-4,2,4,6,1,0,4,5352
3378,3015762,3015760,3015758,2,2,4,6,4,2,4,5354
3379,3017546,3017544,3017547,2,-3,3,5,2,1,4,5355
3380,3019330,3019333,3019331,-3,2,3,4,1,0,4,5357
3381,3021120,3021118,3021116,2,2,4,6,4,2,4,5358
3382,3022905,3022903,3022906,2,-3,3,5,2,1,4,5360
3383,3024691,3024694,3024692,-3,2,3,4,1,0,4,5361
3384,3026482,3026480,3026478,2,2,4,6,4,2,4,5363
3385,3028269,3028267,3028270,2,-3,3,5,2,1,4,5365
3386,3030057,3030059,3030058,-2,1,2,3,1,0,4,5366
3387,3031849,3031847,3031846,2,1,3,4,4,2,4,5368
3388,3033638,3033636,3033639,2,-3,3,5,2,1,4,5369
3389,3035427,3035429,3035428,-2,1,2,3,1,0,4,5371
3390,3037221,3037219,3037218,2,1,3,4,4,2,4,5373
3391,3039011,3039010,3039013,1,-3,3,4,2,1,4,5374
3392,3040802,3040805,3040803,-3,2,3,4,1,0,4,5376
3393,3042598,3042596,3042595,2,1,3,4,4,2,4,5377
3394,3044389,3044388,3044391,1,-3,3,4,2,1,4,5379
3395,3046182,3046185,3046183,-3,2,3,4,1,0,4,5380
3396,3047979,3047977,3047976,2,1,3,4,4,2,4,5382
3397,3049772,3049771,3049774,1,-3,3,4,2,1,4,5384
3398,3051567,3051570,3051567,-3,3,3,3,5,0,6,5385
3399,3053366,3053363,3053362,3,1,4,5,4,2,4,5387
3400,3055160,3055159,3055162,1,-3,3,4,2,1,4,5388
3401,3056956,3056959,3056956,-3,3,3,3,5,0,6,5390
3402,3058757,3058754,3058753,3,1,4,5,4,2,4,5392
3403,3060553,3060551,3060555,2,-4,4,6,2,1,4,5393
3404,3062350,3062353,3062351,-3,2,3,4,1,0,4,5395
3405,3064153,3064150,3064149,3,1,4,5,4,2,4,5396
3406,3065950,3065948,3065952,2,-4,4,6,2,1,4,5398
3407,3067749,3067752,3067750,-3,2,3,4,1,0,4,5399
3408,3069553,3069550,3069549,3,1,4,5,4,2,4,5401
3409,3071352,3071350,3071354,2,-4,4,6,2,1,4,5403
3410,3073152,3073156,3073154,-4,2,4,6,1,0,4,5404
3411,3074958,3074956,3074954,2,2,4,6,4,2,4,5406
3412,3076759,3076757,3076761,2,-4,4,6,2,1,4,5407
3413,3078560,3078564,3078562,-4,2,4,6,1,0,4,5409
3414,3080368,3080366,3080364,2,2,4,6,4,2,4,5411
3415,3082171,3082169,3082172,2,-3,3,5,2,1,4,5412
3416,3083974,3083977,3083975,-3,2,3,4,1,0,4,5414
3417,3085783,3085781,3085779,2,2,4,6,4,2,4,5415
3418,3087587,3087585,3087588,2,-3,3,5,2,1,4,5417
3419,3089392,3089395,3089393,-3,2,3,4,1,0,4,5418
3420,3091202,3091200,3091198,2,2,4,6,4,2,4,5420
3421,3093008,3093006,3093009,2,-3,3,5,2,1,4,5422
3422,3094815,3094817,3094816,-2,1,2,3,1,0,4,5423
3423,3096626,3096624,3096623,2,1,3,4,4,2,4,5425
3424,3098434,3098432,3098435,2,-3,3,5,2,1,4,5426
3425,3100242,3100244,3100243,-2,1,2,3,1,0,4,5428
3426,3102055,3102053,3102052,2,1,3,4,4,2,4,5430
3427,3103864,3103863,3103866,1,-3,3,4,2,1,4,5431
3428,3105674,3105677,3105675,-3,2,3,4,1,0,4,5433
3429,3107489,3107487,3107486,2,1,3,4,4,2,4,5434
3430,3109299,3109298,3109301,1,-3,3,4,2,1,4,5436
3431,3111111,3111114,3111112,-3,2,3,4,1,0,4,5438
3432,3112928,3112926,3112924,2,2,4,6,4,2,4,5439
3433,3114740,3114738,3114741,2,-3,3,5,2,1,4,5441
3434,3116553,3116556,3116554,-3,2,3,4,1,0,4,5442
3435,3118371,3118369,3118367,2,2,4,6,4,2,4,5444
3436,3120185,3120183,3120186,2,-3,3,5,2,1,4,5445
3437,3121999,3122002,3122000,-3,2,3,4,1,0,4,5447
3438,3123819,3123817,3123815,2,2,4,6,4,2,4,5449
3439,3125635,3125632,3125636,3,-4,4,7,2,1,4,5450
3440,3127450,3127453,3127452,-3,1,3,5,1,0,4,5452
3441,3129272,3129270,3129268,2,2,4,6,4,2,4,5453
3442,3131089,3131086,3131090,3,-4,4,7,2,1,4,5455
3443,3132906,3132909,3132908,-3,1,3,5,1,0,4,5457
3444,3134729,3134728,3134726,1,2,3,5,4,2,4,5458
3445,3136548,3136546,3136549,2,-3,3,5,2,1,4,5460
3446,3138367,3138370,3138369,-3,1,3,5,1,0,4,5461
3447,3140191,3140190,3140188,1,2,3,5,4,2,4,5463
3448,3142012,3142010,3142013,2,-3,3,5,2,1,4,5464
3449,3143832,3143835,3143834,-3,1,3,5,1,0,4,5466
3450,3145658,3145657,3145655,1,2,3,5,4,2,4,5468
3451,3147481,3147479,3147481,2,-2,2,4,2,1,4,5469
3452,3149303,3149305,3149304,-2,1,2,3,1,0,4,5471
3453,3151130,3151129,3151127,1,2,3,5,4,2,4,5472
3454,3152954,3152952,3152954,2,-2,2,4,2,1,4,5474
3455,3154778,3154780,3154779,-2,1,2,3,1,0,4,5476
3456,3156607,3156605,3156604,2,1,3,4,4,2,4,5477
3457,3158432,3158430,3158433,2,-3,3,5,2,1,4,5479
3458,3160258,3160260,3160259,-2,1,2,3,1,0,4,5480
3459,3162088,3162086,3162085,2,1,3,4,4,2,4,5482
3460,3163915,3163913,3163916,2,-3,3,5,2,1,4,5483
3461,3165742,3165744,3165743,-2,1,2,3,1,0,4,5485
3462,3167574,3167572,3167571,2,1,3,4,4,2,4,5487
3463,3169402,3169401,3169404,1,-3,3,4,2,1,4,5488
3464,3171231,3171234,3171232,-3,2,3,4,1,0,4,5490
3465,3173065,3173063,3173062,2,1,3,4,4,2,4,5491
3466,3174894,3174893,3174896,1,-3,3,4,2,1,4,5493
3467,3176725,3176728,3176726,-3,2,3,4,1,0,4,5495
3468,3178561,3178559,3178557,2,2,4,6,4,2,4,5496
3469,3180392,3180390,3180393,2,-3,3,5,2,1,4,5498
3470,3182224,3182227,3182225,-3,2,3,4,1,0,4,5499
3471,3184061,3184059,3184057,2,2,4,6,4,2,4,5501
3472,3185894,3185892,3185895,2,-3,3,5,2,1,4,5502
3473,3187727,3187730,3187728,-3,2,3,4,1,0,4,5504
3474,3189566,3189564,3189562,2,2,4,6,4,2,4,5506
3475,3191401,3191398,3191402,3,-4,4,7,2,1,4,5507
3476,3193235,3193238,3193237,-3,1,3,5,1,0,4,5509
3477,3195076,3195074,3195072,2,2,4,6,4,2,4,5510
3478,3196912,3196909,3196913,3,-4,4,7,2,1,4,5512
3479,3198748,3198751,3198750,-3,1,3,5,1,0,4,5514
3480,3200590,3200589,3200587,1,2,3,5,4,2,4,5515
3481,3202428,3202426,3202429,2,-3,3,5,2,1,4,5517
3482,3204266,3204269,3204268,-3,1,3,5,1,0,4,5518
3483,3206109,3206108,3206106,1,2,3,5,4,2,4,5520
3484,3207949,3207947,3207950,2,-3,3,5,2,1,4,5522
3485,3209789,3209792,3209790,-3,2,3,4,1,0,4,5523
3486,3211634,3211632,3211630,2,2,4,6,4,2,4,5525
3487,3213475,3213473,3213476,2,-3,3,5,2,1,4,5526
3488,3215316,3215319,3215317,-3,2,3,4,1,0,4,5528
3489,3217163,3217161,3217159,2,2,4,6,4,2,4,5529
3490,3219005,3219003,3219006,2,-3,3,5,2,1,4,5531
3491,3220848,3220851,3220849,-3,2,3,4,1,0,4,5533
3492,3222697,3222694,3222693,3,1,4,5,4,2,4,5534
3493,3224540,3224538,3224542,2,-4,4,6,2,1,4,5536
3494,3226385,3226388,3226386,-3,2,3,4,1,0,4,5537
3495,3228235,3228232,3228231,3,1,4,5,4,2,4,5539
3496,3230080,3230078,3230082,2,-4,4,6,2,1,4,5541
3497,3231926,3231930,3231928,-4,2,4,6,1,0,4,5542
3498,3233778,3233776,3233774,2,2,4,6,4,2,4,5544
3499,3235625,3235623,3235627,2,-4,4,6,2,1,4,5545
3500,3237472,3237476,3237474,-4,2,4,6,1,0,4,5547
3501,3239326,3239324,3239322,2,2,4,6,4,2,4,5548
3502,3241174,3241172,3241176,2,-4,4,6,2,1,4,5550
3503,3243023,3243027,3243025,-4,2,4,6,1,0,4,5552
3504,3244879,3244877,3244874,2,3,5,8,4,2,4,5553
3505,3246729,3246726,3246730,3,-4,4,7,2,1,4,5555
3506,3248579,3248583,3248581,-4,2,4,6,1,0,4,5556
3507,3250436,3250434,3250431,2,3,5,8,4,2,4,5558
3508,3252288,3252285,3252289,3,-4,4,7,2,1,4,5560
3509,3254140,3254143,3254142,-3,1,3,5,1,0,4,5561
3510,3255998,3255996,3255994,2,2,4,6,4,2,4,5563
3511,3257852,3257849,3257853,3,-4,4,7,2,1,4,5564
3512,3259705,3259708,3259707,-3,1,3,5,1,0,4,5566
3513,3261565,3261563,3261561,2,2,4,6,4,2,4,5567
3514,3263420,3263417,3263421,3,-4,4,7,2,1,4,5569
3515,3265275,3265278,3265277,-3,1,3,5,1,0,4,5571
3516,3267136,3267135,3267133,1,2,3,5,4,2,4,5572
3517,3268993,3268991,3268994,2,-3,3,5,2,1,4,5574
3518,3270850,3270853,3270852,-3,1,3,5,1,0,4,5575
3519,3272712,3272711,3272709,1,2,3,5,4,2,4,5577
3520,3274571,3274569,3274572,2,-3,3,5,2,1,4,5579
3521,3276430,3276433,3276431,-3,2,3,4,1,0,4,5580
3522,3278294,3278292,3278290,2,2,4,6,4,2,4,5582
3523,3280154,3280152,3280155,2,-3,3,5,2,1,4,5583
3524,3282014,3282017,3282015,-3,2,3,4,1,0,4,5585
3525,3283880,3283878,3283876,2,2,4,6,4,2,4,5586
3526,3285741,3285739,3285742,2,-3,3,5,2,1,4,5588
3527,3287603,3287606,3287604,-3,2,3,4,1,0,4,5590
3528,3289471,3289468,3289467,3,1,4,5,4,2,4,5591
3529,3291333,3291331,3291335,2,-4,4,6,2,1,4,5593
3530,3293197,3293200,3293198,-3,2,3,4,1,0,4,5594
3531,3295066,3295063,3295062,3,1,4,5,4,2,4,5596
3532,3296930,3296928,3296932,2,-4,4,6,2,1,4,5598
3533,3298795,3298799,3298797,-4,2,4,6,1,0,4,5599
3534,3300666,3300664,3300662,2,2,4,6,4,2,4,5601
3535,3302532,3302530,3302534,2,-4,4,6,2,1,4,5602
3536,3304398,3304402,3304400,-4,2,4,6,1,0,4,5604
3537,3306271,3306269,3306267,2,2,4,6,4,2,4,5606
3538,3308139,3308137,3308140,2,-3,3,5,2,1,4,5607
3539,3310007,3310010,3310008,-3,2,3,4,1,0,4,5609
3540,3311881,3311879,3311877,2,2,4,6,4,2,4,5610
3541,3313750,3313748,3313751,2,-3,3,5,2,1,4,5612
3542,3315620,3315623,3315621,-3,2,3,4,1,0,4,5613
3543,3317495,3317493,3317491,2,2,4,6,4,2,4,5615
3544,3319366,3319364,3319367,2,-3,3,5,2,1,4,5617
3545,3321238,3321240,3321239,-2,1,2,3,1,0,4,5618
3546,3323114,3323112,3323111,2,1,3,4,4,2,4,5620
3547,3324987,3324985,3324988,2,-3,3,5,2,1,4,5621
3548,3326860,3326862,3326861,-2,1,2,3,1,0,4,5623
3549,3328738,3328736,3328735,2,1,3,4,4,2,4,5625
3550,3330612,3330611,3330614,1,-3,3,4,2,1,4,5626
3551,3332487,3332490,3332488,-3,2,3,4,1,0,4,5628
3552,3334367,3334365,3334364,2,1,3,4,4,2,4,5629
3553,3336242,3336241,3336244,1,-3,3,4,2,1,4,5631
3554,3338119,3338122,3338120,-3,2,3,4,1,0,4,5632
3555,3340000,3339998,3339997,2,1,3,4,4,2,4,5634
3556,3341877,3341876,3341879,1,-3,3,4,2,1,4,5636
3557,3343756,3343759,3343756,-3,3,3,3,5,0,6,5637
3558,3345639,3345636,3345635,3,1,4,5,4,2,4,5639
3559,3347517,3347516,3347519,1,-3,3,4,2,1,4,5640
3560,3349397,3349400,3349397,-3,3,3,3,5,0,6,5642
3561,3351282,3351279,3351278,3,1,4,5,4,2,4,5644
3562,3353162,3353160,3353164,2,-4,4,6,2,1,4,5645
3563,3355043,3355046,3355044,-3,2,3,4,1,0,4,5647
3564,3356930,3356927,3356926,3,1,4,5,4,2,4,5648
3565,3358811,3358809,3358813,2,-4,4,6,2,1,4,5650
3566,3360694,3360697,3360695,-3,2,3,4,1,0,4,5651
3567,3362582,3362579,3362578,3,1,4,5,4,2,4,5653
3568,3364465,3364463,3364467,2,-4,4,6,2,1,4,5655
3569,3366349,3366353,3366351,-4,2,4,6,1,0,4,5656
3570,3368239,3368237,3368235,2,2,4,6,4,2,4,5658
3571,3370124,3370122,3370126,2,-4,4,6,2,1,4,5659
3572,3372009,3372013,3372011,-4,2,4,6,1,0,4,5661
3573,3373901,3373899,3373897,2,2,4,6,4,2,4,5663
3574,3375788,3375786,3375789,2,-3,3,5,2,1,4,5664
3575,3377675,3377678,3377676,-3,2,3,4,1,0,4,5666
3576,3379568,3379566,3379564,2,2,4,6,4,2,4,5667
3577,3381456,3381454,3381457,2,-3,3,5,2,1,4,5669
3578,3383345,3383348,3383346,-3,2,3,4,1,0,4,5670
3579,3385239,3385237,3385235,2,2,4,6,4,2,4,5672
3580,3387129,3387127,3387130,2,-3,3,5,2,1,4,5674
3581,3389020,3389022,3389021,-2,1,2,3,1,0,4,5675
3582,3390915,3390913,3390912,2,1,3,4,4,2,4,5677
3583,3392807,3392805,3392808,2,-3,3,5,2,1,4,5678
3584,3394699,3394701,3394700,-2,1,2,3,1,0,4,5680
3585,3396596,3396594,3396593,2,1,3,4,4,2,4,5682
3586,3398489,3398488,3398491,1,-3,3,4,2,1,4,5683
3587,3400383,3400386,3400384,-3,2,3,4,1,0,4,5685
3588,3402282,3402280,3402279,2,1,3,4,4,2,4,5686
3589,3404176,3404175,3404178,1,-3,3,4,2,1,4,5688
3590,3406072,3406075,3406073,-3,2,3,4,1,0,4,5690
3591,3407973,3407971,3407969,2,2,4,6,4,2,4,5691
3592,3409869,3409867,3409870,2,-3,3,5,2,1,4,5693
3593,3411766,3411769,3411767,-3,2,3,4,1,0,4,5694
3594,3413668,3413666,3413664,2,2,4,6,4,2,4,5696
3595,3415566,3415564,3415567,2,-3,3,5,2,1,4,5697
3596,3417464,3417467,3417465,-3,2,3,4,1,0,4,5699
3597,3419368,3419366,3419364,2,2,4,6,4,2,4,5701
3598,3421268,3421265,3421269,3,-4,4,7,2,1,4,5702
3599,3423167,3423170,3423169,-3,1,3,5,1,0,4,5704
3600,3425073,3425071,3425069,2,2,4,6,4,2,4,5705
3601,3426974,3426971,3426975,3,-4,4,7,2,1,4,5707
3602,3428875,3428878,3428877,-3,1,3,5,1,0,4,5709
3603,3430782,3430781,3430779,1,2,3,5,4,2,4,5710
3604,3432685,3432683,3432686,2,-3,3,5,2,1,4,5712
3605,3434588,3434591,3434590,-3,1,3,5,1,0,4,5713
3606,3436496,3436495,3436493,1,2,3,5,4,2,4,5715
3607,3438401,3438399,3438402,2,-3,3,5,2,1,4,5716
3608,3440305,3440308,3440307,-3,1,3,5,1,0,4,5718
3609,3442215,3442214,3442212,1,2,3,5,4,2,4,5720
3610,3444122,3444120,3444122,2,-2,2,4,2,1,4,5721
3611,3446028,3446030,3446029,-2,1,2,3,1,0,4,5723
3612,3447939,3447938,3447936,1,2,3,5,4,2,4,5724
3613,3449847,3449845,3449847,2,-2,2,4,2,1,4,5726
3614,3451755,3451757,3451756,-2,1,2,3,1,0,4,5728
3615,3453668,3453666,3453665,2,1,3,4,4,2,4,5729
3616,3455577,3455575,3455578,2,-3,3,5,2,1,4,5731
3617,3457487,3457489,3457488,-2,1,2,3,1,0,4,5732
3618,3459401,3459399,3459398,2,1,3,4,4,2,4,5734
3619,3461312,3461310,3461313,2,-3,3,5,2,1,4,5735
3620,3463223,3463225,3463224,-2,1,2,3,1,0,4,5737
3621,3465139,3465137,3465136,2,1,3,4,4,2,4,5739
3622,3467051,3467050,3467053,1,-3,3,4,2,1,4,5740
3623,3468964,3468967,3468965,-3,2,3,4,1,0,4,5742
3624,3470882,3470880,3470879,2,1,3,4,4,2,4,5743
3625,3472795,3472794,3472797,1,-3,3,4,2,1,4,5745
3626,3474710,3474713,3474711,-3,2,3,4,1,0,4,5747
3627,3476630,3476628,3476626,2,2,4,6,4,2,4,5748
3628,3478545,3478543,3478546,2,-3,3,5,2,1,4,5750
3629,3480461,3480464,3480462,-3,2,3,4,1,0,4,5751
3630,3482382,3482380,3482378,2,2,4,6,4,2,4,5753
3631,3484299,3484297,3484300,2,-3,3,5,2,1,4,5754
3632,3486216,3486219,3486217,-3,2,3,4,1,0,4,5756
3633,3488139,3488137,3488135,2,2,4,6,4,2,4,5758
3634,3490058,3490055,3490059,3,-4,4,7,2,1,4,5759
3635,3491976,3491979,3491978,-3,1,3,5,1,0,4,5761
3636,3493901,3493899,3493897,2,2,4,6,4,2,4,5762
3637,3495821,3495818,3495822,3,-4,4,7,2,1,4,5764
3638,3497741,3497744,3497743,-3,1,3,5,1,0,4,5766
3639,3499667,3499666,3499664,1,2,3,5,4,2,4,5767
3640,3501589,3501587,3501590,2,-3,3,5,2,1,4,5769
3641,3503511,3503514,3503513,-3,1,3,5,1,0,4,5770
3642,3505438,3505437,3505435,1,2,3,5,4,2,4,5772
3643,3507362,3507360,3507363,2,-3,3,5,2,1,4,5774
3644,3509286,3509289,3509287,-3,2,3,4,1,0,4,5775
3645,3511215,3511213,3511211,2,2,4,6,4,2,4,5777
3646,3513140,3513138,3513141,2,-3,3,5,2,1,4,5778
3647,3515065,3515068,3515066,-3,2,3,4,1,0,4,5780
3648,3516996,3516994,3516992,2,2,4,6,4,2,4,5781
3649,3518922,3518920,3518923,2,-3,3,5,2,1,4,5783
3650,3520849,3520852,3520850,-3,2,3,4,1,0,4,5785
3651,3522782,3522779,3522778,3,1,4,5,4,2,4,5786
3652,3524709,3524707,3524711,2,-4,4,6,2,1,4,5788
3653,3526638,3526641,3526639,-3,2,3,4,1,0,4,5789
3654,3528572,3528569,3528568,3,1,4,5,4,2,4,5791
3655,3530501,3530499,3530503,2,-4,4,6,2,1,4,5793
3656,3532431,3532435,3532433,-4,2,4,6,1,0,4,5794
3657,3534367,3534365,3534363,2,2,4,6,4,2,4,5796
3658,3536298,3536296,3536300,2,-4,4,6,2,1,4,5797
3659,3538229,3538233,3538231,-4,2,4,6,1,0,4,5799
3660,3540167,3540165,3540163,2,2,4,6,4,2,4,5800
3661,3542099,3542097,3542101,2,-4,4,6,2,1,4,5802
3662,3544032,3544036,3544034,-4,2,4,6,1,0,4,5804
3663,3545972,3545970,3545967,2,3,5,8,4,2,4,5805
3664,3547906,3547903,3547907,3,-4,4,7,2,1,4,5807
3665,3549840,3549844,3549842,-4,2,4,6,1,0,4,5808
3666,3551781,3551779,3551776,2,3,5,8,4,2,4,5810
3667,3553717,3553714,3553718,3,-4,4,7,2,1,4,5812
3668,3555653,3555656,3555655,-3,1,3,5,1,0,4,5813
3669,3557595,3557593,3557591,2,2,4,6,4,2,4,5815
3670,3559533,3559530,3559534,3,-4,4,7,2,1,4,5816
3671,3561470,3561473,3561472,-3,1,3,5,1,0,4,5818
3672,3563414,3563412,3563410,2,2,4,6,4,2,4,5819
3673,3565353,3565350,3565354,3,-4,4,7,2,1,4,5821
3674,3567292,3567295,3567294,-3,1,3,5,1,0,4,5823
3675,3569237,3569236,3569234,1,2,3,5,4,2,4,5824
3676,3571178,3571176,3571179,2,-3,3,5,2,1,4,5826
3677,3573119,3573122,3573121,-3,1,3,5,1,0,4,5827
3678,3575065,3575064,3575062,1,2,3,5,4,2,4,5829
3679,3577008,3577006,3577009,2,-3,3,5,2,1,4,5831
3680,3578951,3578954,3578952,-3,2,3,4,1,0,4,5832
3681,3580899,3580897,3580895,2,2,4,6,4,2,4,5834
3682,3582843,3582841,3582844,2,-3,3,5,2,1,4,5835
3683,3584787,3584790,3584788,-3,2,3,4,1,0,4,5837
3684,3586737,3586735,3586733,2,2,4,6,4,2,4,5839
3685,3588683,3588680,3588684,3,-4,4,7,2,1,4,5840
3686,3590628,3590631,3590630,-3,1,3,5,1,0,4,5842
3687,3592580,3592578,3592576,2,2,4,6,4,2,4,5843
3688,3594527,3594524,3594528,3,-4,4,7,2,1,4,5845
3689,3596474,3596477,3596476,-3,1,3,5,1,0,4,5846
3690,3598427,3598425,3598423,2,2,4,6,4,2,4,5848
3691,3600376,3600373,3600377,3,-4,4,7,2,1,4,5850
3692,3602324,3602328,3602327,-4,1,4,7,1,0,4,5851
3693,3604279,3604278,3604275,1,3,4,7,4,2,4,5853
3694,3606230,3606227,3606231,3,-4,4,7,2,1,4,5854
3695,3608179,3608183,3608182,-4,1,4,7,1,0,4,5856
3696,3610136,3610135,3610132,1,3,4,7,4,2,4,5858
3697,3612089,3612086,3612089,3,-3,3,6,2,1,4,5859
3698,3614040,3614043,3614042,-3,1,3,5,1,0,4,5861
3699,3615998,3615997,3615994,1,3,4,7,4,2,4,5862
3700,3617952,3617949,3617952,3,-3,3,6,2,1,4,5864
3701,3619905,3619908,3619907,-3,1,3,5,1,0,4,5865
3702,3621864,3621863,3621860,1,3,4,7,4,2,4,5867
3703,3623820,3623817,3623820,3,-3,3,6,2,1,4,5869
3704,3625775,3625777,3625777,-2,0,2,4,1,0,4,5870
3705,3627735,3627734,3627732,1,2,3,5,4,2,4,5872
3706,3629693,3629690,3629693,3,-3,3,6,2,1,4,5873
3707,3631649,3631651,3631651,-2,0,2,4,1,0,4,5875
3708,3633611,3633610,3633608,1,2,3,5,4,2,4,5877
3709,3635570,3635568,3635571,2,-3,3,5,2,1,4,5878
3710,3637528,3637531,3637530,-3,1,3,5,1,0,4,5880
3711,3639492,3639491,3639489,1,2,3,5,4,2,4,5881
3712,3641452,3641450,3641453,2,-3,3,5,2,1,4,5883
3713,3643412,3643415,3643414,-3,1,3,5,1,0,4,5884
3714,3645377,3645376,3645374,1,2,3,5,4,2,4,5886
3715,3647339,3647337,3647340,2,-3,3,5,2,1,4,5888
3716,3649301,3649304,3649302,-3,2,3,4,1,0,4,5889
3717,3651268,3651266,3651264,2,2,4,6,4,2,4,5891
3718,3653231,3653229,3653232,2,-3,3,5,2,1,4,5892
3719,3655194,3655197,3655195,-3,2,3,4,1,0,4,5894
3720,3657163,3657161,3657159,2,2,4,6,4,2,4,5896
3721,3659128,3659125,3659129,3,-4,4,7,2,1,4,5897
3722,3661092,3661095,3661094,-3,1,3,5,1,0,4,5899
3723,3663063,3663061,3663059,2,2,4,6,4,2,4,5900
3724,3665029,3665026,3665030,3,-4,4,7,2,1,4,5902
3725,3666995,3666998,3666997,-3,1,3,5,1,0,4,5903
3726,3668967,3668965,3668963,2,2,4,6,4,2,4,5905
3727,3670935,3670932,3670936,3,-4,4,7,2,1,4,5907
3728,3672902,3672906,3672905,-4,1,4,7,1,0,4,5908
3729,3674876,3674875,3674872,1,3,4,7,4,2,4,5910
3730,3676846,3676843,3676847,3,-4,4,7,2,1,4,5911
3731,3678814,3678818,3678817,-4,1,4,7,1,0,4,5913
3732,3680790,3680789,3680786,1,3,4,7,4,2,4,5915
3733,3682762,3682759,3682762,3,-3,3,6,2,1,4,5916
3734,3684732,3684735,3684734,-3,1,3,5,1,0,4,5918
3735,3686709,3686708,3686705,1,3,4,7,4,2,4,5919
3736,3688682,3688679,3688682,3,-3,3,6,2,1,4,5921
3737,3690654,3690657,3690656,-3,1,3,5,1,0,4,5923
3738,3692633,3692631,3692629,2,2,4,6,4,2,4,5924
3739,3694607,3694604,3694608,3,-4,4,7,2,1,4,5926
3740,3696581,3696584,3696583,-3,1,3,5,1,0,4,5927
3741,3698561,3698559,3698557,2,2,4,6,4,2,4,5929
3742,3700537,3700534,3700538,3,-4,4,7,2,1,4,5930
3743,3702512,3702515,3702514,-3,1,3,5,1,0,4,5932
3744,3704494,3704492,3704490,2,2,4,6,4,2,4,5934
3745,3706471,3706469,3706473,2,-4,4,6,2,1,4,5935
3746,3708448,3708452,3708450,-4,2,4,6,1,0,4,5937
3747,3710432,3710430,3710428,2,2,4,6,4,2,4,5938
3748,3712410,3712408,3712412,2,-4,4,6,2,1,4,5940
3749,3714389,3714393,3714391,-4,2,4,6,1,0,4,5942
3750,3716375,3716373,3716370,2,3,5,8,4,2,4,5943
3751,3718355,3718352,3718356,3,-4,4,7,2,1,4,5945
3752,3720335,3720339,3720337,-4,2,4,6,1,0,4,5946
3753,3722322,3722320,3722317,2,3,5,8,4,2,4,5948
3754,3724304,3724301,3724305,3,-4,4,7,2,1,4,5949
3755,3726285,3726289,3726287,-4,2,4,6,1,0,4,5951
3756,3728274,3728272,3728269,2,3,5,8,4,2,4,5953
3757,3730258,3730254,3730259,4,-5,5,9,2,1,4,5954
3758,3732240,3732244,3732243,-4,1,4,7,1,0,4,5956
3759,3734231,3734229,3734226,2,3,5,8,4,2,4,5957
3760,3736216,3736212,3736217,4,-5,5,9,2,1,4,5959
3761,3738200,3738204,3738203,-4,1,4,7,1,0,4,5961
3762,3740192,3740191,3740188,1,3,4,7,4,2,4,5962
3763,3742179,3742176,3742180,3,-4,4,7,2,1,4,5964
3764,3744165,3744169,3744168,-4,1,4,7,1,0,4,5965
3765,3746158,3746157,3746154,1,3,4,7,4,2,4,5967
3766,3748147,3748144,3748148,3,-4,4,7,2,1,4,5968
3767,3750134,3750138,3750137,-4,1,4,7,1,0,4,5970
3768,3752129,3752128,3752125,1,3,4,7,4,2,4,5972
3769,3754120,3754117,3754120,3,-3,3,6,2,1,4,5973
3770,3756109,3756112,3756111,-3,1,3,5,1,0,4,5975
3771,3758105,3758104,3758101,1,3,4,7,4,2,4,5976
3772,3760097,3760094,3760097,3,-3,3,6,2,1,4,5978
3773,3762088,3762091,3762090,-3,1,3,5,1,0,4,5980
3774,3764086,3764084,3764082,2,2,4,6,4,2,4,5981
3775,3766079,3766076,3766080,3,-4,4,7,2,1,4,5983
3776,3768072,3768075,3768074,-3,1,3,5,1,0,4,5984
3777,3770071,3770069,3770067,2,2,4,6,4,2,4,5986
3778,3772066,3772063,3772067,3,-4,4,7,2,1,4,5987
3779,3774060,3774063,3774062,-3,1,3,5,1,0,4,5989
3780,3776061,3776059,3776057,2,2,4,6,4,2,4,5991
3781,3778057,3778055,3778059,2,-4,4,6,2,1,4,5992
3782,3780053,3780057,3780055,-4,2,4,6,1,0,4,5994
3783,3782056,3782054,3782052,2,2,4,6,4,2,4,5995
3784,3784053,3784051,3784055,2,-4,4,6,2,1,4,5997
3785,3786051,3786055,3786053,-4,2,4,6,1,0,4,5999
3786,3788056,3788054,3788051,2,3,5,8,4,2,4,6000
3787,3790055,3790052,3790056,3,-4,4,7,2,1,4,6002
3788,3792054,3792058,3792056,-4,2,4,6,1,0,4,6003
3789,3794060,3794058,3794055,2,3,5,8,4,2,4,6005
3790,3796061,3796058,3796062,3,-4,4,7,2,1,4,6007
3791,3798062,3798065,3798064,-3,1,3,5,1,0,4,6008
3792,3800069,3800067,3800065,2,2,4,6,4,2,4,6010
3793,3802072,3802069,3802073,3,-4,4,7,2,1,4,6011
3794,3804074,3804077,3804076,-3,1,3,5,1,0,4,6013
3795,3806083,3806081,3806079,2,2,4,6,4,2,4,6014
3796,3808087,3808084,3808088,3,-4,4,7,2,1,4,6016
3797,3810091,3810094,3810093,-3,1,3,5,1,0,4,6018
3798,3812101,3812100,3812098,1,2,3,5,4,2,4,6019
3799,3814107,3814105,3814108,2,-3,3,5,2,1,4,6021
3800,3816113,3816116,3816115,-3,1,3,5,1,0,4,6022
3801,3818124,3818123,3818121,1,2,3,5,4,2,4,6024
3802,3820132,3820130,3820133,2,-3,3,5,2,1,4,6026
3803,3822140,3822143,3822141,-3,2,3,4,1,0,4,6027
3804,3824153,3824151,3824149,2,2,4,6,4,2,4,6029
3805,3826162,3826160,3826163,2,-3,3,5,2,1,4,6030
3806,3828171,3828174,3828172,-3,2,3,4,1,0,4,6032
3807,3830186,3830184,3830182,2,2,4,6,4,2,4,6033
3808,3832196,3832194,3832197,2,-3,3,5,2,1,4,6035
3809,3834207,3834210,3834208,-3,2,3,4,1,0,4,6037
3810,3836224,3836221,3836220,3,1,4,5,4,2,4,6038
3811,3838235,3838233,3838237,2,-4,4,6,2,1,4,6040
3812,3840248,3840251,3840249,-3,2,3,4,1,0,4,6041
3813,3842266,3842263,3842262,3,1,4,5,4,2,4,6043
3814,3844279,3844277,3844281,2,-4,4,6,2,1,4,6045
3815,3846293,3846297,3846295,-4,2,4,6,1,0,4,6046
3816,3848313,3848311,3848309,2,2,4,6,4,2,4,6048
3817,3850328,3850326,3850330,2,-4,4,6,2,1,4,6049
3818,3852343,3852347,3852345,-4,2,4,6,1,0,4,6051
3819,3854365,3854363,3854361,2,2,4,6,4,2,4,6052
3820,3856381,3856379,3856383,2,-4,4,6,2,1,4,6054
3821,3858398,3858402,3858400,-4,2,4,6,1,0,4,6056
3822,3860422,3860420,3860417,2,3,5,8,4,2,4,6057
3823,3862440,3862437,3862441,3,-4,4,7,2,1,4,6059
3824,3864458,3864462,3864460,-4,2,4,6,1,0,4,6060
3825,3866483,3866481,3866478,2,3,5,8,4,2,4,6062
3826,3868503,3868500,3868504,3,-4,4,7,2,1,4,6064
3827,3870523,3870526,3870525,-3,1,3,5,1,0,4,6065
3828,3872549,3872547,3872545,2,2,4,6,4,2,4,6067
3829,3874571,3874568,3874572,3,-4,4,7,2,1,4,6068
3830,3876592,3876595,3876594,-3,1,3,5,1,0,4,6070
3831,3878620,3878618,3878616,2,2,4,6,4,2,4,6071
3832,3880643,3880640,3880644,3,-4,4,7,2,1,4,6073
3833,3882666,3882669,3882668,-3,1,3,5,1,0,4,6075
3834,3884695,3884694,3884692,1,2,3,5,4,2,4,6076
3835,3886720,3886718,3886721,2,-3,3,5,2,1,4,6078
3836,3888745,3888748,3888747,-3,1,3,5,1,0,4,6079
3837,3890775,3890774,3890772,1,2,3,5,4,2,4,6081
3838,3892802,3892800,3892803,2,-3,3,5,2,1,4,6083
3839,3894829,3894832,3894830,-3,2,3,4,1,0,4,6084
3840,3896861,3896859,3896857,2,2,4,6,4,2,4,6086
3841,3898889,3898887,3898890,2,-3,3,5,2,1,4,6087
3842,3900917,3900920,3900918,-3,2,3,4,1,0,4,6089
3843,3902951,3902949,3902947,2,2,4,6,4,2,4,6091
3844,3904981,3904978,3904982,3,-4,4,7,2,1,4,6092
3845,3907010,3907013,3907012,-3,1,3,5,1,0,4,6094
3846,3909046,3909044,3909042,2,2,4,6,4,2,4,6095
3847,3911077,3911074,3911078,3,-4,4,7,2,1,4,6097
3848,3913108,3913111,3913110,-3,1,3,5,1,0,4,6098
3849,3915145,3915143,3915141,2,2,4,6,4,2,4,6100
3850,3917178,3917175,3917179,3,-4,4,7,2,1,4,6102
3851,3919210,3919214,3919213,-4,1,4,7,1,0,4,6103
3852,3921249,3921248,3921245,1,3,4,7,4,2,4,6105
3853,3923284,3923281,3923285,3,-4,4,7,2,1,4,6106
3854,3925317,3925321,3925320,-4,1,4,7,1,0,4,6108
3855,3927358,3927357,3927354,1,3,4,7,4,2,4,6110
3856,3929395,3929392,3929395,3,-3,3,6,2,1,4,6111
3857,3931430,3931433,3931432,-3,1,3,5,1,0,4,6113
3858,3933472,3933471,3933468,1,3,4,7,4,2,4,6114
3859,3935510,3935507,3935510,3,-3,3,6,2,1,4,6116
3860,3937547,3937550,3937549,-3,1,3,5,1,0,4,6117
3861,3939590,3939589,3939586,1,3,4,7,4,2,4,6119
3862,3941630,3941627,3941630,3,-3,3,6,2,1,4,6121
3863,3943669,3943671,3943671,-2,0,2,4,1,0,4,6122
3864,3945713,3945712,3945710,1,2,3,5,4,2,4,6124
3865,3947755,3947752,3947755,3,-3,3,6,2,1,4,6125
3866,3949795,3949797,3949797,-2,0,2,4,1,0,4,6127
3867,3951841,3951840,3951838,1,2,3,5,4,2,4,6129
3868,3953884,3953882,3953885,2,-3,3,5,2,1,4,6130
3869,3955926,3955929,3955928,-3,1,3,5,1,0,4,6132
3870,3957974,3957973,3957971,1,2,3,5,4,2,4,6133
3871,3960018,3960016,3960019,2,-3,3,5,2,1,4,6135
3872,3962062,3962065,3962064,-3,1,3,5,1,0,4,6136
3873,3964111,3964110,3964108,1,2,3,5,4,2,4,6138
3874,3966157,3966155,3966158,2,-3,3,5,2,1,4,6140
3875,3968203,3968206,3968204,-3,2,3,4,1,0,4,6141
3876,3970254,3970252,3970250,2,2,4,6,4,2,4,6143
3877,3972301,3972299,3972302,2,-3,3,5,2,1,4,6144
3878,3974348,3974351,3974349,-3,2,3,4,1,0,4,6146
3879,3976401,3976399,3976397,2,2,4,6,4,2,4,6148
3880,3978450,3978447,3978451,3,-4,4,7,2,1,4,6149
3881,3980498,3980501,3980500,-3,1,3,5,1,0,4,6151
3882,3982553,3982551,3982549,2,2,4,6,4,2,4,6152
3883,3984603,3984600,3984604,3,-4,4,7,2,1,4,6154
3884,3986653,3986656,3986655,-3,1,3,5,1,0,4,6155
3885,3988709,3988707,3988705,2,2,4,6,4,2,4,6157
3886,3990761,3990758,3990762,3,-4,4,7,2,1,4,6159
3887,3992812,3992816,3992815,-4,1,4,7,1,0,4,6160
3888,3994870,3994869,3994866,1,3,4,7,4,2,4,6162
3889,3996924,3996921,3996925,3,-4,4,7,2,1,4,6163
3890,3998976,3998980,3998979,-4,1,4,7,1,0,4,6165
3891,4001036,4001035,4001032,1,3,4,7,4,2,4,6167
3892,4003092,4003089,4003092,3,-3,3,6,2,1,4,6168
3893,4005146,4005149,4005148,-3,1,3,5,1,0,4,6170
3894,4007207,4007206,4007203,1,3,4,7,4,2,4,6171
3895,4009264,4009261,4009264,3,-3,3,6,2,1,4,6173
3896,4011320,4011323,4011322,-3,1,3,5,1,0,4,6175
3897,4013383,4013381,4013379,2,2,4,6,4,2,4,6176
3898,4015441,4015438,4015442,3,-4,4,7,2,1,4,6178
3899,4017499,4017502,4017501,-3,1,3,5,1,0,4,6179
3900,4019563,4019561,4019559,2,2,4,6,4,2,4,6181
3901,4021623,4021620,4021624,3,-4,4,7,2,1,4,6182
3902,4023682,4023685,4023684,-3,1,3,5,1,0,4,6184
3903,4025748,4025746,4025744,2,2,4,6,4,2,4,6186
3904,4027809,4027807,4027811,2,-4,4,6,2,1,4,6187
3905,4029870,4029874,4029872,-4,2,4,6,1,0,4,6189
3906,4031938,4031936,4031934,2,2,4,6,4,2,4,6190
3907,4034000,4033998,4034002,2,-4,4,6,2,1,4,6192
3908,4036063,4036067,4036065,-4,2,4,6,1,0,4,6194
3909,4038133,4038131,4038128,2,3,5,8,4,2,4,6195
3910,4040197,4040194,4040198,3,-4,4,7,2,1,4,6197
3911,4042261,4042265,4042263,-4,2,4,6,1,0,4,6198
3912,4044332,4044330,4044327,2,3,5,8,4,2,4,6200
3913,4046398,4046395,4046399,3,-4,4,7,2,1,4,6201
3914,4048463,4048467,4048465,-4,2,4,6,1,0,4,6203
3915,4050536,4050534,4050531,2,3,5,8,4,2,4,6205
3916,4052604,4052600,4052605,4,-5,5,9,2,1,4,6206
3917,4054670,4054674,4054673,-4,1,4,7,1,0,4,6208
3918,4056745,4056743,4056740,2,3,5,8,4,2,4,6209
3919,4058814,4058810,4058815,4,-5,5,9,2,1,4,6211
3920,4060882,4060886,4060885,-4,1,4,7,1,0,4,6213
3921,4062958,4062957,4062954,1,3,4,7,4,2,4,6214
3922,4065029,4065026,4065030,3,-4,4,7,2,1,4,6216
3923,4067099,4067103,4067102,-4,1,4,7,1,0,4,6217
3924,4069176,4069175,4069172,1,3,4,7,4,2,4,6219
3925,4071249,4071246,4071250,3,-4,4,7,2,1,4,6220
3926,4073320,4073324,4073323,-4,1,4,7,1,0,4,6222
3927,4075399,4075398,4075395,1,3,4,7,4,2,4,6224
3928,4077474,4077471,4077474,3,-3,3,6,2,1,4,6225
3929,4079547,4079550,4079549,-3,1,3,5,1,0,4,6227
3930,4081627,4081626,4081623,1,3,4,7,4,2,4,6228
3931,4083703,4083700,4083703,3,-3,3,6,2,1,4,6230
3932,4085778,4085781,4085780,-3,1,3,5,1,0,4,6232
3933,4087860,4087858,4087856,2,2,4,6,4,2,4,6233
3934,4089937,4089934,4089938,3,-4,4,7,2,1,4,6235
3935,4092014,4092017,4092016,-3,1,3,5,1,0,4,6236
3936,4094097,4094095,4094093,2,2,4,6,4,2,4,6238
3937,4096176,4096173,4096177,3,-4,4,7,2,1,4,6239
3938,4098254,4098257,4098256,-3,1,3,5,1,0,4,6241
3939,4100339,4100337,4100335,2,2,4,6,4,2,4,6243
3940,4102419,4102417,4102421,2,-4,4,6,2,1,4,6244
3941,4104499,4104503,4104501,-4,2,4,6,1,0,4,6246
3942,4106586,4106584,4106582,2,2,4,6,4,2,4,6247
3943,4108667,4108665,4108669,2,-4,4,6,2,1,4,6249
3944,4110749,4110753,4110751,-4,2,4,6,1,0,4,6251
3945,4112838,4112836,4112833,2,3,5,8,4,2,4,6252
3946,4114921,4114918,4114922,3,-4,4,7,2,1,4,6254
3947,4117004,4117008,4117006,-4,2,4,6,1,0,4,6255
3948,4119094,4119092,4119089,2,3,5,8,4,2,4,6257
3949,4121179,4121176,4121180,3,-4,4,7,2,1,4,6259
3950,4123264,4123267,4123266,-3,1,3,5,1,0,4,6260
3951,4125355,4125353,4125351,2,2,4,6,4,2,4,6262
3952,4127442,4127439,4127443,3,-4,4,7,2,1,4,6263
3953,4129528,4129531,4129530,-3,1,3,5,1,0,4,6265
3954,4131621,4131619,4131617,2,2,4,6,4,2,4,6266
3955,4133709,4133706,4133710,3,-4,4,7,2,1,4,6268
3956,4135797,4135800,4135799,-3,1,3,5,1,0,4,6270
3957,4137891,4137890,4137888,1,2,3,5,4,2,4,6271
3958,4139981,4139979,4139982,2,-3,3,5,2,1,4,6273
3959,4142071,4142074,4142073,-3,1,3,5,1,0,4,6274
3960,4144166,4144165,4144163,1,2,3,5,4,2,4,6276
3961,4146258,4146256,4146259,2,-3,3,5,2,1,4,6278
3962,4148350,4148353,4148351,-3,2,3,4,1,0,4,6279
3963,4150447,4150445,4150443,2,2,4,6,4,2,4,6281
3964,4152540,4152538,4152541,2,-3,3,5,2,1,4,6282
3965,4154633,4154636,4154634,-3,2,3,4,1,0,4,6284
3966,4156732,4156730,4156728,2,2,4,6,4,2,4,6285
3967,4158826,4158824,4158827,2,-3,3,5,2,1,4,6287
3968,4160921,4160924,4160922,-3,2,3,4,1,0,4,6289
3969,4163022,4163019,4163018,3,1,4,5,4,2,4,6290
3970,4165117,4165115,4165119,2,-4,4,6,2,1,4,6292
3971,4167214,4167217,4167215,-3,2,3,4,1,0,4,6293
3972,4169316,4169313,4169312,3,1,4,5,4,2,4,6295
3973,4171413,4171411,4171415,2,-4,4,6,2,1,4,6297
3974,4173511,4173515,4173513,-4,2,4,6,1,0,4,6298
3975,4175615,4175613,4175611,2,2,4,6,4,2,4,6300
3976,4177714,4177712,4177716,2,-4,4,6,2,1,4,6301
3977,4179813,4179817,4179815,-4,2,4,6,1,0,4,6303
3978,4181919,4181917,4181915,2,2,4,6,4,2,4,6304
3979,4184019,4184017,4184021,2,-4,4,6,2,1,4,6306
3980,4186120,4186124,4186122,-4,2,4,6,1,0,4,6308
3981,4188228,4188226,4188223,2,3,5,8,4,2,4,6309
3982,4190330,4190327,4190331,3,-4,4,7,2,1,4,6311
3983,4192432,4192436,4192434,-4,2,4,6,1,0,4,6312
3984,4194541,4194539,4194536,2,3,5,8,4,2,4,6314
3985,4196645,4196642,4196646,3,-4,4,7,2,1,4,6316
3986,4198749,4198752,4198751,-3,1,3,5,1,0,4,6317
3987,4200859,4200857,4200855,2,2,4,6,4,2,4,6319
3988,4202965,4202962,4202966,3,-4,4,7,2,1,4,6320
3989,4205070,4205073,4205072,-3,1,3,5,1,0,4,6322
3990,4207182,4207180,4207178,2,2,4,6,4,2,4,6324
3991,4209289,4209287,4209291,2,-4,4,6,2,1,4,6325
3992,4211396,4211400,4211398,-4,2,4,6,1,0,4,6327
3993,4213510,4213508,4213506,2,2,4,6,4,2,4,6328
3994,4215618,4215616,4215620,2,-4,4,6,2,1,4,6330
3995,4217727,4217731,4217729,-4,2,4,6,1,0,4,6331
3996,4219842,4219840,4219838,2,2,4,6,4,2,4,6333
3997,4221952,4221950,4221954,2,-4,4,6,2,1,4,6335
3998,4224063,4224067,4224064,-4,3,4,5,1,0,4,6336
3999,4226180,4226177,4226175,3,2,5,7,4,2,4,6338
4000,4228291,4228289,4228293,2,-4,4,6,2,1,4,6339
4001,4230403,4230407,4230404,-4,3,4,5,1,0,4,6341
4002,4232522,4232519,4232517,3,2,5,7,4,2,4,6343
4003,4234635,4234632,4234637,3,-5,5,8,2,1,4,6344
4004,4236748,4236752,4236750,-4,2,4,6,1,0,4,6346
4005,4238869,4238866,4238864,3,2,5,7,4,2,4,6347
4006,4240983,4240980,4240985,3,-5,5,8,2,1,4,6349
4007,4243098,4243102,4243100,-4,2,4,6,1,0,4,6350
4008,4245220,4245217,4245215,3,2,5,7,4,2,4,6352
4009,4247336,4247333,4247338,3,-5,5,8,2,1,4,6354
4010,4249452,4249457,4249455,-5,2,5,8,1,0,4,6355
4011,4251576,4251574,4251571,2,3,5,8,4,2,4,6357
4012,4253694,4253691,4253696,3,-5,5,8,2,1,4,6358
4013,4255811,4255816,4255814,-5,2,5,8,1,0,4,6360
4014,4257937,4257935,4257932,2,3,5,8,4,2,4,6362
4015,4260057,4260054,4260058,3,-4,4,7,2,1,4,6363
4016,4262176,4262180,4262178,-4,2,4,6,1,0,4,6365
4017,4264303,4264301,4264298,2,3,5,8,4,2,4,6366
4018,4266424,4266421,4266425,3,-4,4,7,2,1,4,6368
4019,4268545,4268549,4268547,-4,2,4,6,1,0,4,6369
4020,4270673,4270671,4270668,2,3,5,8,4,2,4,6371
4021,4272796,4272793,4272797,3,-4,4,7,2,1,4,6373
4022,4274919,4274922,4274921,-3,1,3,5,1,0,4,6374
4023,4277048,4277046,4277044,2,2,4,6,4,2,4,6376
4024,4279173,4279170,4279174,3,-4,4,7,2,1,4,6377
4025,4281297,4281300,4281299,-3,1,3,5,1,0,4,6379
4026,4283428,4283426,4283424,2,2,4,6,4,2,4,6381
4027,4285554,4285552,4285556,2,-4,4,6,2,1,4,6382
4028,4287680,4287684,4287682,-4,2,4,6,1,0,4,6384
4029,4289813,4289811,4289809,2,2,4,6,4,2,4,6385
4030,4291940,4291938,4291942,2,-4,4,6,2,1,4,6387
4031,4294068,4294072,4294070,-4,2,4,6,1,0,4,6388
4032,4296202,4296200,4296198,2,2,4,6,4,2,4,6390
4033,4298331,4298329,4298333,2,-4,4,6,2,1,4,6392
4034,4300461,4300465,4300462,-4,3,4,5,1,0,4,6393
4035,4302597,4302594,4302592,3,2,5,7,4,2,4,6395
4036,4304727,4304725,4304729,2,-4,4,6,2,1,4,6396
4037,4306858,4306862,4306859,-4,3,4,5,1,0,4,6398
4038,4308996,4308993,4308991,3,2,5,7,4,2,4,6400
4039,4311128,4311125,4311130,3,-5,5,8,2,1,4,6401
4040,4313260,4313264,4313262,-4,2,4,6,1,0,4,6403
4041,4315400,4315397,4315395,3,2,5,7,4,2,4,6404
4042,4317533,4317530,4317535,3,-5,5,8,2,1,4,6406
4043,4319667,4319671,4319669,-4,2,4,6,1,0,4,6408
4044,4321808,4321806,4321804,2,2,4,6,4,2,4,6409
4045,4323943,4323941,4323945,2,-4,4,6,2,1,4,6411
4046,4326079,4326083,4326081,-4,2,4,6,1,0,4,6412
4047,4328221,4328219,4328217,2,2,4,6,4,2,4,6414
4048,4330358,4330356,4330360,2,-4,4,6,2,1,4,6415
4049,4332495,4332499,4332497,-4,2,4,6,1,0,4,6417
4050,4334639,4334637,4334635,2,2,4,6,4,2,4,6419
4051,4336778,4336776,4336779,2,-3,3,5,2,1,4,6420
4052,4338917,4338920,4338918,-3,2,3,4,1,0,4,6422
4053,4341062,4341060,4341058,2,2,4,6,4,2,4,6423
4054,4343202,4343200,4343203,2,-3,3,5,2,1,4,6425
4055,4345343,4345346,4345344,-3,2,3,4,1,0,4,6427
4056,4347490,4347487,4347486,3,1,4,5,4,2,4,6428
4057,4349631,4349629,4349633,2,-4,4,6,2,1,4,6430
4058,4351774,4351777,4351775,-3,2,3,4,1,0,4,6431
4059,4353922,4353919,4353918,3,1,4,5,4,2,4,6433
4060,4356065,4356063,4356067,2,-4,4,6,2,1,4,6434
4061,4358209,4358212,4358210,-3,2,3,4,1,0,4,6436
4062,4360359,4360356,4360355,3,1,4,5,4,2,4,6438
4063,4362503,4362502,4362506,1,-4,4,5,2,1,4,6439
4064,4364649,4364653,4364650,-4,3,4,5,1,0,4,6441
4065,4366801,4366798,4366797,3,1,4,5,4,2,4,6442
4066,4368946,4368945,4368949,1,-4,4,5,2,1,4,6444
4067,4371094,4371098,4371095,-4,3,4,5,1,0,4,6446
4068,4373248,4373245,4373243,3,2,5,7,4,2,4,6447
4069,4375395,4375393,4375397,2,-4,4,6,2,1,4,6449
4070,4377544,4377548,4377545,-4,3,4,5,1,0,4,6450
4071,4379699,4379696,4379694,3,2,5,7,4,2,4,6452
4072,4381848,4381846,4381850,2,-4,4,6,2,1,4,6453
4073,4383998,4384002,4383999,-4,3,4,5,1,0,4,6455
4074,4386155,4386152,4386150,3,2,5,7,4,2,4,6457
4075,4388306,4388303,4388308,3,-5,5,8,2,1,4,6458
4076,4390457,4390461,4390459,-4,2,4,6,1,0,4,6460
4077,4392616,4392613,4392611,3,2,5,7,4,2,4,6461
4078,4394768,4394765,4394770,3,-5,5,8,2,1,4,6463
4079,4396921,4396925,4396923,-4,2,4,6,1,0,4,6465
4080,4399081,4399079,4399077,2,2,4,6,4,2,4,6466
4081,4401235,4401233,4401237,2,-4,4,6,2,1,4,6468
4082,4403390,4403394,4403392,-4,2,4,6,1,0,4,6469
4083,4405551,4405549,4405547,2,2,4,6,4,2,4,6471
4084,4407707,4407705,4407709,2,-4,4,6,2,1,4,6472
4085,4409863,4409867,4409865,-4,2,4,6,1,0,4,6474
4086,4412026,4412024,4412022,2,2,4,6,4,2,4,6476
4087,4414184,4414182,4414185,2,-3,3,5,2,1,4,6477
4088,4416342,4416345,4416343,-3,2,3,4,1,0,4,6479
4089,4418506,4418504,4418502,2,2,4,6,4,2,4,6480
4090,4420665,4420663,4420666,2,-3,3,5,2,1,4,6482
4091,4422825,4422828,4422826,-3,2,3,4,1,0,4,6484
4092,4424991,4424988,4424987,3,1,4,5,4,2,4,6485
4093,4427151,4427149,4427153,2,-4,4,6,2,1,4,6487
4094,4429313,4429316,4429314,-3,2,3,4,1,0,4,6488
4095,4431480,4431477,4431476,3,1,4,5,4,2,4,6490
4096,4433642,4433640,4433644,2,-4,4,6,2,1,4,6492
4097,4435805,4435809,4435807,-4,2,4,6,1,0,4,6493
4098,4437974,4437972,4437970,2,2,4,6,4,2,4,6495
4099,4440138,4440136,4440140,2,-4,4,6,2,1,4,6496
4100,4442302,4442306,4442304,-4,2,4,6,1,0,4,6498
4101,4444473,4444471,4444469,2,2,4,6,4,2,4,6499
4102,4446638,4446636,4446640,2,-4,4,6,2,1,4,6501
4103,4448804,4448808,4448806,-4,2,4,6,1,0,4,6503
4104,4450977,4450975,4450972,2,3,5,8,4,2,4,6504
4105,4453144,4453141,4453145,3,-4,4,7,2,1,4,6506
4106,4455311,4455315,4455313,-4,2,4,6,1,0,4,6507
4107,4457485,4457483,4457480,2,3,5,8,4,2,4,6509
4108,4459654,4459651,4459655,3,-4,4,7,2,1,4,6511
4109,4461823,4461826,4461825,-3,1,3,5,1,0,4,6512
4110,4463998,4463996,4463994,2,2,4,6,4,2,4,6514
4111,4466169,4466166,4466170,3,-4,4,7,2,1,4,6515
4112,4468339,4468342,4468341,-3,1,3,5,1,0,4,6517
4113,4470516,4470514,4470512,2,2,4,6,4,2,4,6518
4114,4472688,4472685,4472689,3,-4,4,7,2,1,4,6520
4115,4474860,4474863,4474862,-3,1,3,5,1,0,4,6522
4116,4477038,4477037,4477035,1,2,3,5,4,2,4,6523
4117,4479212,4479210,4479213,2,-3,3,5,2,1,4,6525
4118,4481386,4481389,4481388,-3,1,3,5,1,0,4,6526
4119,4483565,4483564,4483562,1,2,3,5,4,2,4,6528
4120,4485741,4485739,4485742,2,-3,3,5,2,1,4,6530
4121,4487917,4487920,4487918,-3,2,3,4,1,0,4,6531
4122,4490098,4490096,4490094,2,2,4,6,4,2,4,6533
4123,4492275,4492273,4492276,2,-3,3,5,2,1,4,6534
4124,4494452,4494455,4494453,-3,2,3,4,1,0,4,6536
4125,4496635,4496633,4496631,2,2,4,6,4,2,4,6537
4126,4498813,4498811,4498814,2,-3,3,5,2,1,4,6539
4127,4500992,4500995,4500993,-3,2,3,4,1,0,4,6541
4128,4503177,4503174,4503173,3,1,4,5,4,2,4,6542
4129,4505356,4505354,4505358,2,-4,4,6,2,1,4,6544
4130,4507537,4507540,4507538,-3,2,3,4,1,0,4,6545
4131,4509723,4509720,4509719,3,1,4,5,4,2,4,6547
4132,4511904,4511902,4511906,2,-4,4,6,2,1,4,6549
4133,4514086,4514090,4514088,-4,2,4,6,1,0,4,6550
4134,4516274,4516272,4516270,2,2,4,6,4,2,4,6552
4135,4518457,4518455,4518459,2,-4,4,6,2,1,4,6553
4136,4520640,4520644,4520642,-4,2,4,6,1,0,4,6555
4137,4522830,4522828,4522826,2,2,4,6,4,2,4,6556
4138,4525014,4525012,4525016,2,-4,4,6,2,1,4,6558
4139,4527199,4527203,4527201,-4,2,4,6,1,0,4,6560
4140,4529391,4529389,4529386,2,3,5,8,4,2,4,6561
4141,4531577,4531574,4531578,3,-4,4,7,2,1,4,6563
4142,4533763,4533767,4533765,-4,2,4,6,1,0,4,6564
4143,4535956,4535954,4535951,2,3,5,8,4,2,4,6566
4144,4538144,4538141,4538145,3,-4,4,7,2,1,4,6568
4145,4540332,4540335,4540334,-3,1,3,5,1,0,4,6569
4146,4542526,4542524,4542522,2,2,4,6,4,2,4,6571
4147,4544716,4544713,4544717,3,-4,4,7,2,1,4,6572
4148,4546905,4546908,4546907,-3,1,3,5,1,0,4,6574
4149,4549101,4549099,4549097,2,2,4,6,4,2,4,6576
4150,4551292,4551290,4551294,2,-4,4,6,2,1,4,6577
4151,4553483,4553487,4553485,-4,2,4,6,1,0,4,6579
4152,4555681,4555679,4555677,2,2,4,6,4,2,4,6580
4153,4557873,4557871,4557875,2,-4,4,6,2,1,4,6582
4154,4560066,4560070,4560068,-4,2,4,6,1,0,4,6583
4155,4562265,4562263,4562261,2,2,4,6,4,2,4,6585
4156,4564459,4564457,4564461,2,-4,4,6,2,1,4,6587
4157,4566654,4566658,4566655,-4,3,4,5,1,0,4,6588
4158,4568855,4568852,4568850,3,2,5,7,4,2,4,6590
4159,4571050,4571048,4571052,2,-4,4,6,2,1,4,6591
4160,4573246,4573250,4573247,-4,3,4,5,1,0,4,6593
4161,4575449,4575446,4575444,3,2,5,7,4,2,4,6595
4162,4577646,4577643,4577648,3,-5,5,8,2,1,4,6596
4163,4579843,4579847,4579845,-4,2,4,6,1,0,4,6598
4164,4582048,4582045,4582043,3,2,5,7,4,2,4,6599
4165,4584246,4584243,4584248,3,-5,5,8,2,1,4,6601
4166,4586445,4586449,4586447,-4,2,4,6,1,0,4,6602
4167,4588651,4588648,4588646,3,2,5,7,4,2,4,6604
4168,4590851,4590848,4590853,3,-5,5,8,2,1,4,6606
4169,4593051,4593056,4593054,-5,2,5,8,1,0,4,6607
4170,4595259,4595257,4595254,2,3,5,8,4,2,4,6609
4171,4597461,4597458,4597463,3,-5,5,8,2,1,4,6610
4172,4599662,4599667,4599665,-5,2,5,8,1,0,4,6612
4173,4601872,4601870,4601867,2,3,5,8,4,2,4,6614
4174,4604076,4604073,4604077,3,-4,4,7,2,1,4,6615
4175,4606279,4606283,4606281,-4,2,4,6,1,0,4,6617
4176,4608490,4608488,4608485,2,3,5,8,4,2,4,6618
4177,4610695,4610692,4610696,3,-4,4,7,2,1,4,6620
4178,4612900,4612904,4612902,-4,2,4,6,1,0,4,6621
4179,4615112,4615110,4615107,2,3,5,8,4,2,4,6623
4180,4617319,4617316,4617320,3,-4,4,7,2,1,4,6625
4181,4619526,4619529,4619528,-3,1,3,5,1,0,4,6626
4182,4621739,4621737,4621735,2,2,4,6,4,2,4,6628
4183,4623948,4623945,4623949,3,-4,4,7,2,1,4,6629
4184,4626156,4626159,4626158,-3,1,3,5,1,0,4,6631
4185,4628371,4628369,4628367,2,2,4,6,4,2,4,6633
4186,4630581,4630579,4630583,2,-4,4,6,2,1,4,6634
4187,4632791,4632795,4632793,-4,2,4,6,1,0,4,6636
4188,4635008,4635006,4635004,2,2,4,6,4,2,4,6637
4189,4637219,4637217,4637221,2,-4,4,6,2,1,4,6639
4190,4639431,4639435,4639433,-4,2,4,6,1,0,4,6640
4191,4641649,4641647,4641645,2,2,4,6,4,2,4,6642
4192,4643862,4643860,4643864,2,-4,4,6,2,1,4,6644
4193,4646076,4646080,4646077,-4,3,4,5,1,0,4,6645
4194,4648296,4648293,4648291,3,2,5,7,4,2,4,6647
4195,4650510,4650508,4650512,2,-4,4,6,2,1,4,6648
4196,4652725,4652729,4652726,-4,3,4,5,1,0,4,6650
4197,4654947,4654944,4654942,3,2,5,7,4,2,4,6652
4198,4657163,4657160,4657165,3,-5,5,8,2,1,4,6653
4199,4659379,4659383,4659381,-4,2,4,6,1,0,4,6655
4200,4661603,4661600,4661598,3,2,5,7,4,2,4,6656
4201,4663820,4663817,4663822,3,-5,5,8,2,1,4,6658
4202,4666038,4666042,4666040,-4,2,4,6,1,0,4,6660
4203,4668263,4668261,4668259,2,2,4,6,4,2,4,6661
4204,4670482,4670480,4670484,2,-4,4,6,2,1,4,6663
4205,4672702,4672706,4672704,-4,2,4,6,1,0,4,6664
4206,4674928,4674926,4674924,2,2,4,6,4,2,4,6666
4207,4677149,4677147,4677151,2,-4,4,6,2,1,4,6667
4208,4679370,4679374,4679372,-4,2,4,6,1,0,4,6669
4209,4681598,4681596,4681594,2,2,4,6,4,2,4,6671
4210,4683821,4683819,4683822,2,-3,3,5,2,1,4,6672
4211,4686044,4686047,4686045,-3,2,3,4,1,0,4,6674
4212,4688273,4688271,4688269,2,2,4,6,4,2,4,6675
4213,4690497,4690495,4690498,2,-3,3,5,2,1,4,6677
4214,4692722,4692725,4692723,-3,2,3,4,1,0,4,6679
4215,4694953,4694950,4694949,3,1,4,5,4,2,4,6680
4216,4697178,4697176,4697180,2,-4,4,6,2,1,4,6682
4217,4699405,4699408,4699406,-3,2,3,4,1,0,4,6683
4218,4701637,4701634,4701633,3,1,4,5,4,2,4,6685
4219,4703864,4703862,4703866,2,-4,4,6,2,1,4,6686
4220,4706092,4706095,4706093,-3,2,3,4,1,0,4,6688
4221,4708326,4708323,4708322,3,1,4,5,4,2,4,6690
4222,4710554,4710553,4710557,1,-4,4,5,2,1,4,6691
4223,4712784,4712788,4712785,-4,3,4,5,1,0,4,6693
4224,4715020,4715017,4715016,3,1,4,5,4,2,4,6694
4225,4717249,4717248,4717252,1,-4,4,5,2,1,4,6696
4226,4719481,4719485,4719482,-4,3,4,5,1,0,4,6698
4227,4721719,4721716,4721714,3,2,5,7,4,2,4,6699
4228,4723950,4723948,4723952,2,-4,4,6,2,1,4,6701
4229,4726183,4726187,4726184,-4,3,4,5,1,0,4,6702
4230,4728422,4728419,4728417,3,2,5,7,4,2,4,6704
4231,4730655,4730653,4730657,2,-4,4,6,2,1,4,6705
4232,4732889,4732893,4732890,-4,3,4,5,1,0,4,6707
4233,4735130,4735127,4735125,3,2,5,7,4,2,4,6709
4234,4737365,4737362,4737367,3,-5,5,8,2,1,4,6710
4235,4739600,4739604,4739602,-4,2,4,6,1,0,4,6712
4236,4741843,4741840,4741838,3,2,5,7,4,2,4,6713
4237,4744079,4744076,4744081,3,-5,5,8,2,1,4,6715
4238,4746316,4746320,4746318,-4,2,4,6,1,0,4,6717
4239,4748560,4748558,4748556,2,2,4,6,4,2,4,6718
4240,4750798,4750796,4750800,2,-4,4,6,2,1,4,6720
4241,4753037,4753041,4753039,-4,2,4,6,1,0,4,6721
4242,4755282,4755280,4755278,2,2,4,6,4,2,4,6723
4243,4757522,4757520,4757524,2,-4,4,6,2,1,4,6724
4244,4759762,4759766,4759764,-4,2,4,6,1,0,4,6726
4245,4762009,4762007,4762005,2,2,4,6,4,2,4,6728
4246,4764251,4764249,4764252,2,-3,3,5,2,1,4,6729
4247,4766493,4766496,4766494,-3,2,3,4,1,0,4,6731
4248,4768741,4768739,4768737,2,2,4,6,4,2,4,6732
4249,4770984,4770982,4770985,2,-3,3,5,2,1,4,6734
4250,4773228,4773231,4773229,-3,2,3,4,1,0,4,6736
4251,4775478,4775475,4775474,3,1,4,5,4,2,4,6737
4252,4777722,4777720,4777724,2,-4,4,6,2,1,4,6739
4253,4779968,4779971,4779969,-3,2,3,4,1,0,4,6740
4254,4782219,4782216,4782215,3,1,4,5,4,2,4,6742
4255,4784465,4784463,4784467,2,-4,4,6,2,1,4,6744
4256,4786712,4786716,4786714,-4,2,4,6,1,0,4,6745
4257,4788965,4788963,4788961,2,2,4,6,4,2,4,6747
4258,4791213,4791211,4791215,2,-4,4,6,2,1,4,6748
4259,4793461,4793465,4793463,-4,2,4,6,1,0,4,6750
4260,4795716,4795714,4795712,2,2,4,6,4,2,4,6751
4261,4797965,4797963,4797967,2,-4,4,6,2,1,4,6753
4262,4800215,4800219,4800217,-4,2,4,6,1,0,4,6755
4263,4802472,4802470,4802467,2,3,5,8,4,2,4,6756
4264,4804723,4804720,4804724,3,-4,4,7,2,1,4,6758
4265,4806974,4806978,4806976,-4,2,4,6,1,0,4,6759
4266,4809232,4809230,4809227,2,3,5,8,4,2,4,6761
4267,4811485,4811482,4811486,3,-4,4,7,2,1,4,6763
4268,4813738,4813741,4813740,-3,1,3,5,1,0,4,6764
4269,4815997,4815995,4815993,2,2,4,6,4,2,4,6766
4270,4818252,4818249,4818253,3,-4,4,7,2,1,4,6767
4271,4820506,4820509,4820508,-3,1,3,5,1,0,4,6769
4272,4822767,4822765,4822763,2,2,4,6,4,2,4,6770
4273,4825023,4825020,4825024,3,-4,4,7,2,1,4,6772
4274,4827279,4827282,4827281,-3,1,3,5,1,0,4,6774
4275,4829541,4829540,4829538,1,2,3,5,4,2,4,6775
4276,4831799,4831797,4831800,2,-3,3,5,2,1,4,6777
4277,4834057,4834060,4834059,-3,1,3,5,1,0,4,6778
4278,4836320,4836319,4836317,1,2,3,5,4,2,4,6780
4279,4838580,4838578,4838581,2,-3,3,5,2,1,4,6782
4280,4840840,4840843,4840841,-3,2,3,4,1,0,4,6783
4281,4843105,4843103,4843101,2,2,4,6,4,2,4,6785
4282,4845366,4845364,4845367,2,-3,3,5,2,1,4,6786
4283,4847627,4847630,4847628,-3,2,3,4,1,0,4,6788
4284,4849894,4849892,4849890,2,2,4,6,4,2,4,6789
4285,4852156,4852154,4852157,2,-3,3,5,2,1,4,6791
4286,4854419,4854422,4854420,-3,2,3,4,1,0,4,6793
4287,4856688,4856685,4856684,3,1,4,5,4,2,4,6794
4288,4858951,4858949,4858953,2,-4,4,6,2,1,4,6796
4289,4861216,4861219,4861217,-3,2,3,4,1,0,4,6797
4290,4863486,4863483,4863482,3,1,4,5,4,2,4,6799
4291,4865751,4865749,4865753,2,-4,4,6,2,1,4,6801
4292,4868017,4868021,4868019,-4,2,4,6,1,0,4,6802
4293,4870289,4870287,4870285,2,2,4,6,4,2,4,6804
4294,4872556,4872554,4872558,2,-4,4,6,2,1,4,6805
4295,4874823,4874827,4874825,-4,2,4,6,1,0,4,6807
4296,4877097,4877095,4877093,2,2,4,6,4,2,4,6808
4297,4879365,4879363,4879367,2,-4,4,6,2,1,4,6810
4298,4881634,4881638,4881636,-4,2,4,6,1,0,4,6812
4299,4883910,4883908,4883905,2,3,5,8,4,2,4,6813
4300,4886180,4886177,4886181,3,-4,4,7,2,1,4,6815
4301,4888450,4888454,4888452,-4,2,4,6,1,0,4,6816
4302,4890727,4890725,4890722,2,3,5,8,4,2,4,6818
4303,4892999,4892996,4893000,3,-4,4,7,2,1,4,6820
4304,4895271,4895274,4895273,-3,1,3,5,1,0,4,6821
4305,4897549,4897547,4897545,2,2,4,6,4,2,4,6823
4306,4899823,4899820,4899824,3,-4,4,7,2,1,4,6824
4307,4902096,4902099,4902098,-3,1,3,5,1,0,4,6826
4308,4904376,4904374,4904372,2,2,4,6,4,2,4,6828
4309,4906651,4906649,4906653,2,-4,4,6,2,1,4,6829
4310,4908926,4908930,4908928,-4,2,4,6,1,0,4,6831
4311,4911208,4911206,4911204,2,2,4,6,4,2,4,6832
4312,4913484,4913482,4913486,2,-4,4,6,2,1,4,6834
4313,4915761,4915765,4915763,-4,2,4,6,1,0,4,6835
4314,4918044,4918042,4918040,2,2,4,6,4,2,4,6837
4315,4920322,4920320,4920324,2,-4,4,6,2,1,4,6839
4316,4922601,4922605,4922602,-4,3,4,5,1,0,4,6840
4317,4924886,4924883,4924881,3,2,5,7,4,2,4,6842
4318,4927165,4927163,4927167,2,-4,4,6,2,1,4,6843
4319,4929445,4929449,4929446,-4,3,4,5,1,0,4,6845
4320,4931732,4931729,4931727,3,2,5,7,4,2,4,6847
4321,4934013,4934010,4934015,3,-5,5,8,2,1,4,6848
4322,4936294,4936298,4936296,-4,2,4,6,1,0,4,6850
4323,4938583,4938580,4938578,3,2,5,7,4,2,4,6851
4324,4940865,4940862,4940867,3,-5,5,8,2,1,4,6853
4325,4943148,4943152,4943150,-4,2,4,6,1,0,4,6854
4326,4945438,4945435,4945433,3,2,5,7,4,2,4,6856
4327,4947722,4947719,4947724,3,-5,5,8,2,1,4,6858
4328,4950006,4950011,4950009,-5,2,5,8,1,0,4,6859
4329,4952298,4952296,4952293,2,3,5,8,4,2,4,6861
4330,4954584,4954581,4954586,3,-5,5,8,2,1,4,6862
4331,4956869,4956874,4956872,-5,2,5,8,1,0,4,6864
4332,4959163,4959161,4959158,2,3,5,8,4,2,4,6866
4333,4961451,4961448,4961452,3,-4,4,7,2,1,4,6867
4334,4963738,4963742,4963740,-4,2,4,6,1,0,4,6869
4335,4966033,4966031,4966028,2,3,5,8,4,2,4,6870
4336,4968322,4968319,4968323,3,-4,4,7,2,1,4,6872
4337,4970611,4970615,4970613,-4,2,4,6,1,0,4,6873
4338,4972907,4972905,4972902,2,3,5,8,4,2,4,6875
4339,4975198,4975195,4975199,3,-4,4,7,2,1,4,6877
4340,4977489,4977492,4977491,-3,1,3,5,1,0,4,6878
4341,4979786,4979784,4979782,2,2,4,6,4,2,4,6880
4342,4982079,4982076,4982080,3,-4,4,7,2,1,4,6881
4343,4984371,4984374,4984373,-3,1,3,5,1,0,4,6883
4344,4986670,4986668,4986666,2,2,4,6,4,2,4,6885
4345,4988964,4988962,4988966,2,-4,4,6,2,1,4,6886
4346,4991258,4991262,4991260,-4,2,4,6,1,0,4,6888
4347,4993559,4993557,4993555,2,2,4,6,4,2,4,6889
4348,4995854,4995852,4995856,2,-4,4,6,2,1,4,6891
4349,4998150,4998154,4998152,-4,2,4,6,1,0,4,6893
4350,5000453,5000451,5000448,2,3,5,8,4,2,4,6894
4351,5002750,5002747,5002751,3,-4,4,7,2,1,4,6896
4352,5005047,5005051,5005049,-4,2,4,6,1,0,4,6897
4353,5007351,5007349,5007346,2,3,5,8,4,2,4,6899
4354,5009650,5009647,5009651,3,-4,4,7,2,1,4,6900
4355,5011948,5011952,5011950,-4,2,4,6,1,0,4,6902
4356,5014254,5014252,5014249,2,3,5,8,4,2,4,6904
4357,5016555,5016551,5016556,4,-5,5,9,2,1,4,6905
4358,5018854,5018858,5018857,-4,1,4,7,1,0,4,6907
4359,5021162,5021160,5021157,2,3,5,8,4,2,4,6908
4360,5023464,5023460,5023465,4,-5,5,9,2,1,4,6910
4361,5025765,5025769,5025768,-4,1,4,7,1,0,4,6912
4362,5028074,5028073,5028070,1,3,4,7,4,2,4,6913
4363,5030378,5030375,5030379,3,-4,4,7,2,1,4,6915
4364,5032681,5032685,5032684,-4,1,4,7,1,0,4,6916
4365,5034991,5034990,5034987,1,3,4,7,4,2,4,6918
4366,5037297,5037294,5037298,3,-4,4,7,2,1,4,6919
4367,5039601,5039605,5039604,-4,1,4,7,1,0,4,6921
4368,5041913,5041912,5041909,1,3,4,7,4,2,4,6923
4369,5044221,5044218,5044221,3,-3,3,6,2,1,4,6924
4370,5046527,5046530,5046529,-3,1,3,5,1,0,4,6926
4371,5048840,5048839,5048836,1,3,4,7,4,2,4,6927
4372,5051149,5051146,5051149,3,-3,3,6,2,1,4,6929
4373,5053457,5053460,5053459,-3,1,3,5,1,0,4,6931
4374,5055772,5055770,5055768,2,2,4,6,4,2,4,6932
4375,5058082,5058079,5058083,3,-4,4,7,2,1,4,6934
4376,5060392,5060395,5060394,-3,1,3,5,1,0,4,6935
4377,5062708,5062706,5062704,2,2,4,6,4,2,4,6937
4378,5065020,5065017,5065021,3,-4,4,7,2,1,4,6938
4379,5067331,5067334,5067333,-3,1,3,5,1,0,4,6940
4380,5069649,5069647,5069645,2,2,4,6,4,2,4,6942
4381,5071962,5071960,5071964,2,-4,4,6,2,1,4,6943
4382,5074275,5074279,5074277,-4,2,4,6,1,0,4,6945
4383,5076595,5076593,5076591,2,2,4,6,4,2,4,6946
4384,5078909,5078907,5078911,2,-4,4,6,2,1,4,6948
4385,5081224,5081228,5081226,-4,2,4,6,1,0,4,6950
4386,5083546,5083544,5083541,2,3,5,8,4,2,4,6951
4387,5085862,5085859,5085863,3,-4,4,7,2,1,4,6953
4388,5088178,5088182,5088180,-4,2,4,6,1,0,4,6954
4389,5090501,5090499,5090496,2,3,5,8,4,2,4,6956
4390,5092819,5092816,5092820,3,-4,4,7,2,1,4,6957
4391,5095136,5095140,5095138,-4,2,4,6,1,0,4,6959
4392,5097461,5097459,5097456,2,3,5,8,4,2,4,6961
4393,5099781,5099777,5099782,4,-5,5,9,2,1,4,6962
4394,5102099,5102103,5102102,-4,1,4,7,1,0,4,6964
4395,5104426,5104424,5104421,2,3,5,8,4,2,4,6965
4396,5106747,5106743,5106748,4,-5,5,9,2,1,4,6967
4397,5109067,5109071,5109070,-4,1,4,7,1,0,4,6969
4398,5111395,5111394,5111391,1,3,4,7,4,2,4,6970
4399,5113718,5113715,5113719,3,-4,4,7,2,1,4,6972
4400,5116040,5116044,5116043,-4,1,4,7,1,0,4,6973
4401,5118369,5118368,5118365,1,3,4,7,4,2,4,6975
4402,5120694,5120691,5120695,3,-4,4,7,2,1,4,6977
4403,5123018,5123022,5123020,-4,2,4,6,1,0,4,6978
4404,5125349,5125347,5125344,2,3,5,8,4,2,4,6980
4405,5127675,5127672,5127676,3,-4,4,7,2,1,4,6981
4406,5130000,5130004,5130002,-4,2,4,6,1,0,4,6983
4407,5132333,5132331,5132328,2,3,5,8,4,2,4,6984
4408,5134660,5134657,5134661,3,-4,4,7,2,1,4,6986
4409,5136987,5136991,5136989,-4,2,4,6,1,0,4,6988
4410,5139322,5139319,5139317,3,2,5,7,4,2,4,6989
4411,5141650,5141647,5141652,3,-5,5,8,2,1,4,6991
4412,5143979,5143983,5143981,-4,2,4,6,1,0,4,6992
4413,5146315,5146312,5146310,3,2,5,7,4,2,4,6994
4414,5148645,5148642,5148647,3,-5,5,8,2,1,4,6996
4415,5150975,5150980,5150978,-5,2,5,8,1,0,4,6997
4416,5153313,5153311,5153308,2,3,5,8,4,2,4,6999
4417,5155645,5155642,5155647,3,-5,5,8,2,1,4,7000
4418,5157976,5157981,5157979,-5,2,5,8,1,0,4,7002
4419,5160316,5160314,5160311,2,3,5,8,4,2,4,7003
4420,5162649,5162646,5162651,3,-5,5,8,2,1,4,7005
4421,5164982,5164987,5164985,-5,2,5,8,1,0,4,7007
4422,5167324,5167322,5167318,2,4,6,10,4,2,4,7008
4423,5169659,5169655,5169660,4,-5,5,9,2,1,4,7010
4424,5171993,5171998,5171996,-5,2,5,8,1,0,4,7011
4425,5174336,5174334,5174330,2,4,6,10,4,2,4,7013
4426,5176673,5176669,5176674,4,-5,5,9,2,1,4,7015
4427,5179009,5179013,5179012,-4,1,4,7,1,0,4,7016
4428,5181353,5181351,5181348,2,3,5,8,4,2,4,7018
4429,5183692,5183688,5183693,4,-5,5,9,2,1,4,7019
4430,5186029,5186033,5186032,-4,1,4,7,1,0,4,7021
4431,5188375,5188373,5188370,2,3,5,8,4,2,4,7022
4432,5190715,5190711,5190716,4,-5,5,9,2,1,4,7024
4433,5193054,5193058,5193057,-4,1,4,7,1,0,4,7026
4434,5195401,5195400,5195397,1,3,4,7,4,2,4,7027
4435,5197743,5197740,5197744,3,-4,4,7,2,1,4,7029
4436,5200084,5200088,5200087,-4,1,4,7,1,0,4,7030
4437,5202432,5202431,5202428,1,3,4,7,4,2,4,7032
4438,5204776,5204773,5204777,3,-4,4,7,2,1,4,7034
4439,5207119,5207123,5207121,-4,2,4,6,1,0,4,7035
4440,5209469,5209467,5209464,2,3,5,8,4,2,4,7037
4441,5211814,5211811,5211815,3,-4,4,7,2,1,4,7038
4442,5214158,5214162,5214160,-4,2,4,6,1,0,4,7040
4443,5216510,5216508,5216505,2,3,5,8,4,2,4,7041
4444,5218856,5218853,5218857,3,-4,4,7,2,1,4,7043
4445,5221202,5221206,5221204,-4,2,4,6,1,0,4,7045
4446,5223556,5223553,5223551,3,2,5,7,4,2,4,7046
4447,5225903,5225900,5225905,3,-5,5,8,2,1,4,7048
4448,5228251,5228255,5228253,-4,2,4,6,1,0,4,7049
4449,5230606,5230603,5230601,3,2,5,7,4,2,4,7051
4450,5232955,5232952,5232957,3,-5,5,8,2,1,4,7053
4451,5235304,5235309,5235307,-5,2,5,8,1,0,4,7054
4452,5237661,5237659,5237656,2,3,5,8,4,2,4,7056
4453,5240012,5240009,5240014,3,-5,5,8,2,1,4,7057
4454,5242362,5242367,5242365,-5,2,5,8,1,0,4,7059
4455,5244721,5244719,5244716,2,3,5,8,4,2,4,7061
4456,5247074,5247071,5247075,3,-4,4,7,2,1,4,7062
4457,5249426,5249430,5249428,-4,2,4,6,1,0,4,7064
4458,5251786,5251784,5251781,2,3,5,8,4,2,4,7065
4459,5254140,5254137,5254141,3,-4,4,7,2,1,4,7067
4460,5256494,5256498,5256496,-4,2,4,6,1,0,4,7068
4461,5258855,5258853,5258850,2,3,5,8,4,2,4,7070
4462,5261211,5261208,5261212,3,-4,4,7,2,1,4,7072
4463,5263567,5263570,5263569,-3,1,3,5,1,0,4,7073
4464,5265929,5265927,5265925,2,2,4,6,4,2,4,7075
4465,5268287,5268284,5268288,3,-4,4,7,2,1,4,7076
4466,5270644,5270647,5270646,-3,1,3,5,1,0,4,7078
4467,5273008,5273006,5273004,2,2,4,6,4,2,4,7080
4468,5275367,5275365,5275369,2,-4,4,6,2,1,4,7081
4469,5277726,5277730,5277728,-4,2,4,6,1,0,4,7083
4470,5280092,5280090,5280088,2,2,4,6,4,2,4,7084
4471,5282452,5282450,5282454,2,-4,4,6,2,1,4,7086
4472,5284813,5284817,5284815,-4,2,4,6,1,0,4,7087
4473,5287180,5287178,5287176,2,2,4,6,4,2,4,7089
4474,5289542,5289540,5289544,2,-4,4,6,2,1,4,7091
4475,5291905,5291909,5291906,-4,3,4,5,1,0,4,7092
4476,5294274,5294271,5294269,3,2,5,7,4,2,4,7094
4477,5296637,5296635,5296639,2,-4,4,6,2,1,4,7095
4478,5299001,5299005,5299002,-4,3,4,5,1,0,4,7097
4479,5301372,5301369,5301367,3,2,5,7,4,2,4,7099
4480,5303737,5303734,5303739,3,-5,5,8,2,1,4,7100
4481,5306102,5306106,5306104,-4,2,4,6,1,0,4,7102
4482,5308475,5308472,5308470,3,2,5,7,4,2,4,7103
4483,5310841,5310838,5310843,3,-5,5,8,2,1,4,7105
4484,5313208,5313212,5313210,-4,2,4,6,1,0,4,7106
4485,5315582,5315579,5315577,3,2,5,7,4,2,4,7108
4486,5317950,5317947,5317952,3,-5,5,8,2,1,4,7110
4487,5320318,5320323,5320321,-5,2,5,8,1,0,4,7111
4488,5322694,5322692,5322689,2,3,5,8,4,2,4,7113
4489,5325064,5325061,5325066,3,-5,5,8,2,1,4,7114
4490,5327433,5327438,5327436,-5,2,5,8,1,0,4,7116
4491,5329811,5329809,5329806,2,3,5,8,4,2,4,7118
4492,5332183,5332180,5332184,3,-4,4,7,2,1,4,7119
4493,5334554,5334558,5334556,-4,2,4,6,1,0,4,7121
4494,5336933,5336931,5336928,2,3,5,8,4,2,4,7122
4495,5339306,5339303,5339307,3,-4,4,7,2,1,4,7124
4496,5341679,5341683,5341681,-4,2,4,6,1,0,4,7125
4497,5344059,5344057,5344054,2,3,5,8,4,2,4,7127
4498,5346434,5346431,5346435,3,-4,4,7,2,1,4,7129
4499,5348809,5348812,5348811,-3,1,3,5,1,0,4,7130
4500,5351190,5351188,5351186,2,2,4,6,4,2,4,7132
4501,5353567,5353564,5353568,3,-4,4,7,2,1,4,7133
4502,5355943,5355946,5355945,-3,1,3,5,1,0,4,7135
4503,5358326,5358324,5358322,2,2,4,6,4,2,4,7137
4504,5360704,5360702,5360706,2,-4,4,6,2,1,4,7138
4505,5363082,5363086,5363084,-4,2,4,6,1,0,4,7140
4506,5365467,5365465,5365463,2,2,4,6,4,2,4,7141
4507,5367846,5367844,5367848,2,-4,4,6,2,1,4,7143
4508,5370226,5370230,5370228,-4,2,4,6,1,0,4,7145
4509,5372613,5372611,5372608,2,3,5,8,4,2,4,7146
4510,5374994,5374991,5374995,3,-4,4,7,2,1,4,7148
4511,5377375,5377379,5377377,-4,2,4,6,1,0,4,7149
4512,5379763,5379761,5379758,2,3,5,8,4,2,4,7151
4513,5382146,5382143,5382147,3,-4,4,7,2,1,4,7152
4514,5384528,5384532,5384530,-4,2,4,6,1,0,4,7154
4515,5386918,5386916,5386913,2,3,5,8,4,2,4,7156
4516,5389303,5389299,5389304,4,-5,5,9,2,1,4,7157
4517,5391686,5391690,5391689,-4,1,4,7,1,0,4,7159
4518,5394078,5394076,5394073,2,3,5,8,4,2,4,7160
4519,5396464,5396460,5396465,4,-5,5,9,2,1,4,7162
4520,5398849,5398853,5398852,-4,1,4,7,1,0,4,7164
4521,5401242,5401241,5401238,1,3,4,7,4,2,4,7165
4522,5403630,5403627,5403631,3,-4,4,7,2,1,4,7167
4523,5406017,5406021,5406020,-4,1,4,7,1,0,4,7168
4524,5408411,5408410,5408407,1,3,4,7,4,2,4,7170
4525,5410801,5410798,5410802,3,-4,4,7,2,1,4,7171
4526,5413189,5413193,5413192,-4,1,4,7,1,0,4,7173
4527,5415585,5415584,5415581,1,3,4,7,4,2,4,7175
4528,5417977,5417974,5417977,3,-3,3,6,2,1,4,7176
4529,5420367,5420370,5420369,-3,1,3,5,1,0,4,7178
4530,5422764,5422763,5422760,1,3,4,7,4,2,4,7179
4531,5425157,5425154,5425157,3,-3,3,6,2,1,4,7181
4532,5427549,5427552,5427551,-3,1,3,5,1,0,4,7183
4533,5429948,5429946,5429944,2,2,4,6,4,2,4,7184
4534,5432342,5432339,5432343,3,-4,4,7,2,1,4,7186
4535,5434736,5434739,5434738,-3,1,3,5,1,0,4,7187
4536,5437136,5437134,5437132,2,2,4,6,4,2,4,7189
4537,5439532,5439529,5439533,3,-4,4,7,2,1,4,7190
4538,5441927,5441930,5441929,-3,1,3,5,1,0,4,7192
4539,5444329,5444327,5444325,2,2,4,6,4,2,4,7194
4540,5446726,5446724,5446728,2,-4,4,6,2,1,4,7195
4541,5449123,5449127,5449125,-4,2,4,6,1,0,4,7197
4542,5451527,5451525,5451523,2,2,4,6,4,2,4,7198
4543,5453925,5453923,5453927,2,-4,4,6,2,1,4,7200
4544,5456324,5456328,5456326,-4,2,4,6,1,0,4,7202
4545,5458730,5458728,5458725,2,3,5,8,4,2,4,7203
4546,5461130,5461127,5461131,3,-4,4,7,2,1,4,7205
4547,5463530,5463534,5463532,-4,2,4,6,1,0,4,7206
4548,5465937,5465935,5465932,2,3,5,8,4,2,4,7208
4549,5468339,5468336,5468340,3,-4,4,7,2,1,4,7209
4550,5470740,5470744,5470742,-4,2,4,6,1,0,4,7211
4551,5473149,5473147,5473144,2,3,5,8,4,2,4,7213
4552,5475553,5475549,5475554,4,-5,5,9,2,1,4,7214
4553,5477955,5477959,5477958,-4,1,4,7,1,0,4,7216
4554,5480366,5480364,5480361,2,3,5,8,4,2,4,7217
4555,5482771,5482767,5482772,4,-5,5,9,2,1,4,7219
4556,5485175,5485179,5485178,-4,1,4,7,1,0,4,7221
4557,5487587,5487586,5487583,1,3,4,7,4,2,4,7222
4558,5489994,5489991,5489995,3,-4,4,7,2,1,4,7224
4559,5492400,5492404,5492403,-4,1,4,7,1,0,4,7225
4560,5494813,5494812,5494809,1,3,4,7,4,2,4,7227
4561,5497222,5497219,5497223,3,-4,4,7,2,1,4,7229
4562,5499630,5499634,5499632,-4,2,4,6,1,0,4,7230
4563,5502045,5502043,5502040,2,3,5,8,4,2,4,7232
4564,5504455,5504452,5504456,3,-4,4,7,2,1,4,7233
4565,5506864,5506868,5506866,-4,2,4,6,1,0,4,7235
4566,5509281,5509279,5509276,2,3,5,8,4,2,4,7236
4567,5511692,5511689,5511693,3,-4,4,7,2,1,4,7238
4568,5514103,5514107,5514105,-4,2,4,6,1,0,4,7240
4569,5516522,5516519,5516517,3,2,5,7,4,2,4,7241
4570,5518934,5518931,5518936,3,-5,5,8,2,1,4,7243
4571,5521347,5521351,5521349,-4,2,4,6,1,0,4,7244
4572,5523767,5523764,5523762,3,2,5,7,4,2,4,7246
4573,5526181,5526178,5526183,3,-5,5,8,2,1,4,7248
4574,5528595,5528600,5528598,-5,2,5,8,1,0,4,7249
4575,5531017,5531015,5531012,2,3,5,8,4,2,4,7251
4576,5533433,5533430,5533435,3,-5,5,8,2,1,4,7252
4577,5535848,5535853,5535851,-5,2,5,8,1,0,4,7254
4578,5538272,5538270,5538267,2,3,5,8,4,2,4,7255
4579,5540689,5540686,5540691,3,-5,5,8,2,1,4,7257
4580,5543106,5543111,5543109,-5,2,5,8,1,0,4,7259
4581,5545532,5545530,5545526,2,4,6,10,4,2,4,7260
4582,5547951,5547947,5547952,4,-5,5,9,2,1,4,7262
4583,5550369,5550374,5550372,-5,2,5,8,1,0,4,7263
4584,5552796,5552794,5552790,2,4,6,10,4,2,4,7265
4585,5555217,5555213,5555218,4,-5,5,9,2,1,4,7267
4586,5557637,5557641,5557640,-4,1,4,7,1,0,4,7268
4587,5560065,5560063,5560060,2,3,5,8,4,2,4,7270
4588,5562488,5562484,5562489,4,-5,5,9,2,1,4,7271
4589,5564909,5564913,5564912,-4,1,4,7,1,0,4,7273
4590,5567339,5567337,5567334,2,3,5,8,4,2,4,7274
4591,5569763,5569759,5569764,4,-5,5,9,2,1,4,7276
4592,5572186,5572190,5572189,-4,1,4,7,1,0,4,7278
4593,5574617,5574616,5574613,1,3,4,7,4,2,4,7279
4594,5577043,5577040,5577044,3,-4,4,7,2,1,4,7281
4595,5579468,5579472,5579471,-4,1,4,7,1,0,4,7282
4596,5581900,5581899,5581896,1,3,4,7,4,2,4,7284
4597,5584328,5584325,5584329,3,-4,4,7,2,1,4,7286
4598,5586755,5586759,5586757,-4,2,4,6,1,0,4,7287
4599,5589189,5589187,5589184,2,3,5,8,4,2,4,7289
4600,5591618,5591615,5591619,3,-4,4,7,2,1,4,7290
4601,5594046,5594050,5594048,-4,2,4,6,1,0,4,7292
4602,5596482,5596480,5596477,2,3,5,8,4,2,4,7293
4603,5598912,5598909,5598913,3,-4,4,7,2,1,4,7295
4604,5601342,5601346,5601344,-4,2,4,6,1,0,4,7297
4605,5603780,5603777,5603775,3,2,5,7,4,2,4,7298
4606,5606211,5606208,5606213,3,-5,5,8,2,1,4,7300
4607,5608643,5608647,5608645,-4,2,4,6,1,0,4,7301
4608,5611082,5611079,5611077,3,2,5,7,4,2,4,7303
4609,5613515,5613512,5613517,3,-5,5,8,2,1,4,7305
4610,5615948,5615953,5615951,-5,2,5,8,1,0,4,7306
4611,5618389,5618387,5618384,2,3,5,8,4,2,4,7308
4612,5620824,5620821,5620826,3,-5,5,8,2,1,4,7309
4613,5623258,5623263,5623261,-5,2,5,8,1,0,4,7311
4614,5625701,5625699,5625696,2,3,5,8,4,2,4,7313
4615,5628138,5628135,5628139,3,-4,4,7,2,1,4,7314
4616,5630574,5630578,5630576,-4,2,4,6,1,0,4,7316
4617,5633018,5633016,5633013,2,3,5,8,4,2,4,7317
4618,5635456,5635453,5635457,3,-4,4,7,2,1,4,7319
4619,5637894,5637898,5637896,-4,2,4,6,1,0,4,7320
4620,5640339,5640337,5640334,2,3,5,8,4,2,4,7322
4621,5642779,5642776,5642780,3,-4,4,7,2,1,4,7324
4622,5645219,5645222,5645221,-3,1,3,5,1,0,4,7325
4623,5647665,5647663,5647661,2,2,4,6,4,2,4,7327
4624,5650107,5650104,5650108,3,-4,4,7,2,1,4,7328
4625,5652548,5652551,5652550,-3,1,3,5,1,0,4,7330
4626,5654996,5654994,5654992,2,2,4,6,4,2,4,7332
4627,5657439,5657437,5657441,2,-4,4,6,2,1,4,7333
4628,5659882,5659886,5659884,-4,2,4,6,1,0,4,7335
4629,5662332,5662330,5662328,2,2,4,6,4,2,4,7336
4630,5664776,5664774,5664778,2,-4,4,6,2,1,4,7338
4631,5667221,5667225,5667223,-4,2,4,6,1,0,4,7339
4632,5669672,5669670,5669668,2,2,4,6,4,2,4,7341
4633,5672118,5672116,5672120,2,-4,4,6,2,1,4,7343
4634,5674565,5674569,5674566,-4,3,4,5,1,0,4,7344
4635,5677018,5677015,5677013,3,2,5,7,4,2,4,7346
4636,5679465,5679463,5679467,2,-4,4,6,2,1,4,7347
4637,5681913,5681917,5681914,-4,3,4,5,1,0,4,7349
4638,5684368,5684365,5684363,3,2,5,7,4,2,4,7351
4639,5686817,5686814,5686819,3,-5,5,8,2,1,4,7352
4640,5689266,5689270,5689268,-4,2,4,6,1,0,4,7354
4641,5691723,5691720,5691718,3,2,5,7,4,2,4,7355
4642,5694173,5694170,5694175,3,-5,5,8,2,1,4,7357
4643,5696624,5696628,5696626,-4,2,4,6,1,0,4,7358
4644,5699082,5699079,5699077,3,2,5,7,4,2,4,7360
4645,5701534,5701531,5701536,3,-5,5,8,2,1,4,7362
4646,5703986,5703991,5703989,-5,2,5,8,1,0,4,7363
4647,5706446,5706444,5706441,2,3,5,8,4,2,4,7365
4648,5708900,5708897,5708902,3,-5,5,8,2,1,4,7366
4649,5711353,5711358,5711356,-5,2,5,8,1,0,4,7368
4650,5713815,5713813,5713810,2,3,5,8,4,2,4,7370
4651,5716271,5716268,5716272,3,-4,4,7,2,1,4,7371
4652,5718726,5718730,5718728,-4,2,4,6,1,0,4,7373
4653,5721189,5721187,5721184,2,3,5,8,4,2,4,7374
4654,5723646,5723643,5723647,3,-4,4,7,2,1,4,7376
4655,5726103,5726107,5726105,-4,2,4,6,1,0,4,7378
4656,5728568,5728565,5728563,3,2,5,7,4,2,4,7379
4657,5731026,5731023,5731028,3,-5,5,8,2,1,4,7381
4658,5733485,5733489,5733487,-4,2,4,6,1,0,4,7382
4659,5735951,5735948,5735946,3,2,5,7,4,2,4,7384
4660,5738411,5738408,5738413,3,-5,5,8,2,1,4,7385
4661,5740871,5740875,5740873,-4,2,4,6,1,0,4,7387
4662,5743339,5743336,5743334,3,2,5,7,4,2,4,7389
4663,5745800,5745798,5745803,2,-5,5,7,2,1,4,7390
4664,5748262,5748267,5748264,-5,3,5,7,1,0,4,7392
4665,5750732,5750729,5750727,3,2,5,7,4,2,4,7393
4666,5753194,5753192,5753197,2,-5,5,7,2,1,4,7395
4667,5755658,5755663,5755660,-5,3,5,7,1,0,4,7397
4668,5758130,5758127,5758124,3,3,6,9,4,2,4,7398
4669,5760594,5760591,5760596,3,-5,5,8,2,1,4,7400
4670,5763059,5763064,5763061,-5,3,5,7,1,0,4,7401
4671,5765532,5765529,5765526,3,3,6,9,4,2,4,7403
4672,5767998,5767995,5768000,3,-5,5,8,2,1,4,7404
4673,5770464,5770469,5770466,-5,3,5,7,1,0,4,7406
4674,5772939,5772936,5772933,3,3,6,9,4,2,4,7408
4675,5775407,5775403,5775409,4,-6,6,10,2,1,4,7409
4676,5777874,5777879,5777877,-5,2,5,8,1,0,4,7411
4677,5780351,5780348,5780345,3,3,6,9,4,2,4,7412
4678,5782820,5782816,5782822,4,-6,6,10,2,1,4,7414
4679,5785289,5785294,5785292,-5,2,5,8,1,0,4,7416
4680,5787767,5787765,5787762,2,3,5,8,4,2,4,7417
4681,5790238,5790235,5790240,3,-5,5,8,2,1,4,7419
4682,5792709,5792714,5792712,-5,2,5,8,1,0,4,7420
4683,5795188,5795186,5795183,2,3,5,8,4,2,4,7422
4684,5797661,5797658,5797663,3,-5,5,8,2,1,4,7423
4685,5800133,5800138,5800136,-5,2,5,8,1,0,4,7425
4686,5802614,5802612,5802609,2,3,5,8,4,2,4,7427
4687,5805089,5805086,5805090,3,-4,4,7,2,1,4,7428
4688,5807563,5807567,5807565,-4,2,4,6,1,0,4,7430
4689,5810045,5810043,5810040,2,3,5,8,4,2,4,7431
4690,5812521,5812518,5812522,3,-4,4,7,2,1,4,7433
4691,5814997,5815001,5814999,-4,2,4,6,1,0,4,7435
4692,5817481,5817478,5817476,3,2,5,7,4,2,4,7436
4693,5819958,5819955,5819960,3,-5,5,8,2,1,4,7438
4694,5822436,5822440,5822438,-4,2,4,6,1,0,4,7439
4695,5824921,5824918,5824916,3,2,5,7,4,2,4,7441
4696,5827400,5827397,5827402,3,-5,5,8,2,1,4,7442
4697,5829879,5829883,5829881,-4,2,4,6,1,0,4,7444
4698,5832366,5832363,5832361,3,2,5,7,4,2,4,7446
4699,5834846,5834844,5834849,2,-5,5,7,2,1,4,7447
4700,5837327,5837332,5837329,-5,3,5,7,1,0,4,7449
4701,5839816,5839813,5839811,3,2,5,7,4,2,4,7450
4702,5842297,5842295,5842300,2,-5,5,7,2,1,4,7452
4703,5844780,5844785,5844782,-5,3,5,7,1,0,4,7454
4704,5847271,5847268,5847265,3,3,6,9,4,2,4,7455
4705,5849754,5849751,5849756,3,-5,5,8,2,1,4,7457
4706,5852238,5852243,5852240,-5,3,5,7,1,0,4,7458
4707,5854730,5854727,5854724,3,3,6,9,4,2,4,7460
4708,5857215,5857212,5857217,3,-5,5,8,2,1,4,7462
4709,5859701,5859705,5859703,-4,2,4,6,1,0,4,7463
4710,5862194,5862191,5862189,3,2,5,7,4,2,4,7465
4711,5864681,5864678,5864683,3,-5,5,8,2,1,4,7466
4712,5867168,5867172,5867170,-4,2,4,6,1,0,4,7468
4713,5869663,5869660,5869658,3,2,5,7,4,2,4,7469
4714,5872151,5872148,5872153,3,-5,5,8,2,1,4,7471
4715,5874640,5874644,5874642,-4,2,4,6,1,0,4,7473
4716,5877136,5877134,5877132,2,2,4,6,4,2,4,7474
4717,5879626,5879624,5879628,2,-4,4,6,2,1,4,7476
4718,5882117,5882121,5882119,-4,2,4,6,1,0,4,7477
4719,5884614,5884612,5884610,2,2,4,6,4,2,4,7479
4720,5887106,5887104,5887108,2,-4,4,6,2,1,4,7481
4721,5889599,5889603,5889600,-4,3,4,5,1,0,4,7482
4722,5892098,5892095,5892093,3,2,5,7,4,2,4,7484
4723,5894591,5894589,5894593,2,-4,4,6,2,1,4,7485
4724,5897085,5897089,5897086,-4,3,4,5,1,0,4,7487
4725,5899586,5899583,5899581,3,2,5,7,4,2,4,7488
4726,5902080,5902078,5902082,2,-4,4,6,2,1,4,7490
4727,5904576,5904580,5904577,-4,3,4,5,1,0,4,7492
4728,5907079,5907075,5907074,4,1,5,6,4,2,4,7493
4729,5909574,5909572,5909577,2,-5,5,7,2,1,4,7495
4730,5912072,5912076,5912073,-4,3,4,5,1,0,4,7496
4731,5914576,5914572,5914571,4,1,5,6,4,2,4,7498
4732,5917073,5917071,5917076,2,-5,5,7,2,1,4,7500
4733,5919572,5919577,5919574,-5,3,5,7,1,0,4,7501
4734,5922078,5922075,5922073,3,2,5,7,4,2,4,7503
4735,5924577,5924575,5924580,2,-5,5,7,2,1,4,7504
4736,5927077,5927082,5927079,-5,3,5,7,1,0,4,7506
4737,5929585,5929582,5929580,3,2,5,7,4,2,4,7507
4738,5932085,5932083,5932088,2,-5,5,7,2,1,4,7509
4739,5934587,5934592,5934589,-5,3,5,7,1,0,4,7511
4740,5937097,5937094,5937091,3,3,6,9,4,2,4,7512
4741,5939599,5939596,5939601,3,-5,5,8,2,1,4,7514
4742,5942102,5942107,5942104,-5,3,5,7,1,0,4,7515
4743,5944613,5944610,5944607,3,3,6,9,4,2,4,7517
4744,5947117,5947114,5947119,3,-5,5,8,2,1,4,7519
4745,5949622,5949626,5949624,-4,2,4,6,1,0,4,7520
4746,5952134,5952131,5952129,3,2,5,7,4,2,4,7522
4747,5954640,5954637,5954642,3,-5,5,8,2,1,4,7523
4748,5957146,5957150,5957148,-4,2,4,6,1,0,4,7525
4749,5959660,5959657,5959655,3,2,5,7,4,2,4,7526
4750,5962167,5962164,5962169,3,-5,5,8,2,1,4,7528
4751,5964675,5964679,5964677,-4,2,4,6,1,0,4,7530
4752,5967190,5967188,5967186,2,2,4,6,4,2,4,7531
4753,5969699,5969697,5969701,2,-4,4,6,2,1,4,7533
4754,5972209,5972213,5972211,-4,2,4,6,1,0,4,7534
4755,5974725,5974723,5974721,2,2,4,6,4,2,4,7536
4756,5977236,5977234,5977238,2,-4,4,6,2,1,4,7538
4757,5979748,5979752,5979749,-4,3,4,5,1,0,4,7539
4758,5982266,5982263,5982261,3,2,5,7,4,2,4,7541
4759,5984778,5984776,5984780,2,-4,4,6,2,1,4,7542
4760,5987291,5987295,5987292,-4,3,4,5,1,0,4,7544
4761,5989811,5989808,5989806,3,2,5,7,4,2,4,7546
4762,5992325,5992322,5992327,3,-5,5,8,2,1,4,7547
4763,5994839,5994843,5994841,-4,2,4,6,1,0,4,7549
4764,5997361,5997358,5997356,3,2,5,7,4,2,4,7550
4765,5999876,5999873,5999878,3,-5,5,8,2,1,4,7552
4766,6002392,6002396,6002394,-4,2,4,6,1,0,4,7553
4767,6004915,6004912,6004910,3,2,5,7,4,2,4,7555
4768,6007432,6007429,6007434,3,-5,5,8,2,1,4,7557
4769,6009949,6009954,6009952,-5,2,5,8,1,0,4,7558
4770,6012474,6012472,6012469,2,3,5,8,4,2,4,7560
4771,6014993,6014990,6014995,3,-5,5,8,2,1,4,7561
4772,6017511,6017516,6017514,-5,2,5,8,1,0,4,7563
4773,6020038,6020036,6020033,2,3,5,8,4,2,4,7565
4774,6022559,6022556,6022560,3,-4,4,7,2,1,4,7566
4775,6025079,6025083,6025081,-4,2,4,6,1,0,4,7568
4776,6027607,6027605,6027602,2,3,5,8,4,2,4,7569
4777,6030129,6030126,6030130,3,-4,4,7,2,1,4,7571
4778,6032651,6032655,6032653,-4,2,4,6,1,0,4,7572
4779,6035180,6035178,6035175,2,3,5,8,4,2,4,7574
4780,6037704,6037701,6037705,3,-4,4,7,2,1,4,7576
4781,6040228,6040231,6040230,-3,1,3,5,1,0,4,7577
4782,6042758,6042756,6042754,2,2,4,6,4,2,4,7579
4783,6045284,6045281,6045285,3,-4,4,7,2,1,4,7580
4784,6047809,6047812,6047811,-3,1,3,5,1,0,4,7582
4785,6050341,6050339,6050337,2,2,4,6,4,2,4,7584
4786,6052868,6052866,6052870,2,-4,4,6,2,1,4,7585
4787,6055395,6055399,6055397,-4,2,4,6,1,0,4,7587
4788,6057929,6057927,6057925,2,2,4,6,4,2,4,7588
4789,6060457,6060455,6060459,2,-4,4,6,2,1,4,7590
4790,6062986,6062990,6062988,-4,2,4,6,1,0,4,7591
4791,6065521,6065519,6065517,2,2,4,6,4,2,4,7593
4792,6068051,6068049,6068053,2,-4,4,6,2,1,4,7595
4793,6070582,6070586,6070583,-4,3,4,5,1,0,4,7596
4794,6073119,6073116,6073114,3,2,5,7,4,2,4,7598
4795,6075650,6075648,6075652,2,-4,4,6,2,1,4,7599
4796,6078182,6078186,6078183,-4,3,4,5,1,0,4,7601
4797,6080721,6080718,6080716,3,2,5,7,4,2,4,7603
4798,6083254,6083251,6083256,3,-5,5,8,2,1,4,7604
4799,6085787,6085791,6085789,-4,2,4,6,1,0,4,7606
4800,6088328,6088325,6088323,3,2,5,7,4,2,4,7607
4801,6090862,6090859,6090864,3,-5,5,8,2,1,4,7609
4802,6093397,6093401,6093399,-4,2,4,6,1,0,4,7610
4803,6095939,6095936,6095934,3,2,5,7,4,2,4,7612
4804,6098475,6098472,6098477,3,-5,5,8,2,1,4,7614
4805,6101011,6101016,6101014,-5,2,5,8,1,0,4,7615
4806,6103555,6103553,6103550,2,3,5,8,4,2,4,7617
4807,6106093,6106090,6106095,3,-5,5,8,2,1,4,7618
4808,6108630,6108635,6108633,-5,2,5,8,1,0,4,7620
4809,6111176,6111174,6111171,2,3,5,8,4,2,4,7622
4810,6113716,6113713,6113717,3,-4,4,7,2,1,4,7623
4811,6116255,6116259,6116257,-4,2,4,6,1,0,4,7625
4812,6118802,6118800,6118797,2,3,5,8,4,2,4,7626
4813,6121343,6121340,6121344,3,-4,4,7,2,1,4,7628
4814,6123884,6123888,6123886,-4,2,4,6,1,0,4,7630
4815,6126433,6126430,6126428,3,2,5,7,4,2,4,7631
4816,6128975,6128972,6128977,3,-5,5,8,2,1,4,7633
4817,6131518,6131522,6131520,-4,2,4,6,1,0,4,7634
4818,6134068,6134065,6134063,3,2,5,7,4,2,4,7636
4819,6136612,6136609,6136614,3,-5,5,8,2,1,4,7637
4820,6139156,6139160,6139158,-4,2,4,6,1,0,4,7639
4821,6141708,6141705,6141703,3,2,5,7,4,2,4,7641
4822,6144253,6144251,6144256,2,-5,5,7,2,1,4,7642
4823,6146799,6146804,6146801,-5,3,5,7,1,0,4,7644
4824,6149353,6149350,6149348,3,2,5,7,4,2,4,7645
4825,6151899,6151897,6151902,2,-5,5,7,2,1,4,7647
4826,6154447,6154452,6154449,-5,3,5,7,1,0,4,7649
4827,6157003,6157000,6156997,3,3,6,9,4,2,4,7650
4828,6159551,6159548,6159553,3,-5,5,8,2,1,4,7652
4829,6162100,6162105,6162102,-5,3,5,7,1,0,4,7653
4830,6164657,6164654,6164651,3,3,6,9,4,2,4,7655
4831,6167207,6167204,6167209,3,-5,5,8,2,1,4,7656
4832,6169757,6169762,6169759,-5,3,5,7,1,0,4,7658
4833,6172316,6172313,6172310,3,3,6,9,4,2,4,7660
4834,6174868,6174864,6174870,4,-6,6,10,2,1,4,7661
4835,6177419,6177424,6177422,-5,2,5,8,1,0,4,7663
4836,6179980,6179977,6179974,3,3,6,9,4,2,4,7664
4837,6182533,6182529,6182535,4,-6,6,10,2,1,4,7666
4838,6185086,6185091,6185089,-5,2,5,8,1,0,4,7668
4839,6187648,6187646,6187643,2,3,5,8,4,2,4,7669
4840,6190203,6190200,6190205,3,-5,5,8,2,1,4,7671
4841,6192758,6192763,6192761,-5,2,5,8,1,0,4,7672
4842,6195321,6195319,6195316,2,3,5,8,4,2,4,7674
4843,6197878,6197875,6197880,3,-5,5,8,2,1,4,7675
4844,6200434,6200439,6200437,-5,2,5,8,1,0,4,7677
4845,6202999,6202997,6202994,2,3,5,8,4,2,4,7679
4846,6205558,6205555,6205559,3,-4,4,7,2,1,4,7680
4847,6208116,6208120,6208118,-4,2,4,6,1,0,4,7682
4848,6210682,6210680,6210677,2,3,5,8,4,2,4,7683
4849,6213242,6213239,6213243,3,-4,4,7,2,1,4,7685
4850,6215802,6215806,6215804,-4,2,4,6,1,0,4,7687
4851,6218370,6218367,6218365,3,2,5,7,4,2,4,7688
4852,6220931,6220928,6220933,3,-5,5,8,2,1,4,7690
4853,6223493,6223497,6223495,-4,2,4,6,1,0,4,7691
4854,6226062,6226059,6226057,3,2,5,7,4,2,4,7693
4855,6228625,6228622,6228627,3,-5,5,8,2,1,4,7694
4856,6231188,6231192,6231190,-4,2,4,6,1,0,4,7696
4857,6233759,6233756,6233754,3,2,5,7,4,2,4,7698
4858,6236323,6236321,6236326,2,-5,5,7,2,1,4,7699
4859,6238888,6238893,6238890,-5,3,5,7,1,0,4,7701
4860,6241461,6241458,6241456,3,2,5,7,4,2,4,7702
4861,6244026,6244024,6244029,2,-5,5,7,2,1,4,7704
4862,6246593,6246598,6246595,-5,3,5,7,1,0,4,7706
4863,6249168,6249165,6249162,3,3,6,9,4,2,4,7707
4864,6251735,6251732,6251737,3,-5,5,8,2,1,4,7709
4865,6254303,6254308,6254305,-5,3,5,7,1,0,4,7710
4866,6256879,6256876,6256873,3,3,6,9,4,2,4,7712
4867,6259448,6259445,6259450,3,-5,5,8,2,1,4,7714
4868,6262018,6262022,6262020,-4,2,4,6,1,0,4,7715
4869,6264595,6264592,6264590,3,2,5,7,4,2,4,7717
4870,6267166,6267163,6267168,3,-5,5,8,2,1,4,7718
4871,6269737,6269741,6269739,-4,2,4,6,1,0,4,7720
4872,6272316,6272313,6272311,3,2,5,7,4,2,4,7721
4873,6274888,6274885,6274890,3,-5,5,8,2,1,4,7723
4874,6277461,6277465,6277463,-4,2,4,6,1,0,4,7725
4875,6280041,6280039,6280037,2,2,4,6,4,2,4,7726
4876,6282615,6282613,6282617,2,-4,4,6,2,1,4,7728
4877,6285190,6285194,6285192,-4,2,4,6,1,0,4,7729
4878,6287771,6287769,6287767,2,2,4,6,4,2,4,7731
4879,6290347,6290345,6290349,2,-4,4,6,2,1,4,7733
4880,6292924,6292928,6292925,-4,3,4,5,1,0,4,7734
4881,6295507,6295504,6295502,3,2,5,7,4,2,4,7736
4882,6298084,6298082,6298086,2,-4,4,6,2,1,4,7737
4883,6300662,6300666,6300663,-4,3,4,5,1,0,4,7739
4884,6303247,6303244,6303242,3,2,5,7,4,2,4,7740
4885,6305825,6305823,6305827,2,-4,4,6,2,1,4,7742
4886,6308405,6308409,6308406,-4,3,4,5,1,0,4,7744
4887,6310992,6310988,6310987,4,1,5,6,4,2,4,7745
4888,6313571,6313569,6313574,2,-5,5,7,2,1,4,7747
4889,6316153,6316157,6316154,-4,3,4,5,1,0,4,7748
4890,6318741,6318737,6318736,4,1,5,6,4,2,4,7750
4891,6321322,6321320,6321325,2,-5,5,7,2,1,4,7752
4892,6323905,6323910,6323907,-5,3,5,7,1,0,4,7753
4893,6326495,6326492,6326490,3,2,5,7,4,2,4,7755
4894,6329078,6329076,6329081,2,-5,5,7,2,1,4,7756
4895,6331662,6331667,6331664,-5,3,5,7,1,0,4,7758
4896,6334254,6334251,6334249,3,2,5,7,4,2,4,7759
4897,6336838,6336836,6336841,2,-5,5,7,2,1,4,7761
4898,6339424,6339429,6339426,-5,3,5,7,1,0,4,7763
4899,6342018,6342015,6342012,3,3,6,9,4,2,4,7764
4900,6344604,6344601,6344606,3,-5,5,8,2,1,4,7766
4901,6347191,6347196,6347193,-5,3,5,7,1,0,4,7767
4902,6349786,6349783,6349780,3,3,6,9,4,2,4,7769
4903,6352374,6352371,6352376,3,-5,5,8,2,1,4,7771
4904,6354963,6354967,6354965,-4,2,4,6,1,0,4,7772
4905,6357559,6357556,6357554,3,2,5,7,4,2,4,7774
4906,6360149,6360146,6360151,3,-5,5,8,2,1,4,7775
4907,6362739,6362743,6362741,-4,2,4,6,1,0,4,7777
4908,6365337,6365334,6365332,3,2,5,7,4,2,4,7778
4909,6367928,6367925,6367930,3,-5,5,8,2,1,4,7780
4910,6370520,6370524,6370522,-4,2,4,6,1,0,4,7782
4911,6373119,6373117,6373115,2,2,4,6,4,2,4,7783
4912,6375712,6375710,6375714,2,-4,4,6,2,1,4,7785
4913,6378306,6378310,6378308,-4,2,4,6,1,0,4,7786
4914,6380906,6380904,6380902,2,2,4,6,4,2,4,7788
4915,6383501,6383499,6383503,2,-4,4,6,2,1,4,7790
4916,6386097,6386101,6386098,-4,3,4,5,1,0,4,7791
4917,6388699,6388696,6388694,3,2,5,7,4,2,4,7793
4918,6391295,6391293,6391297,2,-4,4,6,2,1,4,7794
4919,6393892,6393896,6393893,-4,3,4,5,1,0,4,7796
4920,6396496,6396493,6396491,3,2,5,7,4,2,4,7798
4921,6399094,6399091,6399096,3,-5,5,8,2,1,4,7799
4922,6401692,6401696,6401694,-4,2,4,6,1,0,4,7801
4923,6404298,6404295,6404293,3,2,5,7,4,2,4,7802
4924,6406897,6406894,6406899,3,-5,5,8,2,1,4,7804
4925,6409497,6409501,6409499,-4,2,4,6,1,0,4,7805
4926,6412104,6412101,6412099,3,2,5,7,4,2,4,7807
4927,6414705,6414702,6414707,3,-5,5,8,2,1,4,7809
4928,6417306,6417311,6417309,-5,2,5,8,1,0,4,7810
4929,6419915,6419913,6419910,2,3,5,8,4,2,4,7812
4930,6422518,6422515,6422520,3,-5,5,8,2,1,4,7813
4931,6425120,6425125,6425123,-5,2,5,8,1,0,4,7815
4932,6427731,6427729,6427726,2,3,5,8,4,2,4,7817
4933,6430336,6430333,6430337,3,-4,4,7,2,1,4,7818
4934,6432940,6432944,6432942,-4,2,4,6,1,0,4,7820
4935,6435552,6435550,6435547,2,3,5,8,4,2,4,7821
4936,6438158,6438155,6438159,3,-4,4,7,2,1,4,7823
4937,6440764,6440768,6440766,-4,2,4,6,1,0,4,7824
4938,6443377,6443375,6443372,2,3,5,8,4,2,4,7826
4939,6445985,6445982,6445986,3,-4,4,7,2,1,4,7828
4940,6448593,6448596,6448595,-3,1,3,5,1,0,4,7829
4941,6451207,6451205,6451203,2,2,4,6,4,2,4,7831
4942,6453817,6453814,6453818,3,-4,4,7,2,1,4,7832
4943,6456426,6456429,6456428,-3,1,3,5,1,0,4,7834
4944,6459042,6459040,6459038,2,2,4,6,4,2,4,7836
4945,6461653,6461651,6461655,2,-4,4,6,2,1,4,7837
4946,6464264,6464268,6464266,-4,2,4,6,1,0,4,7839
4947,6466882,6466880,6466878,2,2,4,6,4,2,4,7840
4948,6469494,6469492,6469496,2,-4,4,6,2,1,4,7842
4949,6472107,6472111,6472109,-4,2,4,6,1,0,4,7843
4950,6474726,6474724,6474722,2,2,4,6,4,2,4,7845
4951,6477340,6477338,6477342,2,-4,4,6,2,1,4,7847
4952,6479955,6479959,6479956,-4,3,4,5,1,0,4,7848
4953,6482576,6482573,6482571,3,2,5,7,4,2,4,7850
4954,6485191,6485189,6485193,2,-4,4,6,2,1,4,7851
4955,6487807,6487811,6487808,-4,3,4,5,1,0,4,7853
4956,6490430,6490427,6490425,3,2,5,7,4,2,4,7855
4957,6493047,6493044,6493049,3,-5,5,8,2,1,4,7856
4958,6495664,6495668,6495666,-4,2,4,6,1,0,4,7858
4959,6498289,6498286,6498284,3,2,5,7,4,2,4,7859
4960,6500907,6500904,6500909,3,-5,5,8,2,1,4,7861
4961,6503526,6503530,6503528,-4,2,4,6,1,0,4,7862
4962,6506152,6506149,6506147,3,2,5,7,4,2,4,7864
4963,6508772,6508769,6508774,3,-5,5,8,2,1,4,7866
4964,6511392,6511397,6511395,-5,2,5,8,1,0,4,7867
4965,6514020,6514018,6514015,2,3,5,8,4,2,4,7869
4966,6516642,6516639,6516644,3,-5,5,8,2,1,4,7870
4967,6519263,6519268,6519266,-5,2,5,8,1,0,4,7872
4968,6521893,6521891,6521888,2,3,5,8,4,2,4,7874
4969,6524517,6524514,6524518,3,-4,4,7,2,1,4,7875
4970,6527140,6527144,6527142,-4,2,4,6,1,0,4,7877
4971,6529771,6529769,6529766,2,3,5,8,4,2,4,7878
4972,6532396,6532393,6532397,3,-4,4,7,2,1,4,7880
4973,6535021,6535025,6535023,-4,2,4,6,1,0,4,7882
4974,6537654,6537651,6537649,3,2,5,7,4,2,4,7883
4975,6540280,6540277,6540282,3,-5,5,8,2,1,4,7885
4976,6542907,6542911,6542909,-4,2,4,6,1,0,4,7886
4977,6545541,6545538,6545536,3,2,5,7,4,2,4,7888
4978,6548169,6548166,6548171,3,-5,5,8,2,1,4,7889
4979,6550797,6550801,6550799,-4,2,4,6,1,0,4,7891
4980,6553433,6553430,6553428,3,2,5,7,4,2,4,7893
4981,6556062,6556060,6556065,2,-5,5,7,2,1,4,7894
4982,6558692,6558697,6558694,-5,3,5,7,1,0,4,7896
4983,6561330,6561327,6561325,3,2,5,7,4,2,4,7897
4984,6563960,6563958,6563963,2,-5,5,7,2,1,4,7899
4985,6566592,6566597,6566594,-5,3,5,7,1,0,4,7901
4986,6569232,6569229,6569226,3,3,6,9,4,2,4,7902
4987,6571864,6571861,6571866,3,-5,5,8,2,1,4,7904
4988,6574497,6574502,6574499,-5,3,5,7,1,0,4,7905
4989,6577138,6577135,6577132,3,3,6,9,4,2,4,7907
4990,6579772,6579769,6579774,3,-5,5,8,2,1,4,7908
4991,6582406,6582411,6582408,-5,3,5,7,1,0,4,7910
4992,6585049,6585046,6585043,3,3,6,9,4,2,4,7912
4993,6587685,6587681,6587687,4,-6,6,10,2,1,4,7913
4994,6590320,6590325,6590323,-5,2,5,8,1,0,4,7915
4995,6592965,6592962,6592959,3,3,6,9,4,2,4,7916
4996,6595602,6595598,6595604,4,-6,6,10,2,1,4,7918
4997,6598239,6598244,6598242,-5,2,5,8,1,0,4,7920
4998,6600885,6600883,6600880,2,3,5,8,4,2,4,7921
4999,6603524,6603521,6603526,3,-5,5,8,2,1,4,7923
5000,6606163,6606168,6606166,-5,2,5,8,1,0,4,7924
5001,6608810,6608808,6608805,2,3,5,8,4,2,4,7926
5002,6611451,6611448,6611453,3,-5,5,8,2,1,4,7927
5003,6614091,6614096,6614094,-5,2,5,8,1,0,4,7929
5004,6616740,6616738,6616735,2,3,5,8,4,2,4,7931
5005,6619383,6619380,6619384,3,-4,4,7,2,1,4,7932
5006,6622025,6622029,6622027,-4,2,4,6,1,0,4,7934
5007,6624675,6624673,6624670,2,3,5,8,4,2,4,7935
5008,6627319,6627316,6627320,3,-4,4,7,2,1,4,7937
5009,6629963,6629967,6629965,-4,2,4,6,1,0,4,7939
5010,6632615,6632612,6632610,3,2,5,7,4,2,4,7940
5011,6635260,6635257,6635262,3,-5,5,8,2,1,4,7942
5012,6637906,6637910,6637908,-4,2,4,6,1,0,4,7943
5013,6640559,6640556,6640554,3,2,5,7,4,2,4,7945
5014,6643206,6643203,6643208,3,-5,5,8,2,1,4,7947
5015,6645853,6645858,6645856,-5,2,5,8,1,0,4,7948
5016,6648508,6648506,6648503,2,3,5,8,4,2,4,7950
5017,6651157,6651154,6651159,3,-5,5,8,2,1,4,7951
5018,6653805,6653810,6653808,-5,2,5,8,1,0,4,7953
5019,6656462,6656460,6656457,2,3,5,8,4,2,4,7954
5020,6659112,6659109,6659114,3,-5,5,8,2,1,4,7956
5021,6661762,6661767,6661765,-5,2,5,8,1,0,4,7958
5022,6664421,6664419,6664415,2,4,6,10,4,2,4,7959
5023,6667073,6667069,6667074,4,-5,5,9,2,1,4,7961
5024,6669724,6669729,6669727,-5,2,5,8,1,0,4,7962
5025,6672384,6672382,6672378,2,4,6,10,4,2,4,7964
5026,6675038,6675034,6675039,4,-5,5,9,2,1,4,7966
5027,6677691,6677695,6677694,-4,1,4,7,1,0,4,7967
5028,6680352,6680350,6680347,2,3,5,8,4,2,4,7969
5029,6683008,6683004,6683009,4,-5,5,9,2,1,4,7970
5030,6685662,6685666,6685665,-4,1,4,7,1,0,4,7972
5031,6688325,6688323,6688320,2,3,5,8,4,2,4,7973
5032,6690982,6690978,6690983,4,-5,5,9,2,1,4,7975
5033,6693638,6693642,6693641,-4,1,4,7,1,0,4,7977
5034,6696302,6696301,6696298,1,3,4,7,4,2,4,7978
5035,6698961,6698958,6698962,3,-4,4,7,2,1,4,7980
5036,6701619,6701623,6701622,-4,1,4,7,1,0,4,7981
5037,6704284,6704283,6704280,1,3,4,7,4,2,4,7983
5038,6706945,6706942,6706946,3,-4,4,7,2,1,4,7985
5039,6709605,6709609,6709607,-4,2,4,6,1,0,4,7986
5040,6712272,6712270,6712267,2,3,5,8,4,2,4,7988
5041,6714934,6714931,6714935,3,-4,4,7,2,1,4,7989
5042,6717595,6717599,6717597,-4,2,4,6,1,0,4,7991
5043,6720264,6720262,6720259,2,3,5,8,4,2,4,7992
5044,6722927,6722924,6722928,3,-4,4,7,2,1,4,7994
5045,6725590,6725594,6725592,-4,2,4,6,1,0,4,7996
5046,6728261,6728258,6728256,3,2,5,7,4,2,4,7997
5047,6730925,6730922,6730927,3,-5,5,8,2,1,4,7999
5048,6733590,6733594,6733592,-4,2,4,6,1,0,4,8000
5049,6736262,6736259,6736257,3,2,5,7,4,2,4,8002
5050,6738928,6738925,6738930,3,-5,5,8,2,1,4,8004
5051,6741594,6741599,6741597,-5,2,5,8,1,0,4,8005
5052,6744268,6744266,6744263,2,3,5,8,4,2,4,8007
5053,6746936,6746933,6746938,3,-5,5,8,2,1,4,8008
5054,6749603,6749608,6749606,-5,2,5,8,1,0,4,8010
5055,6752279,6752277,6752274,2,3,5,8,4,2,4,8011
5056,6754948,6754945,6754950,3,-5,5,8,2,1,4,8013
5057,6757617,6757622,6757620,-5,2,5,8,1,0,4,8015
5058,6760295,6760293,6760289,2,4,6,10,4,2,4,8016
5059,6762966,6762962,6762967,4,-5,5,9,2,1,4,8018
5060,6765636,6765641,6765639,-5,2,5,8,1,0,4,8019
5061,6768315,6768313,6768309,2,4,6,10,4,2,4,8021
5062,6770988,6770984,6770989,4,-5,5,9,2,1,4,8023
5063,6773660,6773664,6773663,-4,1,4,7,1,0,4,8024
5064,6776340,6776338,6776335,2,3,5,8,4,2,4,8026
5065,6779015,6779011,6779016,4,-5,5,9,2,1,4,8027
5066,6781688,6781692,6781691,-4,1,4,7,1,0,4,8029
5067,6784370,6784368,6784365,2,3,5,8,4,2,4,8031
5068,6787046,6787043,6787048,3,-5,5,8,2,1,4,8032
5069,6789721,6789726,6789724,-5,2,5,8,1,0,4,8034
5070,6792405,6792403,6792400,2,3,5,8,4,2,4,8035
5071,6795082,6795079,6795084,3,-5,5,8,2,1,4,8037
5072,6797759,6797764,6797762,-5,2,5,8,1,0,4,8038
5073,6800444,6800442,6800439,2,3,5,8,4,2,4,8040
5074,6803123,6803120,6803125,3,-5,5,8,2,1,4,8042
5075,6805802,6805807,6805804,-5,3,5,7,1,0,4,8043
5076,6808489,6808486,6808483,3,3,6,9,4,2,4,8045
5077,6811169,6811166,6811171,3,-5,5,8,2,1,4,8046
5078,6813849,6813854,6813851,-5,3,5,7,1,0,4,8048
5079,6816538,6816535,6816532,3,3,6,9,4,2,4,8050
5080,6819220,6819216,6819222,4,-6,6,10,2,1,4,8051
5081,6821901,6821906,6821904,-5,2,5,8,1,0,4,8053
5082,6824592,6824589,6824586,3,3,6,9,4,2,4,8054
5083,6827275,6827271,6827277,4,-6,6,10,2,1,4,8056
5084,6829958,6829963,6829961,-5,2,5,8,1,0,4,8057
5085,6832650,6832647,6832644,3,3,6,9,4,2,4,8059
5086,6835335,6835331,6835337,4,-6,6,10,2,1,4,8061
5087,6838019,6838025,6838023,-6,2,6,10,1,0,4,8062
5088,6840713,6840711,6840707,2,4,6,10,4,2,4,8064
5089,6843400,6843396,6843402,4,-6,6,10,2,1,4,8065
5090,6846085,6846091,6846089,-6,2,6,10,1,0,4,8067
5091,6848781,6848779,6848775,2,4,6,10,4,2,4,8069
5092,6851470,6851466,6851471,4,-5,5,9,2,1,4,8070
5093,6854157,6854162,6854160,-5,2,5,8,1,0,4,8072
5094,6856854,6856852,6856848,2,4,6,10,4,2,4,8073
5095,6859544,6859540,6859545,4,-5,5,9,2,1,4,8075
5096,6862233,6862238,6862236,-5,2,5,8,1,0,4,8076
5097,6864931,6864929,6864925,2,4,6,10,4,2,4,8078
5098,6867623,6867619,6867624,4,-5,5,9,2,1,4,8080
5099,6870314,6870318,6870317,-4,1,4,7,1,0,4,8081
5100,6873013,6873011,6873008,2,3,5,8,4,2,4,8083
5101,6875707,6875703,6875708,4,-5,5,9,2,1,4,8084
5102,6878399,6878403,6878402,-4,1,4,7,1,0,4,8086
5103,6881100,6881098,6881095,2,3,5,8,4,2,4,8088
5104,6883795,6883792,6883797,3,-5,5,8,2,1,4,8089
5105,6886489,6886494,6886492,-5,2,5,8,1,0,4,8091
5106,6889192,6889190,6889187,2,3,5,8,4,2,4,8092
5107,6891888,6891885,6891890,3,-5,5,8,2,1,4,8094
5108,6894584,6894589,6894587,-5,2,5,8,1,0,4,8095
5109,6897288,6897286,6897283,2,3,5,8,4,2,4,8097
5110,6899986,6899983,6899988,3,-5,5,8,2,1,4,8099
5111,6902684,6902689,6902686,-5,3,5,7,1,0,4,8100
5112,6905390,6905387,6905384,3,3,6,9,4,2,4,8102
5113,6908089,6908086,6908091,3,-5,5,8,2,1,4,8103
5114,6910788,6910793,6910790,-5,3,5,7,1,0,4,8105
5115,6913496,6913493,6913490,3,3,6,9,4,2,4,8107
5116,6916197,6916193,6916199,4,-6,6,10,2,1,4,8108
5117,6918897,6918902,6918900,-5,2,5,8,1,0,4,8110
5118,6921607,6921604,6921601,3,3,6,9,4,2,4,8111
5119,6924309,6924305,6924311,4,-6,6,10,2,1,4,8113
5120,6927011,6927016,6927014,-5,2,5,8,1,0,4,8115
5121,6929722,6929720,6929717,2,3,5,8,4,2,4,8116
5122,6932426,6932423,6932428,3,-5,5,8,2,1,4,8118
5123,6935130,6935135,6935133,-5,2,5,8,1,0,4,8119
5124,6937842,6937840,6937837,2,3,5,8,4,2,4,8121
5125,6940548,6940545,6940550,3,-5,5,8,2,1,4,8122
5126,6943253,6943258,6943256,-5,2,5,8,1,0,4,8124
5127,6945967,6945965,6945962,2,3,5,8,4,2,4,8126
5128,6948675,6948672,6948676,3,-4,4,7,2,1,4,8127
5129,6951382,6951386,6951384,-4,2,4,6,1,0,4,8129
5130,6954097,6954095,6954092,2,3,5,8,4,2,4,8130
5131,6956806,6956803,6956807,3,-4,4,7,2,1,4,8132
5132,6959515,6959519,6959517,-4,2,4,6,1,0,4,8134
5133,6962232,6962229,6962227,3,2,5,7,4,2,4,8135
5134,6964942,6964939,6964944,3,-5,5,8,2,1,4,8137
5135,6967653,6967657,6967655,-4,2,4,6,1,0,4,8138
5136,6970371,6970368,6970366,3,2,5,7,4,2,4,8140
5137,6973083,6973080,6973085,3,-5,5,8,2,1,4,8141
5138,6975795,6975799,6975797,-4,2,4,6,1,0,4,8143
5139,6978515,6978512,6978510,3,2,5,7,4,2,4,8145
5140,6981228,6981226,6981231,2,-5,5,7,2,1,4,8146
5141,6983942,6983947,6983944,-5,3,5,7,1,0,4,8148
5142,6986664,6986661,6986659,3,2,5,7,4,2,4,8149
5143,6989378,6989376,6989381,2,-5,5,7,2,1,4,8151
5144,6992094,6992099,6992096,-5,3,5,7,1,0,4,8153
5145,6994818,6994815,6994812,3,3,6,9,4,2,4,8154
5146,6997534,6997531,6997536,3,-5,5,8,2,1,4,8156
5147,7000251,7000256,7000253,-5,3,5,7,1,0,4,8157
5148,7002976,7002973,7002970,3,3,6,9,4,2,4,8159
5149,7005694,7005691,7005696,3,-5,5,8,2,1,4,8160
5150,7008412,7008417,7008414,-5,3,5,7,1,0,4,8162
5151,7011139,7011136,7011133,3,3,6,9,4,2,4,8164
5152,7013859,7013855,7013861,4,-6,6,10,2,1,4,8165
5153,7016578,7016583,7016581,-5,2,5,8,1,0,4,8167
5154,7019307,7019304,7019301,3,3,6,9,4,2,4,8168
5155,7022028,7022024,7022030,4,-6,6,10,2,1,4,8170
5156,7024749,7024754,7024752,-5,2,5,8,1,0,4,8172
5157,7027479,7027477,7027474,2,3,5,8,4,2,4,8173
5158,7030202,7030199,7030204,3,-5,5,8,2,1,4,8175
5159,7032925,7032930,7032928,-5,2,5,8,1,0,4,8176
5160,7035656,7035654,7035651,2,3,5,8,4,2,4,8178
5161,7038381,7038378,7038383,3,-5,5,8,2,1,4,8179
5162,7041105,7041110,7041108,-5,2,5,8,1,0,4,8181
5163,7043838,7043836,7043833,2,3,5,8,4,2,4,8183
5164,7046565,7046562,7046566,3,-4,4,7,2,1,4,8184
5165,7049291,7049295,7049293,-4,2,4,6,1,0,4,8186
5166,7052025,7052023,7052020,2,3,5,8,4,2,4,8187
5167,7054753,7054750,7054754,3,-4,4,7,2,1,4,8189
5168,7057481,7057485,7057483,-4,2,4,6,1,0,4,8191
5169,7060217,7060214,7060212,3,2,5,7,4,2,4,8192
5170,7062946,7062943,7062948,3,-5,5,8,2,1,4,8194
5171,7065676,7065680,7065678,-4,2,4,6,1,0,4,8195
5172,7068413,7068410,7068408,3,2,5,7,4,2,4,8197
5173,7071144,7071141,7071146,3,-5,5,8,2,1,4,8199
5174,7073875,7073880,7073878,-5,2,5,8,1,0,4,8200
5175,7076614,7076612,7076609,2,3,5,8,4,2,4,8202
5176,7079347,7079344,7079349,3,-5,5,8,2,1,4,8203
5177,7082079,7082084,7082082,-5,2,5,8,1,0,4,8205
5178,7084820,7084818,7084815,2,3,5,8,4,2,4,8206
5179,7087554,7087551,7087556,3,-5,5,8,2,1,4,8208
5180,7090288,7090293,7090291,-5,2,5,8,1,0,4,8210
5181,7093031,7093029,7093025,2,4,6,10,4,2,4,8211
5182,7095767,7095763,7095768,4,-5,5,9,2,1,4,8213
5183,7098502,7098507,7098505,-5,2,5,8,1,0,4,8214
5184,7101246,7101244,7101240,2,4,6,10,4,2,4,8216
5185,7103984,7103980,7103985,4,-5,5,9,2,1,4,8218
5186,7106721,7106725,7106724,-4,1,4,7,1,0,4,8219
5187,7109466,7109464,7109461,2,3,5,8,4,2,4,8221
5188,7112206,7112202,7112207,4,-5,5,9,2,1,4,8222
5189,7114944,7114948,7114947,-4,1,4,7,1,0,4,8224
5190,7117691,7117689,7117686,2,3,5,8,4,2,4,8225
5191,7120432,7120428,7120433,4,-5,5,9,2,1,4,8227
5192,7123172,7123176,7123175,-4,1,4,7,1,0,4,8229
5193,7125920,7125919,7125916,1,3,4,7,4,2,4,8230
5194,7128663,7128660,7128664,3,-4,4,7,2,1,4,8232
5195,7131405,7131409,7131408,-4,1,4,7,1,0,4,8233
5196,7134154,7134153,7134150,1,3,4,7,4,2,4,8235
5197,7136899,7136896,7136900,3,-4,4,7,2,1,4,8237
5198,7139643,7139647,7139645,-4,2,4,6,1,0,4,8238
5199,7142394,7142392,7142389,2,3,5,8,4,2,4,8240
5200,7145140,7145137,7145141,3,-4,4,7,2,1,4,8241
5201,7147885,7147889,7147887,-4,2,4,6,1,0,4,8243
5202,7150638,7150636,7150633,2,3,5,8,4,2,4,8244
5203,7153385,7153382,7153386,3,-4,4,7,2,1,4,8246
5204,7156132,7156136,7156134,-4,2,4,6,1,0,4,8248
5205,7158887,7158884,7158882,3,2,5,7,4,2,4,8249
5206,7161635,7161632,7161637,3,-5,5,8,2,1,4,8251
5207,7164384,7164388,7164386,-4,2,4,6,1,0,4,8252
5208,7167140,7167137,7167135,3,2,5,7,4,2,4,8254
5209,7169890,7169887,7169892,3,-5,5,8,2,1,4,8256
5210,7172640,7172645,7172643,-5,2,5,8,1,0,4,8257
5211,7175398,7175396,7175393,2,3,5,8,4,2,4,8259
5212,7178150,7178147,7178152,3,-5,5,8,2,1,4,8260
5213,7180901,7180906,7180904,-5,2,5,8,1,0,4,8262
5214,7183661,7183659,7183656,2,3,5,8,4,2,4,8263
5215,7186414,7186411,7186416,3,-5,5,8,2,1,4,8265
5216,7189167,7189172,7189170,-5,2,5,8,1,0,4,8267
5217,7191929,7191927,7191923,2,4,6,10,4,2,4,8268
5218,7194684,7194680,7194685,4,-5,5,9,2,1,4,8270
5219,7197438,7197443,7197441,-5,2,5,8,1,0,4,8271
5220,7200201,7200199,7200195,2,4,6,10,4,2,4,8273
5221,7202958,7202954,7202959,4,-5,5,9,2,1,4,8275
5222,7205714,7205718,7205717,-4,1,4,7,1,0,4,8276
5223,7208478,7208476,7208473,2,3,5,8,4,2,4,8278
5224,7211237,7211233,7211238,4,-5,5,9,2,1,4,8279
5225,7213994,7213998,7213997,-4,1,4,7,1,0,4,8281
5226,7216760,7216758,7216755,2,3,5,8,4,2,4,8283
5227,7219520,7219517,7219522,3,-5,5,8,2,1,4,8284
5228,7222279,7222284,7222282,-5,2,5,8,1,0,4,8286
5229,7225047,7225045,7225042,2,3,5,8,4,2,4,8287
5230,7227808,7227805,7227810,3,-5,5,8,2,1,4,8289
5231,7230569,7230574,7230572,-5,2,5,8,1,0,4,8290
5232,7233338,7233336,7233333,2,3,5,8,4,2,4,8292
5233,7236101,7236098,7236103,3,-5,5,8,2,1,4,8294
5234,7238864,7238869,7238866,-5,3,5,7,1,0,4,8295
5235,7241635,7241632,7241629,3,3,6,9,4,2,4,8297
5236,7244399,7244396,7244401,3,-5,5,8,2,1,4,8298
5237,7247163,7247168,7247165,-5,3,5,7,1,0,4,8300
5238,7249936,7249933,7249930,3,3,6,9,4,2,4,8302
5239,7252702,7252698,7252704,4,-6,6,10,2,1,4,8303
5240,7255467,7255472,7255470,-5,2,5,8,1,0,4,8305
5241,7258242,7258239,7258236,3,3,6,9,4,2,4,8306
5242,7261009,7261005,7261011,4,-6,6,10,2,1,4,8308
5243,7263776,7263781,7263779,-5,2,5,8,1,0,4,8309
5244,7266552,7266549,7266546,3,3,6,9,4,2,4,8311
5245,7269321,7269317,7269323,4,-6,6,10,2,1,4,8313
5246,7272089,7272095,7272093,-6,2,6,10,1,0,4,8314
5247,7274867,7274865,7274861,2,4,6,10,4,2,4,8316
5248,7277638,7277634,7277640,4,-6,6,10,2,1,4,8317
5249,7280407,7280413,7280411,-6,2,6,10,1,0,4,8319
5250,7283187,7283185,7283181,2,4,6,10,4,2,4,8321
5251,7285960,7285956,7285961,4,-5,5,9,2,1,4,8322
5252,7288731,7288736,7288734,-5,2,5,8,1,0,4,8324
5253,7291512,7291510,7291506,2,4,6,10,4,2,4,8325
5254,7294286,7294282,7294287,4,-5,5,9,2,1,4,8327
5255,7297059,7297064,7297062,-5,2,5,8,1,0,4,8328
5256,7299841,7299839,7299835,2,4,6,10,4,2,4,8330
5257,7302617,7302613,7302618,4,-5,5,9,2,1,4,8332
5258,7305392,7305396,7305395,-4,1,4,7,1,0,4,8333
5259,7308175,7308173,7308170,2,3,5,8,4,2,4,8335
5260,7310953,7310949,7310954,4,-5,5,9,2,1,4,8336
5261,7313729,7313733,7313732,-4,1,4,7,1,0,4,8338
5262,7316514,7316512,7316509,2,3,5,8,4,2,4,8340
5263,7319293,7319290,7319295,3,-5,5,8,2,1,4,8341
5264,7322071,7322076,7322074,-5,2,5,8,1,0,4,8343
5265,7324858,7324856,7324853,2,3,5,8,4,2,4,8344
5266,7327638,7327635,7327640,3,-5,5,8,2,1,4,8346
5267,7330418,7330423,7330421,-5,2,5,8,1,0,4,8347
5268,7333206,7333204,7333201,2,3,5,8,4,2,4,8349
5269,7335988,7335985,7335990,3,-5,5,8,2,1,4,8351
5270,7338770,7338775,7338772,-5,3,5,7,1,0,4,8352
5271,7341560,7341557,7341554,3,3,6,9,4,2,4,8354
5272,7344343,7344340,7344345,3,-5,5,8,2,1,4,8355
5273,7347126,7347131,7347128,-5,3,5,7,1,0,4,8357
5274,7349918,7349915,7349912,3,3,6,9,4,2,4,8359
5275,7352703,7352699,7352705,4,-6,6,10,2,1,4,8360
5276,7355487,7355492,7355490,-5,2,5,8,1,0,4,8362
5277,7358281,7358278,7358275,3,3,6,9,4,2,4,8363
5278,7361067,7361063,7361069,4,-6,6,10,2,1,4,8365
5279,7363853,7363858,7363856,-5,2,5,8,1,0,4,8367
5280,7366648,7366646,7366643,2,3,5,8,4,2,4,8368
5281,7369436,7369433,7369438,3,-5,5,8,2,1,4,8370
5282,7372224,7372229,7372227,-5,2,5,8,1,0,4,8371
5283,7375020,7375018,7375015,2,3,5,8,4,2,4,8373
5284,7377810,7377807,7377812,3,-5,5,8,2,1,4,8374
5285,7380599,7380604,7380602,-5,2,5,8,1,0,4,8376
5286,7383397,7383395,7383392,2,3,5,8,4,2,4,8378
5287,7386189,7386186,7386190,3,-4,4,7,2,1,4,8379
5288,7388980,7388984,7388982,-4,2,4,6,1,0,4,8381
5289,7391779,7391777,7391774,2,3,5,8,4,2,4,8382
5290,7394572,7394569,7394573,3,-4,4,7,2,1,4,8384
5291,7397365,7397369,7397367,-4,2,4,6,1,0,4,8386
5292,7400166,7400163,7400161,3,2,5,7,4,2,4,8387
5293,7402960,7402957,7402962,3,-5,5,8,2,1,4,8389
5294,7405755,7405759,7405757,-4,2,4,6,1,0,4,8390
5295,7408557,7408554,7408552,3,2,5,7,4,2,4,8392
5296,7411353,7411350,7411355,3,-5,5,8,2,1,4,8393
5297,7414149,7414153,7414151,-4,2,4,6,1,0,4,8395
5298,7416953,7416950,7416948,3,2,5,7,4,2,4,8397
5299,7419750,7419748,7419753,2,-5,5,7,2,1,4,8398
5300,7422548,7422553,7422550,-5,3,5,7,1,0,4,8400
5301,7425354,7425351,7425349,3,2,5,7,4,2,4,8401
5302,7428152,7428150,7428155,2,-5,5,7,2,1,4,8403
5303,7430952,7430957,7430954,-5,3,5,7,1,0,4,8405
5304,7433760,7433757,7433754,3,3,6,9,4,2,4,8406
5305,7436560,7436557,7436562,3,-5,5,8,2,1,4,8408
5306,7439361,7439366,7439363,-5,3,5,7,1,0,4,8409
5307,7442170,7442167,7442164,3,3,6,9,4,2,4,8411
5308,7444972,7444969,7444974,3,-5,5,8,2,1,4,8412
5309,7447774,7447779,7447776,-5,3,5,7,1,0,4,8414
5310,7450585,7450582,7450579,3,3,6,9,4,2,4,8416
5311,7453389,7453385,7453391,4,-6,6,10,2,1,4,8417
5312,7456192,7456197,7456195,-5,2,5,8,1,0,4,8419
5313,7459005,7459002,7458999,3,3,6,9,4,2,4,8420
5314,7461810,7461806,7461812,4,-6,6,10,2,1,4,8422
5315,7464615,7464620,7464618,-5,2,5,8,1,0,4,8424
5316,7467429,7467427,7467424,2,3,5,8,4,2,4,8425
5317,7470236,7470233,7470238,3,-5,5,8,2,1,4,8427
5318,7473043,7473048,7473046,-5,2,5,8,1,0,4,8428
5319,7475858,7475856,7475853,2,3,5,8,4,2,4,8430
5320,7478667,7478664,7478669,3,-5,5,8,2,1,4,8432
5321,7481476,7481481,7481478,-5,3,5,7,1,0,4,8433
5322,7484293,7484290,7484287,3,3,6,9,4,2,4,8435
5323,7487103,7487100,7487105,3,-5,5,8,2,1,4,8436
5324,7489913,7489918,7489915,-5,3,5,7,1,0,4,8438
5325,7492732,7492729,7492726,3,3,6,9,4,2,4,8439
5326,7495543,7495540,7495545,3,-5,5,8,2,1,4,8441
5327,7498355,7498360,7498357,-5,3,5,7,1,0,4,8443
5328,7501176,7501172,7501170,4,2,6,8,4,2,4,8444
5329,7503988,7503985,7503991,3,-6,6,9,2,1,4,8446
5330,7506802,7506807,7506804,-5,3,5,7,1,0,4,8447
5331,7509624,7509620,7509618,4,2,6,8,4,2,4,8449
5332,7512438,7512435,7512441,3,-6,6,9,2,1,4,8451
5333,7515253,7515259,7515256,-6,3,6,9,1,0,4,8452
5334,7518077,7518074,7518071,3,3,6,9,4,2,4,8454
5335,7520893,7520890,7520896,3,-6,6,9,2,1,4,8455
5336,7523709,7523715,7523712,-6,3,6,9,1,0,4,8457
5337,7526535,7526532,7526529,3,3,6,9,4,2,4,8458
5338,7529352,7529349,7529355,3,-6,6,9,2,1,4,8460
5339,7532170,7532176,7532173,-6,3,6,9,1,0,4,8462
5340,7534998,7534995,7534991,3,4,7,11,4,2,4,8463
5341,7537817,7537813,7537819,4,-6,6,10,2,1,4,8465
5342,7540636,7540642,7540639,-6,3,6,9,1,0,4,8466
5343,7543465,7543462,7543458,3,4,7,11,4,2,4,8468
5344,7546286,7546282,7546288,4,-6,6,10,2,1,4,8470
5345,7549107,7549112,7549110,-5,2,5,8,1,0,4,8471
5346,7551937,7551934,7551931,3,3,6,9,4,2,4,8473
5347,7554760,7554756,7554762,4,-6,6,10,2,1,4,8474
5348,7557582,7557587,7557585,-5,2,5,8,1,0,4,8476
5349,7560414,7560411,7560408,3,3,6,9,4,2,4,8477
5350,7563238,7563234,7563240,4,-6,6,10,2,1,4,8479
5351,7566062,7566067,7566065,-5,2,5,8,1,0,4,8481
5352,7568895,7568893,7568890,2,3,5,8,4,2,4,8482
5353,7571721,7571718,7571723,3,-5,5,8,2,1,4,8484
5354,7574547,7574552,7574550,-5,2,5,8,1,0,4,8485
5355,7577381,7577379,7577376,2,3,5,8,4,2,4,8487
5356,7580209,7580206,7580211,3,-5,5,8,2,1,4,8489
5357,7583037,7583042,7583039,-5,3,5,7,1,0,4,8490
5358,7585873,7585870,7585867,3,3,6,9,4,2,4,8492
5359,7588702,7588699,7588704,3,-5,5,8,2,1,4,8493
5360,7591531,7591536,7591533,-5,3,5,7,1,0,4,8495
5361,7594369,7594366,7594363,3,3,6,9,4,2,4,8496
5362,7597199,7597196,7597201,3,-5,5,8,2,1,4,8498
5363,7600030,7600035,7600032,-5,3,5,7,1,0,4,8500
5364,7602870,7602866,7602864,4,2,6,8,4,2,4,8501
5365,7605701,7605698,7605704,3,-6,6,9,2,1,4,8503
5366,7608534,7608539,7608536,-5,3,5,7,1,0,4,8504
5367,7611375,7611371,7611369,4,2,6,8,4,2,4,8506
5368,7614208,7614205,7614211,3,-6,6,9,2,1,4,8508
5369,7617042,7617048,7617045,-6,3,6,9,1,0,4,8509
5370,7619885,7619882,7619879,3,3,6,9,4,2,4,8511
5371,7622720,7622717,7622723,3,-6,6,9,2,1,4,8512
5372,7625555,7625561,7625558,-6,3,6,9,1,0,4,8514
5373,7628400,7628397,7628394,3,3,6,9,4,2,4,8516
5374,7631237,7631234,7631239,3,-5,5,8,2,1,4,8517
5375,7634074,7634079,7634076,-5,3,5,7,1,0,4,8519
5376,7636920,7636917,7636914,3,3,6,9,4,2,4,8520
5377,7639758,7639755,7639760,3,-5,5,8,2,1,4,8522
5378,7642597,7642602,7642599,-5,3,5,7,1,0,4,8523
5379,7645444,7645441,7645438,3,3,6,9,4,2,4,8525
5380,7648284,7648281,7648286,3,-5,5,8,2,1,4,8527
5381,7651125,7651129,7651127,-4,2,4,6,1,0,4,8528
5382,7653973,7653970,7653968,3,2,5,7,4,2,4,8530
5383,7656815,7656812,7656817,3,-5,5,8,2,1,4,8531
5384,7659657,7659661,7659659,-4,2,4,6,1,0,4,8533
5385,7662507,7662504,7662502,3,2,5,7,4,2,4,8535
5386,7665350,7665348,7665353,2,-5,5,7,2,1,4,8536
5387,7668194,7668199,7668196,-5,3,5,7,1,0,4,8538
5388,7671046,7671043,7671041,3,2,5,7,4,2,4,8539
5389,7673890,7673888,7673893,2,-5,5,7,2,1,4,8541
5390,7676736,7676741,7676738,-5,3,5,7,1,0,4,8542
5391,7679589,7679586,7679584,3,2,5,7,4,2,4,8544
5392,7682435,7682433,7682438,2,-5,5,7,2,1,4,8546
5393,7685283,7685288,7685284,-5,4,5,6,1,0,4,8547
5394,7688138,7688134,7688132,4,2,6,8,4,2,4,8549
5395,7690985,7690983,7690988,2,-5,5,7,2,1,4,8550
5396,7693834,7693839,7693835,-5,4,5,6,1,0,4,8552
5397,7696691,7696687,7696685,4,2,6,8,4,2,4,8554
5398,7699540,7699537,7699543,3,-6,6,9,2,1,4,8555
5399,7702390,7702395,7702392,-5,3,5,7,1,0,4,8557
5400,7705249,7705245,7705243,4,2,6,8,4,2,4,8558
5401,7708099,7708096,7708102,3,-6,6,9,2,1,4,8560
5402,7710951,7710956,7710953,-5,3,5,7,1,0,4,8561
5403,7713811,7713807,7713805,4,2,6,8,4,2,4,8563
5404,7716663,7716660,7716666,3,-6,6,9,2,1,4,8565
5405,7719516,7719522,7719519,-6,3,6,9,1,0,4,8566
5406,7722378,7722375,7722372,3,3,6,9,4,2,4,8568
5407,7725232,7725229,7725235,3,-6,6,9,2,1,4,8569
5408,7728086,7728092,7728089,-6,3,6,9,1,0,4,8571
5409,7730950,7730947,7730944,3,3,6,9,4,2,4,8573
5410,7733806,7733803,7733808,3,-5,5,8,2,1,4,8574
5411,7736662,7736667,7736664,-5,3,5,7,1,0,4,8576
5412,7739527,7739524,7739521,3,3,6,9,4,2,4,8577
5413,7742384,7742381,7742386,3,-5,5,8,2,1,4,8579
5414,7745242,7745247,7745244,-5,3,5,7,1,0,4,8580
5415,7748108,7748105,7748102,3,3,6,9,4,2,4,8582
5416,7750967,7750964,7750969,3,-5,5,8,2,1,4,8584
5417,7753827,7753831,7753829,-4,2,4,6,1,0,4,8585
5418,7756694,7756691,7756689,3,2,5,7,4,2,4,8587
5419,7759555,7759552,7759557,3,-5,5,8,2,1,4,8588
5420,7762416,7762420,7762418,-4,2,4,6,1,0,4,8590
5421,7765285,7765282,7765280,3,2,5,7,4,2,4,8592
5422,7768147,7768145,7768150,2,-5,5,7,2,1,4,8593
5423,7771010,7771015,7771012,-5,3,5,7,1,0,4,8595
5424,7773881,7773878,7773876,3,2,5,7,4,2,4,8596
5425,7776744,7776742,7776747,2,-5,5,7,2,1,4,8598
5426,7779609,7779614,7779611,-5,3,5,7,1,0,4,8600
5427,7782482,7782479,7782476,3,3,6,9,4,2,4,8601
5428,7785347,7785344,7785349,3,-5,5,8,2,1,4,8603
5429,7788213,7788218,7788215,-5,3,5,7,1,0,4,8604
5430,7791087,7791084,7791081,3,3,6,9,4,2,4,8606
5431,7793954,7793951,7793956,3,-5,5,8,2,1,4,8607
5432,7796821,7796826,7796823,-5,3,5,7,1,0,4,8609
5433,7799697,7799694,7799691,3,3,6,9,4,2,4,8611
5434,7802566,7802562,7802568,4,-6,6,10,2,1,4,8612
5435,7805434,7805439,7805437,-5,2,5,8,1,0,4,8614
5436,7808312,7808309,7808306,3,3,6,9,4,2,4,8615
5437,7811182,7811178,7811184,4,-6,6,10,2,1,4,8617
5438,7814052,7814057,7814055,-5,2,5,8,1,0,4,8619
5439,7816931,7816929,7816926,2,3,5,8,4,2,4,8620
5440,7819803,7819800,7819805,3,-5,5,8,2,1,4,8622
5441,7822675,7822680,7822678,-5,2,5,8,1,0,4,8623
5442,7825555,7825553,7825550,2,3,5,8,4,2,4,8625
5443,7828429,7828426,7828431,3,-5,5,8,2,1,4,8626
5444,7831302,7831307,7831305,-5,2,5,8,1,0,4,8628
5445,7834184,7834182,7834179,2,3,5,8,4,2,4,8630
5446,7837060,7837057,7837061,3,-4,4,7,2,1,4,8631
5447,7839935,7839939,7839937,-4,2,4,6,1,0,4,8633
5448,7842818,7842816,7842813,2,3,5,8,4,2,4,8634
5449,7845695,7845692,7845696,3,-4,4,7,2,1,4,8636
5450,7848572,7848576,7848574,-4,2,4,6,1,0,4,8638
5451,7851457,7851454,7851452,3,2,5,7,4,2,4,8639
5452,7854335,7854332,7854337,3,-5,5,8,2,1,4,8641
5453,7857214,7857218,7857216,-4,2,4,6,1,0,4,8642
5454,7860100,7860097,7860095,3,2,5,7,4,2,4,8644
5455,7862980,7862977,7862982,3,-5,5,8,2,1,4,8645
5456,7865860,7865864,7865862,-4,2,4,6,1,0,4,8647
5457,7868748,7868745,7868743,3,2,5,7,4,2,4,8649
5458,7871629,7871627,7871632,2,-5,5,7,2,1,4,8650
5459,7874511,7874516,7874513,-5,3,5,7,1,0,4,8652
5460,7877401,7877398,7877396,3,2,5,7,4,2,4,8653
5461,7880283,7880281,7880286,2,-5,5,7,2,1,4,8655
5462,7883167,7883172,7883169,-5,3,5,7,1,0,4,8657
5463,7886059,7886056,7886053,3,3,6,9,4,2,4,8658
5464,7888943,7888940,7888945,3,-5,5,8,2,1,4,8660
5465,7891828,7891833,7891830,-5,3,5,7,1,0,4,8661
5466,7894721,7894718,7894715,3,3,6,9,4,2,4,8663
5467,7897607,7897604,7897609,3,-5,5,8,2,1,4,8664
5468,7900493,7900498,7900495,-5,3,5,7,1,0,4,8666
5469,7903388,7903385,7903382,3,3,6,9,4,2,4,8668
5470,7906276,7906272,7906278,4,-6,6,10,2,1,4,8669
5471,7909163,7909168,7909166,-5,2,5,8,1,0,4,8671
5472,7912060,7912057,7912054,3,3,6,9,4,2,4,8672
5473,7914949,7914945,7914951,4,-6,6,10,2,1,4,8674
5474,7917838,7917843,7917841,-5,2,5,8,1,0,4,8676
5475,7920736,7920734,7920731,2,3,5,8,4,2,4,8677
5476,7923627,7923624,7923629,3,-5,5,8,2,1,4,8679
5477,7926518,7926523,7926521,-5,2,5,8,1,0,4,8680
5478,7929417,7929415,7929412,2,3,5,8,4,2,4,8682
5479,7932310,7932307,7932312,3,-5,5,8,2,1,4,8684
5480,7935203,7935208,7935205,-5,3,5,7,1,0,4,8685
5481,7938104,7938101,7938098,3,3,6,9,4,2,4,8687
5482,7940998,7940995,7941000,3,-5,5,8,2,1,4,8688
5483,7943892,7943897,7943894,-5,3,5,7,1,0,4,8690
5484,7946795,7946792,7946789,3,3,6,9,4,2,4,8691
5485,7949690,7949687,7949692,3,-5,5,8,2,1,4,8693
5486,7952586,7952591,7952588,-5,3,5,7,1,0,4,8695
5487,7955491,7955487,7955485,4,2,6,8,4,2,4,8696
5488,7958387,7958384,7958390,3,-6,6,9,2,1,4,8698
5489,7961285,7961290,7961287,-5,3,5,7,1,0,4,8699
5490,7964191,7964187,7964185,4,2,6,8,4,2,4,8701
5491,7967089,7967086,7967092,3,-6,6,9,2,1,4,8703
5492,7969988,7969994,7969991,-6,3,6,9,1,0,4,8704
5493,7972896,7972893,7972890,3,3,6,9,4,2,4,8706
5494,7975796,7975793,7975799,3,-6,6,9,2,1,4,8707
5495,7978696,7978702,7978699,-6,3,6,9,1,0,4,8709
5496,7981606,7981603,7981600,3,3,6,9,4,2,4,8710
5497,7984507,7984504,7984510,3,-6,6,9,2,1,4,8712
5498,7987409,7987415,7987412,-6,3,6,9,1,0,4,8714
5499,7990321,7990318,7990314,3,4,7,11,4,2,4,8715
5500,7993224,7993220,7993226,4,-6,6,10,2,1,4,8717
5501,7996127,7996133,7996130,-6,3,6,9,1,0,4,8718
5502,7999040,7999037,7999033,3,4,7,11,4,2,4,8720
5503,8001945,8001941,8001947,4,-6,6,10,2,1,4,8722
5504,8004850,8004855,8004853,-5,2,5,8,1,0,4,8723
5505,8007764,8007761,8007758,3,3,6,9,4,2,4,8725
5506,8010671,8010667,8010673,4,-6,6,10,2,1,4,8726
5507,8013577,8013582,8013580,-5,2,5,8,1,0,4,8728
5508,8016493,8016490,8016487,3,3,6,9,4,2,4,8729
5509,8019401,8019397,8019403,4,-6,6,10,2,1,4,8731
5510,8022309,8022314,8022312,-5,2,5,8,1,0,4,8733
5511,8025226,8025224,8025221,2,3,5,8,4,2,4,8734
5512,8028136,8028133,8028138,3,-5,5,8,2,1,4,8736
5513,8031046,8031051,8031049,-5,2,5,8,1,0,4,8737
5514,8033964,8033962,8033959,2,3,5,8,4,2,4,8739
5515,8036876,8036873,8036878,3,-5,5,8,2,1,4,8741
5516,8039788,8039793,8039790,-5,3,5,7,1,0,4,8742
5517,8042708,8042705,8042702,3,3,6,9,4,2,4,8744
5518,8045621,8045618,8045623,3,-5,5,8,2,1,4,8745
5519,8048534,8048539,8048536,-5,3,5,7,1,0,4,8747
5520,8051456,8051453,8051450,3,3,6,9,4,2,4,8748
5521,8054370,8054367,8054372,3,-5,5,8,2,1,4,8750
5522,8057285,8057290,8057287,-5,3,5,7,1,0,4,8752
5523,8060209,8060205,8060203,4,2,6,8,4,2,4,8753
5524,8063124,8063121,8063127,3,-6,6,9,2,1,4,8755
5525,8066041,8066046,8066043,-5,3,5,7,1,0,4,8756
5526,8068966,8068962,8068960,4,2,6,8,4,2,4,8758
5527,8071883,8071880,8071886,3,-6,6,9,2,1,4,8760
5528,8074801,8074807,8074804,-6,3,6,9,1,0,4,8761
5529,8077728,8077725,8077722,3,3,6,9,4,2,4,8763
5530,8080647,8080644,8080650,3,-6,6,9,2,1,4,8764
5531,8083566,8083572,8083569,-6,3,6,9,1,0,4,8766
5532,8086495,8086492,8086489,3,3,6,9,4,2,4,8768
5533,8089416,8089413,8089418,3,-5,5,8,2,1,4,8769
5534,8092337,8092342,8092339,-5,3,5,7,1,0,4,8771
5535,8095267,8095264,8095261,3,3,6,9,4,2,4,8772
5536,8098189,8098186,8098191,3,-5,5,8,2,1,4,8774
5537,8101112,8101117,8101114,-5,3,5,7,1,0,4,8775
5538,8104043,8104040,8104037,3,3,6,9,4,2,4,8777
5539,8106967,8106964,8106969,3,-5,5,8,2,1,4,8779
5540,8109892,8109896,8109894,-4,2,4,6,1,0,4,8780
5541,8112824,8112821,8112819,3,2,5,7,4,2,4,8782
5542,8115750,8115747,8115752,3,-5,5,8,2,1,4,8783
5543,8118676,8118680,8118678,-4,2,4,6,1,0,4,8785
5544,8121610,8121607,8121605,3,2,5,7,4,2,4,8787
5545,8124537,8124535,8124540,2,-5,5,7,2,1,4,8788
5546,8127465,8127470,8127467,-5,3,5,7,1,0,4,8790
5547,8130401,8130398,8130396,3,2,5,7,4,2,4,8791
5548,8133329,8133327,8133332,2,-5,5,7,2,1,4,8793
5549,8136259,8136264,8136261,-5,3,5,7,1,0,4,8794
5550,8139196,8139193,8139191,3,2,5,7,4,2,4,8796
5551,8142126,8142124,8142129,2,-5,5,7,2,1,4,8798
5552,8145058,8145063,8145059,-5,4,5,6,1,0,4,8799
5553,8147997,8147993,8147991,4,2,6,8,4,2,4,8801
5554,8150928,8150926,8150931,2,-5,5,7,2,1,4,8802
5555,8153861,8153866,8153862,-5,4,5,6,1,0,4,8804
5556,8156802,8156798,8156796,4,2,6,8,4,2,4,8806
5557,8159735,8159732,8159738,3,-6,6,9,2,1,4,8807
5558,8162669,8162674,8162671,-5,3,5,7,1,0,4,8809
5559,8165612,8165608,8165606,4,2,6,8,4,2,4,8810
5560,8168546,8168543,8168549,3,-6,6,9,2,1,4,8812
5561,8171482,8171487,8171484,-5,3,5,7,1,0,4,8813
5562,8174426,8174422,8174420,4,2,6,8,4,2,4,8815
5563,8177362,8177359,8177365,3,-6,6,9,2,1,4,8817
5564,8180299,8180305,8180302,-6,3,6,9,1,0,4,8818
5565,8183245,8183242,8183239,3,3,6,9,4,2,4,8820
5566,8186183,8186180,8186186,3,-6,6,9,2,1,4,8821
5567,8189121,8189127,8189124,-6,3,6,9,1,0,4,8823
5568,8192069,8192066,8192063,3,3,6,9,4,2,4,8825
5569,8195009,8195006,8195011,3,-5,5,8,2,1,4,8826
5570,8197949,8197954,8197951,-5,3,5,7,1,0,4,8828
5571,8200898,8200895,8200892,3,3,6,9,4,2,4,8829
5572,8203839,8203836,8203841,3,-5,5,8,2,1,4,8831
5573,8206781,8206786,8206783,-5,3,5,7,1,0,4,8832
5574,8209731,8209728,8209725,3,3,6,9,4,2,4,8834
5575,8212674,8212671,8212676,3,-5,5,8,2,1,4,8836
5576,8215618,8215622,8215620,-4,2,4,6,1,0,4,8837
5577,8218569,8218566,8218564,3,2,5,7,4,2,4,8839
5578,8221514,8221511,8221516,3,-5,5,8,2,1,4,8840
5579,8224459,8224463,8224461,-4,2,4,6,1,0,4,8842
5580,8227412,8227409,8227407,3,2,5,7,4,2,4,8844
5581,8230358,8230356,8230361,2,-5,5,7,2,1,4,8845
5582,8233305,8233310,8233307,-5,3,5,7,1,0,4,8847
5583,8236260,8236257,8236255,3,2,5,7,4,2,4,8848
5584,8239207,8239205,8239210,2,-5,5,7,2,1,4,8850
5585,8242156,8242161,8242158,-5,3,5,7,1,0,4,8852
5586,8245113,8245110,8245107,3,3,6,9,4,2,4,8853
5587,8248062,8248059,8248064,3,-5,5,8,2,1,4,8855
5588,8251012,8251017,8251014,-5,3,5,7,1,0,4,8856
5589,8253970,8253967,8253964,3,3,6,9,4,2,4,8858
5590,8256921,8256918,8256923,3,-5,5,8,2,1,4,8859
5591,8259872,8259877,8259874,-5,3,5,7,1,0,4,8861
5592,8262832,8262829,8262826,3,3,6,9,4,2,4,8863
5593,8265785,8265781,8265787,4,-6,6,10,2,1,4,8864
5594,8268737,8268742,8268740,-5,2,5,8,1,0,4,8866
5595,8271699,8271696,8271693,3,3,6,9,4,2,4,8867
5596,8274653,8274649,8274655,4,-6,6,10,2,1,4,8869
5597,8277607,8277612,8277610,-5,2,5,8,1,0,4,8871
5598,8280570,8280568,8280565,2,3,5,8,4,2,4,8872
5599,8283526,8283523,8283528,3,-5,5,8,2,1,4,8874
5600,8286482,8286487,8286485,-5,2,5,8,1,0,4,8875
5601,8289446,8289444,8289441,2,3,5,8,4,2,4,8877
5602,8292404,8292401,8292406,3,-5,5,8,2,1,4,8878
5603,8295361,8295366,8295364,-5,2,5,8,1,0,4,8880
5604,8298327,8298325,8298322,2,3,5,8,4,2,4,8882
5605,8301287,8301284,8301288,3,-4,4,7,2,1,4,8883
5606,8304246,8304250,8304248,-4,2,4,6,1,0,4,8885
5607,8307213,8307211,8307208,2,3,5,8,4,2,4,8886
5608,8310174,8310171,8310175,3,-4,4,7,2,1,4,8888
5609,8313135,8313139,8313137,-4,2,4,6,1,0,4,8890
5610,8316104,8316101,8316099,3,2,5,7,4,2,4,8891
5611,8319066,8319063,8319068,3,-5,5,8,2,1,4,8893
5612,8322029,8322033,8322031,-4,2,4,6,1,0,4,8894
5613,8324999,8324996,8324994,3,2,5,7,4,2,4,8896
5614,8327963,8327960,8327965,3,-5,5,8,2,1,4,8897
5615,8330927,8330931,8330929,-4,2,4,6,1,0,4,8899
5616,8333899,8333896,8333894,3,2,5,7,4,2,4,8901
5617,8336864,8336862,8336867,2,-5,5,7,2,1,4,8902
5618,8339830,8339835,8339832,-5,3,5,7,1,0,4,8904
5619,8342804,8342801,8342799,3,2,5,7,4,2,4,8905
5620,8345770,8345768,8345773,2,-5,5,7,2,1,4,8907
5621,8348738,8348743,8348740,-5,3,5,7,1,0,4,8909
5622,8351714,8351711,8351708,3,3,6,9,4,2,4,8910
5623,8354682,8354679,8354684,3,-5,5,8,2,1,4,8912
5624,8357651,8357656,8357653,-5,3,5,7,1,0,4,8913
5625,8360628,8360625,8360622,3,3,6,9,4,2,4,8915
5626,8363598,8363595,8363600,3,-5,5,8,2,1,4,8916
5627,8366568,8366573,8366570,-5,3,5,7,1,0,4,8918
5628,8369547,8369544,8369541,3,3,6,9,4,2,4,8920
5629,8372519,8372515,8372521,4,-6,6,10,2,1,4,8921
5630,8375490,8375495,8375493,-5,2,5,8,1,0,4,8923
5631,8378471,8378468,8378465,3,3,6,9,4,2,4,8924
5632,8381444,8381440,8381446,4,-6,6,10,2,1,4,8926
5633,8384417,8384422,8384420,-5,2,5,8,1,0,4,8928
5634,8387399,8387397,8387394,2,3,5,8,4,2,4,8929
5635,8390374,8390371,8390376,3,-5,5,8,2,1,4,8931
5636,8393349,8393354,8393352,-5,2,5,8,1,0,4,8932
5637,8396332,8396330,8396327,2,3,5,8,4,2,4,8934
5638,8399309,8399306,8399311,3,-5,5,8,2,1,4,8936
5639,8402286,8402291,8402288,-5,3,5,7,1,0,4,8937
5640,8405271,8405268,8405265,3,3,6,9,4,2,4,8939
5641,8408249,8408246,8408251,3,-5,5,8,2,1,4,8940
5642,8411227,8411232,8411229,-5,3,5,7,1,0,4,8942
5643,8414214,8414211,8414208,3,3,6,9,4,2,4,8943
5644,8417193,8417190,8417195,3,-5,5,8,2,1,4,8945
5645,8420173,8420178,8420175,-5,3,5,7,1,0,4,8947
5646,8423162,8423158,8423156,4,2,6,8,4,2,4,8948
5647,8426142,8426139,8426145,3,-6,6,9,2,1,4,8950
5648,8429124,8429129,8429126,-5,3,5,7,1,0,4,8951
5649,8432114,8432110,8432108,4,2,6,8,4,2,4,8953
5650,8435096,8435093,8435099,3,-6,6,9,2,1,4,8955
5651,8438079,8438085,8438082,-6,3,6,9,1,0,4,8956
5652,8441071,8441068,8441065,3,3,6,9,4,2,4,8958
5653,8444055,8444052,8444058,3,-6,6,9,2,1,4,8959
5654,8447039,8447045,8447042,-6,3,6,9,1,0,4,8961
5655,8450033,8450030,8450027,3,3,6,9,4,2,4,8962
5656,8453018,8453015,8453021,3,-6,6,9,2,1,4,8964
5657,8456004,8456010,8456007,-6,3,6,9,1,0,4,8966
5658,8459000,8458997,8458993,3,4,7,11,4,2,4,8967
5659,8461987,8461983,8461989,4,-6,6,10,2,1,4,8969
5660,8464974,8464980,8464977,-6,3,6,9,1,0,4,8970
5661,8467971,8467968,8467964,3,4,7,11,4,2,4,8972
5662,8470960,8470956,8470962,4,-6,6,10,2,1,4,8974
5663,8473949,8473954,8473952,-5,2,5,8,1,0,4,8975
5664,8476947,8476944,8476941,3,3,6,9,4,2,4,8977
5665,8479938,8479934,8479940,4,-6,6,10,2,1,4,8978
5666,8482928,8482933,8482931,-5,2,5,8,1,0,4,8980
5667,8485928,8485925,8485922,3,3,6,9,4,2,4,8981
5668,8488920,8488916,8488922,4,-6,6,10,2,1,4,8983
5669,8491912,8491917,8491915,-5,2,5,8,1,0,4,8985
5670,8494913,8494911,8494908,2,3,5,8,4,2,4,8986
5671,8497907,8497904,8497909,3,-5,5,8,2,1,4,8988
5672,8500901,8500906,8500904,-5,2,5,8,1,0,4,8989
5673,8503903,8503901,8503898,2,3,5,8,4,2,4,8991
5674,8506899,8506896,8506901,3,-5,5,8,2,1,4,8993
5675,8509895,8509900,8509897,-5,3,5,7,1,0,4,8994
5676,8512899,8512896,8512893,3,3,6,9,4,2,4,8996
5677,8515896,8515893,8515898,3,-5,5,8,2,1,4,8997
5678,8518893,8518898,8518895,-5,3,5,7,1,0,4,8999
5679,8521899,8521896,8521893,3,3,6,9,4,2,4,9001
5680,8524898,8524894,8524900,4,-6,6,10,2,1,4,9002
5681,8527896,8527901,8527899,-5,2,5,8,1,0,4,9004
5682,8530904,8530901,8530898,3,3,6,9,4,2,4,9005
5683,8533904,8533900,8533906,4,-6,6,10,2,1,4,9007
5684,8536904,8536909,8536907,-5,2,5,8,1,0,4,9008
5685,8539913,8539910,8539907,3,3,6,9,4,2,4,9010
5686,8542915,8542911,8542917,4,-6,6,10,2,1,4,9012
5687,8545916,8545922,8545920,-6,2,6,10,1,0,4,9013
5688,8548927,8548925,8548921,2,4,6,10,4,2,4,9015
5689,8551931,8551927,8551933,4,-6,6,10,2,1,4,9016
5690,8554933,8554939,8554937,-6,2,6,10,1,0,4,9018
5691,8557946,8557944,8557940,2,4,6,10,4,2,4,9020
5692,8560952,8560948,8560953,4,-5,5,9,2,1,4,9021
5693,8563956,8563961,8563959,-5,2,5,8,1,0,4,9023
5694,8566970,8566968,8566964,2,4,6,10,4,2,4,9024
5695,8569977,8569973,8569978,4,-5,5,9,2,1,4,9026
5696,8572983,8572988,8572986,-5,2,5,8,1,0,4,9027
5697,8575998,8575996,8575992,2,4,6,10,4,2,4,9029
5698,8579007,8579003,8579008,4,-5,5,9,2,1,4,9031
5699,8582015,8582019,8582018,-4,1,4,7,1,0,4,9032
5700,8585031,8585029,8585026,2,3,5,8,4,2,4,9034
5701,8588042,8588038,8588043,4,-5,5,9,2,1,4,9035
5702,8591051,8591055,8591054,-4,1,4,7,1,0,4,9037
5703,8594069,8594067,8594064,2,3,5,8,4,2,4,9039
5704,8597081,8597078,8597083,3,-5,5,8,2,1,4,9040
5705,8600092,8600097,8600095,-5,2,5,8,1,0,4,9042
5706,8603112,8603110,8603107,2,3,5,8,4,2,4,9043
5707,8606125,8606122,8606127,3,-5,5,8,2,1,4,9045
5708,8609138,8609143,8609141,-5,2,5,8,1,0,4,9046
5709,8612159,8612157,8612154,2,3,5,8,4,2,4,9048
5710,8615174,8615171,8615176,3,-5,5,8,2,1,4,9050
5711,8618189,8618194,8618191,-5,3,5,7,1,0,4,9051
5712,8621212,8621209,8621206,3,3,6,9,4,2,4,9053
5713,8624228,8624225,8624230,3,-5,5,8,2,1,4,9054
5714,8627244,8627249,8627246,-5,3,5,7,1,0,4,9056
5715,8630269,8630266,8630263,3,3,6,9,4,2,4,9058
5716,8633287,8633283,8633289,4,-6,6,10,2,1,4,9059
5717,8636304,8636309,8636307,-5,2,5,8,1,0,4,9061
5718,8639331,8639328,8639325,3,3,6,9,4,2,4,9062
5719,8642350,8642346,8642352,4,-6,6,10,2,1,4,9064
5720,8645369,8645374,8645372,-5,2,5,8,1,0,4,9065
5721,8648397,8648394,8648391,3,3,6,9,4,2,4,9067
5722,8651418,8651414,8651420,4,-6,6,10,2,1,4,9069
5723,8654438,8654444,8654442,-6,2,6,10,1,0,4,9070
5724,8657468,8657466,8657462,2,4,6,10,4,2,4,9072
5725,8660491,8660487,8660493,4,-6,6,10,2,1,4,9073
5726,8663512,8663518,8663516,-6,2,6,10,1,0,4,9075
5727,8666544,8666542,8666538,2,4,6,10,4,2,4,9077
5728,8669569,8669565,8669570,4,-5,5,9,2,1,4,9078
5729,8672592,8672597,8672595,-5,2,5,8,1,0,4,9080
5730,8675625,8675623,8675619,2,4,6,10,4,2,4,9081
5731,8678651,8678647,8678652,4,-5,5,9,2,1,4,9083
5732,8681676,8681681,8681679,-5,2,5,8,1,0,4,9085
5733,8684711,8684708,8684705,3,3,6,9,4,2,4,9086
5734,8687738,8687734,8687740,4,-6,6,10,2,1,4,9088
5735,8690765,8690770,8690768,-5,2,5,8,1,0,4,9089
5736,8693801,8693798,8693795,3,3,6,9,4,2,4,9091
5737,8696830,8696826,8696832,4,-6,6,10,2,1,4,9092
5738,8699858,8699863,8699861,-5,2,5,8,1,0,4,9094
5739,8702896,8702893,8702890,3,3,6,9,4,2,4,9096
5740,8705926,8705923,8705929,3,-6,6,9,2,1,4,9097
5741,8708956,8708962,8708959,-6,3,6,9,1,0,4,9099
5742,8711996,8711993,8711990,3,3,6,9,4,2,4,9100
5743,8715027,8715024,8715030,3,-6,6,9,2,1,4,9102
5744,8718059,8718065,8718062,-6,3,6,9,1,0,4,9104
5745,8721101,8721098,8721094,3,4,7,11,4,2,4,9105
5746,8724134,8724130,8724136,4,-6,6,10,2,1,4,9107
5747,8727167,8727173,8727170,-6,3,6,9,1,0,4,9108
5748,8730210,8730207,8730203,3,4,7,11,4,2,4,9110
5749,8733245,8733241,8733247,4,-6,6,10,2,1,4,9111
5750,8736279,8736285,8736282,-6,3,6,9,1,0,4,9113
5751,8739324,8739321,8739317,3,4,7,11,4,2,4,9115
5752,8742361,8742356,8742363,5,-7,7,12,2,1,4,9116
5753,8745396,8745402,8745400,-6,2,6,10,1,0,4,9118
5754,8748443,8748440,8748436,3,4,7,11,4,2,4,9119
5755,8751481,8751476,8751483,5,-7,7,12,2,1,4,9121
5756,8754518,8754524,8754522,-6,2,6,10,1,0,4,9123
5757,8757566,8757564,8757560,2,4,6,10,4,2,4,9124
5758,8760606,8760602,8760608,4,-6,6,10,2,1,4,9126
5759,8763645,8763651,8763649,-6,2,6,10,1,0,4,9127
5760,8766694,8766692,8766688,2,4,6,10,4,2,4,9129
5761,8769736,8769732,8769738,4,-6,6,10,2,1,4,9130
5762,8772776,8772782,8772780,-6,2,6,10,1,0,4,9132
5763,8775827,8775825,8775821,2,4,6,10,4,2,4,9134
5764,8778871,8778867,8778872,4,-5,5,9,2,1,4,9135
5765,8781913,8781918,8781916,-5,2,5,8,1,0,4,9137
5766,8784965,8784963,8784959,2,4,6,10,4,2,4,9138
5767,8788010,8788006,8788011,4,-5,5,9,2,1,4,9140
5768,8791054,8791059,8791057,-5,2,5,8,1,0,4,9142
5769,8794108,8794105,8794102,3,3,6,9,4,2,4,9143
5770,8797154,8797150,8797156,4,-6,6,10,2,1,4,9145
5771,8800200,8800205,8800203,-5,2,5,8,1,0,4,9146
5772,8803255,8803252,8803249,3,3,6,9,4,2,4,9148
5773,8806303,8806299,8806305,4,-6,6,10,2,1,4,9149
5774,8809350,8809355,8809353,-5,2,5,8,1,0,4,9151
5775,8812407,8812404,8812401,3,3,6,9,4,2,4,9153
5776,8815456,8815453,8815459,3,-6,6,9,2,1,4,9154
5777,8818505,8818511,8818508,-6,3,6,9,1,0,4,9156
5778,8821564,8821561,8821558,3,3,6,9,4,2,4,9157
5779,8824614,8824611,8824617,3,-6,6,9,2,1,4,9159
5780,8827665,8827671,8827668,-6,3,6,9,1,0,4,9161
5781,8830726,8830723,8830719,3,4,7,11,4,2,4,9162
5782,8833778,8833774,8833780,4,-6,6,10,2,1,4,9164
5783,8836830,8836836,8836833,-6,3,6,9,1,0,4,9165
5784,8839892,8839889,8839885,3,4,7,11,4,2,4,9167
5785,8842946,8842942,8842948,4,-6,6,10,2,1,4,9169
5786,8846000,8846005,8846003,-5,2,5,8,1,0,4,9170
5787,8849063,8849060,8849057,3,3,6,9,4,2,4,9172
5788,8852119,8852115,8852121,4,-6,6,10,2,1,4,9173
5789,8855174,8855179,8855177,-5,2,5,8,1,0,4,9175
5790,8858239,8858236,8858233,3,3,6,9,4,2,4,9176
5791,8861296,8861292,8861298,4,-6,6,10,2,1,4,9178
5792,8864353,8864358,8864356,-5,2,5,8,1,0,4,9180
5793,8867419,8867417,8867414,2,3,5,8,4,2,4,9181
5794,8870478,8870475,8870480,3,-5,5,8,2,1,4,9183
5795,8873537,8873542,8873540,-5,2,5,8,1,0,4,9184
5796,8876604,8876602,8876599,2,3,5,8,4,2,4,9186
5797,8879665,8879662,8879667,3,-5,5,8,2,1,4,9188
5798,8882726,8882731,8882728,-5,3,5,7,1,0,4,9189
5799,8885795,8885792,8885789,3,3,6,9,4,2,4,9191
5800,8888857,8888854,8888859,3,-5,5,8,2,1,4,9192
5801,8891919,8891924,8891921,-5,3,5,7,1,0,4,9194
5802,8894990,8894987,8894984,3,3,6,9,4,2,4,9195
5803,8898053,8898050,8898055,3,-5,5,8,2,1,4,9197
5804,8901117,8901122,8901119,-5,3,5,7,1,0,4,9199
5805,8904190,8904186,8904184,4,2,6,8,4,2,4,9200
5806,8907254,8907251,8907257,3,-6,6,9,2,1,4,9202
5807,8910320,8910325,8910322,-5,3,5,7,1,0,4,9203
5808,8913394,8913390,8913388,4,2,6,8,4,2,4,9205
5809,8916460,8916457,8916463,3,-6,6,9,2,1,4,9207
5810,8919527,8919533,8919530,-6,3,6,9,1,0,4,9208
5811,8922603,8922600,8922597,3,3,6,9,4,2,4,9210
5812,8925671,8925668,8925674,3,-6,6,9,2,1,4,9211
5813,8928739,8928745,8928742,-6,3,6,9,1,0,4,9213
5814,8931817,8931814,8931811,3,3,6,9,4,2,4,9214
5815,8934886,8934883,8934889,3,-6,6,9,2,1,4,9216
5816,8937956,8937962,8937959,-6,3,6,9,1,0,4,9218
5817,8941036,8941033,8941029,3,4,7,11,4,2,4,9219
5818,8944107,8944103,8944109,4,-6,6,10,2,1,4,9221
5819,8947178,8947184,8947181,-6,3,6,9,1,0,4,9222
5820,8950259,8950256,8950252,3,4,7,11,4,2,4,9224
5821,8953332,8953328,8953334,4,-6,6,10,2,1,4,9226
5822,8956405,8956410,8956408,-5,2,5,8,1,0,4,9227
5823,8959487,8959484,8959481,3,3,6,9,4,2,4,9229
5824,8962562,8962558,8962564,4,-6,6,10,2,1,4,9230
5825,8965636,8965641,8965639,-5,2,5,8,1,0,4,9232
5826,8968720,8968717,8968714,3,3,6,9,4,2,4,9233
5827,8971796,8971792,8971798,4,-6,6,10,2,1,4,9235
5828,8974872,8974877,8974875,-5,2,5,8,1,0,4,9237
5829,8977957,8977955,8977952,2,3,5,8,4,2,4,9238
5830,8981035,8981032,8981037,3,-5,5,8,2,1,4,9240
5831,8984113,8984118,8984116,-5,2,5,8,1,0,4,9241
5832,8987199,8987197,8987194,2,3,5,8,4,2,4,9243
5833,8990279,8990276,8990281,3,-5,5,8,2,1,4,9245
5834,8993359,8993364,8993361,-5,3,5,7,1,0,4,9246
5835,8996447,8996444,8996441,3,3,6,9,4,2,4,9248
5836,8999528,8999525,8999530,3,-5,5,8,2,1,4,9249
5837,9002609,9002614,9002611,-5,3,5,7,1,0,4,9251
5838,9005699,9005696,9005693,3,3,6,9,4,2,4,9253
5839,9008782,9008778,9008784,4,-6,6,10,2,1,4,9254
5840,9011864,9011869,9011867,-5,2,5,8,1,0,4,9256
5841,9014956,9014953,9014950,3,3,6,9,4,2,4,9257
5842,9018040,9018036,9018042,4,-6,6,10,2,1,4,9259
5843,9021124,9021129,9021127,-5,2,5,8,1,0,4,9260
5844,9024217,9024214,9024211,3,3,6,9,4,2,4,9262
5845,9027303,9027299,9027305,4,-6,6,10,2,1,4,9264
5846,9030388,9030394,9030392,-6,2,6,10,1,0,4,9265
5847,9033483,9033481,9033477,2,4,6,10,4,2,4,9267
5848,9036571,9036567,9036573,4,-6,6,10,2,1,4,9268
5849,9039657,9039663,9039661,-6,2,6,10,1,0,4,9270
5850,9042754,9042752,9042748,2,4,6,10,4,2,4,9272
5851,9045844,9045840,9045845,4,-5,5,9,2,1,4,9273
5852,9048932,9048937,9048935,-5,2,5,8,1,0,4,9275
5853,9052030,9052028,9052024,2,4,6,10,4,2,4,9276
5854,9055121,9055117,9055122,4,-5,5,9,2,1,4,9278
5855,9058211,9058216,9058214,-5,2,5,8,1,0,4,9279
5856,9061310,9061308,9061304,2,4,6,10,4,2,4,9281
5857,9064403,9064399,9064404,4,-5,5,9,2,1,4,9283
5858,9067495,9067499,9067498,-4,1,4,7,1,0,4,9284
5859,9070595,9070593,9070590,2,3,5,8,4,2,4,9286
5860,9073690,9073686,9073691,4,-5,5,9,2,1,4,9287
5861,9076783,9076787,9076786,-4,1,4,7,1,0,4,9289
5862,9079885,9079883,9079880,2,3,5,8,4,2,4,9291
5863,9082981,9082978,9082983,3,-5,5,8,2,1,4,9292
5864,9086076,9086081,9086079,-5,2,5,8,1,0,4,9294
5865,9089180,9089178,9089175,2,3,5,8,4,2,4,9295
5866,9092277,9092274,9092279,3,-5,5,8,2,1,4,9297
5867,9095374,9095379,9095377,-5,2,5,8,1,0,4,9298
5868,9098479,9098477,9098474,2,3,5,8,4,2,4,9300
5869,9101578,9101575,9101580,3,-5,5,8,2,1,4,9302
5870,9104677,9104682,9104679,-5,3,5,7,1,0,4,9303
5871,9107784,9107781,9107778,3,3,6,9,4,2,4,9305
5872,9110884,9110881,9110886,3,-5,5,8,2,1,4,9306
5873,9113984,9113989,9113986,-5,3,5,7,1,0,4,9308
5874,9117093,9117090,9117087,3,3,6,9,4,2,4,9310
5875,9120195,9120191,9120197,4,-6,6,10,2,1,4,9311
5876,9123296,9123301,9123299,-5,2,5,8,1,0,4,9313
5877,9126407,9126404,9126401,3,3,6,9,4,2,4,9314
5878,9129510,9129506,9129512,4,-6,6,10,2,1,4,9316
5879,9132613,9132618,9132616,-5,2,5,8,1,0,4,9317
5880,9135725,9135722,9135719,3,3,6,9,4,2,4,9319
5881,9138830,9138826,9138832,4,-6,6,10,2,1,4,9321
5882,9141934,9141940,9141938,-6,2,6,10,1,0,4,9322
5883,9145048,9145046,9145042,2,4,6,10,4,2,4,9324
5884,9148155,9148151,9148157,4,-6,6,10,2,1,4,9325
5885,9151260,9151266,9151264,-6,2,6,10,1,0,4,9327
5886,9154376,9154374,9154370,2,4,6,10,4,2,4,9329
5887,9157485,9157481,9157486,4,-5,5,9,2,1,4,9330
5888,9160592,9160597,9160595,-5,2,5,8,1,0,4,9332
5889,9163709,9163707,9163703,2,4,6,10,4,2,4,9333
5890,9166819,9166815,9166820,4,-5,5,9,2,1,4,9335
5891,9169928,9169933,9169931,-5,2,5,8,1,0,4,9337
5892,9173047,9173044,9173041,3,3,6,9,4,2,4,9338
5893,9176158,9176154,9176160,4,-6,6,10,2,1,4,9340
5894,9179269,9179274,9179272,-5,2,5,8,1,0,4,9341
5895,9182389,9182386,9182383,3,3,6,9,4,2,4,9343
5896,9185502,9185498,9185504,4,-6,6,10,2,1,4,9344
5897,9188614,9188619,9188617,-5,2,5,8,1,0,4,9346
5898,9191736,9191733,9191730,3,3,6,9,4,2,4,9348
5899,9194850,9194847,9194853,3,-6,6,9,2,1,4,9349
5900,9197964,9197970,9197967,-6,3,6,9,1,0,4,9351
5901,9201088,9201085,9201082,3,3,6,9,4,2,4,9352
5902,9204203,9204200,9204206,3,-6,6,9,2,1,4,9354
5903,9207319,9207325,9207322,-6,3,6,9,1,0,4,9356
5904,9210445,9210442,9210438,3,4,7,11,4,2,4,9357
5905,9213562,9213558,9213564,4,-6,6,10,2,1,4,9359
5906,9216679,9216685,9216682,-6,3,6,9,1,0,4,9360
5907,9219806,9219803,9219799,3,4,7,11,4,2,4,9362
5908,9222925,9222921,9222927,4,-6,6,10,2,1,4,9363
5909,9226043,9226049,9226046,-6,3,6,9,1,0,4,9365
5910,9229172,9229169,9229165,3,4,7,11,4,2,4,9367
5911,9232293,9232288,9232295,5,-7,7,12,2,1,4,9368
5912,9235412,9235418,9235416,-6,2,6,10,1,0,4,9370
5913,9238543,9238540,9238536,3,4,7,11,4,2,4,9371
5914,9241665,9241660,9241667,5,-7,7,12,2,1,4,9373
5915,9244786,9244792,9244790,-6,2,6,10,1,0,4,9375
5916,9247918,9247916,9247912,2,4,6,10,4,2,4,9376
5917,9251042,9251038,9251044,4,-6,6,10,2,1,4,9378
5918,9254165,9254171,9254169,-6,2,6,10,1,0,4,9379
5919,9257298,9257296,9257292,2,4,6,10,4,2,4,9381
5920,9260424,9260420,9260426,4,-6,6,10,2,1,4,9382
5921,9263548,9263554,9263552,-6,2,6,10,1,0,4,9384
5922,9266683,9266681,9266677,2,4,6,10,4,2,4,9386
5923,9269811,9269807,9269812,4,-5,5,9,2,1,4,9387
5924,9272937,9272942,9272940,-5,2,5,8,1,0,4,9389
5925,9276073,9276071,9276067,2,4,6,10,4,2,4,9390
5926,9279202,9279198,9279203,4,-5,5,9,2,1,4,9392
5927,9282330,9282335,9282333,-5,2,5,8,1,0,4,9394
5928,9285468,9285465,9285462,3,3,6,9,4,2,4,9395
5929,9288598,9288594,9288600,4,-6,6,10,2,1,4,9397
5930,9291728,9291733,9291731,-5,2,5,8,1,0,4,9398
5931,9294867,9294864,9294861,3,3,6,9,4,2,4,9400
5932,9297999,9297995,9298001,4,-6,6,10,2,1,4,9401
5933,9301130,9301135,9301133,-5,2,5,8,1,0,4,9403
5934,9304271,9304268,9304265,3,3,6,9,4,2,4,9405
5935,9307404,9307401,9307407,3,-6,6,9,2,1,4,9406
5936,9310537,9310543,9310540,-6,3,6,9,1,0,4,9408
5937,9313680,9313677,9313674,3,3,6,9,4,2,4,9409
5938,9316814,9316811,9316817,3,-6,6,9,2,1,4,9411
5939,9319949,9319955,9319952,-6,3,6,9,1,0,4,9413
5940,9323094,9323091,9323087,3,4,7,11,4,2,4,9414
5941,9326230,9326226,9326232,4,-6,6,10,2,1,4,9416
5942,9329366,9329372,9329369,-6,3,6,9,1,0,4,9417
5943,9332512,9332509,9332505,3,4,7,11,4,2,4,9419
5944,9335650,9335646,9335652,4,-6,6,10,2,1,4,9421
5945,9338788,9338793,9338791,-5,2,5,8,1,0,4,9422
5946,9341935,9341932,9341929,3,3,6,9,4,2,4,9424
5947,9345075,9345071,9345077,4,-6,6,10,2,1,4,9425
5948,9348214,9348219,9348217,-5,2,5,8,1,0,4,9427
5949,9351363,9351360,9351357,3,3,6,9,4,2,4,9428
5950,9354504,9354500,9354506,4,-6,6,10,2,1,4,9430
5951,9357645,9357650,9357648,-5,2,5,8,1,0,4,9432
5952,9360795,9360793,9360790,2,3,5,8,4,2,4,9433
5953,9363938,9363935,9363940,3,-5,5,8,2,1,4,9435
5954,9367081,9367086,9367084,-5,2,5,8,1,0,4,9436
5955,9370232,9370230,9370227,2,3,5,8,4,2,4,9438
5956,9373377,9373374,9373379,3,-5,5,8,2,1,4,9440
5957,9376522,9376527,9376524,-5,3,5,7,1,0,4,9441
5958,9379675,9379672,9379669,3,3,6,9,4,2,4,9443
5959,9382821,9382818,9382823,3,-5,5,8,2,1,4,9444
5960,9385967,9385972,9385969,-5,3,5,7,1,0,4,9446
5961,9389122,9389119,9389116,3,3,6,9,4,2,4,9447
5962,9392269,9392266,9392271,3,-5,5,8,2,1,4,9449
5963,9395417,9395422,9395419,-5,3,5,7,1,0,4,9451
5964,9398574,9398570,9398568,4,2,6,8,4,2,4,9452
5965,9401722,9401719,9401725,3,-6,6,9,2,1,4,9454
5966,9404872,9404877,9404874,-5,3,5,7,1,0,4,9455
5967,9408030,9408026,9408024,4,2,6,8,4,2,4,9457
5968,9411180,9411177,9411183,3,-6,6,9,2,1,4,9459
5969,9414331,9414337,9414334,-6,3,6,9,1,0,4,9460
5970,9417491,9417488,9417485,3,3,6,9,4,2,4,9462
5971,9420643,9420640,9420646,3,-6,6,9,2,1,4,9463
5972,9423795,9423801,9423798,-6,3,6,9,1,0,4,9465
5973,9426957,9426954,9426951,3,3,6,9,4,2,4,9466
5974,9430110,9430107,9430113,3,-6,6,9,2,1,4,9468
5975,9433264,9433270,9433267,-6,3,6,9,1,0,4,9470
5976,9436428,9436425,9436421,3,4,7,11,4,2,4,9471
5977,9439583,9439579,9439585,4,-6,6,10,2,1,4,9473
5978,9442738,9442744,9442741,-6,3,6,9,1,0,4,9474
5979,9445903,9445900,9445896,3,4,7,11,4,2,4,9476
5980,9449060,9449056,9449062,4,-6,6,10,2,1,4,9478
5981,9452217,9452222,9452220,-5,2,5,8,1,0,4,9479
5982,9455383,9455380,9455377,3,3,6,9,4,2,4,9481
5983,9458542,9458538,9458544,4,-6,6,10,2,1,4,9482
5984,9461700,9461705,9461703,-5,2,5,8,1,0,4,9484
5985,9464868,9464865,9464862,3,3,6,9,4,2,4,9486
5986,9468028,9468025,9468031,3,-6,6,9,2,1,4,9487
5987,9471188,9471194,9471191,-6,3,6,9,1,0,4,9489
5988,9474358,9474355,9474352,3,3,6,9,4,2,4,9490
5989,9477519,9477516,9477522,3,-6,6,9,2,1,4,9492
5990,9480681,9480687,9480684,-6,3,6,9,1,0,4,9493
5991,9483852,9483849,9483846,3,3,6,9,4,2,4,9495
5992,9487015,9487012,9487018,3,-6,6,9,2,1,4,9497
5993,9490179,9490185,9490181,-6,4,6,8,1,0,4,9498
5994,9493352,9493348,9493345,4,3,7,10,4,2,4,9500
5995,9496516,9496513,9496519,3,-6,6,9,2,1,4,9501
5996,9499681,9499687,9499683,-6,4,6,8,1,0,4,9503
5997,9502856,9502852,9502849,4,3,7,10,4,2,4,9505
5998,9506022,9506018,9506025,4,-7,7,11,2,1,4,9506
5999,9509188,9509194,9509191,-6,3,6,9,1,0,4,9508
6000,9512365,9512361,9512358,4,3,7,10,4,2,4,9509
6001,9515532,9515528,9515535,4,-7,7,11,2,1,4,9511
6002,9518700,9518706,9518703,-6,3,6,9,1,0,4,9512
6003,9521878,9521874,9521871,4,3,7,10,4,2,4,9514
6004,9525047,9525043,9525050,4,-7,7,11,2,1,4,9516
6005,9528216,9528223,9528220,-7,3,7,11,1,0,4,9517
6006,9531396,9531393,9531389,3,4,7,11,4,2,4,9519
6007,9534567,9534563,9534570,4,-7,7,11,2,1,4,9520
6008,9537737,9537744,9537741,-7,3,7,11,1,0,4,9522
6009,9540919,9540916,9540912,3,4,7,11,4,2,4,9524
6010,9544092,9544088,9544094,4,-6,6,10,2,1,4,9525
6011,9547264,9547270,9547267,-6,3,6,9,1,0,4,9527
6012,9550447,9550444,9550440,3,4,7,11,4,2,4,9528
6013,9553621,9553617,9553623,4,-6,6,10,2,1,4,9530
6014,9556795,9556801,9556798,-6,3,6,9,1,0,4,9531
6015,9559979,9559976,9559972,3,4,7,11,4,2,4,9533
6016,9563155,9563151,9563157,4,-6,6,10,2,1,4,9535
6017,9566331,9566336,9566334,-5,2,5,8,1,0,4,9536
6018,9569516,9569513,9569510,3,3,6,9,4,2,4,9538
6019,9572694,9572690,9572696,4,-6,6,10,2,1,4,9539
6020,9575871,9575876,9575874,-5,2,5,8,1,0,4,9541
6021,9579058,9579055,9579052,3,3,6,9,4,2,4,9543
6022,9582237,9582234,9582240,3,-6,6,9,2,1,4,9544
6023,9585416,9585422,9585419,-6,3,6,9,1,0,4,9546
6024,9588605,9588602,9588599,3,3,6,9,4,2,4,9547
6025,9591785,9591782,9591788,3,-6,6,9,2,1,4,9549
6026,9594966,9594972,9594969,-6,3,6,9,1,0,4,9550
6027,9598156,9598153,9598150,3,3,6,9,4,2,4,9552
6028,9601338,9601335,9601341,3,-6,6,9,2,1,4,9554
6029,9604521,9604527,9604523,-6,4,6,8,1,0,4,9555
6030,9607713,9607709,9607706,4,3,7,10,4,2,4,9557
6031,9610896,9610893,9610899,3,-6,6,9,2,1,4,9558
6032,9614080,9614086,9614082,-6,4,6,8,1,0,4,9560
6033,9617274,9617270,9617267,4,3,7,10,4,2,4,9562
6034,9620459,9620455,9620462,4,-7,7,11,2,1,4,9563
6035,9623644,9623650,9623647,-6,3,6,9,1,0,4,9565
6036,9626840,9626836,9626833,4,3,7,10,4,2,4,9566
6037,9630026,9630022,9630029,4,-7,7,11,2,1,4,9568
6038,9633213,9633219,9633216,-6,3,6,9,1,0,4,9570
6039,9636410,9636407,9636404,3,3,6,9,4,2,4,9571
6040,9639598,9639595,9639601,3,-6,6,9,2,1,4,9573
6041,9642787,9642793,9642790,-6,3,6,9,1,0,4,9574
6042,9645985,9645982,9645979,3,3,6,9,4,2,4,9576
6043,9649175,9649172,9649178,3,-6,6,9,2,1,4,9577
6044,9652365,9652371,9652368,-6,3,6,9,1,0,4,9579
6045,9655565,9655562,9655559,3,3,6,9,4,2,4,9581
6046,9658757,9658754,9658759,3,-5,5,8,2,1,4,9582
6047,9661949,9661954,9661951,-5,3,5,7,1,0,4,9584
6048,9665150,9665147,9665144,3,3,6,9,4,2,4,9585
6049,9668343,9668340,9668345,3,-5,5,8,2,1,4,9587
6050,9671537,9671542,9671539,-5,3,5,7,1,0,4,9589
6051,9674740,9674736,9674734,4,2,6,8,4,2,4,9590
6052,9677934,9677931,9677937,3,-6,6,9,2,1,4,9592
6053,9681130,9681135,9681132,-5,3,5,7,1,0,4,9593
6054,9684334,9684330,9684328,4,2,6,8,4,2,4,9595
6055,9687530,9687527,9687533,3,-6,6,9,2,1,4,9596
6056,9690727,9690732,9690729,-5,3,5,7,1,0,4,9598
6057,9693933,9693929,9693927,4,2,6,8,4,2,4,9600
6058,9697130,9697128,9697134,2,-6,6,8,2,1,4,9601
6059,9700329,9700335,9700331,-6,4,6,8,1,0,4,9603
6060,9703537,9703533,9703531,4,2,6,8,4,2,4,9604
6061,9706735,9706733,9706739,2,-6,6,8,2,1,4,9606
6062,9709936,9709942,9709938,-6,4,6,8,1,0,4,9608
6063,9713146,9713142,9713139,4,3,7,10,4,2,4,9609
6064,9716346,9716343,9716349,3,-6,6,9,2,1,4,9611
6065,9719548,9719554,9719550,-6,4,6,8,1,0,4,9612
6066,9722759,9722755,9722752,4,3,7,10,4,2,4,9614
6067,9725961,9725958,9725964,3,-6,6,9,2,1,4,9615
6068,9729164,9729170,9729166,-6,4,6,8,1,0,4,9617
6069,9732377,9732373,9732370,4,3,7,10,4,2,4,9619
6070,9735581,9735577,9735584,4,-7,7,11,2,1,4,9620
6071,9738785,9738791,9738788,-6,3,6,9,1,0,4,9622
6072,9742000,9741996,9741993,4,3,7,10,4,2,4,9623
6073,9745205,9745201,9745208,4,-7,7,11,2,1,4,9625
6074,9748411,9748417,9748414,-6,3,6,9,1,0,4,9627
6075,9751627,9751624,9751621,3,3,6,9,4,2,4,9628
6076,9754834,9754831,9754837,3,-6,6,9,2,1,4,9630
6077,9758042,9758048,9758045,-6,3,6,9,1,0,4,9631
6078,9761259,9761256,9761253,3,3,6,9,4,2,4,9633
6079,9764468,9764465,9764471,3,-6,6,9,2,1,4,9634
6080,9767677,9767683,9767680,-6,3,6,9,1,0,4,9636
6081,9770896,9770893,9770890,3,3,6,9,4,2,4,9638
6082,9774107,9774104,9774109,3,-5,5,8,2,1,4,9639
6083,9777318,9777323,9777320,-5,3,5,7,1,0,4,9641
6084,9780538,9780535,9780532,3,3,6,9,4,2,4,9642
6085,9783750,9783747,9783752,3,-5,5,8,2,1,4,9644
6086,9786963,9786968,9786965,-5,3,5,7,1,0,4,9646
6087,9790185,9790181,9790179,4,2,6,8,4,2,4,9647
6088,9793398,9793395,9793401,3,-6,6,9,2,1,4,9649
6089,9796613,9796618,9796615,-5,3,5,7,1,0,4,9650
6090,9799836,9799832,9799830,4,2,6,8,4,2,4,9652
6091,9803051,9803048,9803054,3,-6,6,9,2,1,4,9654
6092,9806267,9806273,9806270,-6,3,6,9,1,0,4,9655
6093,9809492,9809489,9809486,3,3,6,9,4,2,4,9657
6094,9812709,9812706,9812712,3,-6,6,9,2,1,4,9658
6095,9815926,9815932,9815929,-6,3,6,9,1,0,4,9660
6096,9819153,9819150,9819147,3,3,6,9,4,2,4,9661
6097,9822371,9822368,9822374,3,-6,6,9,2,1,4,9663
6098,9825590,9825596,9825593,-6,3,6,9,1,0,4,9665
6099,9828819,9828816,9828812,3,4,7,11,4,2,4,9666
6100,9832039,9832035,9832041,4,-6,6,10,2,1,4,9668
6101,9835259,9835265,9835262,-6,3,6,9,1,0,4,9669
6102,9838489,9838486,9838482,3,4,7,11,4,2,4,9671
6103,9841711,9841707,9841713,4,-6,6,10,2,1,4,9673
6104,9844933,9844938,9844936,-5,2,5,8,1,0,4,9674
6105,9848164,9848161,9848158,3,3,6,9,4,2,4,9676
6106,9851388,9851384,9851390,4,-6,6,10,2,1,4,9677
6107,9854611,9854616,9854614,-5,2,5,8,1,0,4,9679
6108,9857844,9857841,9857838,3,3,6,9,4,2,4,9680
6109,9861069,9861065,9861071,4,-6,6,10,2,1,4,9682
6110,9864294,9864299,9864297,-5,2,5,8,1,0,4,9684
6111,9867528,9867526,9867523,2,3,5,8,4,2,4,9685
6112,9870755,9870752,9870757,3,-5,5,8,2,1,4,9687
6113,9873982,9873987,9873985,-5,2,5,8,1,0,4,9688
6114,9877217,9877215,9877212,2,3,5,8,4,2,4,9690
6115,9880446,9880443,9880448,3,-5,5,8,2,1,4,9692
6116,9883675,9883680,9883677,-5,3,5,7,1,0,4,9693
6117,9886912,9886909,9886906,3,3,6,9,4,2,4,9695
6118,9890142,9890139,9890144,3,-5,5,8,2,1,4,9696
6119,9893372,9893377,9893374,-5,3,5,7,1,0,4,9698
6120,9896611,9896608,9896605,3,3,6,9,4,2,4,9699
6121,9899842,9899839,9899844,3,-5,5,8,2,1,4,9701
6122,9903074,9903079,9903076,-5,3,5,7,1,0,4,9703
6123,9906315,9906311,9906309,4,2,6,8,4,2,4,9704
6124,9909547,9909544,9909550,3,-6,6,9,2,1,4,9706
6125,9912781,9912786,9912783,-5,3,5,7,1,0,4,9707
6126,9916023,9916019,9916017,4,2,6,8,4,2,4,9709
6127,9919257,9919254,9919260,3,-6,6,9,2,1,4,9711
6128,9922492,9922498,9922495,-6,3,6,9,1,0,4,9712
6129,9925736,9925733,9925730,3,3,6,9,4,2,4,9714
6130,9928972,9928969,9928975,3,-6,6,9,2,1,4,9715
6131,9932208,9932214,9932211,-6,3,6,9,1,0,4,9717
6132,9935454,9935451,9935448,3,3,6,9,4,2,4,9718
6133,9938691,9938688,9938694,3,-6,6,9,2,1,4,9720
6134,9941929,9941935,9941932,-6,3,6,9,1,0,4,9722
6135,9945177,9945174,9945170,3,4,7,11,4,2,4,9723
6136,9948416,9948412,9948418,4,-6,6,10,2,1,4,9725
6137,9951655,9951661,9951658,-6,3,6,9,1,0,4,9726
6138,9954904,9954901,9954897,3,4,7,11,4,2,4,9728
6139,9958145,9958141,9958147,4,-6,6,10,2,1,4,9730
6140,9961386,9961391,9961389,-5,2,5,8,1,0,4,9731
6141,9964636,9964633,9964630,3,3,6,9,4,2,4,9733
6142,9967879,9967875,9967881,4,-6,6,10,2,1,4,9734
6143,9971121,9971126,9971124,-5,2,5,8,1,0,4,9736
6144,9974373,9974370,9974367,3,3,6,9,4,2,4,9738
6145,9977617,9977614,9977620,3,-6,6,9,2,1,4,9739
6146,9980861,9980867,9980864,-6,3,6,9,1,0,4,9741
6147,9984115,9984112,9984109,3,3,6,9,4,2,4,9742
6148,9987360,9987357,9987363,3,-6,6,9,2,1,4,9744
6149,9990606,9990612,9990609,-6,3,6,9,1,0,4,9745
6150,9993861,9993858,9993855,3,3,6,9,4,2,4,9747
6151,9997108,9997105,9997111,3,-6,6,9,2,1,4,9749
6152,10000356,10000362,10000358,-6,4,6,8,1,0,4,9750
6153,10003613,10003609,10003606,4,3,7,10,4,2,4,9752
6154,10006861,10006858,10006864,3,-6,6,9,2,1,4,9753
6155,10010110,10010116,10010112,-6,4,6,8,1,0,4,9755
6156,10013369,10013365,10013362,4,3,7,10,4,2,4,9757
6157,10016619,10016615,10016622,4,-7,7,11,2,1,4,9758
6158,10019869,10019875,10019872,-6,3,6,9,1,0,4,9760
6159,10023130,10023126,10023123,4,3,7,10,4,2,4,9761
6160,10026381,10026377,10026384,4,-7,7,11,2,1,4,9763
6161,10029633,10029639,10029636,-6,3,6,9,1,0,4,9764
6162,10032895,10032891,10032888,4,3,7,10,4,2,4,9766
6163,10036148,10036144,10036151,4,-7,7,11,2,1,4,9768
6164,10039401,10039408,10039405,-7,3,7,11,1,0,4,9769
6165,10042665,10042662,10042658,3,4,7,11,4,2,4,9771
6166,10045920,10045916,10045923,4,-7,7,11,2,1,4,9772
6167,10049174,10049181,10049178,-7,3,7,11,1,0,4,9774
6168,10052440,10052437,10052433,3,4,7,11,4,2,4,9776
6169,10055697,10055693,10055699,4,-6,6,10,2,1,4,9777
6170,10058953,10058959,10058956,-6,3,6,9,1,0,4,9779
6171,10062220,10062217,10062213,3,4,7,11,4,2,4,9780
6172,10065478,10065474,10065480,4,-6,6,10,2,1,4,9782
6173,10068736,10068742,10068739,-6,3,6,9,1,0,4,9783
6174,10072004,10072001,10071997,3,4,7,11,4,2,4,9785
6175,10075264,10075260,10075266,4,-6,6,10,2,1,4,9787
6176,10078524,10078529,10078527,-5,2,5,8,1,0,4,9788
6177,10081793,10081790,10081787,3,3,6,9,4,2,4,9790
6178,10085055,10085051,10085057,4,-6,6,10,2,1,4,9791
6179,10088316,10088321,10088319,-5,2,5,8,1,0,4,9793
6180,10091587,10091584,10091581,3,3,6,9,4,2,4,9795
6181,10094850,10094847,10094853,3,-6,6,9,2,1,4,9796
6182,10098113,10098119,10098116,-6,3,6,9,1,0,4,9798
6183,10101386,10101383,10101380,3,3,6,9,4,2,4,9799
6184,10104650,10104647,10104653,3,-6,6,9,2,1,4,9801
6185,10107915,10107921,10107918,-6,3,6,9,1,0,4,9802
6186,10111189,10111186,10111183,3,3,6,9,4,2,4,9804
6187,10114455,10114452,10114458,3,-6,6,9,2,1,4,9806
6188,10117722,10117728,10117724,-6,4,6,8,1,0,4,9807
6189,10120998,10120994,10120991,4,3,7,10,4,2,4,9809
6190,10124265,10124262,10124268,3,-6,6,9,2,1,4,9810
6191,10127533,10127539,10127535,-6,4,6,8,1,0,4,9812
6192,10130811,10130807,10130804,4,3,7,10,4,2,4,9814
6193,10134080,10134076,10134083,4,-7,7,11,2,1,4,9815
6194,10137349,10137355,10137352,-6,3,6,9,1,0,4,9817
6195,10140629,10140625,10140622,4,3,7,10,4,2,4,9818
6196,10143899,10143895,10143902,4,-7,7,11,2,1,4,9820
6197,10147170,10147176,10147173,-6,3,6,9,1,0,4,9822
6198,10150451,10150448,10150445,3,3,6,9,4,2,4,9823
6199,10153723,10153720,10153726,3,-6,6,9,2,1,4,9825
6200,10156996,10157002,10156999,-6,3,6,9,1,0,4,9826
6201,10160278,10160275,10160272,3,3,6,9,4,2,4,9828
6202,10163552,10163549,10163555,3,-6,6,9,2,1,4,9829
6203,10166826,10166832,10166829,-6,3,6,9,1,0,4,9831
6204,10170110,10170107,10170104,3,3,6,9,4,2,4,9833
6205,10173386,10173383,10173388,3,-5,5,8,2,1,4,9834
6206,10176662,10176667,10176664,-5,3,5,7,1,0,4,9836
6207,10179947,10179944,10179941,3,3,6,9,4,2,4,9837
6208,10183224,10183221,10183226,3,-5,5,8,2,1,4,9839
6209,10186502,10186507,10186504,-5,3,5,7,1,0,4,9841
6210,10189789,10189785,10189783,4,2,6,8,4,2,4,9842
6211,10193067,10193064,10193070,3,-6,6,9,2,1,4,9844
6212,10196347,10196352,10196349,-5,3,5,7,1,0,4,9845
6213,10199635,10199631,10199629,4,2,6,8,4,2,4,9847
6214,10202915,10202912,10202918,3,-6,6,9,2,1,4,9848
6215,10206196,10206201,10206198,-5,3,5,7,1,0,4,9850
6216,10209486,10209482,10209480,4,2,6,8,4,2,4,9852
6217,10212767,10212765,10212771,2,-6,6,8,2,1,4,9853
6218,10216050,10216056,10216052,-6,4,6,8,1,0,4,9855
6219,10219342,10219338,10219336,4,2,6,8,4,2,4,9856
6220,10222624,10222622,10222628,2,-6,6,8,2,1,4,9858
6221,10225909,10225915,10225911,-6,4,6,8,1,0,4,9860
6222,10229203,10229199,10229196,4,3,7,10,4,2,4,9861
6223,10232487,10232484,10232490,3,-6,6,9,2,1,4,9863
6224,10235773,10235779,10235775,-6,4,6,8,1,0,4,9864
6225,10239068,10239064,10239061,4,3,7,10,4,2,4,9866
6226,10242354,10242351,10242357,3,-6,6,9,2,1,4,9867
6227,10245641,10245647,10245643,-6,4,6,8,1,0,4,9869
6228,10248938,10248934,10248931,4,3,7,10,4,2,4,9871
6229,10252226,10252222,10252229,4,-7,7,11,2,1,4,9872
6230,10255514,10255520,10255517,-6,3,6,9,1,0,4,9874
6231,10258813,10258809,10258806,4,3,7,10,4,2,4,9875
6232,10262102,10262098,10262105,4,-7,7,11,2,1,4,9877
6233,10265392,10265398,10265395,-6,3,6,9,1,0,4,9879
6234,10268692,10268689,10268686,3,3,6,9,4,2,4,9880
6235,10271983,10271980,10271986,3,-6,6,9,2,1,4,9882
6236,10275275,10275281,10275278,-6,3,6,9,1,0,4,9883
6237,10278576,10278573,10278570,3,3,6,9,4,2,4,9885
6238,10281869,10281866,10281872,3,-6,6,9,2,1,4,9886
6239,10285162,10285168,10285165,-6,3,6,9,1,0,4,9888
6240,10288465,10288462,10288459,3,3,6,9,4,2,4,9890
6241,10291760,10291757,10291762,3,-5,5,8,2,1,4,9891
6242,10295055,10295060,10295057,-5,3,5,7,1,0,4,9893
6243,10298359,10298356,10298353,3,3,6,9,4,2,4,9894
6244,10301655,10301652,10301657,3,-5,5,8,2,1,4,9896
6245,10304952,10304957,10304954,-5,3,5,7,1,0,4,9898
6246,10308258,10308254,10308252,4,2,6,8,4,2,4,9899
6247,10311555,10311552,10311558,3,-6,6,9,2,1,4,9901
6248,10314854,10314859,10314856,-5,3,5,7,1,0,4,9902
6249,10318161,10318157,10318155,4,2,6,8,4,2,4,9904
6250,10321460,10321457,10321463,3,-6,6,9,2,1,4,9906
6251,10324760,10324766,10324763,-6,3,6,9,1,0,4,9907
6252,10328069,10328066,10328063,3,3,6,9,4,2,4,9909
6253,10331370,10331367,10331373,3,-6,6,9,2,1,4,9910
6254,10334671,10334677,10334674,-6,3,6,9,1,0,4,9912
6255,10337982,10337979,10337976,3,3,6,9,4,2,4,9913
6256,10341284,10341281,10341287,3,-6,6,9,2,1,4,9915
6257,10344587,10344593,10344590,-6,3,6,9,1,0,4,9917
6258,10347900,10347897,10347893,3,4,7,11,4,2,4,9918
6259,10351204,10351200,10351206,4,-6,6,10,2,1,4,9920
6260,10354508,10354514,10354511,-6,3,6,9,1,0,4,9921
6261,10357822,10357819,10357815,3,4,7,11,4,2,4,9923
6262,10361128,10361124,10361130,4,-6,6,10,2,1,4,9925
6263,10364434,10364439,10364437,-5,2,5,8,1,0,4,9926
6264,10367749,10367746,10367743,3,3,6,9,4,2,4,9928
6265,10371057,10371053,10371059,4,-6,6,10,2,1,4,9929
6266,10374364,10374369,10374367,-5,2,5,8,1,0,4,9931
6267,10377681,10377678,10377675,3,3,6,9,4,2,4,9932
6268,10380990,10380986,10380992,4,-6,6,10,2,1,4,9934
6269,10384299,10384304,10384302,-5,2,5,8,1,0,4,9936
6270,10387617,10387615,10387612,2,3,5,8,4,2,4,9937
6271,10390928,10390925,10390930,3,-5,5,8,2,1,4,9939
6272,10394239,10394244,10394242,-5,2,5,8,1,0,4,9940
6273,10397558,10397556,10397553,2,3,5,8,4,2,4,9942
6274,10400871,10400868,10400873,3,-5,5,8,2,1,4,9944
6275,10404184,10404189,10404186,-5,3,5,7,1,0,4,9945
6276,10407505,10407502,10407499,3,3,6,9,4,2,4,9947
6277,10410819,10410816,10410821,3,-5,5,8,2,1,4,9948
6278,10414133,10414138,10414135,-5,3,5,7,1,0,4,9950
6279,10417456,10417453,10417450,3,3,6,9,4,2,4,9951
6280,10420771,10420768,10420773,3,-5,5,8,2,1,4,9953
6281,10424087,10424092,10424089,-5,3,5,7,1,0,4,9955
6282,10427412,10427408,10427406,4,2,6,8,4,2,4,9956
6283,10430728,10430725,10430731,3,-6,6,9,2,1,4,9958
6284,10434046,10434051,10434048,-5,3,5,7,1,0,4,9959
6285,10437372,10437368,10437366,4,2,6,8,4,2,4,9961
6286,10440690,10440687,10440693,3,-6,6,9,2,1,4,9963
6287,10444009,10444015,10444012,-6,3,6,9,1,0,4,9964
6288,10447337,10447334,10447331,3,3,6,9,4,2,4,9966
6289,10450657,10450654,10450660,3,-6,6,9,2,1,4,9967
6290,10453977,10453983,10453980,-6,3,6,9,1,0,4,9969
6291,10457307,10457304,10457301,3,3,6,9,4,2,4,9970
6292,10460628,10460625,10460631,3,-6,6,9,2,1,4,9972
6293,10463950,10463956,10463953,-6,3,6,9,1,0,4,9974
6294,10467282,10467279,10467275,3,4,7,11,4,2,4,9975
6295,10470605,10470601,10470607,4,-6,6,10,2,1,4,9977
6296,10473928,10473934,10473931,-6,3,6,9,1,0,4,9978
6297,10477261,10477258,10477254,3,4,7,11,4,2,4,9980
6298,10480586,10480582,10480588,4,-6,6,10,2,1,4,9982
6299,10483911,10483916,10483914,-5,2,5,8,1,0,4,9983
6300,10487245,10487242,10487239,3,3,6,9,4,2,4,9985
6301,10490572,10490568,10490574,4,-6,6,10,2,1,4,9986
6302,10493898,10493903,10493901,-5,2,5,8,1,0,4,9988
6303,10497234,10497231,10497228,3,3,6,9,4,2,4,9990
6304,10500562,10500559,10500565,3,-6,6,9,2,1,4,9991
6305,10503890,10503896,10503893,-6,3,6,9,1,0,4,9993
6306,10507228,10507225,10507222,3,3,6,9,4,2,4,9994
6307,10510557,10510554,10510560,3,-6,6,9,2,1,4,9996
6308,10513887,10513893,10513890,-6,3,6,9,1,0,4,9997
6309,10517226,10517223,10517220,3,3,6,9,4,2,4,9999
6310,10520557,10520554,10520560,3,-6,6,9,2,1,4,10001
6311,10523889,10523895,10523891,-6,4,6,8,1,0,4,10002
6312,10527230,10527226,10527223,4,3,7,10,4,2,4,10004
6313,10530562,10530559,10530565,3,-6,6,9,2,1,4,10005
6314,10533895,10533901,10533897,-6,4,6,8,1,0,4,10007
6315,10537238,10537234,10537231,4,3,7,10,4,2,4,10009
6316,10540572,10540568,10540575,4,-7,7,11,2,1,4,10010
6317,10543906,10543912,10543909,-6,3,6,9,1,0,4,10012
6318,10547251,10547247,10547244,4,3,7,10,4,2,4,10013
6319,10550586,10550582,10550589,4,-7,7,11,2,1,4,10015
6320,10553922,10553928,10553925,-6,3,6,9,1,0,4,10016
6321,10557268,10557264,10557261,4,3,7,10,4,2,4,10018
6322,10560605,10560601,10560608,4,-7,7,11,2,1,4,10020
6323,10563942,10563949,10563946,-7,3,7,11,1,0,4,10021
6324,10567290,10567287,10567283,3,4,7,11,4,2,4,10023
6325,10570629,10570625,10570632,4,-7,7,11,2,1,4,10024
6326,10573967,10573974,10573971,-7,3,7,11,1,0,4,10026
6327,10577317,10577314,10577310,3,4,7,11,4,2,4,10028
6328,10580658,10580654,10580660,4,-6,6,10,2,1,4,10029
6329,10583998,10584004,10584001,-6,3,6,9,1,0,4,10031
6330,10587349,10587346,10587342,3,4,7,11,4,2,4,10032
6331,10590691,10590687,10590693,4,-6,6,10,2,1,4,10034
6332,10594033,10594039,10594036,-6,3,6,9,1,0,4,10035
6333,10597385,10597382,10597378,3,4,7,11,4,2,4,10037
6334,10600729,10600725,10600731,4,-6,6,10,2,1,4,10039
6335,10604073,10604078,10604076,-5,2,5,8,1,0,4,10040
6336,10607426,10607423,10607420,3,3,6,9,4,2,4,10042
6337,10610772,10610768,10610774,4,-6,6,10,2,1,4,10043
6338,10614117,10614122,10614120,-5,2,5,8,1,0,4,10045
6339,10617472,10617469,10617466,3,3,6,9,4,2,4,10047
6340,10620819,10620816,10620822,3,-6,6,9,2,1,4,10048
6341,10624166,10624172,10624169,-6,3,6,9,1,0,4,10050
6342,10627523,10627520,10627517,3,3,6,9,4,2,4,10051
6343,10630871,10630868,10630874,3,-6,6,9,2,1,4,10053
6344,10634220,10634226,10634223,-6,3,6,9,1,0,4,10055
6345,10637579,10637576,10637572,3,4,7,11,4,2,4,10056
6346,10640929,10640925,10640931,4,-6,6,10,2,1,4,10058
6347,10644279,10644285,10644282,-6,3,6,9,1,0,4,10059
6348,10647639,10647636,10647632,3,4,7,11,4,2,4,10061
6349,10650991,10650987,10650993,4,-6,6,10,2,1,4,10062
6350,10654342,10654348,10654345,-6,3,6,9,1,0,4,10064
6351,10657704,10657701,10657697,3,4,7,11,4,2,4,10066
6352,10661058,10661053,10661060,5,-7,7,12,2,1,4,10067
6353,10664410,10664416,10664414,-6,2,6,10,1,0,4,10069
6354,10667774,10667771,10667767,3,4,7,11,4,2,4,10070
6355,10671129,10671124,10671131,5,-7,7,12,2,1,4,10072
6356,10674483,10674489,10674487,-6,2,6,10,1,0,4,10074
6357,10677848,10677846,10677842,2,4,6,10,4,2,4,10075
6358,10681205,10681201,10681207,4,-6,6,10,2,1,4,10077
6359,10684561,10684567,10684565,-6,2,6,10,1,0,4,10078
6360,10687927,10687925,10687921,2,4,6,10,4,2,4,10080
6361,10691286,10691282,10691288,4,-6,6,10,2,1,4,10081
6362,10694643,10694649,10694647,-6,2,6,10,1,0,4,10083
6363,10698011,10698009,10698005,2,4,6,10,4,2,4,10085
6364,10701372,10701368,10701373,4,-5,5,9,2,1,4,10086
6365,10704731,10704736,10704734,-5,2,5,8,1,0,4,10088
6366,10708100,10708098,10708094,2,4,6,10,4,2,4,10089
6367,10711462,10711458,10711463,4,-5,5,9,2,1,4,10091
6368,10714823,10714828,10714826,-5,2,5,8,1,0,4,10093
6369,10718194,10718191,10718188,3,3,6,9,4,2,4,10094
6370,10721557,10721553,10721559,4,-6,6,10,2,1,4,10096
6371,10724920,10724925,10724923,-5,2,5,8,1,0,4,10097
6372,10728292,10728289,10728286,3,3,6,9,4,2,4,10099
6373,10731657,10731653,10731659,4,-6,6,10,2,1,4,10100
6374,10735021,10735026,10735024,-5,2,5,8,1,0,4,10102
6375,10738395,10738392,10738389,3,3,6,9,4,2,4,10104
6376,10741761,10741758,10741764,3,-6,6,9,2,1,4,10105
6377,10745127,10745133,10745130,-6,3,6,9,1,0,4,10107
6378,10748503,10748500,10748497,3,3,6,9,4,2,4,10108
6379,10751870,10751867,10751873,3,-6,6,9,2,1,4,10110
6380,10755238,10755244,10755241,-6,3,6,9,1,0,4,10112
6381,10758616,10758613,10758609,3,4,7,11,4,2,4,10113
6382,10761985,10761981,10761987,4,-6,6,10,2,1,4,10115
6383,10765354,10765360,10765357,-6,3,6,9,1,0,4,10116
6384,10768733,10768730,10768726,3,4,7,11,4,2,4,10118
6385,10772104,10772100,10772106,4,-6,6,10,2,1,4,10119
6386,10775474,10775480,10775477,-6,3,6,9,1,0,4,10121
6387,10778855,10778852,10778848,3,4,7,11,4,2,4,10123
6388,10782228,10782223,10782230,5,-7,7,12,2,1,4,10124
6389,10785599,10785605,10785603,-6,2,6,10,1,0,4,10126
6390,10788982,10788979,10788975,3,4,7,11,4,2,4,10127
6391,10792356,10792351,10792358,5,-7,7,12,2,1,4,10129
6392,10795729,10795735,10795733,-6,2,6,10,1,0,4,10131
6393,10799113,10799111,10799107,2,4,6,10,4,2,4,10132
6394,10802489,10802485,10802491,4,-6,6,10,2,1,4,10134
6395,10805864,10805870,10805868,-6,2,6,10,1,0,4,10135
6396,10809249,10809247,10809243,2,4,6,10,4,2,4,10137
6397,10812627,10812623,10812629,4,-6,6,10,2,1,4,10139
6398,10816004,10816010,10816007,-6,3,6,9,1,0,4,10140
6399,10819391,10819388,10819384,3,4,7,11,4,2,4,10142
6400,10822770,10822766,10822772,4,-6,6,10,2,1,4,10143
6401,10826148,10826154,10826151,-6,3,6,9,1,0,4,10145
6402,10829537,10829534,10829530,3,4,7,11,4,2,4,10146
6403,10832917,10832913,10832919,4,-6,6,10,2,1,4,10148
6404,10836297,10836303,10836300,-6,3,6,9,1,0,4,10150
6405,10839688,10839684,10839681,4,3,7,10,4,2,4,10151
6406,10843069,10843065,10843072,4,-7,7,11,2,1,4,10153
6407,10846451,10846457,10846454,-6,3,6,9,1,0,4,10154
6408,10849843,10849839,10849836,4,3,7,10,4,2,4,10156
6409,10853226,10853222,10853229,4,-7,7,11,2,1,4,10158
6410,10856609,10856616,10856613,-7,3,7,11,1,0,4,10159
6411,10860003,10860000,10859996,3,4,7,11,4,2,4,10161
6412,10863388,10863384,10863391,4,-7,7,11,2,1,4,10162
6413,10866772,10866779,10866776,-7,3,7,11,1,0,4,10164
6414,10870168,10870165,10870161,3,4,7,11,4,2,4,10165
6415,10873554,10873550,10873557,4,-7,7,11,2,1,4,10167
6416,10876940,10876947,10876944,-7,3,7,11,1,0,4,10169
6417,10880338,10880335,10880330,3,5,8,13,4,2,4,10170
6418,10883726,10883721,10883728,5,-7,7,12,2,1,4,10172
6419,10887113,10887120,10887117,-7,3,7,11,1,0,4,10173
6420,10890512,10890509,10890504,3,5,8,13,4,2,4,10175
6421,10893902,10893897,10893904,5,-7,7,12,2,1,4,10177
6422,10897291,10897297,10897295,-6,2,6,10,1,0,4,10178
6423,10900691,10900688,10900684,3,4,7,11,4,2,4,10180
6424,10904083,10904078,10904085,5,-7,7,12,2,1,4,10181
6425,10907473,10907479,10907477,-6,2,6,10,1,0,4,10183
6426,10910875,10910872,10910868,3,4,7,11,4,2,4,10184
6427,10914268,10914263,10914270,5,-7,7,12,2,1,4,10186
6428,10917660,10917666,10917664,-6,2,6,10,1,0,4,10188
6429,10921063,10921061,10921057,2,4,6,10,4,2,4,10189
6430,10924458,10924454,10924460,4,-6,6,10,2,1,4,10191
6431,10927852,10927858,10927856,-6,2,6,10,1,0,4,10192
6432,10931256,10931254,10931250,2,4,6,10,4,2,4,10194
6433,10934653,10934649,10934655,4,-6,6,10,2,1,4,10196
6434,10938049,10938055,10938052,-6,3,6,9,1,0,4,10197
6435,10941455,10941452,10941448,3,4,7,11,4,2,4,10199
6436,10944853,10944849,10944855,4,-6,6,10,2,1,4,10200
6437,10948250,10948256,10948253,-6,3,6,9,1,0,4,10202
6438,10951658,10951655,10951651,3,4,7,11,4,2,4,10203
6439,10955057,10955053,10955059,4,-6,6,10,2,1,4,10205
6440,10958456,10958462,10958459,-6,3,6,9,1,0,4,10207
6441,10961866,10961862,10961859,4,3,7,10,4,2,4,10208
6442,10965266,10965262,10965269,4,-7,7,11,2,1,4,10210
6443,10968667,10968673,10968670,-6,3,6,9,1,0,4,10211
6444,10972078,10972074,10972071,4,3,7,10,4,2,4,10213
6445,10975480,10975476,10975483,4,-7,7,11,2,1,4,10215
6446,10978882,10978889,10978886,-7,3,7,11,1,0,4,10216
6447,10982295,10982292,10982288,3,4,7,11,4,2,4,10218
6448,10985699,10985695,10985702,4,-7,7,11,2,1,4,10219
6449,10989102,10989109,10989106,-7,3,7,11,1,0,4,10221
6450,10992517,10992514,10992510,3,4,7,11,4,2,4,10223
6451,10995923,10995919,10995925,4,-6,6,10,2,1,4,10224
6452,10999328,10999334,10999331,-6,3,6,9,1,0,4,10226
6453,11002744,11002741,11002737,3,4,7,11,4,2,4,10227
6454,11006151,11006147,11006153,4,-6,6,10,2,1,4,10229
6455,11009558,11009564,11009561,-6,3,6,9,1,0,4,10230
6456,11012975,11012972,11012968,3,4,7,11,4,2,4,10232
6457,11016384,11016380,11016386,4,-6,6,10,2,1,4,10234
6458,11019793,11019798,11019796,-5,2,5,8,1,0,4,10235
6459,11023211,11023208,11023205,3,3,6,9,4,2,4,10237
6460,11026622,11026618,11026624,4,-6,6,10,2,1,4,10238
6461,11030032,11030037,11030035,-5,2,5,8,1,0,4,10240
6462,11033452,11033449,11033446,3,3,6,9,4,2,4,10242
6463,11036864,11036861,11036867,3,-6,6,9,2,1,4,10243
6464,11040276,11040282,11040279,-6,3,6,9,1,0,4,10245
6465,11043698,11043695,11043692,3,3,6,9,4,2,4,10246
6466,11047111,11047108,11047114,3,-6,6,9,2,1,4,10248
6467,11050525,11050531,11050528,-6,3,6,9,1,0,4,10249
6468,11053948,11053945,11053942,3,3,6,9,4,2,4,10251
6469,11057363,11057360,11057366,3,-6,6,9,2,1,4,10253
6470,11060779,11060785,11060781,-6,4,6,8,1,0,4,10254
6471,11064204,11064200,11064197,4,3,7,10,4,2,4,10256
6472,11067620,11067617,11067623,3,-6,6,9,2,1,4,10257
6473,11071037,11071043,11071039,-6,4,6,8,1,0,4,10259
6474,11074464,11074460,11074457,4,3,7,10,4,2,4,10261
6475,11077882,11077878,11077885,4,-7,7,11,2,1,4,10262
6476,11081300,11081306,11081303,-6,3,6,9,1,0,4,10264
6477,11084729,11084725,11084722,4,3,7,10,4,2,4,10265
6478,11088148,11088144,11088151,4,-7,7,11,2,1,4,10267
6479,11091568,11091574,11091571,-6,3,6,9,1,0,4,10268
6480,11094998,11094994,11094991,4,3,7,10,4,2,4,10270
6481,11098419,11098415,11098422,4,-7,7,11,2,1,4,10272
6482,11101840,11101847,11101844,-7,3,7,11,1,0,4,10273
6483,11105272,11105269,11105265,3,4,7,11,4,2,4,10275
6484,11108695,11108691,11108698,4,-7,7,11,2,1,4,10276
6485,11112117,11112124,11112121,-7,3,7,11,1,0,4,10278
6486,11115551,11115548,11115544,3,4,7,11,4,2,4,10280
6487,11118976,11118972,11118978,4,-6,6,10,2,1,4,10281
6488,11122400,11122406,11122403,-6,3,6,9,1,0,4,10283
6489,11125835,11125832,11125828,3,4,7,11,4,2,4,10284
6490,11129261,11129257,11129263,4,-6,6,10,2,1,4,10286
6491,11132687,11132693,11132690,-6,3,6,9,1,0,4,10287
6492,11136123,11136120,11136116,3,4,7,11,4,2,4,10289
6493,11139551,11139547,11139553,4,-6,6,10,2,1,4,10291
6494,11142979,11142984,11142982,-5,2,5,8,1,0,4,10292
6495,11146416,11146413,11146410,3,3,6,9,4,2,4,10294
6496,11149846,11149842,11149848,4,-6,6,10,2,1,4,10295
6497,11153275,11153280,11153278,-5,2,5,8,1,0,4,10297
6498,11156714,11156711,11156708,3,3,6,9,4,2,4,10299
6499,11160145,11160142,11160148,3,-6,6,9,2,1,4,10300
6500,11163576,11163582,11163579,-6,3,6,9,1,0,4,10302
6501,11167017,11167014,11167011,3,3,6,9,4,2,4,10303
6502,11170449,11170446,11170452,3,-6,6,9,2,1,4,10305
6503,11173882,11173888,11173885,-6,3,6,9,1,0,4,10307
6504,11177325,11177322,11177318,3,4,7,11,4,2,4,10308
6505,11180759,11180755,11180761,4,-6,6,10,2,1,4,10310
6506,11184193,11184199,11184196,-6,3,6,9,1,0,4,10311
6507,11187637,11187634,11187630,3,4,7,11,4,2,4,10313
6508,11191073,11191069,11191075,4,-6,6,10,2,1,4,10314
6509,11194508,11194514,11194511,-6,3,6,9,1,0,4,10316
6510,11197954,11197951,11197947,3,4,7,11,4,2,4,10318
6511,11201392,11201387,11201394,5,-7,7,12,2,1,4,10319
6512,11204828,11204834,11204832,-6,2,6,10,1,0,4,10321
6513,11208276,11208273,11208269,3,4,7,11,4,2,4,10322
6514,11211715,11211710,11211717,5,-7,7,12,2,1,4,10324
6515,11215153,11215159,11215157,-6,2,6,10,1,0,4,10326
6516,11218602,11218600,11218596,2,4,6,10,4,2,4,10327
6517,11222043,11222039,11222045,4,-6,6,10,2,1,4,10329
6518,11225483,11225489,11225487,-6,2,6,10,1,0,4,10330
6519,11228933,11228931,11228927,2,4,6,10,4,2,4,10332
6520,11232376,11232372,11232378,4,-6,6,10,2,1,4,10333
6521,11235817,11235823,11235821,-6,2,6,10,1,0,4,10335
6522,11239269,11239267,11239263,2,4,6,10,4,2,4,10337
6523,11242714,11242710,11242715,4,-5,5,9,2,1,4,10338
6524,11246157,11246162,11246160,-5,2,5,8,1,0,4,10340
6525,11249610,11249608,11249604,2,4,6,10,4,2,4,10341
6526,11253056,11253052,11253057,4,-5,5,9,2,1,4,10343
6527,11256501,11256506,11256504,-5,2,5,8,1,0,4,10345
6528,11259956,11259953,11259950,3,3,6,9,4,2,4,10346
6529,11263403,11263399,11263405,4,-6,6,10,2,1,4,10348
6530,11266850,11266855,11266853,-5,2,5,8,1,0,4,10349
6531,11270306,11270303,11270300,3,3,6,9,4,2,4,10351
6532,11273755,11273751,11273757,4,-6,6,10,2,1,4,10352
6533,11277203,11277208,11277206,-5,2,5,8,1,0,4,10354
6534,11280661,11280658,11280655,3,3,6,9,4,2,4,10356
6535,11284111,11284108,11284114,3,-6,6,9,2,1,4,10357
6536,11287561,11287567,11287564,-6,3,6,9,1,0,4,10359
6537,11291021,11291018,11291015,3,3,6,9,4,2,4,10360
6538,11294472,11294469,11294475,3,-6,6,9,2,1,4,10362
6539,11297924,11297930,11297927,-6,3,6,9,1,0,4,10364
6540,11301386,11301383,11301379,3,4,7,11,4,2,4,10365
6541,11304839,11304835,11304841,4,-6,6,10,2,1,4,10367
6542,11308292,11308298,11308295,-6,3,6,9,1,0,4,10368
6543,11311755,11311752,11311748,3,4,7,11,4,2,4,10370
6544,11315210,11315206,11315212,4,-6,6,10,2,1,4,10371
6545,11318664,11318670,11318667,-6,3,6,9,1,0,4,10373
6546,11322129,11322126,11322122,3,4,7,11,4,2,4,10375
6547,11325586,11325581,11325588,5,-7,7,12,2,1,4,10376
6548,11329041,11329047,11329045,-6,2,6,10,1,0,4,10378
6549,11332508,11332505,11332501,3,4,7,11,4,2,4,10379
6550,11335966,11335961,11335968,5,-7,7,12,2,1,4,10381
6551,11339423,11339429,11339427,-6,2,6,10,1,0,4,10383
6552,11342891,11342889,11342885,2,4,6,10,4,2,4,10384
6553,11346351,11346347,11346353,4,-6,6,10,2,1,4,10386
6554,11349810,11349816,11349814,-6,2,6,10,1,0,4,10387
6555,11353279,11353277,11353273,2,4,6,10,4,2,4,10389
6556,11356741,11356737,11356743,4,-6,6,10,2,1,4,10391
6557,11360202,11360208,11360205,-6,3,6,9,1,0,4,10392
6558,11363673,11363670,11363666,3,4,7,11,4,2,4,10394
6559,11367136,11367132,11367138,4,-6,6,10,2,1,4,10395
6560,11370598,11370604,11370601,-6,3,6,9,1,0,4,10397
6561,11374071,11374068,11374064,3,4,7,11,4,2,4,10398
6562,11377535,11377531,11377537,4,-6,6,10,2,1,4,10400
6563,11380999,11381005,11381002,-6,3,6,9,1,0,4,10402
6564,11384474,11384470,11384467,4,3,7,10,4,2,4,10403
6565,11387939,11387935,11387942,4,-7,7,11,2,1,4,10405
6566,11391405,11391411,11391408,-6,3,6,9,1,0,4,10406
6567,11394881,11394877,11394874,4,3,7,10,4,2,4,10408
6568,11398348,11398344,11398351,4,-7,7,11,2,1,4,10410
6569,11401815,11401822,11401819,-7,3,7,11,1,0,4,10411
6570,11405293,11405290,11405286,3,4,7,11,4,2,4,10413
6571,11408762,11408758,11408765,4,-7,7,11,2,1,4,10414
6572,11412230,11412237,11412234,-7,3,7,11,1,0,4,10416
6573,11415710,11415707,11415703,3,4,7,11,4,2,4,10417
6574,11419180,11419176,11419183,4,-7,7,11,2,1,4,10419
6575,11422650,11422657,11422654,-7,3,7,11,1,0,4,10421
6576,11426132,11426129,11426124,3,5,8,13,4,2,4,10422
6577,11429604,11429599,11429606,5,-7,7,12,2,1,4,10424
6578,11433075,11433082,11433079,-7,3,7,11,1,0,4,10425
6579,11436558,11436555,11436550,3,5,8,13,4,2,4,10427
6580,11440032,11440027,11440034,5,-7,7,12,2,1,4,10429
6581,11443505,11443511,11443509,-6,2,6,10,1,0,4,10430
6582,11446989,11446986,11446982,3,4,7,11,4,2,4,10432
6583,11450465,11450460,11450467,5,-7,7,12,2,1,4,10433
6584,11453939,11453945,11453943,-6,2,6,10,1,0,4,10435
6585,11457425,11457422,11457418,3,4,7,11,4,2,4,10436
6586,11460902,11460897,11460904,5,-7,7,12,2,1,4,10438
6587,11464378,11464384,11464382,-6,2,6,10,1,0,4,10440
6588,11467865,11467863,11467859,2,4,6,10,4,2,4,10441
6589,11471344,11471340,11471346,4,-6,6,10,2,1,4,10443
6590,11474822,11474828,11474826,-6,2,6,10,1,0,4,10444
6591,11478310,11478308,11478304,2,4,6,10,4,2,4,10446
6592,11481791,11481787,11481793,4,-6,6,10,2,1,4,10448
6593,11485271,11485277,11485274,-6,3,6,9,1,0,4,10449
6594,11488761,11488758,11488754,3,4,7,11,4,2,4,10451
6595,11492243,11492239,11492245,4,-6,6,10,2,1,4,10452
6596,11495724,11495730,11495727,-6,3,6,9,1,0,4,10454
6597,11499216,11499213,11499209,3,4,7,11,4,2,4,10455
6598,11502699,11502695,11502701,4,-6,6,10,2,1,4,10457
6599,11506182,11506188,11506185,-6,3,6,9,1,0,4,10459
6600,11509676,11509672,11509669,4,3,7,10,4,2,4,10460
6601,11513160,11513156,11513163,4,-7,7,11,2,1,4,10462
6602,11516645,11516651,11516648,-6,3,6,9,1,0,4,10463
6603,11520140,11520136,11520133,4,3,7,10,4,2,4,10465
6604,11523626,11523622,11523629,4,-7,7,11,2,1,4,10467
6605,11527112,11527119,11527116,-7,3,7,11,1,0,4,10468
6606,11530609,11530606,11530602,3,4,7,11,4,2,4,10470
6607,11534097,11534093,11534100,4,-7,7,11,2,1,4,10471
6608,11537584,11537591,11537588,-7,3,7,11,1,0,4,10473
6609,11541083,11541080,11541076,3,4,7,11,4,2,4,10475
6610,11544573,11544569,11544575,4,-6,6,10,2,1,4,10476
6611,11548062,11548068,11548065,-6,3,6,9,1,0,4,10478
6612,11551562,11551559,11551555,3,4,7,11,4,2,4,10479
6613,11555053,11555049,11555055,4,-6,6,10,2,1,4,10481
6614,11558544,11558550,11558547,-6,3,6,9,1,0,4,10482
6615,11562045,11562042,11562038,3,4,7,11,4,2,4,10484
6616,11565538,11565534,11565540,4,-6,6,10,2,1,4,10486
6617,11569031,11569036,11569034,-5,2,5,8,1,0,4,10487
6618,11572533,11572530,11572527,3,3,6,9,4,2,4,10489
6619,11576028,11576024,11576030,4,-6,6,10,2,1,4,10490
6620,11579522,11579527,11579525,-5,2,5,8,1,0,4,10492
6621,11583026,11583023,11583020,3,3,6,9,4,2,4,10494
6622,11586522,11586519,11586525,3,-6,6,9,2,1,4,10495
6623,11590018,11590024,11590021,-6,3,6,9,1,0,4,10497
6624,11593524,11593521,11593518,3,3,6,9,4,2,4,10498
6625,11597021,11597018,11597024,3,-6,6,9,2,1,4,10500
6626,11600519,11600525,11600522,-6,3,6,9,1,0,4,10501
6627,11604026,11604023,11604020,3,3,6,9,4,2,4,10503
6628,11607525,11607522,11607528,3,-6,6,9,2,1,4,10505
6629,11611025,11611031,11611027,-6,4,6,8,1,0,4,10506
6630,11614534,11614530,11614527,4,3,7,10,4,2,4,10508
6631,11618034,11618031,11618037,3,-6,6,9,2,1,4,10509
6632,11621535,11621541,11621537,-6,4,6,8,1,0,4,10511
6633,11625046,11625042,11625039,4,3,7,10,4,2,4,10513
6634,11628548,11628544,11628551,4,-7,7,11,2,1,4,10514
6635,11632050,11632056,11632053,-6,3,6,9,1,0,4,10516
6636,11635563,11635559,11635556,4,3,7,10,4,2,4,10517
6637,11639066,11639062,11639069,4,-7,7,11,2,1,4,10519
6638,11642570,11642576,11642573,-6,3,6,9,1,0,4,10520
6639,11646084,11646080,11646077,4,3,7,10,4,2,4,10522
6640,11649589,11649585,11649592,4,-7,7,11,2,1,4,10524
6641,11653094,11653101,11653098,-7,3,7,11,1,0,4,10525
6642,11656610,11656607,11656603,3,4,7,11,4,2,4,10527
6643,11660117,11660113,11660120,4,-7,7,11,2,1,4,10528
6644,11663623,11663630,11663627,-7,3,7,11,1,0,4,10530
6645,11667141,11667138,11667134,3,4,7,11,4,2,4,10532
6646,11670650,11670646,11670652,4,-6,6,10,2,1,4,10533
6647,11674158,11674164,11674161,-6,3,6,9,1,0,4,10535
6648,11677677,11677674,11677670,3,4,7,11,4,2,4,10536
6649,11681187,11681183,11681189,4,-6,6,10,2,1,4,10538
6650,11684697,11684703,11684700,-6,3,6,9,1,0,4,10540
6651,11688218,11688214,11688211,4,3,7,10,4,2,4,10541
6652,11691729,11691725,11691732,4,-7,7,11,2,1,4,10543
6653,11695241,11695247,11695244,-6,3,6,9,1,0,4,10544
6654,11698763,11698759,11698756,4,3,7,10,4,2,4,10546
6655,11702276,11702272,11702279,4,-7,7,11,2,1,4,10547
6656,11705789,11705795,11705792,-6,3,6,9,1,0,4,10549
6657,11709313,11709309,11709306,4,3,7,10,4,2,4,10551
6658,11712827,11712824,11712831,3,-7,7,10,2,1,4,10552
6659,11716342,11716349,11716345,-7,4,7,10,1,0,4,10554
6660,11719868,11719864,11719861,4,3,7,10,4,2,4,10555
6661,11723383,11723380,11723387,3,-7,7,10,2,1,4,10557
6662,11726900,11726907,11726903,-7,4,7,10,1,0,4,10559
6663,11730428,11730424,11730420,4,4,8,12,4,2,4,10560
6664,11733945,11733941,11733948,4,-7,7,11,2,1,4,10562
6665,11737463,11737470,11737466,-7,4,7,10,1,0,4,10563
6666,11740992,11740988,11740984,4,4,8,12,4,2,4,10565
6667,11744511,11744507,11744514,4,-7,7,11,2,1,4,10566
6668,11748030,11748037,11748033,-7,4,7,10,1,0,4,10568
6669,11751561,11751557,11751553,4,4,8,12,4,2,4,10570
6670,11755082,11755077,11755085,5,-8,8,13,2,1,4,10571
6671,11758602,11758609,11758606,-7,3,7,11,1,0,4,10573
6672,11762135,11762131,11762127,4,4,8,12,4,2,4,10574
6673,11765657,11765652,11765660,5,-8,8,13,2,1,4,10576
6674,11769179,11769186,11769183,-7,3,7,11,1,0,4,10578
6675,11772713,11772710,11772706,3,4,7,11,4,2,4,10579
6676,11776237,11776233,11776240,4,-7,7,11,2,1,4,10581
6677,11779761,11779768,11779765,-7,3,7,11,1,0,4,10582
6678,11783296,11783293,11783289,3,4,7,11,4,2,4,10584
6679,11786822,11786818,11786825,4,-7,7,11,2,1,4,10585
6680,11790347,11790354,11790351,-7,3,7,11,1,0,4,10587
6681,11793884,11793881,11793877,3,4,7,11,4,2,4,10589
6682,11797412,11797408,11797414,4,-6,6,10,2,1,4,10590
6683,11800939,11800945,11800942,-6,3,6,9,1,0,4,10592
6684,11804477,11804474,11804470,3,4,7,11,4,2,4,10593
6685,11808006,11808002,11808008,4,-6,6,10,2,1,4,10595
6686,11811535,11811541,11811538,-6,3,6,9,1,0,4,10597
6687,11815075,11815071,11815068,4,3,7,10,4,2,4,10598
6688,11818605,11818601,11818608,4,-7,7,11,2,1,4,10600
6689,11822136,11822142,11822139,-6,3,6,9,1,0,4,10601
6690,11825677,11825673,11825670,4,3,7,10,4,2,4,10603
6691,11829209,11829205,11829212,4,-7,7,11,2,1,4,10604
6692,11832741,11832747,11832744,-6,3,6,9,1,0,4,10606
6693,11836284,11836280,11836277,4,3,7,10,4,2,4,10608
6694,11839817,11839814,11839821,3,-7,7,10,2,1,4,10609
6695,11843351,11843358,11843354,-7,4,7,10,1,0,4,10611
6696,11846896,11846892,11846889,4,3,7,10,4,2,4,10612
6697,11850430,11850427,11850434,3,-7,7,10,2,1,4,10614
6698,11853966,11853973,11853969,-7,4,7,10,1,0,4,10616
6699,11857513,11857509,11857505,4,4,8,12,4,2,4,10617
6700,11861049,11861045,11861052,4,-7,7,11,2,1,4,10619
6701,11864586,11864593,11864589,-7,4,7,10,1,0,4,10620
6702,11868134,11868130,11868126,4,4,8,12,4,2,4,10622
6703,11871672,11871668,11871675,4,-7,7,11,2,1,4,10624
6704,11875211,11875217,11875214,-6,3,6,9,1,0,4,10625
6705,11878760,11878756,11878753,4,3,7,10,4,2,4,10627
6706,11882300,11882296,11882303,4,-7,7,11,2,1,4,10628
6707,11885840,11885846,11885843,-6,3,6,9,1,0,4,10630
6708,11889391,11889387,11889384,4,3,7,10,4,2,4,10631
6709,11892932,11892928,11892935,4,-7,7,11,2,1,4,10633
6710,11896474,11896480,11896477,-6,3,6,9,1,0,4,10635
6711,11900026,11900023,11900020,3,3,6,9,4,2,4,10636
6712,11903569,11903566,11903572,3,-6,6,9,2,1,4,10638
6713,11907113,11907119,11907116,-6,3,6,9,1,0,4,10639
6714,11910666,11910663,11910660,3,3,6,9,4,2,4,10641
6715,11914211,11914208,11914214,3,-6,6,9,2,1,4,10643
6716,11917757,11917763,11917759,-6,4,6,8,1,0,4,10644
6717,11921312,11921308,11921305,4,3,7,10,4,2,4,10646
6718,11924858,11924855,11924861,3,-6,6,9,2,1,4,10647
6719,11928405,11928411,11928407,-6,4,6,8,1,0,4,10649
6720,11931962,11931958,11931955,4,3,7,10,4,2,4,10650
6721,11935509,11935506,11935512,3,-6,6,9,2,1,4,10652
6722,11939058,11939064,11939060,-6,4,6,8,1,0,4,10654
6723,11942617,11942612,11942610,5,2,7,9,4,2,4,10655
6724,11946165,11946162,11946169,3,-7,7,10,2,1,4,10657
6725,11949716,11949722,11949718,-6,4,6,8,1,0,4,10658
6726,11953276,11953271,11953269,5,2,7,9,4,2,4,10660
6727,11956826,11956823,11956830,3,-7,7,10,2,1,4,10662
6728,11960378,11960385,11960381,-7,4,7,10,1,0,4,10663
6729,11963940,11963936,11963933,4,3,7,10,4,2,4,10665
6730,11967492,11967489,11967496,3,-7,7,10,2,1,4,10666
6731,11971045,11971052,11971048,-7,4,7,10,1,0,4,10668
6732,11974609,11974605,11974602,4,3,7,10,4,2,4,10669
6733,11978162,11978159,11978166,3,-7,7,10,2,1,4,10671
6734,11981717,11981724,11981720,-7,4,7,10,1,0,4,10673
6735,11985283,11985279,11985275,4,4,8,12,4,2,4,10674
6736,11988838,11988834,11988841,4,-7,7,11,2,1,4,10676
6737,11992394,11992401,11992397,-7,4,7,10,1,0,4,10677
6738,11995961,11995957,11995953,4,4,8,12,4,2,4,10679
6739,11999518,11999514,11999521,4,-7,7,11,2,1,4,10681
6740,12003076,12003082,12003079,-6,3,6,9,1,0,4,10682
6741,12006644,12006640,12006637,4,3,7,10,4,2,4,10684
6742,12010203,12010199,12010206,4,-7,7,11,2,1,4,10685
6743,12013762,12013768,12013765,-6,3,6,9,1,0,4,10687
6744,12017332,12017328,12017325,4,3,7,10,4,2,4,10688
6745,12020892,12020888,12020895,4,-7,7,11,2,1,4,10690
6746,12024453,12024459,12024456,-6,3,6,9,1,0,4,10692
6747,12028024,12028021,12028018,3,3,6,9,4,2,4,10693
6748,12031586,12031583,12031589,3,-6,6,9,2,1,4,10695
6749,12035149,12035155,12035152,-6,3,6,9,1,0,4,10696
6750,12038721,12038718,12038715,3,3,6,9,4,2,4,10698
6751,12042285,12042282,12042288,3,-6,6,9,2,1,4,10700
6752,12045850,12045856,12045852,-6,4,6,8,1,0,4,10701
6753,12049424,12049420,12049417,4,3,7,10,4,2,4,10703
6754,12052989,12052986,12052992,3,-6,6,9,2,1,4,10704
6755,12056555,12056561,12056557,-6,4,6,8,1,0,4,10706
6756,12060131,12060127,12060124,4,3,7,10,4,2,4,10708
6757,12063698,12063694,12063701,4,-7,7,11,2,1,4,10709
6758,12067265,12067271,12067268,-6,3,6,9,1,0,4,10711
6759,12070843,12070839,12070836,4,3,7,10,4,2,4,10712
6760,12074411,12074407,12074414,4,-7,7,11,2,1,4,10714
6761,12077980,12077986,12077983,-6,3,6,9,1,0,4,10715
6762,12081559,12081555,12081552,4,3,7,10,4,2,4,10717
6763,12085129,12085125,12085132,4,-7,7,11,2,1,4,10719
6764,12088699,12088706,12088703,-7,3,7,11,1,0,4,10720
6765,12092280,12092277,12092273,3,4,7,11,4,2,4,10722
6766,12095852,12095848,12095855,4,-7,7,11,2,1,4,10723
6767,12099423,12099430,12099427,-7,3,7,11,1,0,4,10725
6768,12103006,12103003,12102999,3,4,7,11,4,2,4,10727
6769,12106580,12106576,12106582,4,-6,6,10,2,1,4,10728
6770,12110153,12110159,12110156,-6,3,6,9,1,0,4,10730
6771,12113737,12113734,12113730,3,4,7,11,4,2,4,10731
6772,12117312,12117308,12117314,4,-6,6,10,2,1,4,10733
6773,12120887,12120893,12120890,-6,3,6,9,1,0,4,10734
6774,12124472,12124469,12124465,3,4,7,11,4,2,4,10736
6775,12128049,12128045,12128051,4,-6,6,10,2,1,4,10738
6776,12131626,12131631,12131629,-5,2,5,8,1,0,4,10739
6777,12135212,12135209,12135206,3,3,6,9,4,2,4,10741
6778,12138791,12138787,12138793,4,-6,6,10,2,1,4,10742
6779,12142369,12142374,12142372,-5,2,5,8,1,0,4,10744
6780,12145957,12145954,12145951,3,3,6,9,4,2,4,10746
6781,12149537,12149534,12149540,3,-6,6,9,2,1,4,10747
6782,12153117,12153123,12153120,-6,3,6,9,1,0,4,10749
6783,12156707,12156704,12156701,3,3,6,9,4,2,4,10750
6784,12160288,12160285,12160291,3,-6,6,9,2,1,4,10752
6785,12163870,12163876,12163873,-6,3,6,9,1,0,4,10753
6786,12167461,12167458,12167455,3,3,6,9,4,2,4,10755
6787,12171044,12171041,12171047,3,-6,6,9,2,1,4,10757
6788,12174628,12174634,12174630,-6,4,6,8,1,0,4,10758
6789,12178221,12178217,12178214,4,3,7,10,4,2,4,10760
6790,12181805,12181802,12181808,3,-6,6,9,2,1,4,10761
6791,12185390,12185396,12185392,-6,4,6,8,1,0,4,10763
6792,12188985,12188981,12188978,4,3,7,10,4,2,4,10765
6793,12192571,12192567,12192574,4,-7,7,11,2,1,4,10766
6794,12196157,12196163,12196160,-6,3,6,9,1,0,4,10768
6795,12199754,12199750,12199747,4,3,7,10,4,2,4,10769
6796,12203341,12203337,12203344,4,-7,7,11,2,1,4,10771
6797,12206929,12206935,12206932,-6,3,6,9,1,0,4,10772
6798,12210527,12210523,12210520,4,3,7,10,4,2,4,10774
6799,12214116,12214112,12214119,4,-7,7,11,2,1,4,10776
6800,12217705,12217712,12217709,-7,3,7,11,1,0,4,10777
6801,12221305,12221302,12221298,3,4,7,11,4,2,4,10779
6802,12224896,12224892,12224899,4,-7,7,11,2,1,4,10780
6803,12228486,12228493,12228490,-7,3,7,11,1,0,4,10782
6804,12232088,12232085,12232081,3,4,7,11,4,2,4,10784
6805,12235681,12235677,12235683,4,-6,6,10,2,1,4,10785
6806,12239273,12239279,12239276,-6,3,6,9,1,0,4,10787
6807,12242876,12242873,12242869,3,4,7,11,4,2,4,10788
6808,12246470,12246466,12246472,4,-6,6,10,2,1,4,10790
6809,12250064,12250070,12250067,-6,3,6,9,1,0,4,10792
6810,12253669,12253665,12253662,4,3,7,10,4,2,4,10793
6811,12257264,12257260,12257267,4,-7,7,11,2,1,4,10795
6812,12260860,12260866,12260863,-6,3,6,9,1,0,4,10796
6813,12264466,12264462,12264459,4,3,7,10,4,2,4,10798
6814,12268063,12268059,12268066,4,-7,7,11,2,1,4,10799
6815,12271660,12271666,12271663,-6,3,6,9,1,0,4,10801
6816,12275268,12275264,12275261,4,3,7,10,4,2,4,10803
6817,12278866,12278863,12278870,3,-7,7,10,2,1,4,10804
6818,12282465,12282472,12282468,-7,4,7,10,1,0,4,10806
6819,12286075,12286071,12286068,4,3,7,10,4,2,4,10807
6820,12289674,12289671,12289678,3,-7,7,10,2,1,4,10809
6821,12293275,12293282,12293278,-7,4,7,10,1,0,4,10811
6822,12296887,12296883,12296879,4,4,8,12,4,2,4,10812
6823,12300488,12300484,12300491,4,-7,7,11,2,1,4,10814
6824,12304090,12304097,12304093,-7,4,7,10,1,0,4,10815
6825,12307703,12307699,12307695,4,4,8,12,4,2,4,10817
6826,12311306,12311302,12311309,4,-7,7,11,2,1,4,10818
6827,12314909,12314916,12314912,-7,4,7,10,1,0,4,10820
6828,12318524,12318520,12318516,4,4,8,12,4,2,4,10822
6829,12322129,12322124,12322132,5,-8,8,13,2,1,4,10823
6830,12325733,12325740,12325737,-7,3,7,11,1,0,4,10825
6831,12329350,12329346,12329342,4,4,8,12,4,2,4,10826
6832,12332956,12332951,12332959,5,-8,8,13,2,1,4,10828
6833,12336562,12336569,12336566,-7,3,7,11,1,0,4,10830
6834,12340180,12340177,12340173,3,4,7,11,4,2,4,10831
6835,12343788,12343784,12343791,4,-7,7,11,2,1,4,10833
6836,12347396,12347403,12347400,-7,3,7,11,1,0,4,10834
6837,12351015,12351012,12351008,3,4,7,11,4,2,4,10836
6838,12354625,12354621,12354628,4,-7,7,11,2,1,4,10837
6839,12358234,12358241,12358238,-7,3,7,11,1,0,4,10839
6840,12361855,12361852,12361848,3,4,7,11,4,2,4,10841
6841,12365467,12365463,12365469,4,-6,6,10,2,1,4,10842
6842,12369078,12369084,12369081,-6,3,6,9,1,0,4,10844
6843,12372700,12372697,12372693,3,4,7,11,4,2,4,10845
6844,12376313,12376309,12376315,4,-6,6,10,2,1,4,10847
6845,12379926,12379932,12379929,-6,3,6,9,1,0,4,10849
6846,12383550,12383546,12383543,4,3,7,10,4,2,4,10850
6847,12387164,12387160,12387167,4,-7,7,11,2,1,4,10852
6848,12390779,12390785,12390782,-6,3,6,9,1,0,4,10853
6849,12394404,12394400,12394397,4,3,7,10,4,2,4,10855
6850,12398020,12398016,12398023,4,-7,7,11,2,1,4,10856
6851,12401636,12401642,12401639,-6,3,6,9,1,0,4,10858
6852,12405263,12405259,12405256,4,3,7,10,4,2,4,10860
6853,12408880,12408877,12408884,3,-7,7,10,2,1,4,10861
6854,12412498,12412505,12412501,-7,4,7,10,1,0,4,10863
6855,12416127,12416123,12416120,4,3,7,10,4,2,4,10864
6856,12419745,12419742,12419749,3,-7,7,10,2,1,4,10866
6857,12423365,12423372,12423368,-7,4,7,10,1,0,4,10868
6858,12426996,12426992,12426988,4,4,8,12,4,2,4,10869
6859,12430616,12430612,12430619,4,-7,7,11,2,1,4,10871
6860,12434237,12434244,12434240,-7,4,7,10,1,0,4,10872
6861,12437869,12437865,12437861,4,4,8,12,4,2,4,10874
6862,12441491,12441487,12441494,4,-7,7,11,2,1,4,10876
6863,12445114,12445120,12445117,-6,3,6,9,1,0,4,10877
6864,12448747,12448743,12448740,4,3,7,10,4,2,4,10879
6865,12452371,12452367,12452374,4,-7,7,11,2,1,4,10880
6866,12455995,12456001,12455998,-6,3,6,9,1,0,4,10882
6867,12459630,12459626,12459623,4,3,7,10,4,2,4,10883
6868,12463255,12463251,12463258,4,-7,7,11,2,1,4,10885
6869,12466881,12466887,12466884,-6,3,6,9,1,0,4,10887
6870,12470517,12470514,12470511,3,3,6,9,4,2,4,10888
6871,12474144,12474141,12474147,3,-6,6,9,2,1,4,10890
6872,12477772,12477778,12477775,-6,3,6,9,1,0,4,10891
6873,12481409,12481406,12481403,3,3,6,9,4,2,4,10893
6874,12485038,12485035,12485041,3,-6,6,9,2,1,4,10895
6875,12488668,12488674,12488670,-6,4,6,8,1,0,4,10896
6876,12492307,12492303,12492300,4,3,7,10,4,2,4,10898
6877,12495937,12495934,12495940,3,-6,6,9,2,1,4,10899
6878,12499568,12499574,12499570,-6,4,6,8,1,0,4,10901
6879,12503209,12503205,12503202,4,3,7,10,4,2,4,10902
6880,12506840,12506837,12506843,3,-6,6,9,2,1,4,10904
6881,12510473,12510479,12510475,-6,4,6,8,1,0,4,10906
6882,12514116,12514111,12514109,5,2,7,9,4,2,4,10907
6883,12517748,12517745,12517752,3,-7,7,10,2,1,4,10909
6884,12521383,12521389,12521385,-6,4,6,8,1,0,4,10910
6885,12525027,12525022,12525020,5,2,7,9,4,2,4,10912
6886,12528661,12528658,12528665,3,-7,7,10,2,1,4,10914
6887,12532297,12532304,12532300,-7,4,7,10,1,0,4,10915
6888,12535943,12535939,12535936,4,3,7,10,4,2,4,10917
6889,12539579,12539576,12539583,3,-7,7,10,2,1,4,10918
6890,12543216,12543223,12543219,-7,4,7,10,1,0,4,10920
6891,12546864,12546860,12546857,4,3,7,10,4,2,4,10921
6892,12550501,12550498,12550505,3,-7,7,10,2,1,4,10923
6893,12554140,12554147,12554143,-7,4,7,10,1,0,4,10925
6894,12557790,12557786,12557782,4,4,8,12,4,2,4,10926
6895,12561429,12561425,12561432,4,-7,7,11,2,1,4,10928
6896,12565069,12565076,12565072,-7,4,7,10,1,0,4,10929
6897,12568720,12568716,12568712,4,4,8,12,4,2,4,10931
6898,12572361,12572357,12572364,4,-7,7,11,2,1,4,10933
6899,12576003,12576009,12576006,-6,3,6,9,1,0,4,10934
6900,12579655,12579651,12579648,4,3,7,10,4,2,4,10936
6901,12583298,12583294,12583301,4,-7,7,11,2,1,4,10937
6902,12586941,12586947,12586944,-6,3,6,9,1,0,4,10939
6903,12590595,12590591,12590588,4,3,7,10,4,2,4,10940
6904,12594239,12594235,12594242,4,-7,7,11,2,1,4,10942
6905,12597884,12597890,12597887,-6,3,6,9,1,0,4,10944
6906,12601539,12601536,12601533,3,3,6,9,4,2,4,10945
6907,12605185,12605182,12605188,3,-6,6,9,2,1,4,10947
6908,12608832,12608838,12608835,-6,3,6,9,1,0,4,10948
6909,12612488,12612485,12612482,3,3,6,9,4,2,4,10950
6910,12616136,12616133,12616139,3,-6,6,9,2,1,4,10952
6911,12619785,12619791,12619787,-6,4,6,8,1,0,4,10953
6912,12623443,12623439,12623436,4,3,7,10,4,2,4,10955
6913,12627092,12627089,12627095,3,-6,6,9,2,1,4,10956
6914,12630742,12630748,12630744,-6,4,6,8,1,0,4,10958
6915,12634402,12634398,12634395,4,3,7,10,4,2,4,10960
6916,12638053,12638049,12638056,4,-7,7,11,2,1,4,10961
6917,12641704,12641710,12641707,-6,3,6,9,1,0,4,10963
6918,12645366,12645362,12645359,4,3,7,10,4,2,4,10964
6919,12649018,12649014,12649021,4,-7,7,11,2,1,4,10966
6920,12652671,12652677,12652674,-6,3,6,9,1,0,4,10967
6921,12656334,12656330,12656327,4,3,7,10,4,2,4,10969
6922,12659988,12659984,12659991,4,-7,7,11,2,1,4,10971
6923,12663642,12663649,12663646,-7,3,7,11,1,0,4,10972
6924,12667307,12667304,12667300,3,4,7,11,4,2,4,10974
6925,12670963,12670959,12670966,4,-7,7,11,2,1,4,10975
6926,12674618,12674625,12674622,-7,3,7,11,1,0,4,10977
6927,12678285,12678282,12678278,3,4,7,11,4,2,4,10979
6928,12681943,12681939,12681945,4,-6,6,10,2,1,4,10980
6929,12685600,12685606,12685603,-6,3,6,9,1,0,4,10982
6930,12689268,12689265,12689261,3,4,7,11,4,2,4,10983
6931,12692927,12692923,12692929,4,-6,6,10,2,1,4,10985
6932,12696586,12696592,12696589,-6,3,6,9,1,0,4,10986
6933,12700255,12700252,12700248,3,4,7,11,4,2,4,10988
6934,12703916,12703912,12703918,4,-6,6,10,2,1,4,10990
6935,12707577,12707582,12707580,-5,2,5,8,1,0,4,10991
6936,12711247,12711244,12711241,3,3,6,9,4,2,4,10993
6937,12714910,12714906,12714912,4,-6,6,10,2,1,4,10994
6938,12718572,12718577,12718575,-5,2,5,8,1,0,4,10996
6939,12722244,12722241,12722238,3,3,6,9,4,2,4,10998
6940,12725908,12725905,12725911,3,-6,6,9,2,1,4,10999
6941,12729572,12729578,12729575,-6,3,6,9,1,0,4,11001
6942,12733246,12733243,12733240,3,3,6,9,4,2,4,11002
6943,12736911,12736908,12736914,3,-6,6,9,2,1,4,11004
6944,12740577,12740583,12740580,-6,3,6,9,1,0,4,11005
6945,12744252,12744249,12744246,3,3,6,9,4,2,4,11007
6946,12747919,12747916,12747922,3,-6,6,9,2,1,4,11009
6947,12751587,12751593,12751589,-6,4,6,8,1,0,4,11010
6948,12755264,12755260,12755257,4,3,7,10,4,2,4,11012
6949,12758932,12758929,12758935,3,-6,6,9,2,1,4,11013
6950,12762601,12762607,12762603,-6,4,6,8,1,0,4,11015
6951,12766280,12766276,12766273,4,3,7,10,4,2,4,11017
6952,12769950,12769946,12769953,4,-7,7,11,2,1,4,11018
6953,12773620,12773626,12773623,-6,3,6,9,1,0,4,11020
6954,12777301,12777297,12777294,4,3,7,10,4,2,4,11021
6955,12780972,12780968,12780975,4,-7,7,11,2,1,4,11023
6956,12784644,12784650,12784647,-6,3,6,9,1,0,4,11024
6957,12788326,12788322,12788319,4,3,7,10,4,2,4,11026
6958,12791999,12791995,12792002,4,-7,7,11,2,1,4,11028
6959,12795672,12795679,12795676,-7,3,7,11,1,0,4,11029
6960,12799356,12799353,12799349,3,4,7,11,4,2,4,11031
6961,12803031,12803027,12803034,4,-7,7,11,2,1,4,11032
6962,12806705,12806712,12806709,-7,3,7,11,1,0,4,11034
6963,12810391,12810388,12810384,3,4,7,11,4,2,4,11036
6964,12814068,12814064,12814070,4,-6,6,10,2,1,4,11037
6965,12817744,12817750,12817747,-6,3,6,9,1,0,4,11039
6966,12821431,12821428,12821424,3,4,7,11,4,2,4,11040
6967,12825109,12825105,12825111,4,-6,6,10,2,1,4,11042
6968,12828787,12828793,12828790,-6,3,6,9,1,0,4,11044
6969,12832476,12832472,12832469,4,3,7,10,4,2,4,11045
6970,12836155,12836151,12836158,4,-7,7,11,2,1,4,11047
6971,12839835,12839841,12839838,-6,3,6,9,1,0,4,11048
6972,12843525,12843521,12843518,4,3,7,10,4,2,4,11050
6973,12847206,12847202,12847209,4,-7,7,11,2,1,4,11051
6974,12850887,12850893,12850890,-6,3,6,9,1,0,4,11053
6975,12854579,12854575,12854572,4,3,7,10,4,2,4,11055
6976,12858261,12858258,12858265,3,-7,7,10,2,1,4,11056
6977,12861944,12861951,12861947,-7,4,7,10,1,0,4,11058
6978,12865638,12865634,12865631,4,3,7,10,4,2,4,11059
6979,12869321,12869318,12869325,3,-7,7,10,2,1,4,11061
6980,12873006,12873013,12873009,-7,4,7,10,1,0,4,11063
6981,12876702,12876698,12876694,4,4,8,12,4,2,4,11064
6982,12880387,12880383,12880390,4,-7,7,11,2,1,4,11066
6983,12884073,12884080,12884076,-7,4,7,10,1,0,4,11067
6984,12887770,12887766,12887762,4,4,8,12,4,2,4,11069
6985,12891457,12891453,12891460,4,-7,7,11,2,1,4,11070
6986,12895144,12895151,12895147,-7,4,7,10,1,0,4,11072
6987,12898843,12898839,12898835,4,4,8,12,4,2,4,11074
6988,12902532,12902527,12902535,5,-8,8,13,2,1,4,11075
6989,12906220,12906227,12906224,-7,3,7,11,1,0,4,11077
6990,12909921,12909917,12909913,4,4,8,12,4,2,4,11078
6991,12913611,12913606,12913614,5,-8,8,13,2,1,4,11080
6992,12917301,12917308,12917305,-7,3,7,11,1,0,4,11082
6993,12921003,12921000,12920996,3,4,7,11,4,2,4,11083
6994,12924695,12924691,12924698,4,-7,7,11,2,1,4,11085
6995,12928387,12928394,12928391,-7,3,7,11,1,0,4,11086
6996,12932090,12932087,12932083,3,4,7,11,4,2,4,11088
6997,12935784,12935780,12935787,4,-7,7,11,2,1,4,11089
6998,12939477,12939484,12939481,-7,3,7,11,1,0,4,11091
6999,12943182,12943179,12943175,3,4,7,11,4,2,4,11093
7000,12946878,12946874,12946880,4,-6,6,10,2,1,4,11094
7001,12950573,12950579,12950576,-6,3,6,9,1,0,4,11096
7002,12954279,12954276,12954272,3,4,7,11,4,2,4,11097
7003,12957976,12957972,12957978,4,-6,6,10,2,1,4,11099
7004,12961673,12961679,12961676,-6,3,6,9,1,0,4,11101
7005,12965381,12965377,12965374,4,3,7,10,4,2,4,11102
7006,12969079,12969075,12969082,4,-7,7,11,2,1,4,11104
7007,12972778,12972784,12972781,-6,3,6,9,1,0,4,11105
7008,12976487,12976483,12976480,4,3,7,10,4,2,4,11107
7009,12980187,12980183,12980190,4,-7,7,11,2,1,4,11109
7010,12983887,12983894,12983891,-7,3,7,11,1,0,4,11110
7011,12987598,12987595,12987591,3,4,7,11,4,2,4,11112
7012,12991300,12991296,12991303,4,-7,7,11,2,1,4,11113
7013,12995001,12995008,12995005,-7,3,7,11,1,0,4,11115
7014,12998714,12998711,12998707,3,4,7,11,4,2,4,11116
7015,13002417,13002413,13002420,4,-7,7,11,2,1,4,11118
7016,13006120,13006127,13006124,-7,3,7,11,1,0,4,11120
7017,13009835,13009832,13009827,3,5,8,13,4,2,4,11121
7018,13013540,13013535,13013542,5,-7,7,12,2,1,4,11123
7019,13017244,13017251,13017248,-7,3,7,11,1,0,4,11124
7020,13020960,13020957,13020952,3,5,8,13,4,2,4,11126
7021,13024667,13024662,13024669,5,-7,7,12,2,1,4,11128
7022,13028373,13028379,13028377,-6,2,6,10,1,0,4,11129
7023,13032090,13032087,13032083,3,4,7,11,4,2,4,11131
7024,13035799,13035794,13035801,5,-7,7,12,2,1,4,11132
7025,13039506,13039512,13039510,-6,2,6,10,1,0,4,11134
7026,13043225,13043222,13043218,3,4,7,11,4,2,4,11135
7027,13046935,13046930,13046937,5,-7,7,12,2,1,4,11137
7028,13050644,13050650,13050648,-6,2,6,10,1,0,4,11139
7029,13054364,13054362,13054358,2,4,6,10,4,2,4,11140
7030,13058076,13058072,13058078,4,-6,6,10,2,1,4,11142
7031,13061787,13061793,13061791,-6,2,6,10,1,0,4,11143
7032,13065508,13065506,13065502,2,4,6,10,4,2,4,11145
7033,13069222,13069218,13069224,4,-6,6,10,2,1,4,11147
7034,13072935,13072941,13072938,-6,3,6,9,1,0,4,11148
7035,13076658,13076655,13076651,3,4,7,11,4,2,4,11150
7036,13080373,13080369,13080375,4,-6,6,10,2,1,4,11151
7037,13084087,13084093,13084090,-6,3,6,9,1,0,4,11153
7038,13087812,13087809,13087805,3,4,7,11,4,2,4,11154
7039,13091528,13091524,13091530,4,-6,6,10,2,1,4,11156
7040,13095244,13095250,13095247,-6,3,6,9,1,0,4,11158
7041,13098971,13098967,13098964,4,3,7,10,4,2,4,11159
7042,13102688,13102684,13102691,4,-7,7,11,2,1,4,11161
7043,13106406,13106412,13106409,-6,3,6,9,1,0,4,11162
7044,13110134,13110130,13110127,4,3,7,10,4,2,4,11164
7045,13113853,13113849,13113856,4,-7,7,11,2,1,4,11166
7046,13117572,13117579,13117576,-7,3,7,11,1,0,4,11167
7047,13121302,13121299,13121295,3,4,7,11,4,2,4,11169
7048,13125023,13125019,13125026,4,-7,7,11,2,1,4,11170
7049,13128743,13128750,13128747,-7,3,7,11,1,0,4,11172
7050,13132475,13132472,13132468,3,4,7,11,4,2,4,11173
7051,13136197,13136193,13136200,4,-7,7,11,2,1,4,11175
7052,13139919,13139926,13139923,-7,3,7,11,1,0,4,11177
7053,13143653,13143650,13143645,3,5,8,13,4,2,4,11178
7054,13147377,13147372,13147379,5,-7,7,12,2,1,4,11180
7055,13151100,13151107,13151104,-7,3,7,11,1,0,4,11181
7056,13154835,13154832,13154827,3,5,8,13,4,2,4,11183
7057,13158561,13158556,13158563,5,-7,7,12,2,1,4,11185
7058,13162286,13162292,13162290,-6,2,6,10,1,0,4,11186
7059,13166022,13166019,13166015,3,4,7,11,4,2,4,11188
7060,13169750,13169745,13169752,5,-7,7,12,2,1,4,11189
7061,13173476,13173482,13173480,-6,2,6,10,1,0,4,11191
7062,13177214,13177211,13177207,3,4,7,11,4,2,4,11193
7063,13180943,13180939,13180946,4,-7,7,11,2,1,4,11194
7064,13184671,13184678,13184675,-7,3,7,11,1,0,4,11196
7065,13188411,13188408,13188404,3,4,7,11,4,2,4,11197
7066,13192141,13192137,13192144,4,-7,7,11,2,1,4,11199
7067,13195871,13195878,13195875,-7,3,7,11,1,0,4,11200
7068,13199612,13199609,13199605,3,4,7,11,4,2,4,11202
7069,13203344,13203340,13203347,4,-7,7,11,2,1,4,11204
7070,13207076,13207083,13207079,-7,4,7,10,1,0,4,11205
7071,13210819,13210815,13210811,4,4,8,12,4,2,4,11207
7072,13214552,13214548,13214555,4,-7,7,11,2,1,4,11208
7073,13218285,13218292,13218288,-7,4,7,10,1,0,4,11210
7074,13222030,13222026,13222022,4,4,8,12,4,2,4,11212
7075,13225765,13225760,13225768,5,-8,8,13,2,1,4,11213
7076,13229499,13229506,13229503,-7,3,7,11,1,0,4,11215
7077,13233246,13233242,13233238,4,4,8,12,4,2,4,11216
7078,13236982,13236977,13236985,5,-8,8,13,2,1,4,11218
7079,13240718,13240725,13240722,-7,3,7,11,1,0,4,11219
7080,13244466,13244462,13244458,4,4,8,12,4,2,4,11221
7081,13248204,13248199,13248207,5,-8,8,13,2,1,4,11223
7082,13251941,13251949,13251946,-8,3,8,13,1,0,4,11224
7083,13255691,13255688,13255683,3,5,8,13,4,2,4,11226
7084,13259431,13259426,13259434,5,-8,8,13,2,1,4,11227
7085,13263169,13263177,13263174,-8,3,8,13,1,0,4,11229
7086,13266921,13266918,13266913,3,5,8,13,4,2,4,11231
7087,13270663,13270658,13270665,5,-7,7,12,2,1,4,11232
7088,13274403,13274410,13274407,-7,3,7,11,1,0,4,11234
7089,13278156,13278153,13278148,3,5,8,13,4,2,4,11235
7090,13281899,13281894,13281901,5,-7,7,12,2,1,4,11237
7091,13285641,13285648,13285645,-7,3,7,11,1,0,4,11238
7092,13289395,13289392,13289387,3,5,8,13,4,2,4,11240
7093,13293140,13293135,13293142,5,-7,7,12,2,1,4,11242
7094,13296884,13296890,13296888,-6,2,6,10,1,0,4,11243
7095,13300639,13300636,13300632,3,4,7,11,4,2,4,11245
7096,13304386,13304381,13304388,5,-7,7,12,2,1,4,11246
7097,13308131,13308137,13308135,-6,2,6,10,1,0,4,11248
7098,13311888,13311885,13311881,3,4,7,11,4,2,4,11250
7099,13315636,13315632,13315639,4,-7,7,11,2,1,4,11251
7100,13319383,13319390,13319387,-7,3,7,11,1,0,4,11253
7101,13323142,13323139,13323135,3,4,7,11,4,2,4,11254
7102,13326891,13326887,13326894,4,-7,7,11,2,1,4,11256
7103,13330640,13330647,13330644,-7,3,7,11,1,0,4,11257
7104,13334400,13334397,13334393,3,4,7,11,4,2,4,11259
7105,13338151,13338147,13338154,4,-7,7,11,2,1,4,11261
7106,13341902,13341909,13341905,-7,4,7,10,1,0,4,11262
7107,13345664,13345660,13345656,4,4,8,12,4,2,4,11264
7108,13349416,13349412,13349419,4,-7,7,11,2,1,4,11265
7109,13353168,13353175,13353171,-7,4,7,10,1,0,4,11267
7110,13356932,13356928,13356924,4,4,8,12,4,2,4,11269
7111,13360686,13360681,13360689,5,-8,8,13,2,1,4,11270
7112,13364439,13364446,13364443,-7,3,7,11,1,0,4,11272
7113,13368205,13368201,13368197,4,4,8,12,4,2,4,11273
7114,13371960,13371955,13371963,5,-8,8,13,2,1,4,11275
7115,13375715,13375722,13375719,-7,3,7,11,1,0,4,11277
7116,13379482,13379479,13379475,3,4,7,11,4,2,4,11278
7117,13383239,13383235,13383242,4,-7,7,11,2,1,4,11280
7118,13386996,13387003,13387000,-7,3,7,11,1,0,4,11281
7119,13390764,13390761,13390757,3,4,7,11,4,2,4,11283
7120,13394523,13394519,13394526,4,-7,7,11,2,1,4,11284
7121,13398281,13398288,13398285,-7,3,7,11,1,0,4,11286
7122,13402051,13402048,13402044,3,4,7,11,4,2,4,11288
7123,13405812,13405808,13405814,4,-6,6,10,2,1,4,11289
7124,13409572,13409578,13409575,-6,3,6,9,1,0,4,11291
7125,13413343,13413340,13413336,3,4,7,11,4,2,4,11292
7126,13417105,13417101,13417107,4,-6,6,10,2,1,4,11294
7127,13420867,13420873,13420870,-6,3,6,9,1,0,4,11296
7128,13424640,13424636,13424633,4,3,7,10,4,2,4,11297
7129,13428403,13428399,13428406,4,-7,7,11,2,1,4,11299
7130,13432167,13432173,13432170,-6,3,6,9,1,0,4,11300
7131,13435941,13435937,13435934,4,3,7,10,4,2,4,11302
7132,13439706,13439702,13439709,4,-7,7,11,2,1,4,11303
7133,13443471,13443477,13443474,-6,3,6,9,1,0,4,11305
7134,13447247,13447243,13447240,4,3,7,10,4,2,4,11307
7135,13451013,13451010,13451017,3,-7,7,10,2,1,4,11308
7136,13454780,13454787,13454783,-7,4,7,10,1,0,4,11310
7137,13458558,13458554,13458551,4,3,7,10,4,2,4,11311
7138,13462325,13462322,13462329,3,-7,7,10,2,1,4,11313
7139,13466094,13466101,13466097,-7,4,7,10,1,0,4,11315
7140,13469874,13469870,13469866,4,4,8,12,4,2,4,11316
7141,13473643,13473639,13473646,4,-7,7,11,2,1,4,11318
7142,13477413,13477420,13477416,-7,4,7,10,1,0,4,11319
7143,13481194,13481190,13481186,4,4,8,12,4,2,4,11321
7144,13484965,13484961,13484968,4,-7,7,11,2,1,4,11322
7145,13488736,13488743,13488739,-7,4,7,10,1,0,4,11324
7146,13492519,13492515,13492511,4,4,8,12,4,2,4,11326
7147,13496292,13496287,13496295,5,-8,8,13,2,1,4,11327
7148,13500064,13500071,13500068,-7,3,7,11,1,0,4,11329
7149,13503849,13503845,13503841,4,4,8,12,4,2,4,11330
7150,13507623,13507618,13507626,5,-8,8,13,2,1,4,11332
7151,13511397,13511404,13511401,-7,3,7,11,1,0,4,11334
7152,13515183,13515180,13515176,3,4,7,11,4,2,4,11335
7153,13518959,13518955,13518962,4,-7,7,11,2,1,4,11337
7154,13522735,13522742,13522739,-7,3,7,11,1,0,4,11338
7155,13526522,13526519,13526515,3,4,7,11,4,2,4,11340
7156,13530300,13530296,13530303,4,-7,7,11,2,1,4,11341
7157,13534077,13534084,13534081,-7,3,7,11,1,0,4,11343
7158,13537866,13537863,13537859,3,4,7,11,4,2,4,11345
7159,13541646,13541642,13541648,4,-6,6,10,2,1,4,11346
7160,13545425,13545431,13545428,-6,3,6,9,1,0,4,11348
7161,13549215,13549212,13549208,3,4,7,11,4,2,4,11349
7162,13552996,13552992,13552998,4,-6,6,10,2,1,4,11351
7163,13556777,13556783,13556780,-6,3,6,9,1,0,4,11353
7164,13560569,13560565,13560562,4,3,7,10,4,2,4,11354
7165,13564351,13564347,13564354,4,-7,7,11,2,1,4,11356
7166,13568134,13568140,13568137,-6,3,6,9,1,0,4,11357
7167,13571927,13571923,13571920,4,3,7,10,4,2,4,11359
7168,13575711,13575707,13575714,4,-7,7,11,2,1,4,11361
7169,13579495,13579502,13579499,-7,3,7,11,1,0,4,11362
7170,13583290,13583287,13583283,3,4,7,11,4,2,4,11364
7171,13587076,13587072,13587079,4,-7,7,11,2,1,4,11365
7172,13590861,13590868,13590865,-7,3,7,11,1,0,4,11367
7173,13594658,13594655,13594651,3,4,7,11,4,2,4,11368
7174,13598445,13598441,13598448,4,-7,7,11,2,1,4,11370
7175,13602232,13602239,13602236,-7,3,7,11,1,0,4,11372
7176,13606031,13606028,13606023,3,5,8,13,4,2,4,11373
7177,13609820,13609815,13609822,5,-7,7,12,2,1,4,11375
7178,13613608,13613615,13613612,-7,3,7,11,1,0,4,11376
7179,13617408,13617405,13617400,3,5,8,13,4,2,4,11378
7180,13621199,13621194,13621201,5,-7,7,12,2,1,4,11380
7181,13624989,13624995,13624993,-6,2,6,10,1,0,4,11381
7182,13628790,13628787,13628783,3,4,7,11,4,2,4,11383
7183,13632583,13632578,13632585,5,-7,7,12,2,1,4,11384
7184,13636374,13636380,13636378,-6,2,6,10,1,0,4,11386
7185,13640177,13640174,13640170,3,4,7,11,4,2,4,11387
7186,13643971,13643966,13643973,5,-7,7,12,2,1,4,11389
7187,13647764,13647770,13647768,-6,2,6,10,1,0,4,11391
7188,13651568,13651566,13651562,2,4,6,10,4,2,4,11392
7189,13655364,13655360,13655366,4,-6,6,10,2,1,4,11394
7190,13659159,13659165,13659163,-6,2,6,10,1,0,4,11395
7191,13662964,13662962,13662958,2,4,6,10,4,2,4,11397
7192,13666762,13666758,13666764,4,-6,6,10,2,1,4,11399
7193,13670559,13670565,13670562,-6,3,6,9,1,0,4,11400
7194,13674366,13674363,13674359,3,4,7,11,4,2,4,11402
7195,13678165,13678161,13678167,4,-6,6,10,2,1,4,11403
7196,13681963,13681969,13681966,-6,3,6,9,1,0,4,11405
7197,13685772,13685769,13685765,3,4,7,11,4,2,4,11406
7198,13689572,13689568,13689574,4,-6,6,10,2,1,4,11408
7199,13693372,13693378,13693375,-6,3,6,9,1,0,4,11410
7200,13697183,13697179,13697176,4,3,7,10,4,2,4,11411
7201,13700984,13700980,13700987,4,-7,7,11,2,1,4,11413
7202,13704786,13704792,13704789,-6,3,6,9,1,0,4,11414
7203,13708598,13708594,13708591,4,3,7,10,4,2,4,11416
7204,13712401,13712397,13712404,4,-7,7,11,2,1,4,11418
7205,13716204,13716211,13716208,-7,3,7,11,1,0,4,11419
7206,13720018,13720015,13720011,3,4,7,11,4,2,4,11421
7207,13723823,13723819,13723826,4,-7,7,11,2,1,4,11422
7208,13727627,13727634,13727631,-7,3,7,11,1,0,4,11424
7209,13731443,13731440,13731436,3,4,7,11,4,2,4,11425
7210,13735249,13735245,13735252,4,-7,7,11,2,1,4,11427
7211,13739055,13739062,13739059,-7,3,7,11,1,0,4,11429
7212,13742873,13742870,13742865,3,5,8,13,4,2,4,11430
7213,13746681,13746676,13746683,5,-7,7,12,2,1,4,11432
7214,13750488,13750495,13750492,-7,3,7,11,1,0,4,11433
7215,13754307,13754304,13754299,3,5,8,13,4,2,4,11435
7216,13758117,13758112,13758119,5,-7,7,12,2,1,4,11437
7217,13761926,13761932,13761930,-6,2,6,10,1,0,4,11438
7218,13765746,13765743,13765739,3,4,7,11,4,2,4,11440
7219,13769558,13769553,13769560,5,-7,7,12,2,1,4,11441
7220,13773368,13773374,13773372,-6,2,6,10,1,0,4,11443
7221,13777190,13777187,13777183,3,4,7,11,4,2,4,11445
7222,13781003,13780999,13781006,4,-7,7,11,2,1,4,11446
7223,13784815,13784822,13784819,-7,3,7,11,1,0,4,11448
7224,13788639,13788636,13788632,3,4,7,11,4,2,4,11449
7225,13792453,13792449,13792456,4,-7,7,11,2,1,4,11451
7226,13796267,13796274,13796271,-7,3,7,11,1,0,4,11452
7227,13800092,13800089,13800085,3,4,7,11,4,2,4,11454
7228,13803908,13803904,13803911,4,-7,7,11,2,1,4,11456
7229,13807724,13807731,13807727,-7,4,7,10,1,0,4,11457
7230,13811551,13811547,13811543,4,4,8,12,4,2,4,11459
7231,13815368,13815364,13815371,4,-7,7,11,2,1,4,11460
7232,13819185,13819192,13819188,-7,4,7,10,1,0,4,11462
7233,13823014,13823010,13823006,4,4,8,12,4,2,4,11464
7234,13826833,13826828,13826836,5,-8,8,13,2,1,4,11465
7235,13830651,13830658,13830655,-7,3,7,11,1,0,4,11467
7236,13834482,13834478,13834474,4,4,8,12,4,2,4,11468
7237,13838302,13838297,13838305,5,-8,8,13,2,1,4,11470
7238,13842122,13842129,13842126,-7,3,7,11,1,0,4,11471
7239,13845954,13845950,13845946,4,4,8,12,4,2,4,11473
7240,13849776,13849771,13849779,5,-8,8,13,2,1,4,11475
7241,13853597,13853605,13853602,-8,3,8,13,1,0,4,11476
7242,13857431,13857428,13857423,3,5,8,13,4,2,4,11478
7243,13861255,13861250,13861258,5,-8,8,13,2,1,4,11479
7244,13865077,13865085,13865082,-8,3,8,13,1,0,4,11481
7245,13868913,13868910,13868905,3,5,8,13,4,2,4,11483
7246,13872739,13872734,13872741,5,-7,7,12,2,1,4,11484
7247,13876563,13876570,13876567,-7,3,7,11,1,0,4,11486
7248,13880400,13880397,13880392,3,5,8,13,4,2,4,11487
7249,13884227,13884222,13884229,5,-7,7,12,2,1,4,11489
7250,13888053,13888060,13888057,-7,3,7,11,1,0,4,11490
7251,13891891,13891888,13891883,3,5,8,13,4,2,4,11492
7252,13895720,13895715,13895722,5,-7,7,12,2,1,4,11494
7253,13899548,13899554,13899552,-6,2,6,10,1,0,4,11495
7254,13903387,13903384,13903380,3,4,7,11,4,2,4,11497
7255,13907218,13907213,13907220,5,-7,7,12,2,1,4,11498
7256,13911047,13911053,13911051,-6,2,6,10,1,0,4,11500
7257,13914888,13914885,13914881,3,4,7,11,4,2,4,11502
7258,13918720,13918716,13918723,4,-7,7,11,2,1,4,11503
7259,13922551,13922558,13922555,-7,3,7,11,1,0,4,11505
7260,13926394,13926391,13926387,3,4,7,11,4,2,4,11506
7261,13930227,13930223,13930230,4,-7,7,11,2,1,4,11508
7262,13934060,13934067,13934064,-7,3,7,11,1,0,4,11509
7263,13937904,13937901,13937897,3,4,7,11,4,2,4,11511
7264,13941739,13941735,13941742,4,-7,7,11,2,1,4,11513
7265,13945574,13945581,13945577,-7,4,7,10,1,0,4,11514
7266,13949420,13949416,13949412,4,4,8,12,4,2,4,11516
7267,13953256,13953252,13953259,4,-7,7,11,2,1,4,11517
7268,13957092,13957099,13957095,-7,4,7,10,1,0,4,11519
7269,13960940,13960936,13960932,4,4,8,12,4,2,4,11521
7270,13964778,13964773,13964781,5,-8,8,13,2,1,4,11522
7271,13968615,13968622,13968619,-7,3,7,11,1,0,4,11524
7272,13972465,13972461,13972457,4,4,8,12,4,2,4,11525
7273,13976304,13976299,13976307,5,-8,8,13,2,1,4,11527
7274,13980143,13980150,13980147,-7,3,7,11,1,0,4,11529
7275,13983994,13983991,13983987,3,4,7,11,4,2,4,11530
7276,13987835,13987831,13987838,4,-7,7,11,2,1,4,11532
7277,13991676,13991683,13991680,-7,3,7,11,1,0,4,11533
7278,13995528,13995525,13995521,3,4,7,11,4,2,4,11535
7279,13999371,13999367,13999374,4,-7,7,11,2,1,4,11536
7280,14003213,14003220,14003217,-7,3,7,11,1,0,4,11538
7281,14007067,14007064,14007060,3,4,7,11,4,2,4,11540
7282,14010912,14010908,14010914,4,-6,6,10,2,1,4,11541
7283,14014756,14014762,14014759,-6,3,6,9,1,0,4,11543
7284,14018611,14018608,14018604,3,4,7,11,4,2,4,11544
7285,14022457,14022453,14022459,4,-6,6,10,2,1,4,11546
7286,14026303,14026309,14026306,-6,3,6,9,1,0,4,11548
7287,14030160,14030156,14030153,4,3,7,10,4,2,4,11549
7288,14034007,14034003,14034010,4,-7,7,11,2,1,4,11551
7289,14037855,14037861,14037858,-6,3,6,9,1,0,4,11552
7290,14041713,14041709,14041706,4,3,7,10,4,2,4,11554
7291,14045562,14045558,14045565,4,-7,7,11,2,1,4,11555
7292,14049411,14049417,14049414,-6,3,6,9,1,0,4,11557
7293,14053271,14053267,14053264,4,3,7,10,4,2,4,11559
7294,14057121,14057118,14057125,3,-7,7,10,2,1,4,11560
7295,14060972,14060979,14060975,-7,4,7,10,1,0,4,11562
7296,14064834,14064830,14064827,4,3,7,10,4,2,4,11563
7297,14068685,14068682,14068689,3,-7,7,10,2,1,4,11565
7298,14072538,14072545,14072541,-7,4,7,10,1,0,4,11567
7299,14076402,14076398,14076394,4,4,8,12,4,2,4,11568
7300,14080255,14080251,14080258,4,-7,7,11,2,1,4,11570
7301,14084109,14084116,14084112,-7,4,7,10,1,0,4,11571
7302,14087974,14087970,14087966,4,4,8,12,4,2,4,11573
7303,14091829,14091825,14091832,4,-7,7,11,2,1,4,11574
7304,14095684,14095691,14095687,-7,4,7,10,1,0,4,11576
7305,14099551,14099547,14099543,4,4,8,12,4,2,4,11578
7306,14103408,14103403,14103411,5,-8,8,13,2,1,4,11579
7307,14107264,14107271,14107268,-7,3,7,11,1,0,4,11581
7308,14111133,14111129,14111125,4,4,8,12,4,2,4,11582
7309,14114991,14114986,14114994,5,-8,8,13,2,1,4,11584
7310,14118849,14118856,14118853,-7,3,7,11,1,0,4,11586
7311,14122719,14122716,14122712,3,4,7,11,4,2,4,11587
7312,14126579,14126575,14126582,4,-7,7,11,2,1,4,11589
7313,14130439,14130446,14130443,-7,3,7,11,1,0,4,11590
7314,14134310,14134307,14134303,3,4,7,11,4,2,4,11592
7315,14138172,14138168,14138175,4,-7,7,11,2,1,4,11594
7316,14142034,14142041,14142037,-7,4,7,10,1,0,4,11595
7317,14145907,14145903,14145899,4,4,8,12,4,2,4,11597
7318,14149770,14149766,14149773,4,-7,7,11,2,1,4,11598
7319,14153633,14153640,14153636,-7,4,7,10,1,0,4,11600
7320,14157508,14157504,14157500,4,4,8,12,4,2,4,11601
7321,14161372,14161368,14161375,4,-7,7,11,2,1,4,11603
7322,14165237,14165244,14165240,-7,4,7,10,1,0,4,11605
7323,14169114,14169109,14169106,5,3,8,11,4,2,4,11606
7324,14172979,14172975,14172983,4,-8,8,12,2,1,4,11608
7325,14176846,14176853,14176849,-7,4,7,10,1,0,4,11609
7326,14180724,14180719,14180716,5,3,8,11,4,2,4,11611
7327,14184591,14184587,14184595,4,-8,8,12,2,1,4,11613
7328,14188459,14188467,14188463,-8,4,8,12,1,0,4,11614
7329,14192339,14192335,14192331,4,4,8,12,4,2,4,11616
7330,14196208,14196204,14196212,4,-8,8,12,2,1,4,11617
7331,14200077,14200085,14200081,-8,4,8,12,1,0,4,11619
7332,14203959,14203955,14203951,4,4,8,12,4,2,4,11620
7333,14207829,14207825,14207833,4,-8,8,12,2,1,4,11622
7334,14211700,14211708,14211704,-8,4,8,12,1,0,4,11624
7335,14215584,14215580,14215575,4,5,9,14,4,2,4,11625
7336,14219456,14219451,14219459,5,-8,8,13,2,1,4,11627
7337,14223328,14223336,14223332,-8,4,8,12,1,0,4,11628
7338,14227213,14227209,14227204,4,5,9,14,4,2,4,11630
7339,14231087,14231082,14231090,5,-8,8,13,2,1,4,11632
7340,14234961,14234968,14234965,-7,3,7,11,1,0,4,11633
7341,14238847,14238843,14238839,4,4,8,12,4,2,4,11635
7342,14242723,14242718,14242726,5,-8,8,13,2,1,4,11636
7343,14246598,14246605,14246602,-7,3,7,11,1,0,4,11638
7344,14250486,14250482,14250478,4,4,8,12,4,2,4,11639
7345,14254363,14254358,14254366,5,-8,8,13,2,1,4,11641
7346,14258240,14258247,14258244,-7,3,7,11,1,0,4,11643
7347,14262129,14262126,14262122,3,4,7,11,4,2,4,11644
7348,14266008,14266004,14266011,4,-7,7,11,2,1,4,11646
7349,14269887,14269894,14269891,-7,3,7,11,1,0,4,11647
7350,14273777,14273774,14273770,3,4,7,11,4,2,4,11649
7351,14277658,14277654,14277661,4,-7,7,11,2,1,4,11651
7352,14281539,14281546,14281542,-7,4,7,10,1,0,4,11652
7353,14285431,14285427,14285423,4,4,8,12,4,2,4,11654
7354,14289313,14289309,14289316,4,-7,7,11,2,1,4,11655
7355,14293195,14293202,14293198,-7,4,7,10,1,0,4,11657
7356,14297089,14297085,14297081,4,4,8,12,4,2,4,11658
7357,14300972,14300968,14300975,4,-7,7,11,2,1,4,11660
7358,14304856,14304863,14304859,-7,4,7,10,1,0,4,11662
7359,14308752,14308747,14308744,5,3,8,11,4,2,4,11663
7360,14312636,14312632,14312640,4,-8,8,12,2,1,4,11665
7361,14316522,14316529,14316525,-7,4,7,10,1,0,4,11666
7362,14320419,14320414,14320411,5,3,8,11,4,2,4,11668
7363,14324305,14324301,14324309,4,-8,8,12,2,1,4,11670
7364,14328192,14328200,14328196,-8,4,8,12,1,0,4,11671
7365,14332091,14332087,14332083,4,4,8,12,4,2,4,11673
7366,14335979,14335975,14335983,4,-8,8,12,2,1,4,11674
7367,14339867,14339875,14339871,-8,4,8,12,1,0,4,11676
7368,14343768,14343764,14343760,4,4,8,12,4,2,4,11678
7369,14347658,14347654,14347661,4,-7,7,11,2,1,4,11679
7370,14351548,14351555,14351551,-7,4,7,10,1,0,4,11681
7371,14355450,14355446,14355442,4,4,8,12,4,2,4,11682
7372,14359341,14359337,14359344,4,-7,7,11,2,1,4,11684
7373,14363233,14363240,14363236,-7,4,7,10,1,0,4,11685
7374,14367136,14367132,14367128,4,4,8,12,4,2,4,11687
7375,14371029,14371025,14371032,4,-7,7,11,2,1,4,11689
7376,14374923,14374929,14374926,-6,3,6,9,1,0,4,11690
7377,14378827,14378823,14378820,4,3,7,10,4,2,4,11692
7378,14382722,14382718,14382725,4,-7,7,11,2,1,4,11693
7379,14386617,14386623,14386620,-6,3,6,9,1,0,4,11695
7380,14390523,14390519,14390516,4,3,7,10,4,2,4,11697
7381,14394419,14394416,14394423,3,-7,7,10,2,1,4,11698
7382,14398316,14398323,14398319,-7,4,7,10,1,0,4,11700
7383,14402224,14402220,14402217,4,3,7,10,4,2,4,11701
7384,14406121,14406118,14406125,3,-7,7,10,2,1,4,11703
7385,14410020,14410027,14410023,-7,4,7,10,1,0,4,11704
7386,14413929,14413925,14413922,4,3,7,10,4,2,4,11706
7387,14417828,14417825,14417832,3,-7,7,10,2,1,4,11708
7388,14421729,14421736,14421731,-7,5,7,9,1,0,4,11709
7389,14425640,14425635,14425632,5,3,8,11,4,2,4,11711
7390,14429540,14429537,14429544,3,-7,7,10,2,1,4,11712
7391,14433442,14433449,14433444,-7,5,7,9,1,0,4,11714
7392,14437355,14437350,14437347,5,3,8,11,4,2,4,11716
7393,14441257,14441253,14441261,4,-8,8,12,2,1,4,11717
7394,14445160,14445167,14445163,-7,4,7,10,1,0,4,11719
7395,14449075,14449070,14449067,5,3,8,11,4,2,4,11720
7396,14452978,14452974,14452982,4,-8,8,12,2,1,4,11722
7397,14456883,14456890,14456886,-7,4,7,10,1,0,4,11723
7398,14460799,14460794,14460791,5,3,8,11,4,2,4,11725
7399,14464704,14464700,14464708,4,-8,8,12,2,1,4,11727
7400,14468610,14468618,14468614,-8,4,8,12,1,0,4,11728
7401,14472528,14472524,14472520,4,4,8,12,4,2,4,11730
7402,14476435,14476431,14476439,4,-8,8,12,2,1,4,11731
7403,14480342,14480350,14480346,-8,4,8,12,1,0,4,11733
7404,14484262,14484258,14484254,4,4,8,12,4,2,4,11735
7405,14488171,14488167,14488174,4,-7,7,11,2,1,4,11736
7406,14492080,14492087,14492083,-7,4,7,10,1,0,4,11738
7407,14496001,14495997,14495993,4,4,8,12,4,2,4,11739
7408,14499911,14499907,14499914,4,-7,7,11,2,1,4,11741
7409,14503822,14503829,14503825,-7,4,7,10,1,0,4,11742
7410,14507744,14507740,14507736,4,4,8,12,4,2,4,11744
7411,14511656,14511652,14511659,4,-7,7,11,2,1,4,11746
7412,14515569,14515575,14515572,-6,3,6,9,1,0,4,11747
7413,14519492,14519488,14519485,4,3,7,10,4,2,4,11749
7414,14523406,14523402,14523409,4,-7,7,11,2,1,4,11750
7415,14527320,14527326,14527323,-6,3,6,9,1,0,4,11752
7416,14531245,14531241,14531238,4,3,7,10,4,2,4,11754
7417,14535160,14535157,14535164,3,-7,7,10,2,1,4,11755
7418,14539076,14539083,14539079,-7,4,7,10,1,0,4,11757
7419,14543003,14542999,14542996,4,3,7,10,4,2,4,11758
7420,14546919,14546916,14546923,3,-7,7,10,2,1,4,11760
7421,14550837,14550844,14550840,-7,4,7,10,1,0,4,11762
7422,14554766,14554762,14554758,4,4,8,12,4,2,4,11763
7423,14558684,14558680,14558687,4,-7,7,11,2,1,4,11765
7424,14562603,14562610,14562606,-7,4,7,10,1,0,4,11766
7425,14566533,14566529,14566525,4,4,8,12,4,2,4,11768
7426,14570453,14570449,14570456,4,-7,7,11,2,1,4,11769
7427,14574373,14574380,14574376,-7,4,7,10,1,0,4,11771
7428,14578305,14578301,14578297,4,4,8,12,4,2,4,11773
7429,14582227,14582222,14582230,5,-8,8,13,2,1,4,11774
7430,14586148,14586155,14586152,-7,3,7,11,1,0,4,11776
7431,14590082,14590078,14590074,4,4,8,12,4,2,4,11777
7432,14594005,14594000,14594008,5,-8,8,13,2,1,4,11779
7433,14597928,14597935,14597932,-7,3,7,11,1,0,4,11781
7434,14601863,14601860,14601856,3,4,7,11,4,2,4,11782
7435,14605788,14605784,14605791,4,-7,7,11,2,1,4,11784
7436,14609713,14609720,14609717,-7,3,7,11,1,0,4,11785
7437,14613649,14613646,14613642,3,4,7,11,4,2,4,11787
7438,14617576,14617572,14617579,4,-7,7,11,2,1,4,11788
7439,14621502,14621509,14621506,-7,3,7,11,1,0,4,11790
7440,14625440,14625437,14625433,3,4,7,11,4,2,4,11792
7441,14629369,14629365,14629371,4,-6,6,10,2,1,4,11793
7442,14633297,14633303,14633300,-6,3,6,9,1,0,4,11795
7443,14637236,14637233,14637229,3,4,7,11,4,2,4,11796
7444,14641166,14641162,14641168,4,-6,6,10,2,1,4,11798
7445,14645096,14645102,14645099,-6,3,6,9,1,0,4,11800
7446,14649037,14649033,14649030,4,3,7,10,4,2,4,11801
7447,14652968,14652964,14652971,4,-7,7,11,2,1,4,11803
7448,14656900,14656906,14656903,-6,3,6,9,1,0,4,11804
7449,14660842,14660838,14660835,4,3,7,10,4,2,4,11806
7450,14664775,14664771,14664778,4,-7,7,11,2,1,4,11807
7451,14668708,14668714,14668711,-6,3,6,9,1,0,4,11809
7452,14672652,14672648,14672645,4,3,7,10,4,2,4,11811
7453,14676586,14676583,14676590,3,-7,7,10,2,1,4,11812
7454,14680521,14680528,14680524,-7,4,7,10,1,0,4,11814
7455,14684467,14684463,14684460,4,3,7,10,4,2,4,11815
7456,14688402,14688399,14688406,3,-7,7,10,2,1,4,11817
7457,14692339,14692346,14692342,-7,4,7,10,1,0,4,11819
7458,14696287,14696283,14696279,4,4,8,12,4,2,4,11820
7459,14700224,14700220,14700227,4,-7,7,11,2,1,4,11822
7460,14704162,14704169,14704165,-7,4,7,10,1,0,4,11823
7461,14708111,14708107,14708103,4,4,8,12,4,2,4,11825
7462,14712050,14712046,14712053,4,-7,7,11,2,1,4,11826
7463,14715989,14715996,14715992,-7,4,7,10,1,0,4,11828
7464,14719940,14719936,14719932,4,4,8,12,4,2,4,11830
7465,14723881,14723876,14723884,5,-8,8,13,2,1,4,11831
7466,14727821,14727828,14727825,-7,3,7,11,1,0,4,11833
7467,14731774,14731770,14731766,4,4,8,12,4,2,4,11834
7468,14735716,14735711,14735719,5,-8,8,13,2,1,4,11836
7469,14739658,14739665,14739662,-7,3,7,11,1,0,4,11838
7470,14743612,14743609,14743605,3,4,7,11,4,2,4,11839
7471,14747556,14747552,14747559,4,-7,7,11,2,1,4,11841
7472,14751500,14751507,14751504,-7,3,7,11,1,0,4,11842
7473,14755455,14755452,14755448,3,4,7,11,4,2,4,11844
7474,14759401,14759397,14759404,4,-7,7,11,2,1,4,11846
7475,14763347,14763354,14763350,-7,4,7,10,1,0,4,11847
7476,14767304,14767300,14767296,4,4,8,12,4,2,4,11849
7477,14771251,14771247,14771254,4,-7,7,11,2,1,4,11850
7478,14775198,14775205,14775201,-7,4,7,10,1,0,4,11852
7479,14779157,14779153,14779149,4,4,8,12,4,2,4,11853
7480,14783105,14783101,14783108,4,-7,7,11,2,1,4,11855
7481,14787054,14787061,14787057,-7,4,7,10,1,0,4,11857
7482,14791015,14791010,14791007,5,3,8,11,4,2,4,11858
7483,14794964,14794960,14794968,4,-8,8,12,2,1,4,11860
7484,14798915,14798922,14798918,-7,4,7,10,1,0,4,11861
7485,14802877,14802872,14802869,5,3,8,11,4,2,4,11863
7486,14806828,14806824,14806832,4,-8,8,12,2,1,4,11865
7487,14810780,14810788,14810784,-8,4,8,12,1,0,4,11866
7488,14814744,14814740,14814736,4,4,8,12,4,2,4,11868
7489,14818697,14818693,14818701,4,-8,8,12,2,1,4,11869
7490,14822650,14822658,14822654,-8,4,8,12,1,0,4,11871
7491,14826616,14826612,14826608,4,4,8,12,4,2,4,11872
7492,14830570,14830566,14830574,4,-8,8,12,2,1,4,11874
7493,14834525,14834533,14834529,-8,4,8,12,1,0,4,11876
7494,14838493,14838489,14838484,4,5,9,14,4,2,4,11877
7495,14842449,14842444,14842452,5,-8,8,13,2,1,4,11879
7496,14846405,14846413,14846409,-8,4,8,12,1,0,4,11880
7497,14850374,14850370,14850365,4,5,9,14,4,2,4,11882
7498,14854332,14854327,14854335,5,-8,8,13,2,1,4,11884
7499,14858290,14858297,14858294,-7,3,7,11,1,0,4,11885
7500,14862260,14862256,14862252,4,4,8,12,4,2,4,11887
7501,14866220,14866215,14866223,5,-8,8,13,2,1,4,11888
7502,14870179,14870186,14870183,-7,3,7,11,1,0,4,11890
7503,14874151,14874147,14874143,4,4,8,12,4,2,4,11891
7504,14878112,14878107,14878115,5,-8,8,13,2,1,4,11893
7505,14882073,14882080,14882077,-7,3,7,11,1,0,4,11895
7506,14886046,14886043,14886039,3,4,7,11,4,2,4,11896
7507,14890009,14890005,14890012,4,-7,7,11,2,1,4,11898
7508,14893972,14893979,14893976,-7,3,7,11,1,0,4,11899
7509,14897946,14897943,14897939,3,4,7,11,4,2,4,11901
7510,14901911,14901907,14901914,4,-7,7,11,2,1,4,11903
7511,14905876,14905883,14905879,-7,4,7,10,1,0,4,11904
7512,14909852,14909848,14909844,4,4,8,12,4,2,4,11906
7513,14913818,14913814,14913821,4,-7,7,11,2,1,4,11907
7514,14917784,14917791,14917787,-7,4,7,10,1,0,4,11909
7515,14921762,14921758,14921754,4,4,8,12,4,2,4,11910
7516,14925729,14925725,14925732,4,-7,7,11,2,1,4,11912
7517,14929697,14929704,14929700,-7,4,7,10,1,0,4,11914
7518,14933677,14933672,14933669,5,3,8,11,4,2,4,11915
7519,14937645,14937641,14937649,4,-8,8,12,2,1,4,11917
7520,14941615,14941622,14941618,-7,4,7,10,1,0,4,11918
7521,14945596,14945591,14945588,5,3,8,11,4,2,4,11920
7522,14949566,14949562,14949570,4,-8,8,12,2,1,4,11922
7523,14953537,14953545,14953541,-8,4,8,12,1,0,4,11923
7524,14957520,14957516,14957512,4,4,8,12,4,2,4,11925
7525,14961492,14961488,14961496,4,-8,8,12,2,1,4,11926
7526,14965464,14965472,14965468,-8,4,8,12,1,0,4,11928
7527,14969449,14969445,14969441,4,4,8,12,4,2,4,11930
7528,14973423,14973419,14973426,4,-7,7,11,2,1,4,11931
7529,14977397,14977404,14977400,-7,4,7,10,1,0,4,11933
7530,14981383,14981379,14981375,4,4,8,12,4,2,4,11934
7531,14985358,14985354,14985361,4,-7,7,11,2,1,4,11936
7532,14989334,14989341,14989337,-7,4,7,10,1,0,4,11937
7533,14993321,14993317,14993313,4,4,8,12,4,2,4,11939
7534,14997298,14997294,14997301,4,-7,7,11,2,1,4,11941
7535,15001276,15001282,15001279,-6,3,6,9,1,0,4,11942
7536,15005264,15005260,15005257,4,3,7,10,4,2,4,11944
7537,15009243,15009239,15009246,4,-7,7,11,2,1,4,11945
7538,15013222,15013228,15013225,-6,3,6,9,1,0,4,11947
7539,15017212,15017208,15017205,4,3,7,10,4,2,4,11949
7540,15021192,15021189,15021196,3,-7,7,10,2,1,4,11950
7541,15025173,15025180,15025176,-7,4,7,10,1,0,4,11952
7542,15029165,15029161,15029158,4,3,7,10,4,2,4,11953
7543,15033146,15033143,15033150,3,-7,7,10,2,1,4,11955
7544,15037129,15037136,15037132,-7,4,7,10,1,0,4,11956
7545,15041122,15041118,15041115,4,3,7,10,4,2,4,11958
7546,15045105,15045102,15045109,3,-7,7,10,2,1,4,11960
7547,15049090,15049097,15049092,-7,5,7,9,1,0,4,11961
7548,15053085,15053080,15053077,5,3,8,11,4,2,4,11963
7549,15057069,15057066,15057073,3,-7,7,10,2,1,4,11964
7550,15061055,15061062,15061057,-7,5,7,9,1,0,4,11966
7551,15065052,15065047,15065044,5,3,8,11,4,2,4,11968
7552,15069038,15069034,15069042,4,-8,8,12,2,1,4,11969
7553,15073025,15073032,15073028,-7,4,7,10,1,0,4,11971
7554,15077024,15077019,15077016,5,3,8,11,4,2,4,11972
7555,15081011,15081007,15081015,4,-8,8,12,2,1,4,11974
7556,15085000,15085007,15085003,-7,4,7,10,1,0,4,11975
7557,15089000,15088995,15088992,5,3,8,11,4,2,4,11977
7558,15092989,15092985,15092993,4,-8,8,12,2,1,4,11979
7559,15096979,15096987,15096983,-8,4,8,12,1,0,4,11980
7560,15100981,15100977,15100973,4,4,8,12,4,2,4,11982
7561,15104972,15104968,15104976,4,-8,8,12,2,1,4,11983
7562,15108963,15108971,15108967,-8,4,8,12,1,0,4,11985
7563,15112967,15112963,15112959,4,4,8,12,4,2,4,11987
7564,15116960,15116956,15116963,4,-7,7,11,2,1,4,11988
7565,15120953,15120960,15120956,-7,4,7,10,1,0,4,11990
7566,15124958,15124954,15124950,4,4,8,12,4,2,4,11991
7567,15128952,15128948,15128955,4,-7,7,11,2,1,4,11993
7568,15132947,15132954,15132950,-7,4,7,10,1,0,4,11994
7569,15136953,15136949,15136945,4,4,8,12,4,2,4,11996
7570,15140949,15140945,15140952,4,-7,7,11,2,1,4,11998
7571,15144946,15144952,15144949,-6,3,6,9,1,0,4,11999
7572,15148953,15148949,15148946,4,3,7,10,4,2,4,12001
7573,15152951,15152947,15152954,4,-7,7,11,2,1,4,12002
7574,15156949,15156955,15156952,-6,3,6,9,1,0,4,12004
7575,15160958,15160954,15160951,4,3,7,10,4,2,4,12006
7576,15164957,15164954,15164961,3,-7,7,10,2,1,4,12007
7577,15168957,15168964,15168960,-7,4,7,10,1,0,4,12009
7578,15172968,15172964,15172961,4,3,7,10,4,2,4,12010
7579,15176968,15176965,15176972,3,-7,7,10,2,1,4,12012
7580,15180970,15180977,15180973,-7,4,7,10,1,0,4,12014
7581,15184983,15184979,15184975,4,4,8,12,4,2,4,12015
7582,15188985,15188981,15188988,4,-7,7,11,2,1,4,12017
7583,15192988,15192995,15192991,-7,4,7,10,1,0,4,12018
7584,15197002,15196998,15196994,4,4,8,12,4,2,4,12020
7585,15201006,15201002,15201009,4,-7,7,11,2,1,4,12021
7586,15205010,15205017,15205013,-7,4,7,10,1,0,4,12023
7587,15209026,15209022,15209018,4,4,8,12,4,2,4,12025
7588,15213032,15213027,15213035,5,-8,8,13,2,1,4,12026
7589,15217037,15217044,15217041,-7,3,7,11,1,0,4,12028
7590,15221055,15221051,15221047,4,4,8,12,4,2,4,12029
7591,15225062,15225057,15225065,5,-8,8,13,2,1,4,12031
7592,15229069,15229076,15229073,-7,3,7,11,1,0,4,12033
7593,15233088,15233085,15233081,3,4,7,11,4,2,4,12034
7594,15237097,15237093,15237100,4,-7,7,11,2,1,4,12036
7595,15241106,15241113,15241110,-7,3,7,11,1,0,4,12037
7596,15245126,15245123,15245119,3,4,7,11,4,2,4,12039
7597,15249137,15249133,15249140,4,-7,7,11,2,1,4,12040
7598,15253147,15253154,15253151,-7,3,7,11,1,0,4,12042
7599,15257169,15257166,15257162,3,4,7,11,4,2,4,12044
7600,15261182,15261178,15261184,4,-6,6,10,2,1,4,12045
7601,15265194,15265200,15265197,-6,3,6,9,1,0,4,12047
7602,15269217,15269214,15269210,3,4,7,11,4,2,4,12048
7603,15273231,15273227,15273233,4,-6,6,10,2,1,4,12050
7604,15277245,15277251,15277248,-6,3,6,9,1,0,4,12052
7605,15281270,15281266,15281263,4,3,7,10,4,2,4,12053
7606,15285285,15285281,15285288,4,-7,7,11,2,1,4,12055
7607,15289301,15289307,15289304,-6,3,6,9,1,0,4,12056
7608,15293327,15293323,15293320,4,3,7,10,4,2,4,12058
7609,15297344,15297340,15297347,4,-7,7,11,2,1,4,12059
7610,15301361,15301367,15301364,-6,3,6,9,1,0,4,12061
7611,15305389,15305385,15305382,4,3,7,10,4,2,4,12063
7612,15309407,15309404,15309411,3,-7,7,10,2,1,4,12064
7613,15313426,15313433,15313429,-7,4,7,10,1,0,4,12066
7614,15317456,15317452,15317449,4,3,7,10,4,2,4,12067
7615,15321475,15321472,15321479,3,-7,7,10,2,1,4,12069
7616,15325496,15325503,15325499,-7,4,7,10,1,0,4,12071
7617,15329528,15329524,15329520,4,4,8,12,4,2,4,12072
7618,15333549,15333545,15333552,4,-7,7,11,2,1,4,12074
7619,15337571,15337578,15337574,-7,4,7,10,1,0,4,12075
7620,15341604,15341600,15341596,4,4,8,12,4,2,4,12077
7621,15345627,15345623,15345630,4,-7,7,11,2,1,4,12078
7622,15349650,15349657,15349653,-7,4,7,10,1,0,4,12080
7623,15353685,15353681,15353677,4,4,8,12,4,2,4,12082
7624,15357710,15357705,15357713,5,-8,8,13,2,1,4,12083
7625,15361734,15361741,15361738,-7,3,7,11,1,0,4,12085
7626,15365771,15365767,15365763,4,4,8,12,4,2,4,12086
7627,15369797,15369792,15369800,5,-8,8,13,2,1,4,12088
7628,15373823,15373830,15373827,-7,3,7,11,1,0,4,12090
7629,15377861,15377858,15377854,3,4,7,11,4,2,4,12091
7630,15381889,15381885,15381892,4,-7,7,11,2,1,4,12093
7631,15385917,15385924,15385921,-7,3,7,11,1,0,4,12094
7632,15389956,15389953,15389949,3,4,7,11,4,2,4,12096
7633,15393986,15393982,15393989,4,-7,7,11,2,1,4,12098
7634,15398016,15398023,15398019,-7,4,7,10,1,0,4,12099
7635,15402057,15402053,15402049,4,4,8,12,4,2,4,12101
7636,15406088,15406084,15406091,4,-7,7,11,2,1,4,12102
7637,15410119,15410126,15410122,-7,4,7,10,1,0,4,12104
7638,15414162,15414158,15414154,4,4,8,12,4,2,4,12105
7639,15418194,15418190,15418197,4,-7,7,11,2,1,4,12107
7640,15422227,15422234,15422230,-7,4,7,10,1,0,4,12109
7641,15426272,15426267,15426264,5,3,8,11,4,2,4,12110
7642,15430305,15430301,15430309,4,-8,8,12,2,1,4,12112
7643,15434340,15434347,15434343,-7,4,7,10,1,0,4,12113
7644,15438386,15438381,15438378,5,3,8,11,4,2,4,12115
7645,15442421,15442417,15442425,4,-8,8,12,2,1,4,12117
7646,15446457,15446465,15446461,-8,4,8,12,1,0,4,12118
7647,15450505,15450501,15450497,4,4,8,12,4,2,4,12120
7648,15454542,15454538,15454546,4,-8,8,12,2,1,4,12121
7649,15458579,15458587,15458583,-8,4,8,12,1,0,4,12123
7650,15462629,15462625,15462621,4,4,8,12,4,2,4,12124
7651,15466667,15466663,15466671,4,-8,8,12,2,1,4,12126
7652,15470706,15470714,15470710,-8,4,8,12,1,0,4,12128
7653,15474758,15474754,15474749,4,5,9,14,4,2,4,12129
7654,15478798,15478793,15478801,5,-8,8,13,2,1,4,12131
7655,15482838,15482846,15482842,-8,4,8,12,1,0,4,12132
7656,15486891,15486887,15486882,4,5,9,14,4,2,4,12134
7657,15490933,15490928,15490936,5,-8,8,13,2,1,4,12136
7658,15494975,15494982,15494979,-7,3,7,11,1,0,4,12137
7659,15499029,15499025,15499021,4,4,8,12,4,2,4,12139
7660,15503073,15503068,15503076,5,-8,8,13,2,1,4,12140
7661,15507116,15507123,15507120,-7,3,7,11,1,0,4,12142
7662,15511172,15511168,15511164,4,4,8,12,4,2,4,12143
7663,15515217,15515212,15515220,5,-8,8,13,2,1,4,12145
7664,15519262,15519269,15519266,-7,3,7,11,1,0,4,12147
7665,15523319,15523316,15523312,3,4,7,11,4,2,4,12148
7666,15527366,15527362,15527369,4,-7,7,11,2,1,4,12150
7667,15531413,15531420,15531417,-7,3,7,11,1,0,4,12151
7668,15535471,15535468,15535464,3,4,7,11,4,2,4,12153
7669,15539520,15539516,15539523,4,-7,7,11,2,1,4,12155
7670,15543569,15543576,15543572,-7,4,7,10,1,0,4,12156
7671,15547629,15547625,15547621,4,4,8,12,4,2,4,12158
7672,15551679,15551675,15551682,4,-7,7,11,2,1,4,12159
7673,15555729,15555736,15555732,-7,4,7,10,1,0,4,12161
7674,15559791,15559787,15559783,4,4,8,12,4,2,4,12163
7675,15563843,15563838,15563846,5,-8,8,13,2,1,4,12164
7676,15567894,15567901,15567898,-7,3,7,11,1,0,4,12166
7677,15571958,15571954,15571950,4,4,8,12,4,2,4,12167
7678,15576011,15576006,15576014,5,-8,8,13,2,1,4,12169
7679,15580064,15580071,15580068,-7,3,7,11,1,0,4,12170
7680,15584129,15584125,15584121,4,4,8,12,4,2,4,12172
7681,15588184,15588179,15588187,5,-8,8,13,2,1,4,12174
7682,15592238,15592246,15592243,-8,3,8,13,1,0,4,12175
7683,15596305,15596302,15596297,3,5,8,13,4,2,4,12177
7684,15600362,15600357,15600365,5,-8,8,13,2,1,4,12178
7685,15604417,15604425,15604422,-8,3,8,13,1,0,4,12180
7686,15608486,15608483,15608478,3,5,8,13,4,2,4,12182
7687,15612545,15612540,15612547,5,-7,7,12,2,1,4,12183
7688,15616602,15616609,15616606,-7,3,7,11,1,0,4,12185
7689,15620672,15620669,15620664,3,5,8,13,4,2,4,12186
7690,15624732,15624727,15624734,5,-7,7,12,2,1,4,12188
7691,15628791,15628798,15628795,-7,3,7,11,1,0,4,12189
7692,15632862,15632859,15632854,3,5,8,13,4,2,4,12191
7693,15636924,15636919,15636926,5,-7,7,12,2,1,4,12193
7694,15640985,15640991,15640989,-6,2,6,10,1,0,4,12194
7695,15645057,15645054,15645050,3,4,7,11,4,2,4,12196
7696,15649121,15649116,15649123,5,-7,7,12,2,1,4,12197
7697,15653183,15653189,15653187,-6,2,6,10,1,0,4,12199
7698,15657257,15657254,15657250,3,4,7,11,4,2,4,12201
7699,15661322,15661318,15661325,4,-7,7,11,2,1,4,12202
7700,15665386,15665393,15665390,-7,3,7,11,1,0,4,12204
7701,15669462,15669459,15669455,3,4,7,11,4,2,4,12205
7702,15673528,15673524,15673531,4,-7,7,11,2,1,4,12207
7703,15677594,15677601,15677598,-7,3,7,11,1,0,4,12208
7704,15681671,15681668,15681664,3,4,7,11,4,2,4,12210
7705,15685739,15685735,15685742,4,-7,7,11,2,1,4,12212
7706,15689807,15689814,15689810,-7,4,7,10,1,0,4,12213
7707,15693886,15693882,15693878,4,4,8,12,4,2,4,12215
7708,15697955,15697951,15697958,4,-7,7,11,2,1,4,12216
7709,15702024,15702031,15702027,-7,4,7,10,1,0,4,12218
7710,15706105,15706101,15706097,4,4,8,12,4,2,4,12220
7711,15710176,15710171,15710179,5,-8,8,13,2,1,4,12221
7712,15714246,15714253,15714250,-7,3,7,11,1,0,4,12223
7713,15718329,15718325,15718321,4,4,8,12,4,2,4,12224
7714,15722401,15722396,15722404,5,-8,8,13,2,1,4,12226
7715,15726473,15726480,15726477,-7,3,7,11,1,0,4,12227
7716,15730557,15730553,15730549,4,4,8,12,4,2,4,12229
7717,15734631,15734626,15734634,5,-8,8,13,2,1,4,12231
7718,15738704,15738712,15738709,-8,3,8,13,1,0,4,12232
7719,15742790,15742787,15742782,3,5,8,13,4,2,4,12234
7720,15746866,15746861,15746869,5,-8,8,13,2,1,4,12235
7721,15750940,15750948,15750945,-8,3,8,13,1,0,4,12237
7722,15755028,15755025,15755020,3,5,8,13,4,2,4,12239
7723,15759106,15759101,15759108,5,-7,7,12,2,1,4,12240
7724,15763182,15763189,15763186,-7,3,7,11,1,0,4,12242
7725,15767271,15767268,15767263,3,5,8,13,4,2,4,12243
7726,15771350,15771345,15771352,5,-7,7,12,2,1,4,12245
7727,15775428,15775435,15775432,-7,3,7,11,1,0,4,12247
7728,15779519,15779515,15779511,4,4,8,12,4,2,4,12248
7729,15783599,15783594,15783602,5,-8,8,13,2,1,4,12250
7730,15787679,15787686,15787683,-7,3,7,11,1,0,4,12251
7731,15791771,15791767,15791763,4,4,8,12,4,2,4,12253
7732,15795853,15795848,15795856,5,-8,8,13,2,1,4,12254
7733,15799934,15799941,15799938,-7,3,7,11,1,0,4,12256
7734,15804028,15804024,15804020,4,4,8,12,4,2,4,12258
7735,15808111,15808107,15808115,4,-8,8,12,2,1,4,12259
7736,15812194,15812202,15812198,-8,4,8,12,1,0,4,12261
7737,15816290,15816286,15816282,4,4,8,12,4,2,4,12262
7738,15820374,15820370,15820378,4,-8,8,12,2,1,4,12264
7739,15824459,15824467,15824463,-8,4,8,12,1,0,4,12266
7740,15828557,15828553,15828548,4,5,9,14,4,2,4,12267
7741,15832643,15832638,15832646,5,-8,8,13,2,1,4,12269
7742,15836729,15836737,15836733,-8,4,8,12,1,0,4,12270
7743,15840828,15840824,15840819,4,5,9,14,4,2,4,12272
7744,15844916,15844911,15844919,5,-8,8,13,2,1,4,12273
7745,15849003,15849011,15849007,-8,4,8,12,1,0,4,12275
7746,15853104,15853100,15853095,4,5,9,14,4,2,4,12277
7747,15857194,15857188,15857197,6,-9,9,15,2,1,4,12278
7748,15861282,15861290,15861287,-8,3,8,13,1,0,4,12280
7749,15865385,15865381,15865376,4,5,9,14,4,2,4,12281
7750,15869476,15869470,15869479,6,-9,9,15,2,1,4,12283
7751,15873566,15873574,15873571,-8,3,8,13,1,0,4,12285
7752,15877670,15877667,15877662,3,5,8,13,4,2,4,12286
7753,15881763,15881758,15881766,5,-8,8,13,2,1,4,12288
7754,15885855,15885863,15885860,-8,3,8,13,1,0,4,12289
7755,15889960,15889957,15889952,3,5,8,13,4,2,4,12291
7756,15894055,15894050,15894058,5,-8,8,13,2,1,4,12292
7757,15898148,15898156,15898153,-8,3,8,13,1,0,4,12294
7758,15902255,15902252,15902247,3,5,8,13,4,2,4,12296
7759,15906352,15906347,15906354,5,-7,7,12,2,1,4,12297
7760,15910447,15910454,15910451,-7,3,7,11,1,0,4,12299
7761,15914555,15914552,15914547,3,5,8,13,4,2,4,12300
7762,15918653,15918648,15918655,5,-7,7,12,2,1,4,12302
7763,15922750,15922757,15922754,-7,3,7,11,1,0,4,12304
7764,15926860,15926856,15926852,4,4,8,12,4,2,4,12305
7765,15930959,15930954,15930962,5,-8,8,13,2,1,4,12307
7766,15935058,15935065,15935062,-7,3,7,11,1,0,4,12308
7767,15939169,15939165,15939161,4,4,8,12,4,2,4,12310
7768,15943270,15943265,15943273,5,-8,8,13,2,1,4,12311
7769,15947370,15947377,15947374,-7,3,7,11,1,0,4,12313
7770,15951483,15951479,15951475,4,4,8,12,4,2,4,12315
7771,15955585,15955581,15955589,4,-8,8,12,2,1,4,12316
7772,15959687,15959695,15959691,-8,4,8,12,1,0,4,12318
7773,15963802,15963798,15963794,4,4,8,12,4,2,4,12319
7774,15967905,15967901,15967909,4,-8,8,12,2,1,4,12321
7775,15972009,15972017,15972013,-8,4,8,12,1,0,4,12323
7776,15976126,15976122,15976117,4,5,9,14,4,2,4,12324
7777,15980231,15980226,15980234,5,-8,8,13,2,1,4,12326
7778,15984336,15984344,15984340,-8,4,8,12,1,0,4,12327
7779,15988454,15988450,15988445,4,5,9,14,4,2,4,12329
7780,15992561,15992556,15992564,5,-8,8,13,2,1,4,12331
7781,15996668,15996675,15996672,-7,3,7,11,1,0,4,12332
7782,16000787,16000783,16000779,4,4,8,12,4,2,4,12334
7783,16004896,16004891,16004899,5,-8,8,13,2,1,4,12335
7784,16009004,16009011,16009008,-7,3,7,11,1,0,4,12337
7785,16013125,16013121,16013117,4,4,8,12,4,2,4,12338
7786,16017235,16017230,16017238,5,-8,8,13,2,1,4,12340
7787,16021345,16021352,16021349,-7,3,7,11,1,0,4,12342
7788,16025467,16025464,16025460,3,4,7,11,4,2,4,12343
7789,16029579,16029575,16029582,4,-7,7,11,2,1,4,12345
7790,16033691,16033698,16033695,-7,3,7,11,1,0,4,12346
7791,16037814,16037811,16037807,3,4,7,11,4,2,4,12348
7792,16041928,16041924,16041931,4,-7,7,11,2,1,4,12350
7793,16046042,16046049,16046045,-7,4,7,10,1,0,4,12351
7794,16050167,16050163,16050159,4,4,8,12,4,2,4,12353
7795,16054282,16054278,16054285,4,-7,7,11,2,1,4,12354
7796,16058397,16058404,16058400,-7,4,7,10,1,0,4,12356
7797,16062524,16062520,16062516,4,4,8,12,4,2,4,12357
7798,16066640,16066636,16066643,4,-7,7,11,2,1,4,12359
7799,16070757,16070764,16070760,-7,4,7,10,1,0,4,12361
7800,16074886,16074881,16074878,5,3,8,11,4,2,4,12362
7801,16079003,16078999,16079007,4,-8,8,12,2,1,4,12364
7802,16083122,16083129,16083125,-7,4,7,10,1,0,4,12365
7803,16087252,16087247,16087244,5,3,8,11,4,2,4,12367
7804,16091371,16091367,16091375,4,-8,8,12,2,1,4,12369
7805,16095491,16095499,16095495,-8,4,8,12,1,0,4,12370
7806,16099623,16099619,16099615,4,4,8,12,4,2,4,12372
7807,16103744,16103740,16103748,4,-8,8,12,2,1,4,12373
7808,16107865,16107873,16107869,-8,4,8,12,1,0,4,12375
7809,16111999,16111995,16111991,4,4,8,12,4,2,4,12376
7810,16116121,16116117,16116125,4,-8,8,12,2,1,4,12378
7811,16120244,16120252,16120248,-8,4,8,12,1,0,4,12380
7812,16124380,16124376,16124371,4,5,9,14,4,2,4,12381
7813,16128504,16128499,16128507,5,-8,8,13,2,1,4,12383
7814,16132628,16132636,16132632,-8,4,8,12,1,0,4,12384
7815,16136765,16136761,16136756,4,5,9,14,4,2,4,12386
7816,16140891,16140886,16140894,5,-8,8,13,2,1,4,12388
7817,16145017,16145024,16145021,-7,3,7,11,1,0,4,12389
7818,16149155,16149151,16149147,4,4,8,12,4,2,4,12391
7819,16153283,16153278,16153286,5,-8,8,13,2,1,4,12392
7820,16157410,16157417,16157414,-7,3,7,11,1,0,4,12394
7821,16161550,16161546,16161542,4,4,8,12,4,2,4,12395
7822,16165679,16165674,16165682,5,-8,8,13,2,1,4,12397
7823,16169808,16169815,16169812,-7,3,7,11,1,0,4,12399
7824,16173949,16173946,16173942,3,4,7,11,4,2,4,12400
7825,16178080,16178076,16178083,4,-7,7,11,2,1,4,12402
7826,16182211,16182218,16182215,-7,3,7,11,1,0,4,12403
7827,16186353,16186350,16186346,3,4,7,11,4,2,4,12405
7828,16190486,16190482,16190489,4,-7,7,11,2,1,4,12407
7829,16194619,16194626,16194622,-7,4,7,10,1,0,4,12408
7830,16198763,16198759,16198755,4,4,8,12,4,2,4,12410
7831,16202897,16202893,16202900,4,-7,7,11,2,1,4,12411
7832,16207031,16207038,16207034,-7,4,7,10,1,0,4,12413
7833,16211177,16211173,16211169,4,4,8,12,4,2,4,12415
7834,16215313,16215308,16215316,5,-8,8,13,2,1,4,12416
7835,16219448,16219455,16219452,-7,3,7,11,1,0,4,12418
7836,16223596,16223592,16223588,4,4,8,12,4,2,4,12419
7837,16227733,16227728,16227736,5,-8,8,13,2,1,4,12421
7838,16231870,16231877,16231874,-7,3,7,11,1,0,4,12422
7839,16236019,16236015,16236011,4,4,8,12,4,2,4,12424
7840,16240158,16240153,16240161,5,-8,8,13,2,1,4,12426
7841,16244296,16244304,16244301,-8,3,8,13,1,0,4,12427
7842,16248447,16248444,16248439,3,5,8,13,4,2,4,12429
7843,16252588,16252583,16252591,5,-8,8,13,2,1,4,12430
7844,16256727,16256735,16256732,-8,3,8,13,1,0,4,12432
7845,16260880,16260877,16260872,3,5,8,13,4,2,4,12434
7846,16265023,16265018,16265025,5,-7,7,12,2,1,4,12435
7847,16269164,16269171,16269168,-7,3,7,11,1,0,4,12437
7848,16273318,16273315,16273310,3,5,8,13,4,2,4,12438
7849,16277462,16277457,16277464,5,-7,7,12,2,1,4,12440
7850,16281605,16281612,16281609,-7,3,7,11,1,0,4,12441
7851,16285760,16285757,16285752,3,5,8,13,4,2,4,12443
7852,16289906,16289901,16289908,5,-7,7,12,2,1,4,12445
7853,16294051,16294057,16294055,-6,2,6,10,1,0,4,12446
7854,16298207,16298204,16298200,3,4,7,11,4,2,4,12448
7855,16302355,16302350,16302357,5,-7,7,12,2,1,4,12449
7856,16306501,16306507,16306505,-6,2,6,10,1,0,4,12451
7857,16310659,16310656,16310652,3,4,7,11,4,2,4,12453
7858,16314808,16314804,16314811,4,-7,7,11,2,1,4,12454
7859,16318956,16318963,16318960,-7,3,7,11,1,0,4,12456
7860,16323116,16323113,16323109,3,4,7,11,4,2,4,12457
7861,16327266,16327262,16327269,4,-7,7,11,2,1,4,12459
7862,16331416,16331423,16331420,-7,3,7,11,1,0,4,12460
7863,16335577,16335574,16335570,3,4,7,11,4,2,4,12462
7864,16339729,16339725,16339732,4,-7,7,11,2,1,4,12464
7865,16343881,16343888,16343884,-7,4,7,10,1,0,4,12465
7866,16348044,16348040,16348036,4,4,8,12,4,2,4,12467
7867,16352197,16352193,16352200,4,-7,7,11,2,1,4,12468
7868,16356350,16356357,16356353,-7,4,7,10,1,0,4,12470
7869,16360515,16360511,16360507,4,4,8,12,4,2,4,12472
7870,16364670,16364665,16364673,5,-8,8,13,2,1,4,12473
7871,16368824,16368831,16368828,-7,3,7,11,1,0,4,12475
7872,16372991,16372987,16372983,4,4,8,12,4,2,4,12476
7873,16377147,16377142,16377150,5,-8,8,13,2,1,4,12478
7874,16381303,16381310,16381307,-7,3,7,11,1,0,4,12479
7875,16385471,16385467,16385463,4,4,8,12,4,2,4,12481
7876,16389629,16389624,16389632,5,-8,8,13,2,1,4,12483
7877,16393786,16393794,16393791,-8,3,8,13,1,0,4,12484
7878,16397956,16397953,16397948,3,5,8,13,4,2,4,12486
7879,16402116,16402111,16402119,5,-8,8,13,2,1,4,12487
7880,16406274,16406282,16406279,-8,3,8,13,1,0,4,12489
7881,16410446,16410443,16410438,3,5,8,13,4,2,4,12491
7882,16414608,16414603,16414610,5,-7,7,12,2,1,4,12492
7883,16418768,16418775,16418772,-7,3,7,11,1,0,4,12494
7884,16422941,16422938,16422933,3,5,8,13,4,2,4,12495
7885,16427104,16427099,16427106,5,-7,7,12,2,1,4,12497
7886,16431266,16431273,16431270,-7,3,7,11,1,0,4,12499
7887,16435441,16435437,16435433,4,4,8,12,4,2,4,12500
7888,16439605,16439600,16439608,5,-8,8,13,2,1,4,12502
7889,16443769,16443776,16443773,-7,3,7,11,1,0,4,12503
7890,16447945,16447941,16447937,4,4,8,12,4,2,4,12505
7891,16452111,16452106,16452114,5,-8,8,13,2,1,4,12506
7892,16456276,16456283,16456280,-7,3,7,11,1,0,4,12508
7893,16460454,16460450,16460446,4,4,8,12,4,2,4,12510
7894,16464621,16464617,16464625,4,-8,8,12,2,1,4,12511
7895,16468788,16468796,16468792,-8,4,8,12,1,0,4,12513
7896,16472968,16472964,16472960,4,4,8,12,4,2,4,12514
7897,16477136,16477132,16477140,4,-8,8,12,2,1,4,12516
7898,16481305,16481313,16481309,-8,4,8,12,1,0,4,12518
7899,16485487,16485483,16485478,4,5,9,14,4,2,4,12519
7900,16489657,16489652,16489660,5,-8,8,13,2,1,4,12521
7901,16493827,16493835,16493831,-8,4,8,12,1,0,4,12522
7902,16498010,16498006,16498001,4,5,9,14,4,2,4,12524
7903,16502182,16502177,16502185,5,-8,8,13,2,1,4,12525
7904,16506353,16506361,16506357,-8,4,8,12,1,0,4,12527
7905,16510538,16510534,16510529,4,5,9,14,4,2,4,12529
7906,16514712,16514706,16514715,6,-9,9,15,2,1,4,12530
7907,16518884,16518892,16518889,-8,3,8,13,1,0,4,12532
7908,16523071,16523067,16523062,4,5,9,14,4,2,4,12533
7909,16527246,16527240,16527249,6,-9,9,15,2,1,4,12535
7910,16531420,16531428,16531425,-8,3,8,13,1,0,4,12537
7911,16535608,16535605,16535600,3,5,8,13,4,2,4,12538
7912,16539785,16539780,16539788,5,-8,8,13,2,1,4,12540
7913,16543961,16543969,16543966,-8,3,8,13,1,0,4,12541
7914,16548150,16548147,16548142,3,5,8,13,4,2,4,12543
7915,16552329,16552324,16552332,5,-8,8,13,2,1,4,12544
7916,16556506,16556514,16556511,-8,3,8,13,1,0,4,12546
7917,16560697,16560694,16560689,3,5,8,13,4,2,4,12548
7918,16564878,16564873,16564880,5,-7,7,12,2,1,4,12549
7919,16569057,16569064,16569061,-7,3,7,11,1,0,4,12551
7920,16573249,16573246,16573241,3,5,8,13,4,2,4,12552
7921,16577431,16577426,16577433,5,-7,7,12,2,1,4,12554
7922,16581612,16581619,16581616,-7,3,7,11,1,0,4,12556
7923,16585806,16585802,16585798,4,4,8,12,4,2,4,12557
7924,16589989,16589984,16589992,5,-8,8,13,2,1,4,12559
7925,16594172,16594179,16594176,-7,3,7,11,1,0,4,12560
7926,16598367,16598363,16598359,4,4,8,12,4,2,4,12562
7927,16602552,16602547,16602555,5,-8,8,13,2,1,4,12563
7928,16606736,16606743,16606740,-7,3,7,11,1,0,4,12565
7929,16610933,16610929,16610925,4,4,8,12,4,2,4,12567
7930,16615119,16615115,16615123,4,-8,8,12,2,1,4,12568
7931,16619305,16619313,16619309,-8,4,8,12,1,0,4,12570
7932,16623504,16623500,16623496,4,4,8,12,4,2,4,12571
7933,16627691,16627687,16627695,4,-8,8,12,2,1,4,12573
7934,16631879,16631887,16631883,-8,4,8,12,1,0,4,12575
7935,16636080,16636076,16636071,4,5,9,14,4,2,4,12576
7936,16640269,16640264,16640272,5,-8,8,13,2,1,4,12578
7937,16644458,16644466,16644462,-8,4,8,12,1,0,4,12579
7938,16648660,16648656,16648651,4,5,9,14,4,2,4,12581
7939,16652851,16652846,16652854,5,-8,8,13,2,1,4,12583
7940,16657042,16657049,16657046,-7,3,7,11,1,0,4,12584
7941,16661245,16661241,16661237,4,4,8,12,4,2,4,12586
7942,16665438,16665433,16665441,5,-8,8,13,2,1,4,12587
7943,16669630,16669637,16669634,-7,3,7,11,1,0,4,12589
7944,16673835,16673831,16673827,4,4,8,12,4,2,4,12590
7945,16678029,16678024,16678032,5,-8,8,13,2,1,4,12592
7946,16682223,16682230,16682227,-7,3,7,11,1,0,4,12594
7947,16686429,16686426,16686422,3,4,7,11,4,2,4,12595
7948,16690625,16690621,16690628,4,-7,7,11,2,1,4,12597
7949,16694821,16694828,16694825,-7,3,7,11,1,0,4,12598
7950,16699028,16699025,16699021,3,4,7,11,4,2,4,12600
7951,16703226,16703222,16703229,4,-7,7,11,2,1,4,12602
7952,16707424,16707431,16707427,-7,4,7,10,1,0,4,12603
7953,16711633,16711629,16711625,4,4,8,12,4,2,4,12605
7954,16715832,16715828,16715835,4,-7,7,11,2,1,4,12606
7955,16720031,16720038,16720034,-7,4,7,10,1,0,4,12608
7956,16724242,16724238,16724234,4,4,8,12,4,2,4,12609
7957,16728442,16728438,16728445,4,-7,7,11,2,1,4,12611
7958,16732643,16732650,16732646,-7,4,7,10,1,0,4,12613
7959,16736856,16736851,16736848,5,3,8,11,4,2,4,12614
7960,16741057,16741053,16741061,4,-8,8,12,2,1,4,12616
7961,16745260,16745267,16745263,-7,4,7,10,1,0,4,12617
7962,16749474,16749469,16749466,5,3,8,11,4,2,4,12619
7963,16753677,16753673,16753681,4,-8,8,12,2,1,4,12621
7964,16757881,16757889,16757885,-8,4,8,12,1,0,4,12622
7965,16762097,16762093,16762089,4,4,8,12,4,2,4,12624
7966,16766302,16766298,16766306,4,-8,8,12,2,1,4,12625
7967,16770507,16770515,16770511,-8,4,8,12,1,0,4,12627
7968,16774725,16774721,16774717,4,4,8,12,4,2,4,12628
7969,16778931,16778927,16778935,4,-8,8,12,2,1,4,12630
7970,16783138,16783146,16783142,-8,4,8,12,1,0,4,12632
7971,16787358,16787354,16787349,4,5,9,14,4,2,4,12633
7972,16791566,16791561,16791569,5,-8,8,13,2,1,4,12635
7973,16795774,16795782,16795778,-8,4,8,12,1,0,4,12636
7974,16799995,16799991,16799986,4,5,9,14,4,2,4,12638
7975,16804205,16804200,16804208,5,-8,8,13,2,1,4,12640
7976,16808415,16808422,16808419,-7,3,7,11,1,0,4,12641
7977,16812637,16812633,16812629,4,4,8,12,4,2,4,12643
7978,16816849,16816844,16816852,5,-8,8,13,2,1,4,12644
7979,16821060,16821067,16821064,-7,3,7,11,1,0,4,12646
7980,16825284,16825280,16825276,4,4,8,12,4,2,4,12648
7981,16829497,16829493,16829501,4,-8,8,12,2,1,4,12649
7982,16833710,16833718,16833714,-8,4,8,12,1,0,4,12651
7983,16837936,16837932,16837928,4,4,8,12,4,2,4,12652
7984,16842150,16842146,16842154,4,-8,8,12,2,1,4,12654
7985,16846365,16846373,16846369,-8,4,8,12,1,0,4,12655
7986,16850592,16850588,16850584,4,4,8,12,4,2,4,12657
7987,16854808,16854804,16854812,4,-8,8,12,2,1,4,12659
7988,16859025,16859033,16859028,-8,5,8,11,1,0,4,12660
7989,16863254,16863249,16863245,5,4,9,13,4,2,4,12662
7990,16867471,16867467,16867475,4,-8,8,12,2,1,4,12663
7991,16871689,16871697,16871692,-8,5,8,11,1,0,4,12665
7992,16875920,16875915,16875911,5,4,9,13,4,2,4,12667
7993,16880139,16880134,16880143,5,-9,9,14,2,1,4,12668
7994,16884358,16884366,16884362,-8,4,8,12,1,0,4,12670
7995,16888591,16888586,16888582,5,4,9,13,4,2,4,12671
7996,16892811,16892806,16892815,5,-9,9,14,2,1,4,12673
7997,16897032,16897040,16897036,-8,4,8,12,1,0,4,12674
7998,16901266,16901261,16901257,5,4,9,13,4,2,4,12676
7999,16905488,16905483,16905492,5,-9,9,14,2,1,4,12678
8000,16909710,16909719,16909715,-9,4,9,14,1,0,4,12679
8001,16913946,16913942,16913937,4,5,9,14,4,2,4,12681
8002,16918170,16918165,16918174,5,-9,9,14,2,1,4,12682
8003,16922393,16922402,16922398,-9,4,9,14,1,0,4,12684
8004,16926631,16926627,16926622,4,5,9,14,4,2,4,12686
8005,16930857,16930852,16930860,5,-8,8,13,2,1,4,12687
8006,16935082,16935090,16935086,-8,4,8,12,1,0,4,12689
8007,16939321,16939317,16939312,4,5,9,14,4,2,4,12690
8008,16943548,16943543,16943551,5,-8,8,13,2,1,4,12692
8009,16947775,16947783,16947779,-8,4,8,12,1,0,4,12693
8010,16952015,16952011,16952006,4,5,9,14,4,2,4,12695
8011,16956244,16956239,16956247,5,-8,8,13,2,1,4,12697
8012,16960473,16960480,16960477,-7,3,7,11,1,0,4,12698
8013,16964714,16964710,16964706,4,4,8,12,4,2,4,12700
8014,16968945,16968940,16968948,5,-8,8,13,2,1,4,12701
8015,16973175,16973182,16973179,-7,3,7,11,1,0,4,12703
8016,16977418,16977414,16977410,4,4,8,12,4,2,4,12705
8017,16981650,16981646,16981654,4,-8,8,12,2,1,4,12706
8018,16985882,16985890,16985886,-8,4,8,12,1,0,4,12708
8019,16990127,16990123,16990119,4,4,8,12,4,2,4,12709
8020,16994360,16994356,16994364,4,-8,8,12,2,1,4,12711
8021,16998594,16998602,16998598,-8,4,8,12,1,0,4,12712
8022,17002840,17002836,17002832,4,4,8,12,4,2,4,12714
8023,17007075,17007071,17007079,4,-8,8,12,2,1,4,12716
8024,17011311,17011319,17011314,-8,5,8,11,1,0,4,12717
8025,17015559,17015554,17015550,5,4,9,13,4,2,4,12719
8026,17019795,17019791,17019799,4,-8,8,12,2,1,4,12720
8027,17024032,17024040,17024035,-8,5,8,11,1,0,4,12722
8028,17028282,17028277,17028273,5,4,9,13,4,2,4,12724
8029,17032520,17032515,17032524,5,-9,9,14,2,1,4,12725
8030,17036758,17036766,17036762,-8,4,8,12,1,0,4,12727
8031,17041010,17041005,17041001,5,4,9,13,4,2,4,12728
8032,17045249,17045244,17045253,5,-9,9,14,2,1,4,12730
8033,17049489,17049497,17049493,-8,4,8,12,1,0,4,12732
8034,17053742,17053738,17053734,4,4,8,12,4,2,4,12733
8035,17057983,17057979,17057987,4,-8,8,12,2,1,4,12735
8036,17062225,17062233,17062229,-8,4,8,12,1,0,4,12736
8037,17066479,17066475,17066471,4,4,8,12,4,2,4,12738
8038,17070722,17070718,17070726,4,-8,8,12,2,1,4,12739
8039,17074965,17074973,17074969,-8,4,8,12,1,0,4,12741
8040,17079221,17079217,17079213,4,4,8,12,4,2,4,12743
8041,17083466,17083462,17083469,4,-7,7,11,2,1,4,12744
8042,17087711,17087718,17087714,-7,4,7,10,1,0,4,12746
8043,17091968,17091964,17091960,4,4,8,12,4,2,4,12747
8044,17096214,17096210,17096217,4,-7,7,11,2,1,4,12749
8045,17100461,17100468,17100464,-7,4,7,10,1,0,4,12751
8046,17104720,17104715,17104712,5,3,8,11,4,2,4,12752
8047,17108967,17108963,17108971,4,-8,8,12,2,1,4,12754
8048,17113216,17113223,17113219,-7,4,7,10,1,0,4,12755
8049,17117476,17117471,17117468,5,3,8,11,4,2,4,12757
8050,17121725,17121721,17121729,4,-8,8,12,2,1,4,12758
8051,17125975,17125982,17125978,-7,4,7,10,1,0,4,12760
8052,17130237,17130232,17130229,5,3,8,11,4,2,4,12762
8053,17134487,17134484,17134492,3,-8,8,11,2,1,4,12763
8054,17138739,17138747,17138742,-8,5,8,11,1,0,4,12765
8055,17143003,17142998,17142995,5,3,8,11,4,2,4,12766
8056,17147254,17147251,17147259,3,-8,8,11,2,1,4,12768
8057,17151508,17151516,17151511,-8,5,8,11,1,0,4,12770
8058,17155774,17155769,17155765,5,4,9,13,4,2,4,12771
8059,17160027,17160023,17160031,4,-8,8,12,2,1,4,12773
8060,17164282,17164290,17164285,-8,5,8,11,1,0,4,12774
8061,17168549,17168544,17168540,5,4,9,13,4,2,4,12776
8062,17172804,17172800,17172808,4,-8,8,12,2,1,4,12777
8063,17177060,17177068,17177063,-8,5,8,11,1,0,4,12779
8064,17181329,17181324,17181320,5,4,9,13,4,2,4,12781
8065,17185586,17185581,17185590,5,-9,9,14,2,1,4,12782
8066,17189843,17189851,17189847,-8,4,8,12,1,0,4,12784
8067,17194114,17194109,17194105,5,4,9,13,4,2,4,12785
8068,17198372,17198367,17198376,5,-9,9,14,2,1,4,12787
8069,17202631,17202639,17202635,-8,4,8,12,1,0,4,12789
8070,17206903,17206899,17206895,4,4,8,12,4,2,4,12790
8071,17211163,17211159,17211167,4,-8,8,12,2,1,4,12792
8072,17215424,17215432,17215428,-8,4,8,12,1,0,4,12793
8073,17219697,17219693,17219689,4,4,8,12,4,2,4,12795
8074,17223959,17223955,17223963,4,-8,8,12,2,1,4,12796
8075,17228221,17228229,17228225,-8,4,8,12,1,0,4,12798
8076,17232496,17232492,17232488,4,4,8,12,4,2,4,12800
8077,17236760,17236756,17236763,4,-7,7,11,2,1,4,12801
8078,17241024,17241031,17241027,-7,4,7,10,1,0,4,12803
8079,17245300,17245296,17245292,4,4,8,12,4,2,4,12804
8080,17249565,17249561,17249568,4,-7,7,11,2,1,4,12806
8081,17253831,17253838,17253834,-7,4,7,10,1,0,4,12808
8082,17258109,17258104,17258101,5,3,8,11,4,2,4,12809
8083,17262375,17262371,17262379,4,-8,8,12,2,1,4,12811
8084,17266643,17266650,17266646,-7,4,7,10,1,0,4,12812
8085,17270922,17270917,17270914,5,3,8,11,4,2,4,12814
8086,17275190,17275186,17275194,4,-8,8,12,2,1,4,12816
8087,17279459,17279467,17279463,-8,4,8,12,1,0,4,12817
8088,17283740,17283736,17283732,4,4,8,12,4,2,4,12819
8089,17288010,17288006,17288014,4,-8,8,12,2,1,4,12820
8090,17292280,17292288,17292284,-8,4,8,12,1,0,4,12822
8091,17296563,17296559,17296555,4,4,8,12,4,2,4,12823
8092,17300834,17300830,17300838,4,-8,8,12,2,1,4,12825
8093,17305106,17305114,17305110,-8,4,8,12,1,0,4,12827
8094,17309391,17309387,17309382,4,5,9,14,4,2,4,12828
8095,17313664,17313659,17313667,5,-8,8,13,2,1,4,12830
8096,17317937,17317945,17317941,-8,4,8,12,1,0,4,12831
8097,17322223,17322219,17322214,4,5,9,14,4,2,4,12833
8098,17326498,17326493,17326501,5,-8,8,13,2,1,4,12835
8099,17330773,17330780,17330777,-7,3,7,11,1,0,4,12836
8100,17335060,17335056,17335052,4,4,8,12,4,2,4,12838
8101,17339337,17339332,17339340,5,-8,8,13,2,1,4,12839
8102,17343613,17343620,17343617,-7,3,7,11,1,0,4,12841
8103,17347902,17347898,17347894,4,4,8,12,4,2,4,12842
8104,17352180,17352175,17352183,5,-8,8,13,2,1,4,12844
8105,17356458,17356465,17356462,-7,3,7,11,1,0,4,12846
8106,17360748,17360745,17360741,3,4,7,11,4,2,4,12847
8107,17365028,17365024,17365031,4,-7,7,11,2,1,4,12849
8108,17369308,17369315,17369312,-7,3,7,11,1,0,4,12850
8109,17373599,17373596,17373592,3,4,7,11,4,2,4,12852
8110,17377881,17377877,17377884,4,-7,7,11,2,1,4,12854
8111,17382163,17382170,17382166,-7,4,7,10,1,0,4,12855
8112,17386456,17386452,17386448,4,4,8,12,4,2,4,12857
8113,17390739,17390735,17390742,4,-7,7,11,2,1,4,12858
8114,17395022,17395029,17395025,-7,4,7,10,1,0,4,12860
8115,17399317,17399313,17399309,4,4,8,12,4,2,4,12861
8116,17403601,17403597,17403604,4,-7,7,11,2,1,4,12863
8117,17407886,17407893,17407889,-7,4,7,10,1,0,4,12865
8118,17412183,17412178,17412175,5,3,8,11,4,2,4,12866
8119,17416468,17416464,17416472,4,-8,8,12,2,1,4,12868
8120,17420755,17420762,17420758,-7,4,7,10,1,0,4,12869
8121,17425053,17425048,17425045,5,3,8,11,4,2,4,12871
8122,17429340,17429336,17429344,4,-8,8,12,2,1,4,12873
8123,17433628,17433636,17433632,-8,4,8,12,1,0,4,12874
8124,17437928,17437924,17437920,4,4,8,12,4,2,4,12876
8125,17442217,17442213,17442221,4,-8,8,12,2,1,4,12877
8126,17446506,17446514,17446510,-8,4,8,12,1,0,4,12879
8127,17450808,17450804,17450800,4,4,8,12,4,2,4,12880
8128,17455098,17455094,17455102,4,-8,8,12,2,1,4,12882
8129,17459389,17459397,17459393,-8,4,8,12,1,0,4,12884
8130,17463693,17463689,17463684,4,5,9,14,4,2,4,12885
8131,17467985,17467980,17467988,5,-8,8,13,2,1,4,12887
8132,17472277,17472285,17472281,-8,4,8,12,1,0,4,12888
8133,17476582,17476578,17476573,4,5,9,14,4,2,4,12890
8134,17480876,17480871,17480879,5,-8,8,13,2,1,4,12892
8135,17485170,17485177,17485174,-7,3,7,11,1,0,4,12893
8136,17489476,17489472,17489468,4,4,8,12,4,2,4,12895
8137,17493772,17493767,17493775,5,-8,8,13,2,1,4,12896
8138,17498067,17498074,17498071,-7,3,7,11,1,0,4,12898
8139,17502375,17502371,17502367,4,4,8,12,4,2,4,12900
8140,17506672,17506668,17506676,4,-8,8,12,2,1,4,12901
8141,17510969,17510977,17510973,-8,4,8,12,1,0,4,12903
8142,17515279,17515275,17515271,4,4,8,12,4,2,4,12904
8143,17519577,17519573,17519581,4,-8,8,12,2,1,4,12906
8144,17523876,17523884,17523880,-8,4,8,12,1,0,4,12907
8145,17528187,17528183,17528179,4,4,8,12,4,2,4,12909
8146,17532487,17532483,17532491,4,-8,8,12,2,1,4,12911
8147,17536788,17536796,17536791,-8,5,8,11,1,0,4,12912
8148,17541101,17541096,17541092,5,4,9,13,4,2,4,12914
8149,17545402,17545398,17545406,4,-8,8,12,2,1,4,12915
8150,17549704,17549712,17549707,-8,5,8,11,1,0,4,12917
8151,17554019,17554014,17554010,5,4,9,13,4,2,4,12919
8152,17558322,17558317,17558326,5,-9,9,14,2,1,4,12920
8153,17562625,17562633,17562629,-8,4,8,12,1,0,4,12922
8154,17566942,17566937,17566933,5,4,9,13,4,2,4,12923
8155,17571246,17571241,17571250,5,-9,9,14,2,1,4,12925
8156,17575551,17575559,17575555,-8,4,8,12,1,0,4,12926
8157,17579869,17579864,17579860,5,4,9,13,4,2,4,12928
8158,17584175,17584170,17584179,5,-9,9,14,2,1,4,12930
8159,17588481,17588490,17588486,-9,4,9,14,1,0,4,12931
8160,17592801,17592797,17592792,4,5,9,14,4,2,4,12933
8161,17597109,17597104,17597113,5,-9,9,14,2,1,4,12934
8162,17601416,17601425,17601421,-9,4,9,14,1,0,4,12936
8163,17605738,17605734,17605729,4,5,9,14,4,2,4,12938
8164,17610048,17610043,17610051,5,-8,8,13,2,1,4,12939
8165,17614357,17614365,17614361,-8,4,8,12,1,0,4,12941
8166,17618680,17618676,17618671,4,5,9,14,4,2,4,12942
8167,17622991,17622986,17622994,5,-8,8,13,2,1,4,12944
8168,17627302,17627310,17627306,-8,4,8,12,1,0,4,12945
8169,17631626,17631622,17631617,4,5,9,14,4,2,4,12947
8170,17635939,17635934,17635942,5,-8,8,13,2,1,4,12949
8171,17640252,17640259,17640256,-7,3,7,11,1,0,4,12950
8172,17644577,17644573,17644569,4,4,8,12,4,2,4,12952
8173,17648892,17648887,17648895,5,-8,8,13,2,1,4,12953
8174,17653206,17653213,17653210,-7,3,7,11,1,0,4,12955
8175,17657533,17657529,17657525,4,4,8,12,4,2,4,12957
8176,17661849,17661845,17661853,4,-8,8,12,2,1,4,12958
8177,17666165,17666173,17666169,-8,4,8,12,1,0,4,12960
8178,17670494,17670490,17670486,4,4,8,12,4,2,4,12961
8179,17674811,17674807,17674815,4,-8,8,12,2,1,4,12963
8180,17679129,17679137,17679133,-8,4,8,12,1,0,4,12964
8181,17683459,17683455,17683451,4,4,8,12,4,2,4,12966
8182,17687778,17687774,17687782,4,-8,8,12,2,1,4,12968
8183,17692098,17692106,17692101,-8,5,8,11,1,0,4,12969
8184,17696430,17696425,17696421,5,4,9,13,4,2,4,12971
8185,17700750,17700746,17700754,4,-8,8,12,2,1,4,12972
8186,17705071,17705079,17705074,-8,5,8,11,1,0,4,12974
8187,17709405,17709400,17709396,5,4,9,13,4,2,4,12976
8188,17713727,17713722,17713731,5,-9,9,14,2,1,4,12977
8189,17718049,17718057,17718053,-8,4,8,12,1,0,4,12979
8190,17722385,17722380,17722376,5,4,9,13,4,2,4,12980
8191,17726708,17726703,17726712,5,-9,9,14,2,1,4,12982
8192,17731032,17731040,17731036,-8,4,8,12,1,0,4,12984
