k,ratio4,ratio3,alpha_rational,beta_rational,colour_diagonal,window_U,integer_trial_a,integer_trial_b,a_nearest_rational,b_nearest_rational,raw_colour_nearest
0,1,1,0,0,0,0,0,0,0,0,0
1,4/3,3,0,-2,2,0,0,-2,0,1,2
2,16/9,9/4,0,-3,3,0,0,-3,0,-3/4,3
3,64/27,27/16,1/108,-3,3,1/216,0,-3,1/72,-3/4,3
4,256/243,81/64,139/17496,-305/64,305/64,139/34992,124,-44,139/11664,-51/64,139/32
5,1024/729,243/64,0,-993/256,993/256,0,-192,42,0,-87/128,273/64
6,4096/2187,729/256,0,-4071/1024,4071/1024,0,-464,78,0,-267/512,1443/256
7,16384/6561,2187/1024,139/52488,-11299/2048,11299/2048,139/104976,-6384,847,139/34992,-2037/2048,6581/1024
8,65536/59049,6561/4096,139/52488,-8703/4096,8703/4096,139/104976,-31216,3120,139/34992,-1767/4096,12393/2048
9,262144/177147,19683/16384,139/17496,-6183/4096,6183/4096,139/34992,17600,-1323,139/11664,14367/8192,11961/2048
10,1048576/531441,59049/16384,139/17496,-1234577/262144,1234577/262144,139/34992,-86348,4858,139/11664,-1803/2048,31115/4096
11,4194304/1594323,177147/65536,0,-2287683/1048576,2287683/1048576,0,1734304,-73251,0,-4215/65536,69255/8192
12,16777216/14348907,531441/262144,139/26244,-4947237/4194304,4947237/4194304,139/52488,3546672,-112347,139/17496,691635/524288,2092473/262144
13,67108864/43046721,1594323/1048576,47089/6377292,-11176299/8388608,11176299/8388608,47089/12754584,-21172976,503010,47089/4251528,647709/1048576,4430133/524288
14,268435456/129140163,4782969/4194304,87025/12754584,-296530671/67108864,296530671/67108864,87025/25509168,-93115376,1659120,87025/8503056,-4620261/4194304,22604289/2097152
15,1073741824/387420489,14348907/4194304,625/52488,-219531303/268435456,219531303/268435456,625/104976,4164056,-55647,625/34992,10001091/8388608,38794707/4194304
16,4294967296/3486784401,43046721/16777216,139/17496,-1048495185/1073741824,1048495185/1073741824,139/34992,644946876,-6464043,139/11664,2912325/4194304,91533969/8388608
17,17179869184/10460353203,129140163/67108864,1299856640/847288609443,-16042813491/4294967296,16042813491/4294967296,649928320/847288609443,5631904960,-42334734,649928320/282429536481,-35603961/33554432,202702125/16777216
18,68719476736/31381059609,387420489/268435456,1299856640/282429536481,-14825497149/17179869184,14825497149/17179869184,649928320/282429536481,33742717232,-190231659,649928320/94143178827,370798827/268435456,1603958193/134217728
19,274877906944/94143178827,1162261467/1073741824,5602197223/847288609443,-103020806691/68719476736,103020806691/68719476736,5602197223/1694577218886,-33342107660,140979852,5602197223/564859072962,280144833/1073741824,7075129923/536870912
20,1099511627776/847288609443,3486784401/1073741824,52178765849/6778308875544,-333212393331/274877906944,333212393331/274877906944,52178765849/13556617751088,-284717581068,902899791,52178765849/4518872583696,621701355/2147483648,14129789283/1073741824
21,4398046511104/2541865828329,10460353203/4294967296,36580486169/3389154437772,-1946793041827/1099511627776,1946793041827/1099511627776,36580486169/6778308875544,-896940301636,2133290843,36580486169/2259436291848,2763582273/8589934592,61850785027/4294967296
22,17592186044416/7625597484987,31381059609/17179869184,1299856640/282429536481,-6543804115449/4398046511104,6543804115449/4398046511104,649928320/282429536481,-2283873859652,4073989527,649928320/94143178827,2716181421/17179869184,124638564429/8589934592
23,70368744177664/68630377364883,94143178827/68719476736,0,-20186332807275/17592186044416,20186332807275/17592186044416,0,-14056995313216,18806221980,0,13566575373/68719476736,546468622767/34359738368
24,281474976710656/205891132094649,282429536481/274877906944,9162306568922/1853020188851841,-49609816116245/35184372088832,49609816116245/35184372088832,4581153284461/1853020188851841,41453178669272,-41593757905,4581153284461/617673396283947,9098004699/8589934592,1084839996997/68719476736
25,1125899906842624/617673396283947,847288609443/274877906944,4581153284461/617673396283947,-524248882394937/140737488355328,524248882394937/140737488355328,4581153284461/1235346792567894,-237568475693976,178780602249,4581153284461/411782264189298,-796655795343/549755813888,4799002686681/274877906944
26,4503599627370496/1853020188851841,2541865828329/1099511627776,4581153284461/617673396283947,-7601329208447859/1125899906842624,7601329208447859/1125899906842624,4581153284461/1235346792567894,-630983799892972,356132048109,4581153284461/411782264189298,-1737753915957/2199023255552,20031058828497/1099511627776
27,18014398509481984/16677181699666569,7625597484987/4398046511104,13902108371950217/1801135623563989452,-11234116787659963/4503599627370496,11234116787659963/4503599627370496,13902108371950217/3602271247127978904,-5438134071625092,2301993123875,13902108371950217/1200757082375992968,4075892566785/4398046511104,37544984190761/2199023255552
28,72057594037927936/50031545098999707,22876792454961/17592186044416,245775208546304/150094635296999121,-68140558788307761/18014398509481984,68140558788307761/18014398509481984,122887604273152/150094635296999121,-4492590750187076,1426304438124,122887604273152/50031545098999707,-27292674275445/17592186044416,176574058809441/8796093022208
29,288230376151711744/150094635296999121,68630377364883/17592186044416,245775208546304/450283905890997363,-555835454683788081/72057594037927936,555835454683788081/72057594037927936,122887604273152/450283905890997363,-126592491429592640,30142868959095,122887604273152/150094635296999121,-36935854397367/35184372088832,347264952901041/17592186044416
30,1152921504606846976/450283905890997363,205891132094649/70368744177664,245775208546304/150094635296999121,-230693226073587229/72057594037927936,230693226073587229/72057594037927936,122887604273152/150094635296999121,116677509075996208,-20836513446625,122887604273152/50031545098999707,15296539556025/17592186044416,702889799190713/35184372088832
31,4611686018427387904/4052555153018976267,617673396283947/281474976710656,16851410874505865/3602271247127978904,-652738029417035961/144115188075855872,652738029417035961/144115188075855872,16851410874505865/7204542494255957808,-1843225255080318304,246875264029797,16851410874505865/2401514164751985936,-131664584917743/140737488355328,3049547508371697/140737488355328
32,18446744073709551616/12157665459056928801,1853020188851841/1125899906842624,33490101420557792123/7878167217468889863048,-37840164612037853691/4611686018427387904,37840164612037853691/4611686018427387904,33490101420557792123/15756334434937779726096,-1166564387314919916,117184222465080,33490101420557792123/5252111478312593242032,-718505744573433/281474976710656,1600636516642173/70368744177664
33,73786976294838206464/36472996377170786403,5559060566555523/4503599627370496,27039976847468589947/3939083608734444931524,-71573093792410848513/9223372036854775808,71573093792410848513/9223372036854775808,27039976847468589947/7878167217468889863048,4276749099018170024,-322207365896187,27039976847468589947/2626055739156296621016,-724528054530399/4503599627370496,50512323095659779/2251799813685248
34,295147905179352825856/109418989131512359209,16677181699666569/4503599627370496,245775208546304/150094635296999121,-297641672090956994355/36893488147419103232,297641672090956994355/36893488147419103232,122887604273152/150094635296999121,58286907273092983232,-3293471938126401,122887604273152/50031545098999707,-8699411899018293/9007199254740992,103441431454638723/4503599627370496
35,1180591620717411303424/984770902183611232881,50031545098999707/18014398509481984,245775208546304/150094635296999121,-3054109116456049511919/295147905179352825856,3054109116456049511919/295147905179352825856,122887604273152/150094635296999121,-5376157188802455792,227832762939162,122887604273152/50031545098999707,-91197719718596439/36028797018963968,458508032503321755/18014398509481984
36,4722366482869645213696/2954312706550833698643,150094635296999121/72057594037927936,27039976847468589947/3939083608734444931524,-2640586988518277996991/295147905179352825856,2640586988518277996991/295147905179352825856,27039976847468589947/7878167217468889863048,871952306150547965712,-27713936193388086,27039976847468589947/2626055739156296621016,-87324373645778355/144115188075855872,1774897658336417691/72057594037927936
37,18889465931478580854784/8862938119652501095929,450283905890997363/288230376151711744,24889935323105522555/2626055739156296621016,-4853612039677636225537/590295810358705651712,4853612039677636225537/590295810358705651712,24889935323105522555/5252111478312593242032,5945024091568229460128,-141716482524071109,24889935323105522555/1750703826104197747344,-93202684155026463/144115188075855872,1776857095172833727/72057594037927936
38,75557863725914323419136/26588814358957503287787,1350851717672992089/1152921504606846976,24889935323105522555/2626055739156296621016,-155879991541551998392455/18889465931478580854784,155879991541551998392455/18889465931478580854784,24889935323105522555/5252111478312593242032,-34473824723329589508304,616335918537827958,24889935323105522555/1750703826104197747344,-267334565829322371/576460752303423488,3711245236393702515/144115188075855872
39,302231454903657293676544/239299329230617529590083,4052555153018976267/1152921504606846976,27039976847468589947/3939083608734444931524,-496890638708448402044391/75557863725914323419136,496890638708448402044391/75557863725914323419136,27039976847468589947/7878167217468889863048,80277826521564070596184,-1076427732007027119,27039976847468589947/2626055739156296621016,-225746581809115131/576460752303423488,3704313905723667975/144115188075855872
40,1208925819614629174706176/717897987691852588770249,12157665459056928801/4611686018427387904,242140555617070495696640/58149737003040059690390169,-2005243867737474251734961/302231454903657293676544,2005243867737474251734961/302231454903657293676544,121070277808535247848320/58149737003040059690390169,-487325319037653169772096,4900828572324321976,121070277808535247848320/19383245667680019896796723,-4232005989494681379/9223372036854775808,125048706559147618043/4611686018427387904
41,4835703278458516698824704/2153693963075557766310747,36472996377170786403/18446744073709551616,242140555617070495696640/58149737003040059690390169,-7928528554239830818536279/1208925819614629174706176,7928528554239830818536279/1208925819614629174706176,121070277808535247848320/58149737003040059690390169,355760702498047858784784,-2683303351376700027,121070277808535247848320/19383245667680019896796723,-7221598435615232775/18446744073709551616,249683275270503859425/9223372036854775808
42,19342813113834066795298816/6461081889226673298932241,109418989131512359209/73786976294838206464,492971427116076276992/79766443076872509863361,-7057102388207587222559799/1208925819614629174706176,7057102388207587222559799/1208925819614629174706176,246485713558038138496/79766443076872509863361,-3154419188624230890694128,17844010428320455731,246485713558038138496/26588814358957503287787,-16689009363953131515/73786976294838206464,1051403078431445172243/36893488147419103232
43,77371252455336267181195264/58149737003040059690390169,328256967394537077627/295147905179352825856,5012280437171767566015323/465197896024320477523121352,-16084629782327072139663025/2417851639229258349412352,16084629782327072139663025/2417851639229258349412352,5012280437171767566015323/930395792048640955046242704,9526102474591501284468640,-40415650647559508357,5012280437171767566015323/310131930682880318348747568,-197101610438319375621/295147905179352825856,4322006830807624544965/147573952589676412928
44,309485009821345068724781056/174449211009120179071170507,984770902183611232881/295147905179352825856,178661654631013112481536/19383245667680019896796723,-245845095243161680588940235/77371252455336267181195264,245845095243161680588940235/77371252455336267181195264,89330827315506556240768/19383245667680019896796723,47602243428075924956348436,-151468739095605452823,89330827315506556240768/6461081889226673298932241,-114685934994043145367/590295810358705651712,8550841232987717221305/295147905179352825856
45,1237940039285380274899124224/523347633027360537213511521,2954312706550833698643/1180591620717411303424,389062759755054916570624/58149737003040059690390169,-347787779178545662215040497/154742504910672534362390528,347787779178545662215040497/154742504910672534362390528,194531379877527458285312/58149737003040059690390169,396407086552009607806088872,-946015522240834417374,194531379877527458285312/19383245667680019896796723,2301427055311961336655/1180591620717411303424,8512007874064669207305/295147905179352825856
46,4951760157141521099596496896/4710128697246244834921603689,8862938119652501095929/4722366482869645213696,1040858008193597440/328256967394537077627,-3204315407402248435357401091/618970019642690137449562112,3204315407402248435357401091/618970019642690137449562112,520429004096798720/328256967394537077627,181537842918023608948861376,-324926615405063388953,520429004096798720/109418989131512359209,-183133706641214786043/295147905179352825856,18035336375421611908219/590295810358705651712
47,19807040628566084398385987584/14130386091738734504764811067,26588814358957503287787/18889465931478580854784,1040858008193597440/328256967394537077627,-3266852422874186028853217349/1237940039285380274899124224,3266852422874186028853217349/1237940039285380274899124224,520429004096798720/328256967394537077627,8088509268707685348499576592,-10857950736780264961788,520429004096798720/109418989131512359209,1021187106383780873433/9444732965739290427392,37220566353089322305079/1180591620717411303424
48,79228162514264337593543950336/42391158275216203514294433201,79766443076872509863361/75557863725914323419136,1486835807199983385088/239299329230617529590083,-1773898408367174749456102905/1237940039285380274899124224,1773898408367174749456102905/1237940039285380274899124224,743417903599991692544/239299329230617529590083,-24611952422735602478047465024,24779167402568190135570,743417903599991692544/79766443076872509863361,112132129556296040522019/75557863725914323419136,1174129788636421384776201/37778931862957161709568
49,316912650057057350374175801344/127173474825648610542883299603,239299329230617529590083/75557863725914323419136,567362103963579181259745943/42391158275216203514294433201,-3766341681890279336610001413/2475880078570760549798248448,3766341681890279336610001413/2475880078570760549798248448,567362103963579181259745943/84782316550432407028588866402,145910538969165877940511732864,-110176397492220335806758,567362103963579181259745943/28260772183477469009529622134,112143487556380475328429/151115727451828646838272,2385633167791579971457605/75557863725914323419136
50,1267650600228229401496703205376/1144561273430837494885949696427,717897987691852588770249/302231454903657293676544,49958119975035176650136354816/10301051460877537453973547267843,-1456688955109141943302090909251/316912650057057350374175801344,1456688955109141943302090909251/316912650057057350374175801344,24979059987517588325068177408/10301051460877537453973547267843,446970085077629901743337693524,-253128838954452600929817,24979059987517588325068177408/3433683820292512484657849089281,-561667747256236659083253/604462909807314587353088,10251523304685644451991761/302231454903657293676544
51,5070602400912917605986812821504/3433683820292512484657849089281,2153693963075557766310747/1208925819614629174706176,99916239950070353300272709632/30903154382632612361920641803529,-1090745979408550701598488057/1237940039285380274899124224,1090745979408550701598488057/1237940039285380274899124224,49958119975035176650136354816/30903154382632612361920641803529,-1116116126191750356157119836160,474060550012296752253168,49958119975035176650136354816/10301051460877537453973547267843,1572606939193059223284531/1208925819614629174706176,19604399131469444723499843/604462909807314587353088
52,20282409603651670423947251286016/10301051460877537453973547267843,6461081889226673298932241/4835703278458516698824704,49958119975035176650136354816/30903154382632612361920641803529,-2513800956653491366312244037/2475880078570760549798248448,2513800956653491366312244037/2475880078570760549798248448,24979059987517588325068177408/30903154382632612361920641803529,3731604171148567761812086051264,-1188724643625671177579010,24979059987517588325068177408/10301051460877537453973547267843,453223269787292572714581/604462909807314587353088,41328000500632194872700513/1208925819614629174706176
53,81129638414606681695789005144064/30903154382632612361920641803529,19383245667680019896796723/19342813113834066795298816,49958119975035176650136354816/30903154382632612361920641803529,-19287047728422232281901874363007/5070602400912917605986812821504,19287047728422232281901874363007/5070602400912917605986812821504,24979059987517588325068177408/30903154382632612361920641803529,-24317375709611651085496554252368,5809833207488017117905477,24979059987517588325068177408/10301051460877537453973547267843,-2847377301838048426879617/9671406556917033397649408,85416006252541290226941885/2417851639229258349412352
54,324518553658426726783156020576256/278128389443693511257285776231761,58149737003040059690390169/19342813113834066795298816,49958119975035176650136354816/10301051460877537453973547267843,-19789824238345384822503640771419/5070602400912917605986812821504,19789824238345384822503640771419/5070602400912917605986812821504,24979059987517588325068177408/10301051460877537453973547267843,-6255098713787124953275855963328,1120836824379611177250716,24979059987517588325068177408/3433683820292512484657849089281,-2564920026742418718137025/9671406556917033397649408,85368930040025351942151453/2417851639229258349412352
55,1298074214633706907132624082305024/834385168331080533771857328695283,174449211009120179071170507/77371252455336267181195264,3739699711210960398977246887534241/540681589078540185884163548994543384,-50895865482664078724529895096849/10141204801825835211973625643008,50895865482664078724529895096849/10141204801825835211973625643008,3739699711210960398977246887534241/1081363178157080371768327097989086768,-429981303585430774363163313637760,57785524366430631712278724,3739699711210960398977246887534241/360454392719026790589442365996362256,-63174395389457851008327201/154742504910672534362390528,2829639466050511072173276137/77371252455336267181195264
56,5192296858534827628530496329220096/2503155504993241601315571986085849,523347633027360537213511521/309485009821345068724781056,34162538084872545869955596288/10301051460877537453973547267843,-24330771773253879951513602833023/5070602400912917605986812821504,24330771773253879951513602833023/5070602400912917605986812821504,17081269042436272934977798144/10301051460877537453973547267843,1724335366912431756810114621277184,-173801085994461990277279290,17081269042436272934977798144/3433683820292512484657849089281,-116975417315175964090702317/309485009821345068724781056,5656154474279775565037901579/154742504910672534362390528
57,20769187434139310514121985316880384/7509466514979724803946715958257547,1570042899082081611640534563/1237940039285380274899124224,68325076169745091739911192576/30903154382632612361920641803529,-21266712100598286203296601975643/5070602400912917605986812821504,21266712100598286203296601975643/5070602400912917605986812821504,34162538084872545869955596288/30903154382632612361920641803529,-4487752592290957165886265156341760,339250830717711755713000569,34162538084872545869955596288/10301051460877537453973547267843,-437403728046451933250920425/1237940039285380274899124224,23428548234756912454779772401/618970019642690137449562112
58,83076749736557242056487941267521536/67585198634817523235520443624317923,4710128697246244834921603689/1237940039285380274899124224,34162538084872545869955596288/10301051460877537453973547267843,-61690745190899276309783693019010135/10384593717069655257060992658440192,61690745190899276309783693019010135/10384593717069655257060992658440192,17081269042436272934977798144/10301051460877537453973547267843,24491197056118306692439346534158176,-1388555648237810411276705009,17081269042436272934977798144/3433683820292512484657849089281,-659855586006699044088036669/1237940039285380274899124224,23502698854076994825058811149/618970019642690137449562112
59,332306998946228968225951765070086144/202755595904452569706561330872953769,14130386091738734504764811067/4951760157141521099596496896,34162538084872545869955596288/10301051460877537453973547267843,-114469718200520067331154655902087925/20769187434139310514121985316880384,114469718200520067331154655902087925/20769187434139310514121985316880384,17081269042436272934977798144/10301051460877537453973547267843,-100608167975137877549810070091413744,4278068960266584110903934849,17081269042436272934977798144/3433683820292512484657849089281,-2562292776709317238083861465/4951760157141521099596496896,48824259495863505040653531753/1237940039285380274899124224
60,1329227995784915872903807060280344576/608266787713357709119683992618861307,42391158275216203514294433201/19807040628566084398385987584,2290419060210994528906047116140193/270340794539270092942081774497271692,-97259972596275473816181082333831785/20769187434139310514121985316880384,97259972596275473816181082333831785/20769187434139310514121985316880384,2290419060210994528906047116140193/540681589078540185884163548994543384,240991100978022651732771502299050432,-7685582862287994971063584422,2290419060210994528906047116140193/180227196359513395294721182998181128,6670726776349790162879623479/19807040628566084398385987584,48708029837886491515218104325/1237940039285380274899124224
61,5316911983139663491615228241121378304/1824800363140073127359051977856583921,127173474825648610542883299603/79228162514264337593543950336,1991565177044529497635675559812769/180227196359513395294721182998181128,-297154176073868869232627918745052101/41538374868278621028243970633760768,297154176073868869232627918745052101/41538374868278621028243970633760768,1991565177044529497635675559812769/360454392719026790589442365996362256,-2003467473515902689419121181783319424,47920281756615973901542028562,1991565177044529497635675559812769/120151464239675596863147455332120752,-42645411188996982321911645613/19807040628566084398385987584,101525737839551880737502147741/2475880078570760549798248448
62,21267647932558653966460912964485513216/16423203268260658146231467800709255289,381520424476945831628649898809/316912650057057350374175801344,34162538084872545869955596288/10301051460877537453973547267843,-43131942621742323450198273787719524487/5316911983139663491615228241121378304,43131942621742323450198273787719524487/5316911983139663491615228241121378304,17081269042436272934977798144/10301051460877537453973547267843,767466524142519072163390368592307120,-13767585159920107162792795959,17081269042436272934977798144/3433683820292512484657849089281,-233979951459879312620497963377/158456325028528675187087900672,51750133346205194945028500073/1237940039285380274899124224
63,85070591730234615865843651857942052864/49269609804781974438694403402127765867,1144561273430837494885949696427/316912650057057350374175801344,34162538084872545869955596288/10301051460877537453973547267843,-116107930191620112973813731527331292821/21267647932558653966460912964485513216,116107930191620112973813731527331292821/21267647932558653966460912964485513216,17081269042436272934977798144/10301051460877537453973547267843,23568639002352655297872694303655782320,-317098434616590414123278296842,17081269042436272934977798144/3433683820292512484657849089281,161426568424238148714136435857/633825300114114700748351602688,12882252011873944772861919922233/316912650057057350374175801344
64,340282366920938463463374607431768211456/147808829414345923316083210206383297601,3433683820292512484657849089281/1267650600228229401496703205376,3186980709710389622717161785122465/540681589078540185884163548994543384,-371359252249100979616090998961673317065/42535295865117307932921825928971026432,371359252249100979616090998961673317065/42535295865117307932921825928971026432,3186980709710389622717161785122465/1081363178157080371768327097989086768,-149406125021750716132434857724530841840,1507610866768714379304338964606,3186980709710389622717161785122465/360454392719026790589442365996362256,-2830760594299407866925122951673/1267650600228229401496703205376,108226261424127830238184198761/2475880078570760549798248448
65,1361129467683753853853498429727072845824/1330279464729113309844748891857449678409,10301051460877537453973547267843/5070602400912917605986812821504,627680133596069512282101453460755155/131385626146085265169851742405674042312,-790975660927409778474136715792060062749/85070591730234615865843651857942052864,790975660927409778474136715792060062749/85070591730234615865843651857942052864,627680133596069512282101453460755155/262771252292170530339703484811348084624,58097740914370378035641494917400664592,-439684712680622279491480929753,627680133596069512282101453460755155/87590417430723510113234494937116028208,-10045102761006898357098761600739/5070602400912917605986812821504,106375001048731000857594165/2417851639229258349412352
66,5444517870735015415413993718908291383296/3990838394187339929534246675572349035227,30903154382632612361920641803529/20282409603651670423947251286016,1991565177044529497635675559812769/180227196359513395294721182998181128,-262495576839691767973539992649934620501/85070591730234615865843651857942052864,262495576839691767973539992649934620501/85070591730234615865843651857942052864,1991565177044529497635675559812769/360454392719026790589442365996362256,1137309404058935263789289832516108960960,-6455382997890383240841445973097,1991565177044529497635675559812769/120151464239675596863147455332120752,5099165477948503219685202786099/10141204801825835211973625643008,214688089199360882599211076322221/5070602400912917605986812821504
67,21778071482940061661655974875633165533184/11972515182562019788602740026717047105681,92709463147897837085761925410587/81129638414606681695789005144064,1991565177044529497635675559812769/180227196359513395294721182998181128,-35531270312061174399690735266342335327187/5444517870735015415413993718908291383296,35531270312061174399690735266342335327187/5444517870735015415413993718908291383296,1991565177044529497635675559812769/360454392719026790589442365996362256,-10165564861691437697567179676586290008396,43274908967987123884220283322075,1991565177044529497635675559812769/120151464239675596863147455332120752,-9450546613024931881996087546383/40564819207303340847894502572032,223184303261941024844090387119361/5070602400912917605986812821504
68,87112285931760246646623899502532662132736/35917545547686059365808220080151141317043,278128389443693511257285776231761/81129638414606681695789005144064,34162538084872545869955596288/10301051460877537453973547267843,-151783733551672247694989616906763641955113/21778071482940061661655974875633165533184,151783733551672247694989616906763641955113/21778071482940061661655974875633165533184,17081269042436272934977798144/10301051460877537453973547267843,4471164612441512445563974200565603923616,-14275343590112419563132855247215,17081269042436272934977798144/3433683820292512484657849089281,-75455247584481448481031271858197/40564819207303340847894502572032,457369390019124802454686638290691/10141204801825835211973625643008
69,348449143727040986586495598010130648530944/323257909929174534292273980721360271853387,834385168331080533771857328695283/324518553658426726783156020576256,53162772603252995547147493426878603292160/8727963568087712425891397479476727340041449,-211884467628440982765246906205828071270927/87112285931760246646623899502532662132736,211884467628440982765246906205828071270927/87112285931760246646623899502532662132736,26581386301626497773573746713439301646080/8727963568087712425891397479476727340041449,-87916557391803624417270961596463172936144,210522174782306524654053192781284,26581386301626497773573746713439301646080/2909321189362570808630465826492242446680483,186453120262188285610632378087621/324518553658426726783156020576256,227214602729325369832983432946605/5070602400912917605986812821504
70,1393796574908163946345982392040522594123776/969773729787523602876821942164080815560161,2503155504993241601315571986085849/1298074214633706907132624082305024,66333506580006959892952115024104495523072/8727963568087712425891397479476727340041449,-769398029073605697947222142257506155862945/174224571863520493293247799005065324265472,769398029073605697947222142257506155862945/174224571863520493293247799005065324265472,33166753290003479946476057512052247761536/8727963568087712425891397479476727340041449,232680821449706452526442726223192948272400,-417877536509629076525543865863561,33166753290003479946476057512052247761536/2909321189362570808630465826492242446680483,-61571438945573091021443379300027/324518553658426726783156020576256,229798191887739550839567555419393/5070602400912917605986812821504
71,5575186299632655785383929568162090376495104/2909321189362570808630465826492242446680483,7509466514979724803946715958257547/5192296858534827628530496329220096,52922854255134426465182989907891086107904/8727963568087712425891397479476727340041449,-2080077363148264048011962424105356808649269/348449143727040986586495598010130648530944,2080077363148264048011962424105356808649269/348449143727040986586495598010130648530944,26461427127567213232591494953945543053952/8727963568087712425891397479476727340041449,-772074423139220325925773680384871888638960,1039941396759831813349374471085797,26461427127567213232591494953945543053952/2909321189362570808630465826492242446680483,-4637646577219851453815901931298739/2596148429267413814265248164610048,485600996389991681007383434270467/10141204801825835211973625643008
72,22300745198530623141535718272648361505980416/8727963568087712425891397479476727340041449,22528399544939174411840147874772641/20769187434139310514121985316880384,429583455135680525386568967575117478437707/34911854272350849703565589917906909360165796,-549435855783145940847829898963755609804821/348449143727040986586495598010130648530944,549435855783145940847829898963755609804821/348449143727040986586495598010130648530944,429583455135680525386568967575117478437707/69823708544701699407131179835813818720331592,5048082078762121842176351406909025782973120,-5099614788365612251742467245976209,429583455135680525386568967575117478437707/23274569514900566469043726611937939573443864,4800718469894714273278262558221089/20769187434139310514121985316880384,488294434284120122586256621328926239/10384593717069655257060992658440192
73,89202980794122492566142873090593446023921664/78551672112789411833022577315290546060373041,67585198634817523235520443624317923/20769187434139310514121985316880384,26581386301626497773573746713439301646080/2909321189362570808630465826492242446680483,-45070742194062093215610468308693382136278915/22300745198530623141535718272648361505980416,45070742194062093215610468308693382136278915/22300745198530623141535718272648361505980416,13290693150813248886786873356719650823040/2909321189362570808630465826492242446680483,14045397934253495836354053455238161299382396,-10641583956509715834346472037135488,13290693150813248886786873356719650823040/969773729787523602876821942164080815560161,3347122477391006796942451583606961/20769187434139310514121985316880384,488778966281621358411701891653797615/10384593717069655257060992658440192
74,356811923176489970264571492362373784095686656/235655016338368235499067731945871638181119123,202755595904452569706561330872953769/83076749736557242056487941267521536,0,-207111011210336703599661926836594094068011411/89202980794122492566142873090593446023921664,207111011210336703599661926836594094068011411/89202980794122492566142873090593446023921664,0,-101290891595559835393389708991991193794132160,57557760128415533920379175715019985,0,24924533217013248532053354299014413/83076749736557242056487941267521536,1001918391481096883413170031167398883/20769187434139310514121985316880384
75,1427247692705959881058285969449495136382746624/706965049015104706497203195837614914543357369,608266787713357709119683992618861307/332306998946228968225951765070086144,0,-97159057063405363511634004969445324742288231/89202980794122492566142873090593446023921664,97159057063405363511634004969445324742288231/89202980794122492566142873090593446023921664,0,88266233906904106068825863985389820650364464,-37617449890787425899320966009989524,0,33662218579023475660653166086816549/83076749736557242056487941267521536,1000462110587428512225070062536098527/20769187434139310514121985316880384
76,5708990770823839524233143877797980545530986496/2120895147045314119491609587512844743630072107,1824800363140073127359051977856583921/1329227995784915872903807060280344576,54200551344666519941582804926855523584/35917545547686059365808220080151141317043,-354713344252520589815359873687125792231962619/178405961588244985132285746181186892047843328,354713344252520589815359873687125792231962619/178405961588244985132285746181186892047843328,27100275672333259970791402463427761792/35917545547686059365808220080151141317043,-2735409711526502834491172737481740725167519072,874336084135958837051583113607187716,27100275672333259970791402463427761792/11972515182562019788602740026717047105681,207970757261926589303853387657272751/664613997892457936451903530140172288,2062616561287416574613777677453361055/41538374868278621028243970633760768
77,22835963083295358096932575511191922182123945984/19088056323407827075424486287615602692670648963,5474401089420219382077155933569751763/5316911983139663491615228241121378304,64792289179532384662745572949424406347992903/19088056323407827075424486287615602692670648963,-582365322069098179315470234425998299833165127/356811923176489970264571492362373784095686656,582365322069098179315470234425998299833165127/356811923176489970264571492362373784095686656,64792289179532384662745572949424406347992903/38176112646815654150848972575231205385341297926,9323892667427941365819460120723057239241666752,-2235190519008273168145692051071177223,64792289179532384662745572949424406347992903/12725370882271884716949657525077068461780432642,44589924038237548894565151622918413/2658455991569831745807614120560689152,1044912934123653818221888319856174051/20769187434139310514121985316880384
78,91343852333181432387730302044767688728495783936/57264168970223481226273458862846808078011946889,16423203268260658146231467800709255289/5316911983139663491615228241121378304,39109122961001050699355463677450433300633256138/4638397686588101979328150167890591454318967698009,-41069550133059953971116212960687208127629927/89202980794122492566142873090593446023921664,41069550133059953971116212960687208127629927/89202980794122492566142873090593446023921664,19554561480500525349677731838725216650316628069/4638397686588101979328150167890591454318967698009,-32053405449389493845378941837323764106799840256,5763054433210839347846751305348298471,19554561480500525349677731838725216650316628069/1546132562196033993109383389296863818106322566003,19265613859212015029296274906103414111/10633823966279326983230456482242756608,261135293081302355853564071783309976903/5316911983139663491615228241121378304
79,365375409332725729550921208179070754913983135744/171792506910670443678820376588540424234035840667,49269609804781974438694403402127765867/21267647932558653966460912964485513216,7620070419748311753261115224030171815508705280/1546132562196033993109383389296863818106322566003,-129292441849110575576901436988308116776740080505/45671926166590716193865151022383844364247891968,129292441849110575576901436988308116776740080505/45671926166590716193865151022383844364247891968,3810035209874155876630557612015085907754352640/1546132562196033993109383389296863818106322566003,-60614312608605915606906065440641586155707096408,8173630338903055623664905312293482039,3810035209874155876630557612015085907754352640/515377520732011331036461129765621272702107522001,-26468789500884650341069979594709261501/42535295865117307932921825928971026432,1104598792388414684016701374562939721821/21267647932558653966460912964485513216
80,1461501637330902918203684832716283019655932542976/515377520732011331036461129765621272702107522001,147808829414345923316083210206383297601/85070591730234615865843651857942052864,0,-368654115964895327847396671607966962074108551/356811923176489970264571492362373784095686656,368654115964895327847396671607966962074108551/356811923176489970264571492362373784095686656,0,136125482033352927177898333096125396095235525440,-13767037708940945029495859450467165524,0,-15875495452862995009028293457582335959/85070591730234615865843651857942052864,2196843556927193932809032193881934047961/42535295865117307932921825928971026432
81,5846006549323611672814739330865132078623730171904/4638397686588101979328150167890591454318967698009,443426488243037769948249630619149892803/340282366920938463463374607431768211456,15240140839496623506522230448060343631017410560/4638397686588101979328150167890591454318967698009,-37862149084964034789444004760043688171965/87112285931760246646623899502532662132736,37862149084964034789444004760043688171965/87112285931760246646623899502532662132736,7620070419748311753261115224030171815508705280/4638397686588101979328150167890591454318967698009,-2406507746985922962504668502227088069186632419712,182536449484323312058157785243054889874,7620070419748311753261115224030171815508705280/1546132562196033993109383389296863818106322566003,324687892530739743972129609041480680575/170141183460469231731687303715884105728,2194918287793361947322477965191642216057/42535295865117307932921825928971026432
82,23384026197294446691258957323460528314494920687616/13915193059764305937984450503671774362956903094027,1330279464729113309844748891857449678409/340282366920938463463374607431768211456,5457271419401856307596255950474096214421438201856/1127130637840908780976740490797413723399509150616187,-1793706521699528396438674884122129168062536063469/730750818665451459101842416358141509827966271488,1793706521699528396438674884122129168062536063469/730750818665451459101842416358141509827966271488,2728635709700928153798127975237048107210719100928/1127130637840908780976740490797413723399509150616187,-72756238388259960951760049585453914228948783264,4138984837009653651999695455480401253,2728635709700928153798127975237048107210719100928/375710212613636260325580163599137907799836383538729,-27627844508609482263446331344621432211/42535295865117307932921825928971026432,4534902999108449785653594241856606568587/85070591730234615865843651857942052864
83,93536104789177786765035829293842113257979682750464/41745579179292917813953351511015323088870709282081,3990838394187339929534246675572349035227/1361129467683753853853498429727072845824,5359511502807193347065158902630197175337030254592/1127130637840908780976740490797413723399509150616187,-1408462843317777223000682397128804426843481849027/1461501637330902918203684832716283019655932542976,1408462843317777223000682397128804426843481849027/1461501637330902918203684832716283019655932542976,2679755751403596673532579451315098587668515127296/1127130637840908780976740490797413723399509150616187,-12952141056568571993143095338624632733085123972672,552619781762224989648424103552209429161,2679755751403596673532579451315098587668515127296/375710212613636260325580163599137907799836383538729,58546482294538081471891531717573272105/1361129467683753853853498429727072845824,9249918324144501477618486257012262316071/170141183460469231731687303715884105728
84,374144419156711147060143317175368453031918731001856/125236737537878753441860054533045969266612127846243,11972515182562019788602740026717047105681/5444517870735015415413993718908291383296,180106853351148783677031489498141157128853405339/18553590746352407917312600671562365817275870792036,-31976405622881914439616333548005520448957/87112285931760246646623899502532662132736,31976405622881914439616333548005520448957/87112285931760246646623899502532662132736,180106853351148783677031489498141157128853405339/37107181492704815834625201343124731634551741584072,20484952138453962312358029227420439590135933173760,-655512652158444300170001832699223007315,180106853351148783677031489498141157128853405339/12369060497568271944875067114374910544850580528024,15243973856055155651656822713828277030803/10889035741470030830827987437816582766592,293732744636182656903520494521411396519769/5444517870735015415413993718908291383296
85,1496577676626844588240573268701473812127674924007424/1127130637840908780976740490797413723399509150616187,35917545547686059365808220080151141317043/21778071482940061661655974875633165533184,7620070419748311753261115224030171815508705280/1546132562196033993109383389296863818106322566003,-260363510408063078097161876275009511323374097814451/374144419156711147060143317175368453031918731001856,260363510408063078097161876275009511323374097814451/374144419156711147060143317175368453031918731001856,3810035209874155876630557612015085907754352640/1546132562196033993109383389296863818106322566003,135870041810442375305952606586658205120730210830332,-3260852070366259957912849540603851364431,3810035209874155876630557612015085907754352640/515377520732011331036461129765621272702107522001,13007966843862741643463737381461740089917/21778071482940061661655974875633165533184,593292149561781170360324291724887731030101/10889035741470030830827987437816582766592
86,5986310706507378352962293074805895248510699696029696/3381391913522726342930221472392241170198527451848561,107752636643058178097424660240453423951129/87112285931760246646623899502532662132736,7620070419748311753261115224030171815508705280/4638397686588101979328150167890591454318967698009,-5727304966532363267633437641314545732552398534980451/1496577676626844588240573268701473812127674924007424,5727304966532363267633437641314545732552398534980451/1496577676626844588240573268701473812127674924007424,3810035209874155876630557612015085907754352640/4638397686588101979328150167890591454318967698009,-1920592248636882116549740189581023593410828864992448,34570353737550180211992677071572100792773,3810035209874155876630557612015085907754352640/1546132562196033993109383389296863818106322566003,-88883373453925558632373071793602714270981/87112285931760246646623899502532662132736,2476012082708872948856852627464047035490465/43556142965880123323311949751266331066368
87,23945242826029513411849172299223580994042798784118784/10144175740568179028790664417176723510595582355545683,323257909929174534292273980721360271853387/87112285931760246646623899502532662132736,1753917195404176795511353951595432712084207435776/375710212613636260325580163599137907799836383538729,-470523124753791318561518494431679308473670709877751/1496577676626844588240573268701473812127674924007424,470523124753791318561518494431679308473670709877751/1496577676626844588240573268701473812127674924007424,876958597702088397755676975797716356042103717888/375710212613636260325580163599137907799836383538729,9849947637856346218431644001286900721453966811172400,-132973113259224366485121024145632213690348,876958597702088397755676975797716356042103717888/125236737537878753441860054533045969266612127846243,201169450539022056556275576998191687186083/174224571863520493293247799005065324265472,4825712099602121506440031348066295032404915/87112285931760246646623899502532662132736
88,95780971304118053647396689196894323976171195136475136/91297581665113611259115979754590511595360241199911147,969773729787523602876821942164080815560161/348449143727040986586495598010130648530944,16983084576727848041490918847606937819243459487811093/2465034704958067503996131453373943813074726512397600969,-2012854206823944044500081840794177980393177370609483/2993155353253689176481146537402947624255349848014848,2012854206823944044500081840794177980393177370609483/2993155353253689176481146537402947624255349848014848,16983084576727848041490918847606937819243459487811093/4930069409916135007992262906747887626149453024795201938,-5636547910785806999782797177271879527156348901348704,57069541226648747302272044049975719107644,16983084576727848041490918847606937819243459487811093/1643356469972045002664087635582629208716484341598400646,46019134808075056027760708999020288764261/87112285931760246646623899502532662132736,9975601138653293391441223009360415460467505/174224571863520493293247799005065324265472
89,383123885216472214589586756787577295904684780545900544/273892744995340833777347939263771534786080723599733441,2909321189362570808630465826492242446680483/1393796574908163946345982392040522594123776,64421932042800624137530511175817897570984234937633/9017045102727270247813923926379309787196073204929496,-346392217019675101293591697293893776013464268301607761/95780971304118053647396689196894323976171195136475136,346392217019675101293591697293893776013464268301607761/95780971304118053647396689196894323976171195136475136,64421932042800624137530511175817897570984234937633/18034090205454540495627847852758619574392146409858992,-63186529070535967801774889560725490624042908976511468,479818447767402952866889057090426126454352,64421932042800624137530511175817897570984234937633/6011363401818180165209282617586206524797382136619664,-651513919636262168833574717954485043444049/1393796574908163946345982392040522594123776,20344134578365417894241540686071312667473741/348449143727040986586495598010130648530944
90,1532495540865888858358347027150309183618739122183602176/821678234986022501332043817791314604358242170799200323,8727963568087712425891397479476727340041449/5575186299632655785383929568162090376495104,43374925697950502591394263756672705025973745708321/4508522551363635123906961963189654893598036602464748,-1422029363537414851181562372745431398982035048257780713/383123885216472214589586756787577295904684780545900544,1422029363537414851181562372745431398982035048257780713/383123885216472214589586756787577295904684780545900544,43374925697950502591394263756672705025973745708321/9017045102727270247813923926379309787196073204929496,417795463354053899774496649296342438411586031715910652,-2379454612315650940285172040320935583541766,43374925697950502591394263756672705025973745708321/3005681700909090082604641308793103262398691068309832,-582883642962852438558269070711002323557777/1393796574908163946345982392040522594123776,20332696198919849605862323078197398880826029/348449143727040986586495598010130648530944
91,6129982163463555433433388108601236734474956488734408704/2465034704958067503996131453373943813074726512397600969,26183890704263137277674192438430182020124347/22300745198530623141535718272648361505980416,5457271419401856307596255950474096214421438201856/1127130637840908780976740490797413723399509150616187,-7551207538521986816878869951305408711475326148072169691/1532495540865888858358347027150309183618739122183602176,7551207538521986816878869951305408711475326148072169691/1532495540865888858358347027150309183618739122183602176,2728635709700928153798127975237048107210719100928/1127130637840908780976740490797413723399509150616187,1569121460222359402259981411915538676174404091773381052,-6702418330196549715647034288447670571805293,2728635709700928153798127975237048107210719100928/375710212613636260325580163599137907799836383538729,-13048477273741158721858571849064484545076977/22300745198530623141535718272648361505980416,665463890244572357729511934598510044726992697/11150372599265311570767859136324180752990208
92,24519928653854221733733552434404946937899825954937634816/22185312344622607535965183080365494317672538611578408721,78551672112789411833022577315290546060373041/22300745198530623141535718272648361505980416,5024199796122910424614584240073974331897544704/1546132562196033993109383389296863818106322566003,-28821282637014368265928906946865326682382665073316609169/6129982163463555433433388108601236734474956488734408704,28821282637014368265928906946865326682382665073316609169/6129982163463555433433388108601236734474956488734408704,2512099898061455212307292120036987165948772352/1546132562196033993109383389296863818106322566003,7048730590058846082210815059218727302481331362768814528,-22581206574377945362315968657715217844916053,2512099898061455212307292120036987165948772352/515377520732011331036461129765621272702107522001,-23628881316955531191431521678052864387283069/44601490397061246283071436545296723011960832,1330105089412302453374928661856994721219695099/22300745198530623141535718272648361505980416
93,98079714615416886934934209737619787751599303819750539264/66555937033867822607895549241096482953017615834735226163,235655016338368235499067731945871638181119123/89202980794122492566142873090593446023921664,4748451257424874011780433339323254063511396616547011550/599003433304810403471059943169868346577158542512617035467,-50723849262583730632091788266793791540054409236691874031/12259964326927110866866776217202473468949912977468817408,50723849262583730632091788266793791540054409236691874031/12259964326927110866866776217202473468949912977468817408,2374225628712437005890216669661627031755698308273505775/599003433304810403471059943169868346577158542512617035467,24799280477738481420251111148994641548653299010391324888,-59584949539021434201206087332372763626456152,2374225628712437005890216669661627031755698308273505775/199667811101603467823686647723289448859052847504205678489,-82616921640355057932589154107229651429376825/178405961588244985132285746181186892047843328,5438645646393282098517815234605659132266108865/89202980794122492566142873090593446023921664
94,392318858461667547739736838950479151006397215279002157056/199667811101603467823686647723289448859052847504205678489,706965049015104706497203195837614914543357369/356811923176489970264571492362373784095686656,2211428184507702179064666560168847038787188013930481135/199667811101603467823686647723289448859052847504205678489,-288764193711281709995892626137814171393143822111639857691/49039857307708443467467104868809893875799651909875269632,288764193711281709995892626137814171393143822111639857691/49039857307708443467467104868809893875799651909875269632,2211428184507702179064666560168847038787188013930481135/399335622203206935647373295446578897718105695008411356978,59804519843145461590886956078047028386586085058701425768,-107768730435284881931633217294444516348897767,2211428184507702179064666560168847038787188013930481135/133111874067735645215791098482192965906035231669470452326,-121110306204720226125270853749553451871743181/178405961588244985132285746181186892047843328,5451476774581403821248709134486433732413564317/89202980794122492566142873090593446023921664
95,1569275433846670190958947355801916604025588861116008628224/599003433304810403471059943169868346577158542512617035467,2120895147045314119491609587512844743630072107/1427247692705959881058285969449495136382746624,2244963257496752387730451435975978945659507894120187375/199667811101603467823686647723289448859052847504205678489,-2147030301159443301379468784309243467842495627450133609257/392318858461667547739736838950479151006397215279002157056,2147030301159443301379468784309243467842495627450133609257/392318858461667547739736838950479151006397215279002157056,2244963257496752387730451435975978945659507894120187375/399335622203206935647373295446578897718105695008411356978,-504178782415494236206987773514080594207393522768769543148,681403856713095404257145663743326068366804727,2244963257496752387730451435975978945659507894120187375/133111874067735645215791098482192965906035231669470452326,-479676614916601415197756520905861930895815209/713623846352979940529142984724747568191373312,11177090299907190669029109473894325729939908025/178405961588244985132285746181186892047843328
96,6277101735386680763835789423207666416102355444464034512896/5391030899743293631239539488528815119194426882613553319203,6362685441135942358474828762538534230890216321/5708990770823839524233143877797980545530986496,5071682349631283778398459741278078254853441050235309022/599003433304810403471059943169868346577158542512617035467,-7312427144208918438479234951198562493022376547501176248961/1569275433846670190958947355801916604025588861116008628224,7312427144208918438479234951198562493022376547501176248961/1569275433846670190958947355801916604025588861116008628224,2535841174815641889199229870639039127426720525117654511/599003433304810403471059943169868346577158542512617035467,2525368381180548284171615231625207578555946094334129699452,-2559799937901228248708200650043386142335100812,2535841174815641889199229870639039127426720525117654511/199667811101603467823686647723289448859052847504205678489,889719521045248339424311042261745433994147815/2854495385411919762116571938898990272765493248,11148443181837759840665620826462144546025435669/178405961588244985132285746181186892047843328
97,25108406941546723055343157692830665664409421777856138051584/16173092699229880893718618465586445357583280647840659957609,19088056323407827075424486287615602692670648963/5708990770823839524233143877797980545530986496,6353839748193419079419312497946561538696587383/1546132562196033993109383389296863818106322566003,-44832849553795858364067659829913452170102404257538211395203/6277101735386680763835789423207666416102355444464034512896,44832849553795858364067659829913452170102404257538211395203/6277101735386680763835789423207666416102355444464034512896,6353839748193419079419312497946561538696587383/3092265124392067986218766778593727636212645132006,8508115146418075547048379814564558219691198876393370206652,-6468087820105368935426602905051403330165688814,6353839748193419079419312497946561538696587383/1030755041464022662072922259531242545404215044002,-6390262702519299769513507955635485569732882493/2854495385411919762116571938898990272765493248,22903551548972565357076059902749058342361457197/356811923176489970264571492362373784095686656
98,100433627766186892221372630771322662657637687111424552206336/48519278097689642681155855396759336072749841943521979872827,57264168970223481226273458862846808078011946889/22835963083295358096932575511191922182123945984,9013119652334436389028769013691735952294672741/4638397686588101979328150167890591454318967698009,-203218182409321088586162382919793922525059512287891354668675/25108406941546723055343157692830665664409421777856138051584,203218182409321088586162382919793922525059512287891354668675/25108406941546723055343157692830665664409421777856138051584,9013119652334436389028769013691735952294672741/9276795373176203958656300335781182908637935396018,31510295271115218889318458745516943218620952638964580275988,-17966202285428834708425439354444121002821156056,9013119652334436389028769013691735952294672741/3092265124392067986218766778593727636212645132006,-34082610255664562303724329257336964038287334209/22835963083295358096932575511191922182123945984,11595001330337646015292926133405898020642477497/178405961588244985132285746181186892047843328
99,401734511064747568885490523085290650630550748445698208825344/145557834293068928043467566190278008218249525830565939618481,171792506910670443678820376588540424234035840667/91343852333181432387730302044767688728495783936,4524656010929873158630097821935061793215873024/1546132562196033993109383389296863818106322566003,-34228761288962231161692512594800914200526508711707070790529/6277101735386680763835789423207666416102355444464034512896,34228761288962231161692512594800914200526508711707070790529/6277101735386680763835789423207666416102355444464034512896,2262328005464936579315048910967530896607936512/1546132562196033993109383389296863818106322566003,65313225963619457239882633982507521359580443622400396456384,-27929696139311506477104158989753529422436736495,2262328005464936579315048910967530896607936512/515377520732011331036461129765621272702107522001,26538044294921544253061666374172076541709637729/91343852333181432387730302044767688728495783936,2914030845460577448759002762350736582386187914377/45671926166590716193865151022383844364247891968
100,1606938044258990275541962092341162602522202993782792835301376/1310020508637620352391208095712502073964245732475093456566329,515377520732011331036461129765621272702107522001/365375409332725729550921208179070754913983135744,10498482850185683126221240302298856453232724553155170583631/1310020508637620352391208095712502073964245732475093456566329,-109515112276263974539345302237114690942997294763607727567491/12554203470773361527671578846415332832204710888928069025792,109515112276263974539345302237114690942997294763607727567491/12554203470773361527671578846415332832204710888928069025792,10498482850185683126221240302298856453232724553155170583631/2620041017275240704782416191425004147928491464950186913132658,766754262843081393918351188505989848879282863770892769063360,-245913594744091463438612105518661087436113257626,10498482850185683126221240302298856453232724553155170583631/873347005758413568260805397141668049309497154983395637710886,-395743628826498538472586752874030989210616220233/182687704666362864775460604089535377456991567872,23872205693973138916818542801779586319215164857/356811923176489970264571492362373784095686656
101,6427752177035961102167848369364650410088811975131171341205504/3930061525912861057173624287137506221892737197425280369698987,1546132562196033993109383389296863818106322566003/1461501637330902918203684832716283019655932542976,4055892912959741254262970408696185626846006454589805261/599003433304810403471059943169868346577158542512617035467,-14931145549927321074740756570290283783945208577424325181445073/1606938044258990275541962092341162602522202993782792835301376,14931145549927321074740756570290283783945208577424325181445073/1606938044258990275541962092341162602522202993782792835301376,4055892912959741254262970408696185626846006454589805261/1198006866609620806942119886339736693154317085025234070934,1376772965880384397188998442620833479428982758987702318583956,-331169194870930756860390814073886300394703187993,4055892912959741254262970408696185626846006454589805261/399335622203206935647373295446578897718105695008411356978,-1345388130643258056731267904585738793530948348243/730750818665451459101842416358141509827966271488,23401008296952170685559573335622827301667397/348449143727040986586495598010130648530944
102,25711008708143844408671393477458601640355247900524685364822016/11790184577738583171520872861412518665678211592275841109096961,4638397686588101979328150167890591454318967698009/1461501637330902918203684832716283019655932542976,1890440612732527123125473757509268796755721354652647425248254/318334983598941745631063567258138003973311712991447709945617947,-9911786998151577161126300092151352071936296276506723982720371/3213876088517980551083924184682325205044405987565585670602752,9911786998151577161126300092151352071936296276506723982720371/3213876088517980551083924184682325205044405987565585670602752,945220306366263561562736878754634398377860677326323712624127/318334983598941745631063567258138003973311712991447709945617947,-968318812426710411244568223775051309802339896739634652898648,174689674389054455817278702917260474259162509654,945220306366263561562736878754634398377860677326323712624127/106111661199647248543687855752712667991103904330482569981872649,875591039093342923509295972124415776616279196323/1461501637330902918203684832716283019655932542976,47886682251843218978572019746182785733453659655741/730750818665451459101842416358141509827966271488
103,102844034832575377634685573909834406561420991602098741459288064/35370553733215749514562618584237555997034634776827523327290883,13915193059764305937984450503671774362956903094027/5846006549323611672814739330865132078623730171904,53800253518273169569176180347714922175660701335687752843264/106111661199647248543687855752712667991103904330482569981872649,-83870309070490359518101056456167897923998044927882739864223321/12855504354071922204335696738729300820177623950262342682411008,83870309070490359518101056456167897923998044927882739864223321/12855504354071922204335696738729300820177623950262342682411008,26900126759136584784588090173857461087830350667843876421632/106111661199647248543687855752712667991103904330482569981872649,-9361473708416402737875966835259225084552186512744239067431832,1266643361363536870673062165150897091938108383577,26900126759136584784588090173857461087830350667843876421632/35370553733215749514562618584237555997034634776827523327290883,-330720322587811949684405471812033942048425547839/5846006549323611672814739330865132078623730171904,49108016619704337444862625836631764381391809680337/730750818665451459101842416358141509827966271488
104,411376139330301510538742295639337626245683966408394965837152256/318334983598941745631063567258138003973311712991447709945617947,41745579179292917813953351511015323088870709282081/23384026197294446691258957323460528314494920687616,53800253518273169569176180347714922175660701335687752843264/106111661199647248543687855752712667991103904330482569981872649,-10183805759819112663395858417385765745551972969927/1461501637330902918203684832716283019655932542976,10183805759819112663395858417385765745551972969927/1461501637330902918203684832716283019655932542976,26900126759136584784588090173857461087830350667843876421632/106111661199647248543687855752712667991103904330482569981872649,145941945511751755274241894343522183382665987094495368536879552,-14809879473950626993691267777549419940341726669203,26900126759136584784588090173857461087830350667843876421632/35370553733215749514562618584237555997034634776827523327290883,-10039940088282848130092960291584305086216204390181/5846006549323611672814739330865132078623730171904,99834236533691180919793344143225573953478249167731/1461501637330902918203684832716283019655932542976
105,1645504557321206042154969182557350504982735865633579863348609024/955004950796825236893190701774414011919935138974343129836853841,125236737537878753441860054533045969266612127846243/93536104789177786765035829293842113257979682750464,1272986554399143643419131547542085716664178596640412831580160/318334983598941745631063567258138003973311712991447709945617947,-14902921982568786555543836511279401735003641091079442107/6129982163463555433433388108601236734474956488734408704,14902921982568786555543836511279401735003641091079442107/6129982163463555433433388108601236734474956488734408704,636493277199571821709565773771042858332089298320206415790080/318334983598941745631063567258138003973311712991447709945617947,-765448951360078596851397004794115790144548422030817442491337088,58257103569609956205754183507648436175234997978485,636493277199571821709565773771042858332089298320206415790080/106111661199647248543687855752712667991103904330482569981872649,34634681690091824949486644810577811945199048849109/46768052394588893382517914646921056628989841375232,49734328152491377247143139013096642892424224976445/730750818665451459101842416358141509827966271488
106,6582018229284824168619876730229402019930943462534319453394436096/2865014852390475710679572105323242035759805416923029389510561523,375710212613636260325580163599137907799836383538729/374144419156711147060143317175368453031918731001856,1727981430877796362678357124461185601581417930981011695/199667811101603467823686647723289448859052847504205678489,-226978545132399259585878720256464043894709172008518670827001611/51422017416287688817342786954917203280710495801049370729644032,226978545132399259585878720256464043894709172008518670827001611/51422017416287688817342786954917203280710495801049370729644032,1727981430877796362678357124461185601581417930981011695/399335622203206935647373295446578897718105695008411356978,-1682605183111267679486098239053138937545940668832380074463136128,96045305416942005760598707719802254573174861414589,1727981430877796362678357124461185601581417930981011695/133111874067735645215791098482192965906035231669470452326,-127499456583685241346342870508788553604434236265659/374144419156711147060143317175368453031918731001856,12950338135431185024543962300039241576360351888220259/187072209578355573530071658587684226515959365500928
107,26328072917139296674479506920917608079723773850137277813577744384/25785133671514281396116148947909178321838248752307264505595053707,1127130637840908780976740490797413723399509150616187/374144419156711147060143317175368453031918731001856,1519833680959182986035444564059873604842474761730319726684405760/232066203043628532565045340531182604896544238770765380550355483363,-39280455526843000331490198239072647282056189281488527552366538281/6582018229284824168619876730229402019930943462534319453394436096,39280455526843000331490198239072647282056189281488527552366538281/6582018229284824168619876730229402019930943462534319453394436096,759916840479591493017722282029936802421237380865159863342202880/232066203043628532565045340531182604896544238770765380550355483363,-7071998852089256930523672562765560103723484656651797260889926316,302759210750151749418734740163110439942836089283371,759916840479591493017722282029936802421237380865159863342202880/77355401014542844188348446843727534965514746256921793516785161121,-210909382158216207568887344372694289543405901154975/748288838313422294120286634350736906063837462003712,25885979760525985290713325134530188880165549585981737/374144419156711147060143317175368453031918731001856
108,105312291668557186697918027683670432318895095400549111254310977536/77355401014542844188348446843727534965514746256921793516785161121,3381391913522726342930221472392241170198527451848561/1496577676626844588240573268701473812127674924007424,3157328516362829393918677434540199744483119477281788568837029888/696198609130885597695136021593547814689632716312296141651066450089,-28052577804672387248570797525835458994609938104395075259/6129982163463555433433388108601236734474956488734408704,28052577804672387248570797525835458994609938104395075259/6129982163463555433433388108601236734474956488734408704,1578664258181414696959338717270099872241559738640894284418514944/696198609130885597695136021593547814689632716312296141651066450089,-39827875311955535408742372565698736795184568027372985917343006720,1278802819489370560897083685331257153401987327041049,1578664258181414696959338717270099872241559738640894284418514944/232066203043628532565045340531182604896544238770765380550355483363,-790505707956181776586820949778050995747204709505107/2993155353253689176481146537402947624255349848014848,105279522760742016026476431825679157036252628502069419/1496577676626844588240573268701473812127674924007424
109,421249166674228746791672110734681729275580381602196445017243910144/232066203043628532565045340531182604896544238770765380550355483363,10144175740568179028790664417176723510595582355545683/5986310706507378352962293074805895248510699696029696,1755155989848109829731021176900778674438814669372617957620842496/696198609130885597695136021593547814689632716312296141651066450089,-283869691213913958072188411263599893175471845700727593627162379/51422017416287688817342786954917203280710495801049370729644032,283869691213913958072188411263599893175471845700727593627162379/51422017416287688817342786954917203280710495801049370729644032,877577994924054914865510588450389337219407334686308978810421248/696198609130885597695136021593547814689632716312296141651066450089,-53040489792802401414580113435679917477074492689247112367474519616,1277277422462180222259734919135004122833321968850665,877577994924054914865510588450389337219407334686308978810421248/232066203043628532565045340531182604896544238770765380550355483363,-1048353743923289721009941945393841520500869698854831/2993155353253689176481146537402947624255349848014848,105365472106064385341284138824217753877837183498519327/1496577676626844588240573268701473812127674924007424
110,1684996666696914987166688442938726917102321526408785780068975640576/696198609130885597695136021593547814689632716312296141651066450089,30432527221704537086371993251530170531786747066637049/23945242826029513411849172299223580994042798784118784,1755155989848109829731021176900778674438814669372617957620842496/696198609130885597695136021593547814689632716312296141651066450089,-575158689778806584937792158274239636283831794469197077029471193437/105312291668557186697918027683670432318895095400549111254310977536,575158689778806584937792158274239636283831794469197077029471193437/105312291668557186697918027683670432318895095400549111254310977536,877577994924054914865510588450389337219407334686308978810421248/696198609130885597695136021593547814689632716312296141651066450089,-775745301674813068896853978563232534246536189808604473759137491024,14010644932969807140402443548266415876841097891878562,877577994924054914865510588450389337219407334686308978810421248/232066203043628532565045340531182604896544238770765380550355483363,-3004967802126357652498915871143334714624581813990179/11972621413014756705924586149611790497021399392059392,214477826915644151210730060714487783893009499527290451/2993155353253689176481146537402947624255349848014848
111,6739986666787659948666753771754907668409286105635143120275902562304/6265787482177970379256224194341930332206694446810665274859598050801,91297581665113611259115979754590511595360241199911147/23945242826029513411849172299223580994042798784118784,340557656678820640226519338638391752001669981565609267726047510528/56392087339601733413306017749077372989860250021295987473736382457209,-475014161918045334377145811564312026337433420733484036178725560177/105312291668557186697918027683670432318895095400549111254310977536,475014161918045334377145811564312026337433420733484036178725560177/105312291668557186697918027683670432318895095400549111254310977536,170278828339410320113259669319195876000834990782804633863023755264/56392087339601733413306017749077372989860250021295987473736382457209,-1185437863345700537562242036027737981536635318703211498352336602304,16057540687881533320684847702521706597493002786680611,170278828339410320113259669319195876000834990782804633863023755264/18797362446533911137768672583025790996620083340431995824578794152403,-1564623964676537606684286976424281630594511451029979/11972621413014756705924586149611790497021399392059392,214237769609402514536427622565367941712337821133463751/2993155353253689176481146537402947624255349848014848
112,26959946667150639794667015087019630673637144422540572481103610249216/18797362446533911137768672583025790996620083340431995824578794152403,273892744995340833777347939263771534786080723599733441/95780971304118053647396689196894323976171195136475136,48767628205222164730267589465012342953904473144652958416601611915/5569588873047084781561088172748382517517061730498369133208531600712,-1355824232580931260642483232810157264713880511120517395666068807251/210624583337114373395836055367340864637790190801098222508621955072,1355824232580931260642483232810157264713880511120517395666068807251/210624583337114373395836055367340864637790190801098222508621955072,48767628205222164730267589465012342953904473144652958416601611915/11139177746094169563122176345496765035034123460996738266417063201424,12647412409770241497243515031464626237108870385267426936259884545664,-128488180810122462143037187355000881224336121264889843,48767628205222164730267589465012342953904473144652958416601611915/3713059248698056521040725448498921678344707820332246088805687733808,-45041749203528896641198180408248143106131246549668611/191561942608236107294793378393788647952342390272950272,7004296343125069736546836420194068142948688117026209243/95780971304118053647396689196894323976171195136475136
113,107839786668602559178668060348078522694548577690162289924414440996864/56392087339601733413306017749077372989860250021295987473736382457209,821678234986022501332043817791314604358242170799200323/383123885216472214589586756787577295904684780545900544,1519833680959182986035444564059873604842474761730319726684405760/232066203043628532565045340531182604896544238770765380550355483363,-161363739601975773797206543702457078559548751433222517966929950609345/26959946667150639794667015087019630673637144422540572481103610249216,161363739601975773797206543702457078559548751433222517966929950609345/26959946667150639794667015087019630673637144422540572481103610249216,759916840479591493017722282029936802421237380865159863342202880/232066203043628532565045340531182604896544238770765380550355483363,-46839787485915835596346234805743759383497267130908753890258037384876,356892711841326610151454726924168717398792549585994891,759916840479591493017722282029936802421237380865159863342202880/77355401014542844188348446843727534965514746256921793516785161121,-428386625487178851609525414698401120147682663333938575/766247770432944429179173513575154591809369561091801088,28282520412054860590387155204640589777559858842883080643/383123885216472214589586756787577295904684780545900544
114,431359146674410236714672241392314090778194310760649159697657763987456/169176262018805200239918053247232118969580750063887962421209147371627,2465034704958067503996131453373943813074726512397600969/1532495540865888858358347027150309183618739122183602176,3157328516362829393918677434540199744483119477281788568837029888/696198609130885597695136021593547814689632716312296141651066450089,-160129583023387593005012892711413596193545709017020703539674828503619/53919893334301279589334030174039261347274288845081144962207220498432,160129583023387593005012892711413596193545709017020703539674828503619/53919893334301279589334030174039261347274288845081144962207220498432,1578664258181414696959338717270099872241559738640894284418514944/696198609130885597695136021593547814689632716312296141651066450089,197673004948787653983157422629547276994274616553031461144440398420648,-1129617445668542341104277308325358525619892586299891146,1578664258181414696959338717270099872241559738640894284418514944/232066203043628532565045340531182604896544238770765380550355483363,1824013303270690459035947622532536309746449778207118747/1532495540865888858358347027150309183618739122183602176,55671445306028038460022644258638066705105779317474495987/766247770432944429179173513575154591809369561091801088
115,1725436586697640946858688965569256363112777243042596638790631055949824/1522586358169246802159262479225089070726226750574991661790882326344643,7395104114874202511988394360121831439224179537192802907/6129982163463555433433388108601236734474956488734408704,1079196825624983571439745396771490323955112715766544654894668709888/169176262018805200239918053247232118969580750063887962421209147371627,-1318836651894785752232159855875201150526446961848865746223636505411801/215679573337205118357336120696157045389097155380324579848828881993728,1318836651894785752232159855875201150526446961848865746223636505411801/215679573337205118357336120696157045389097155380324579848828881993728,539598412812491785719872698385745161977556357883272327447334354944/169176262018805200239918053247232118969580750063887962421209147371627,179454936689254753790703727726397868632546884509907178147179704308160,-769131680049248458595964362897111198516347636871556093,539598412812491785719872698385745161977556357883272327447334354944/56392087339601733413306017749077372989860250021295987473736382457209,-7528220163941098260964288402801751507211685014290936775/6129982163463555433433388108601236734474956488734408704,231461704113054878878676141148555700556160742109334056043/3064991081731777716716694054300618367237478244367204352
116,6901746346790563787434755862277025452451108972170386555162524223799296/4567759074507740406477787437675267212178680251724974985372646979033929,22185312344622607535965183080365494317672538611578408721/6129982163463555433433388108601236734474956488734408704,340557656678820640226519338638391752001669981565609267726047510528/56392087339601733413306017749077372989860250021295987473736382457209,-3378941898040084295620324558980437454412260485440450633612851188792703/431359146674410236714672241392314090778194310760649159697657763987456,3378941898040084295620324558980437454412260485440450633612851188792703/431359146674410236714672241392314090778194310760649159697657763987456,170278828339410320113259669319195876000834990782804633863023755264/56392087339601733413306017749077372989860250021295987473736382457209,-1502349264941444360209214041239535729759073048933624695540646694303984,4829225245135126757608804224463623652092502112838750882,170278828339410320113259669319195876000834990782804633863023755264/18797362446533911137768672583025790996620083340431995824578794152403,-9736997559564316720334150365183809778150879003706321949/12259964326927110866866776217202473468949912977468817408,461150260636670464490154140150304836700230653877042928219/6129982163463555433433388108601236734474956488734408704
117,27606985387162255149739023449108101809804435888681546220650096895197184/13703277223523221219433362313025801636536040755174924956117940937101787,66555937033867822607895549241096482953017615834735226163/24519928653854221733733552434404946937899825954937634816,3623589973576770572542331983799334433824158115448434238225243862133322/369988485035126972924700782451696644186473100389722973815184405301748249,-1379201194793231239381083505286073552383636094849757002110946190416475/431359146674410236714672241392314090778194310760649159697657763987456,1379201194793231239381083505286073552383636094849757002110946190416475/431359146674410236714672241392314090778194310760649159697657763987456,1811794986788385286271165991899667216912079057724217119112621931066661/369988485035126972924700782451696644186473100389722973815184405301748249,-8140265923081089167877445803003866179831109473254931713950148362210880,19624852863053412292978373354755047341306580713215761875,1811794986788385286271165991899667216912079057724217119112621931066661/123329495011708990974900260817232214728824366796574324605061468433916083,7430979796813651534089788711120333646309549429002196339/6129982163463555433433388108601236734474956488734408704,923156459439252988315938715282610962044804408099728586803/12259964326927110866866776217202473468949912977468817408
118,110427941548649020598956093796432407239217743554726184882600387580788736/41109831670569663658300086939077404909608122265524774868353822811305361,199667811101603467823686647723289448859052847504205678489/98079714615416886934934209737619787751599303819750539264,46007532933806832656307052786770996736090886771942403370555/3493388023033654273043221588566672197237988619933582550843544,-143448859309585009448916373324415474703760199854956514370663265051328377/27606985387162255149739023449108101809804435888681546220650096895197184,143448859309585009448916373324415474703760199854956514370663265051328377/27606985387162255149739023449108101809804435888681546220650096895197184,46007532933806832656307052786770996736090886771942403370555/6986776046067308546086443177133344394475977239867165101687088,35941538418693958361531205740774033897540548291257729762611691785581692,-64986888309633668388106503262477800585584555524213006821,46007532933806832656307052786770996736090886771942403370555/2328925348689102848695481059044448131491992413289055033895696,-31153825183784099846651293453987780882371050948669300997/49039857307708443467467104868809893875799651909875269632,3775212259140496768879299779639442975865455135264284003739/49039857307708443467467104868809893875799651909875269632
119,441711766194596082395824375185729628956870974218904739530401550323154944/369988485035126972924700782451696644186473100389722973815184405301748249,599003433304810403471059943169868346577158542512617035467/392318858461667547739736838950479151006397215279002157056,1050434897830722746059651706343332789980061330231686229036405620736/169176262018805200239918053247232118969580750063887962421209147371627,-935818592485981017962552407086987792112022376941397879427971269046339291/110427941548649020598956093796432407239217743554726184882600387580788736,935818592485981017962552407086987792112022376941397879427971269046339291/110427941548649020598956093796432407239217743554726184882600387580788736,525217448915361373029825853171666394990030665115843114518202810368/169176262018805200239918053247232118969580750063887962421209147371627,145150084391739854016378211114190880016637337181778123887933433535727420,-196837407443729621702070640104272865899269087554646491144,525217448915361373029825853171666394990030665115843114518202810368/56392087339601733413306017749077372989860250021295987473736382457209,-225069006664300681721904975540531539825582505285104886003/98079714615416886934934209737619787751599303819750539264,1914733022286370464777750287925147484276200968196769715871/24519928653854221733733552434404946937899825954937634816
120,1766847064778384329583297500742918515827483896875618958121606201292619776/1109965455105380918774102347355089932559419301169168921445553215905244747,1797010299914431210413179829509605039731475627537851106401/1569275433846670190958947355801916604025588861116008628224,736481423254563790622525730353518668988923269179281480341862219776/169176262018805200239918053247232118969580750063887962421209147371627,-3537145896732109871557228692628152836867603080265877729932399490680128401/441711766194596082395824375185729628956870974218904739530401550323154944,3537145896732109871557228692628152836867603080265877729932399490680128401/441711766194596082395824375185729628956870974218904739530401550323154944,368240711627281895311262865176759334494461634589640740170931109888/169176262018805200239918053247232118969580750063887962421209147371627,-687852998452105937014710328559459390770612615293957944515933344351687576,699595877700088935808737208310725144674578002744821614265,368240711627281895311262865176759334494461634589640740170931109888/56392087339601733413306017749077372989860250021295987473736382457209,73699159764426992714368129362634896622214329038832234539/1569275433846670190958947355801916604025588861116008628224,60978305409506925089310264323643023746903499466116087270625/784637716923335095479473677900958302012794430558004314112
121,7067388259113537318333190002971674063309935587502475832486424805170479104/3329896365316142756322307042065269797678257903507506764336659647715734241,5391030899743293631239539488528815119194426882613553319203/1569275433846670190958947355801916604025588861116008628224,393541138998116436469668681290064926629370477370057667133516422952530463/89907201863535854420702290135762284537312963394702682637089810488324824507,-15142487387768987942655574089669965809938449780722144431891434128557917475/1766847064778384329583297500742918515827483896875618958121606201292619776,15142487387768987942655574089669965809938449780722144431891434128557917475/1766847064778384329583297500742918515827483896875618958121606201292619776,393541138998116436469668681290064926629370477370057667133516422952530463/179814403727071708841404580271524569074625926789405365274179620976649649014,1183627867349906460267003110404476180111239812931240283331039493218182932,-902875881829784713573535904699593496165276542659437708219,393541138998116436469668681290064926629370477370057667133516422952530463/59938134575690569613801526757174856358208642263135121758059873658883216338,-2451703619225948952684262225071454796585012669199815861895/3138550867693340381917894711603833208051177722232017256448,122822978131932117824658194808551622357083479374658001318241/1569275433846670190958947355801916604025588861116008628224
122,28269553036454149273332760011886696253239742350009903329945699220681916416/9989689095948428268966921126195809393034773710522520293009978943147202723,16173092699229880893718618465586445357583280647840659957609/6277101735386680763835789423207666416102355444464034512896,364086597783142763201596507534943547658171299725988600426042406288241183/89907201863535854420702290135762284537312963394702682637089810488324824507,-74776614814553839664531630884681975268937104290968181944511715339877055035/7067388259113537318333190002971674063309935587502475832486424805170479104,74776614814553839664531630884681975268937104290968181944511715339877055035/7067388259113537318333190002971674063309935587502475832486424805170479104,364086597783142763201596507534943547658171299725988600426042406288241183/179814403727071708841404580271524569074625926789405365274179620976649649014,9703392318178895262362643381402302020431396160295792669764357837151432692,-5551338687829024790341107165740305244555027674830153695088,364086597783142763201596507534943547658171299725988600426042406288241183/59938134575690569613801526757174856358208642263135121758059873658883216338,-29697499516662577631302065196703276558846065328297454509949/12554203470773361527671578846415332832204710888928069025792,506308188940582077554082623870723798737916141977641374123625/6277101735386680763835789423207666416102355444464034512896
123,113078212145816597093331040047546785012958969400039613319782796882727665664/89907201863535854420702290135762284537312963394702682637089810488324824507,48519278097689642681155855396759336072749841943521979872827/25108406941546723055343157692830665664409421777856138051584,334693497378655645015703943341758500999163721871080428143190883242619423/29969067287845284806900763378587428179104321131567560879029936829441608169,-16089696290048945245034829255763739538526274712167961279506428064222311695/1766847064778384329583297500742918515827483896875618958121606201292619776,16089696290048945245034829255763739538526274712167961279506428064222311695/1766847064778384329583297500742918515827483896875618958121606201292619776,334693497378655645015703943341758500999163721871080428143190883242619423/59938134575690569613801526757174856358208642263135121758059873658883216338,42575804800149363563416514838379653698381050291884179251187899791186931904,-18268305397927360597620783090308684264996155066152586201641,334693497378655645015703943341758500999163721871080428143190883242619423/19979378191896856537933842252391618786069547421045040586019957886294405446,-1298091590677544692405374669476131533517933682724175922721/6277101735386680763835789423207666416102355444464034512896,14133388982282125277983260083700357111732522033/178405961588244985132285746181186892047843328
124,452312848583266388373324160190187140051835877600158453279131187530910662656/269721605590607563262106870407286853611938890184108047911269431464974473521,145557834293068928043467566190278008218249525830565939618481/100433627766186892221372630771322662657637687111424552206336,2877042136994365514379623227920101702164030491099895469148420505285126555/239752538302762278455206107028699425432834569052540487032239494635532865352,-1055656106052037425935361616703181211616992042061972794251002294394662909841/113078212145816597093331040047546785012958969400039613319782796882727665664,1055656106052037425935361616703181211616992042061972794251002294394662909841/113078212145816597093331040047546785012958969400039613319782796882727665664,2877042136994365514379623227920101702164030491099895469148420505285126555/479505076605524556910412214057398850865669138105080974064478989271065730704,-183244794901280309166808787828046349578317367249108405422713776155280076868,58969617102083657038953221241513875025859353993383392206462,2877042136994365514379623227920101702164030491099895469148420505285126555/159835025535174852303470738019132950288556379368360324688159663090355243568,-22157626831593421223333900019092057354782986132601998802623/25108406941546723055343157692830665664409421777856138051584,2038145057259376876275493784986387236944086126406198429584071/25108406941546723055343157692830665664409421777856138051584
125,1809251394333065553493296640760748560207343510400633813116524750123642650624/809164816771822689786320611221860560835816670552324143733808294394923420563,436673502879206784130402698570834024654748577491697818855443/401734511064747568885490523085290650630550748445698208825344,10935844733285318394209148984843529962925535649693786923191098536315846656/7282483350946404208076885500996745047522350034970917293604274649554310785067,-4781881430761067248255359108393541683884490658953987239173754923896289963539/452312848583266388373324160190187140051835877600158453279131187530910662656,4781881430761067248255359108393541683884490658953987239173754923896289963539/452312848583266388373324160190187140051835877600158453279131187530910662656,5467922366642659197104574492421764981462767824846893461595549268157923328/7282483350946404208076885500996745047522350034970917293604274649554310785067,-547233758856554604232543036289263516341792115224794856286546919470718061764,132078097671846361043012155978125030244668725458837831345362,5467922366642659197104574492421764981462767824846893461595549268157923328/2427494450315468069358961833665581682507450011656972431201424883184770261689,-361960154610763345666539349250063482514578951068574396433355/200867255532373784442745261542645325315275374222849104412672,1032833235890150309134552547296843828134316587696362729193321/12554203470773361527671578846415332832204710888928069025792
126,7237005577332262213973186563042994240829374041602535252466099000494570602496/2427494450315468069358961833665581682507450011656972431201424883184770261689,1310020508637620352391208095712502073964245732475093456566329/401734511064747568885490523085290650630550748445698208825344,21871689466570636788418297969687059925851071299387573846382197072631693312/21847450052839212624230656502990235142567050104912751880812823948662932355201,-8555244355535953307718405986705736636871025462262998581578602045441136363027/904625697166532776746648320380374280103671755200316906558262375061821325312,8555244355535953307718405986705736636871025462262998581578602045441136363027/904625697166532776746648320380374280103671755200316906558262375061821325312,10935844733285318394209148984843529962925535649693786923191098536315846656/21847450052839212624230656502990235142567050104912751880812823948662932355201,-3578357593881054462178655101436526038064093520403419240849993291222812611480,647743294534168308681259616255787873252331761073923043962675,10935844733285318394209148984843529962925535649693786923191098536315846656/7282483350946404208076885500996745047522350034970917293604274649554310785067,-350299299985034564612908612627516393182547569631153825108467/200867255532373784442745261542645325315275374222849104412672,120181050960371691026257420882765556772412027558677/1461501637330902918203684832716283019655932542976
127,28948022309329048855892746252171976963317496166410141009864396001978282409984/21847450052839212624230656502990235142567050104912751880812823948662932355201,3930061525912861057173624287137506221892737197425280369698987/1606938044258990275541962092341162602522202993782792835301376,9111300987476797655707780005767378741637886797406554285963572355574792192/7282483350946404208076885500996745047522350034970917293604274649554310785067,-36715848794032757788014690001035126989898925795528482865618793603300215968825/3618502788666131106986593281521497120414687020801267626233049500247285301248,36715848794032757788014690001035126989898925795528482865618793603300215968825/3618502788666131106986593281521497120414687020801267626233049500247285301248,4555650493738398827853890002883689370818943398703277142981786177787396096/7282483350946404208076885500996745047522350034970917293604274649554310785067,-5926618469258369876804481713807092677979494050117341754197749353435447504448,804613696089719174267002601697578249208549172258785902528979,4555650493738398827853890002883689370818943398703277142981786177787396096/2427494450315468069358961833665581682507450011656972431201424883184770261689,-6016598560421104969816315756740342954457979510434743228170193/3213876088517980551083924184682325205044405987565585670602752,134315542569591835041548500703573011194322922017874870119815993/1606938044258990275541962092341162602522202993782792835301376
128,115792089237316195423570985008687907853269984665640564039457584007913129639936/65542350158517637872691969508970705427701150314738255642438471845988797065603,11790184577738583171520872861412518665678211592275841109096961/6427752177035961102167848369364650410088811975131171341205504,7286757241668276917206411026691227520350237945119321648736046174833737728/7282483350946404208076885500996745047522350034970917293604274649554310785067,-85868941664566286169633735726951783814654142810308577732508331577814548810127/7237005577332262213973186563042994240829374041602535252466099000494570602496,85868941664566286169633735726951783814654142810308577732508331577814548810127/7237005577332262213973186563042994240829374041602535252466099000494570602496,3643378620834138458603205513345613760175118972559660824368023087416868864/7282483350946404208076885500996745047522350034970917293604274649554310785067,-15208970874492554104130287180278983824926128762140779291527948336839552743664,1548608156470927889972824831923980925897374996364383479445604,3643378620834138458603205513345613760175118972559660824368023087416868864/2427494450315468069358961833665581682507450011656972431201424883184770261689,-11604233866831233587667435936340607059642241128317685772685645/6427752177035961102167848369364650410088811975131171341205504,268488097387846677965775269548099329438887938071565806678413739/3213876088517980551083924184682325205044405987565585670602752
129,463168356949264781694283940034751631413079938662562256157830336031652518559744/196627050475552913618075908526912116283103450944214766927315415537966391196809,35370553733215749514562618584237555997034634776827523327290883/25711008708143844408671393477458601640355247900524685364822016,724737697077673271038111235764358707447107064216851572508166640676258612115/87389800211356850496922626011960940570268200419651007523251295794651729420804,-76883463710889574771516877709731535340385569663142306085727709139519954806955/7237005577332262213973186563042994240829374041602535252466099000494570602496,76883463710889574771516877709731535340385569663142306085727709139519954806955/7237005577332262213973186563042994240829374041602535252466099000494570602496,724737697077673271038111235764358707447107064216851572508166640676258612115/174779600422713700993845252023921881140536400839302015046502591589303458841608,100877664371471475954506200488831806894282272082532720176734456138229181346240,-7703675768427512615054701450340613247912025181383869338508575,724737697077673271038111235764358707447107064216851572508166640676258612115/58259866807571233664615084007973960380178800279767338348834197196434486280536,-43897145774043976901238821237788113800084077145893504338666969/25711008708143844408671393477458601640355247900524685364822016,1091452746774553077646767684029847575311556230085122122188225025/12855504354071922204335696738729300820177623950262342682411008
130,1852673427797059126777135760139006525652319754650249024631321344126610074238976/1769643454279976222562683176742209046547931058497932902345838739841697520771281,106111661199647248543687855752712667991103904330482569981872649/102844034832575377634685573909834406561420991602098741459288064,1038777723671334485114187969184977839189395751317512137242880244484045448220505/127414328708158288024513188725439051351451036211851168968900389268602221495532232,-5348853986653151569886566162841148542392112568474325980648413850053200316693481/463168356949264781694283940034751631413079938662562256157830336031652518559744,5348853986653151569886566162841148542392112568474325980648413850053200316693481/463168356949264781694283940034751631413079938662562256157830336031652518559744,1038777723671334485114187969184977839189395751317512137242880244484045448220505/254828657416316576049026377450878102702902072423702337937800778537204442991064464,-650794525450770461721652481911466518538633576308443029925574538056235401243524,37274182896513059409113486853985576460380801066640330410072545,1038777723671334485114187969184977839189395751317512137242880244484045448220505/84942885805438858683008792483626034234300690807900779312600259512401480997021488,-113707518332469992220869589665194471481322894065870529717797289/51422017416287688817342786954917203280710495801049370729644032,8015680288329551032576468266237426786571361244643587/93536104789177786765035829293842113257979682750464
131,7410693711188236507108543040556026102609279018600996098525285376506440296955904/5308930362839928667688049530226627139643793175493798707037516219525092562313843,318334983598941745631063567258138003973311712991447709945617947/102844034832575377634685573909834406561420991602098741459288064,7478187977806294153577991092717677660111932961542310103252330012798353408/7282483350946404208076885500996745047522350034970917293604274649554310785067,-21973531964173622993170237384703699760579784595688019072576544068436085929900313/1852673427797059126777135760139006525652319754650249024631321344126610074238976,21973531964173622993170237384703699760579784595688019072576544068436085929900313/1852673427797059126777135760139006525652319754650249024631321344126610074238976,3739093988903147076788995546358838830055966480771155051626165006399176704/7282483350946404208076885500996745047522350034970917293604274649554310785067,-1608543009596614970343625352292625838019740528834594781584114928050186517018816,69096839315469082385253708223126139340840573732470487526715565,3739093988903147076788995546358838830055966480771155051626165006399176704/2427494450315468069358961833665581682507450011656972431201424883184770261689,-81369099000133383513818332099503165878501354817829357238026665/51422017416287688817342786954917203280710495801049370729644032,124632262400014414445697438554574886327841060843745/1461501637330902918203684832716283019655932542976
132,29642774844752946028434172162224104410437116074403984394101141506025761187823616/15926791088519786003064148590679881418931379526481396121112548658575277686941529,955004950796825236893190701774414011919935138974343129836853841/411376139330301510538742295639337626245683966408394965837152256,7478187977806294153577991092717677660111932961542310103252330012798353408/7282483350946404208076885500996745047522350034970917293604274649554310785067,-62746519266838622388089232187847238483311018252573534387383071927426298540036719/7410693711188236507108543040556026102609279018600996098525285376506440296955904,62746519266838622388089232187847238483311018252573534387383071927426298540036719/7410693711188236507108543040556026102609279018600996098525285376506440296955904,3739093988903147076788995546358838830055966480771155051626165006399176704/7282483350946404208076885500996745047522350034970917293604274649554310785067,-13360759844018436034538424134026445841710543784524393901479122769302863382323664,430445255691155189556807973776276420639712382751224339200046703,3739093988903147076788995546358838830055966480771155051626165006399176704/2427494450315468069358961833665581682507450011656972431201424883184770261689,182969421365981768607151844441593921124249191332931094749565139/411376139330301510538742295639337626245683966408394965837152256,4377512845807593255328349315677447416411925752245552739779833347/51422017416287688817342786954917203280710495801049370729644032
133,118571099379011784113736688648896417641748464297615937576404566024103044751294464/47780373265559358009192445772039644256794138579444188363337645975725833060824587,2865014852390475710679572105323242035759805416923029389510561523/1645504557321206042154969182557350504982735865633579863348609024,1207296705928079975111924200158431309411719467236291813977553696248007347998553/382242986124474864073539566176317154054353108635553506906701167805806664486596696,-138730156059186236482543334024136752903181245890270838880698026357775710990564299/14821387422376473014217086081112052205218558037201992197050570753012880593911808,138730156059186236482543334024136752903181245890270838880698026357775710990564299/14821387422376473014217086081112052205218558037201992197050570753012880593911808,1207296705928079975111924200158431309411719467236291813977553696248007347998553/764485972248949728147079132352634308108706217271107013813402335611613328973193392,7043132889313352196162498692552178564617150731917912834575981237144761387788048,-170182113861840580943374719092982102988517560480994080246033719,1207296705928079975111924200158431309411719467236291813977553696248007347998553/254828657416316576049026377450878102702902072423702337937800778537204442991064464,-870348668996584924755354283690342338783180468508828878094993161/411376139330301510538742295639337626245683966408394965837152256,259914048559603231635520438024644707217281580896758983/2993155353253689176481146537402947624255349848014848
134,474284397516047136454946754595585670566993857190463750305618264096412179005177856/430023359390034222082732011948356798311147247214997695270038813781532497547421283,8595044557171427132038716315969726107279416250769088168531684569/6582018229284824168619876730229402019930943462534319453394436096,1234147979833351648253329676294620451360804780920829790090982579063104971280217/382242986124474864073539566176317154054353108635553506906701167805806664486596696,-296021180784804414815398039518215554847429783620432726440183504614662857177881031/29642774844752946028434172162224104410437116074403984394101141506025761187823616,296021180784804414815398039518215554847429783620432726440183504614662857177881031/29642774844752946028434172162224104410437116074403984394101141506025761187823616,1234147979833351648253329676294620451360804780920829790090982579063104971280217/764485972248949728147079132352634308108706217271107013813402335611613328973193392,-11001982011802754501566293403550346176263857914263848778823556133406584071027184,199379372595624432408143584126982650446213737381971375739242425,1234147979833351648253329676294620451360804780920829790090982579063104971280217/254828657416316576049026377450878102702902072423702337937800778537204442991064464,-4441143788738165978799631306378290798930063418682049973818228753/3291009114642412084309938365114701009965471731267159726697218048,1049753741760827322765619016910609430795759726940836029/11972621413014756705924586149611790497021399392059392
135,1897137590064188545819787018382342682267975428761855001222473056385648716020711424/1290070078170102666248196035845070394933441741644993085810116441344597492642263849,25785133671514281396116148947909178321838248752307264505595053707/6582018229284824168619876730229402019930943462534319453394436096,1038777723671334485114187969184977839189395751317512137242880244484045448220505/127414328708158288024513188725439051351451036211851168968900389268602221495532232,-208134675700854663925402433443938972884034088856946347056224874058423221555914927/29642774844752946028434172162224104410437116074403984394101141506025761187823616,208134675700854663925402433443938972884034088856946347056224874058423221555914927/29642774844752946028434172162224104410437116074403984394101141506025761187823616,1038777723671334485114187969184977839189395751317512137242880244484045448220505/254828657416316576049026377450878102702902072423702337937800778537204442991064464,-621305716855590871172787845496889757675527466701185017827092566603569291627576128,8444538258005510163053688690729406600602615572312381315835433011,1038777723671334485114187969184977839189395751317512137242880244484045448220505/84942885805438858683008792483626034234300690807900779312600259512401480997021488,5347363384258043671065122703708791633300952203547459132473128113/13164036458569648337239753460458804039861886925068638906788872192,569404243170626763201153071062748538026204231557560065203466956377/6582018229284824168619876730229402019930943462534319453394436096
136,7588550360256754183279148073529370729071901715047420004889892225542594864082845696/3870210234510307998744588107535211184800325224934979257430349324033792477926791547,77355401014542844188348446843727534965514746256921793516785161121/26328072917139296674479506920917608079723773850137277813577744384,1038777723671334485114187969184977839189395751317512137242880244484045448220505/127414328708158288024513188725439051351451036211851168968900389268602221495532232,-17962731490959661705366755901733755393970550404899852351670609517713532125014785609/1897137590064188545819787018382342682267975428761855001222473056385648716020711424,17962731490959661705366755901733755393970550404899852351670609517713532125014785609/1897137590064188545819787018382342682267975428761855001222473056385648716020711424,1038777723671334485114187969184977839189395751317512137242880244484045448220505/254828657416316576049026377450878102702902072423702337937800778537204442991064464,20850779412686019799545375303703163134376849358163319192079386697240970314821300,-212546576930080353597815097362295638187568603856886613740580608,1038777723671334485114187969184977839189395751317512137242880244484045448220505/84942885805438858683008792483626034234300690807900779312600259512401480997021488,-52585622761006490795868870052382100438844082845572443440857613977/26328072917139296674479506920917608079723773850137277813577744384,4292658705348589316016767111005512554418755571961096539/47890485652059026823698344598447161988085597568237568
137,30354201441027016733116592294117482916287606860189680019559568902170379456331382784/11610630703530923996233764322605633554400975674804937772291047972101377433780374641,232066203043628532565045340531182604896544238770765380550355483363/105312291668557186697918027683670432318895095400549111254310977536,7478187977806294153577991092717677660111932961542310103252330012798353408/7282483350946404208076885500996745047522350034970917293604274649554310785067,-75855248728186594619617784335128434747078674232484096516280950088973755534468833003/7588550360256754183279148073529370729071901715047420004889892225542594864082845696,75855248728186594619617784335128434747078674232484096516280950088973755534468833003/7588550360256754183279148073529370729071901715047420004889892225542594864082845696,3739093988903147076788995546358838830055966480771155051626165006399176704/7282483350946404208076885500996745047522350034970917293604274649554310785067,12240859443376617805272450986642384752362994777191414362954084817582554102755915424,-93584730882613620927482825770746719751302808641640487005511952811,3739093988903147076788995546358838830055966480771155051626165006399176704/2427494450315468069358961833665581682507450011656972431201424883184770261689,-179849012207578550843786313384868267304215153105255825921602700995/105312291668557186697918027683670432318895095400549111254310977536,1076716398831803418710282547803473742758256073511312125/11972621413014756705924586149611790497021399392059392
138,121416805764108066932466369176469931665150427440758720078238275608681517825325531136/104495676331778315966103878903450701989608781073244439950619431748912396904023371769,696198609130885597695136021593547814689632716312296141651066450089/421249166674228746791672110734681729275580381602196445017243910144,1087620287711838775898973395962388492232248008718341550454905828128810328985433/191121493062237432036769783088158577027176554317776753453350583902903332243298348,-110846808653452911274560986020881704099192786864166066267922100969843764226475259197/30354201441027016733116592294117482916287606860189680019559568902170379456331382784,110846808653452911274560986020881704099192786864166066267922100969843764226475259197/30354201441027016733116592294117482916287606860189680019559568902170379456331382784,1087620287711838775898973395962388492232248008718341550454905828128810328985433/382242986124474864073539566176317154054353108635553506906701167805806664486596696,-19773718531618902901258246799617714457889784565578168773714459611199383666038530512,113381629935187963570608255580256321765186890592178555920130618129,1087620287711838775898973395962388492232248008718341550454905828128810328985433/127414328708158288024513188725439051351451036211851168968900389268602221495532232,138285149056177670273084789595573747815978504150079221033068374291/210624583337114373395836055367340864637790190801098222508621955072,9304903211504240423296723197352485491837772216142158593108086746573/105312291668557186697918027683670432318895095400549111254310977536
139,485667223056432267729865476705879726660601709763034880312953102434726071301302124544/313487028995334947898311636710352105968826343219733319851858295246737190712070115307,2088595827392656793085408064780643444068898148936888424953199350267/1684996666696914987166688442938726917102321526408785780068975640576,345003031407760317261928236674713226632631708773242428666179939734214810825018747/46442522814123695984935057290422534217603902699219751089164191888405509735121498564,-409748155113019059257150562694818214601735009796236938831767357675455357355147755731/60708402882054033466233184588234965832575213720379360039119137804340758912662765568,409748155113019059257150562694818214601735009796236938831767357675455357355147755731/60708402882054033466233184588234965832575213720379360039119137804340758912662765568,345003031407760317261928236674713226632631708773242428666179939734214810825018747/92885045628247391969870114580845068435207805398439502178328383776811019470242997128,-219057772304380985284074237917422620322359698836210712399203151689090882060184392432,942050703594009605494032536954794078167750185851966221404717399197,345003031407760317261928236674713226632631708773242428666179939734214810825018747/30961681876082463989956704860281689478402601799479834059442794592270339823414332376,71509784710760356187673516184876117197158347972042299193636240017/842498333348457493583344221469363458551160763204392890034487820288,9480411064239186261035055116178793584199652661144127947174013883297/105312291668557186697918027683670432318895095400549111254310977536
140,1942668892225729070919461906823518906642406839052139521251812409738904285205208498176/940461086986004843694934910131056317906479029659199959555574885740211572136210345921,6265787482177970379256224194341930332206694446810665274859598050801/1684996666696914987166688442938726917102321526408785780068975640576,622743165074638429399469917163004061761457332382503366614660060707990111547326843/92885045628247391969870114580845068435207805398439502178328383776811019470242997128,-3495454798290090097449533270197107918752051895269085124329046634525914112327597137719/485667223056432267729865476705879726660601709763034880312953102434726071301302124544,3495454798290090097449533270197107918752051895269085124329046634525914112327597137719/485667223056432267729865476705879726660601709763034880312953102434726071301302124544,622743165074638429399469917163004061761457332382503366614660060707990111547326843/185770091256494783939740229161690136870415610796879004356656767553622038940485994256,-476840427960608933578913224773054994503526557788147252037351834180968936469173162992,1537977365298133118590681743344066533708165751483075544516051060564,622743165074638429399469917163004061761457332382503366614660060707990111547326843/61923363752164927979913409720563378956805203598959668118885589184540679646828664752,-1377221634500592661456853748012934319739265437844497809539665738549/842498333348457493583344221469363458551160763204392890034487820288,19202277365013598025010864776390555574555375953257679245803578096355/210624583337114373395836055367340864637790190801098222508621955072
141,7770675568902916283677847627294075626569627356208558085007249638955617140820833992704/2821383260958014531084804730393168953719437088977599878666724657220634716408631037763,18797362446533911137768672583025790996620083340431995824578794152403/6739986666787659948666753771754907668409286105635143120275902562304,4457064909960429961070663340953915974203542151920491449604343597096423244419323/382242986124474864073539566176317154054353108635553506906701167805806664486596696,-5314097054866823786463660037527599659478840442835334911161898180532356288885084756143/1942668892225729070919461906823518906642406839052139521251812409738904285205208498176,5314097054866823786463660037527599659478840442835334911161898180532356288885084756143/1942668892225729070919461906823518906642406839052139521251812409738904285205208498176,4457064909960429961070663340953915974203542151920491449604343597096423244419323/764485972248949728147079132352634308108706217271107013813402335611613328973193392,-1955325072498221717108965402617777840684606415868701505104414950559690789765458720296,4729956071725875428143809667508112598974424240888553536303414125582,4457064909960429961070663340953915974203542151920491449604343597096423244419323/254828657416316576049026377450878102702902072423702337937800778537204442991064464,5472948735097729781015245822647008800793284686972959052069264179685/6739986666787659948666753771754907668409286105635143120275902562304,9581653776055196163327596769931882170087842964679144596300599520717/105312291668557186697918027683670432318895095400549111254310977536
142,31082702275611665134711390509176302506278509424834232340028998555822468563283335970816/25392449348622130779763242573538520583474933800798398908000521914985712447677679339867,56392087339601733413306017749077372989860250021295987473736382457209/26959946667150639794667015087019630673637144422540572481103610249216,1038777723671334485114187969184977839189395751317512137242880244484045448220505/127414328708158288024513188725439051351451036211851168968900389268602221495532232,-35614267761450268697357973537683335298713704176065289107038313781923610269107755413001/7770675568902916283677847627294075626569627356208558085007249638955617140820833992704,35614267761450268697357973537683335298713704176065289107038313781923610269107755413001/7770675568902916283677847627294075626569627356208558085007249638955617140820833992704,1038777723671334485114187969184977839189395751317512137242880244484045448220505/254828657416316576049026377450878102702902072423702337937800778537204442991064464,5796036124498554320803921420613515693881152428239430827145451573123408653036991617980,-10515513498730291732914967418274742338951501327749717713378662181274,1038777723671334485114187969184977839189395751317512137242880244484045448220505/84942885805438858683008792483626034234300690807900779312600259512401480997021488,-15167045482530422490541996211865744904191164073357261685164564303531/53919893334301279589334030174039261347274288845081144962207220498432,2485085153422256912149931875755592967977080335041195991903245565985491/26959946667150639794667015087019630673637144422540572481103610249216
143,124330809102446660538845562036705210025114037699336929360115994223289874253133343883264/76177348045866392339289727720615561750424801402395196724001565744957137343033038019601,169176262018805200239918053247232118969580750063887962421209147371627/107839786668602559178668060348078522694548577690162289924414440996864,14125362333415174186753693835829280690149890388019416441839347295674134910620262219520/6170365191715177779482467945369860501784408913594010934644126825341528124785676079587681,-189521516698027563769041215186468094049511617394371881512962685440106862672698707368795/31082702275611665134711390509176302506278509424834232340028998555822468563283335970816,189521516698027563769041215186468094049511617394371881512962685440106862672698707368795/31082702275611665134711390509176302506278509424834232340028998555822468563283335970816,7062681166707587093376846917914640345074945194009708220919673647837067455310131109760/6170365191715177779482467945369860501784408913594010934644126825341528124785676079587681,-55419644102382281521223349611687705280551159883960199354366099278017836287914301977408,75409211114584924278941278626055423882180901013071976683421039506886,7062681166707587093376846917914640345074945194009708220919673647837067455310131109760/2056788397238392593160822648456620167261469637864670311548042275113842708261892026529227,-26803850926233475783705776094644523724320575509548266586530202133967/107839786668602559178668060348078522694548577690162289924414440996864,4968993560164904701234071012734823613926140085870003231545224823146617/53919893334301279589334030174039261347274288845081144962207220498432
144,497323236409786642155382248146820840100456150797347717440463976893159497012533375533056/228532044137599177017869183161846685251274404207185590172004697234871412029099114058803,507528786056415600719754159741696356908742250191663887263627442114881/431359146674410236714672241392314090778194310760649159697657763987456,9421397760504301196791762359968707280833166760439710738505821253501531627785710223104/2056788397238392593160822648456620167261469637864670311548042275113842708261892026529227,-581977428747093844326237309427271158813231648956710666609783854600871097898808691292053/124330809102446660538845562036705210025114037699336929360115994223289874253133343883264,581977428747093844326237309427271158813231648956710666609783854600871097898808691292053/124330809102446660538845562036705210025114037699336929360115994223289874253133343883264,4710698880252150598395881179984353640416583380219855369252910626750765813892855111552/2056788397238392593160822648456620167261469637864670311548042275113842708261892026529227,-154767083044403117809979645039107858341163016206829621671367971413687469423431776665296,157943051979770001166293949456182664453058208624811951217399911240179,4710698880252150598395881179984353640416583380219855369252910626750765813892855111552/685596132412797531053607549485540055753823212621556770516014091704614236087297342176409,-98223333167547749617500733974761779375726583852947717716322489945539/431359146674410236714672241392314090778194310760649159697657763987456,20136139958065298176359271343633716757816722937517645751515069637856667/215679573337205118357336120696157045389097155380324579848828881993728
145,1989292945639146568621528992587283360401824603189390869761855907572637988050133502132224/685596132412797531053607549485540055753823212621556770516014091704614236087297342176409,1522586358169246802159262479225089070726226750574991661790882326344643/431359146674410236714672241392314090778194310760649159697657763987456,37707675731978103228029508464112080907774780172358918198428332872653291430254353475789/6170365191715177779482467945369860501784408913594010934644126825341528124785676079587681,-2808966036473736150757111317597405686528011931504455867235786148689080681070308693139915/497323236409786642155382248146820840100456150797347717440463976893159497012533375533056,2808966036473736150757111317597405686528011931504455867235786148689080681070308693139915/497323236409786642155382248146820840100456150797347717440463976893159497012533375533056,37707675731978103228029508464112080907774780172358918198428332872653291430254353475789/12340730383430355558964935890739721003568817827188021869288253650683056249571352159175362,-175823407792886723698238932841689895047934418985510338923272076900282539067545788887052,134573604525735402382523147678337667622012091219119181587196164994919,37707675731978103228029508464112080907774780172358918198428332872653291430254353475789/4113576794476785186321645296913240334522939275729340623096084550227685416523784053058454,-150951789586580026793599868074285845287076403441453036174467134699487/431359146674410236714672241392314090778194310760649159697657763987456,20153716110204975602084637721666891446453839544047147524334451186107983/215679573337205118357336120696157045389097155380324579848828881993728
146,7957171782556586274486115970349133441607298412757563479047423630290551952200534008528896/6170365191715177779482467945369860501784408913594010934644126825341528124785676079587681,4567759074507740406477787437675267212178680251724974985372646979033929/1725436586697640946858688965569256363112777243042596638790631055949824,367237656706710670234884534116811122939797303458004592955443065906024012040368085353523/49362921533721422235859743562958884014275271308752087477153014602732224998285408636701448,-11032252330936418084321295957564135361975766554909303482927337991054651233764066943510683/1989292945639146568621528992587283360401824603189390869761855907572637988050133502132224,11032252330936418084321295957564135361975766554909303482927337991054651233764066943510683/1989292945639146568621528992587283360401824603189390869761855907572637988050133502132224,367237656706710670234884534116811122939797303458004592955443065906024012040368085353523/98725843067442844471719487125917768028550542617504174954306029205464449996570817273402896,-439437403102619924877522422424999786428757589824526983475775939964105505802345548448524,252255982471097772161298009218479557790823275686174916520305449008643,367237656706710670234884534116811122939797303458004592955443065906024012040368085353523/32908614355814281490573162375305922676183514205834724984768676401821483332190272424467632,-488363986516134588869011738373540563827286862169503034423134923428243/1725436586697640946858688965569256363112777243042596638790631055949824,40880308608837405151958090674045161506414375254718518065430678785455043/431359146674410236714672241392314090778194310760649159697657763987456
147,31828687130226345097944463881396533766429193651030253916189694521162207808802136034115584/18511095575145533338447403836109581505353226740782032803932380476024584374357028238763043,13703277223523221219433362313025801636536040755174924956117940937101787/6901746346790563787434755862277025452451108972170386555162524223799296,254180883580659055873383385797186635569799302332728064093373210864005632506939562676275/24681460766860711117929871781479442007137635654376043738576507301366112499142704318350724,-36330244964749806199701071191338348349697344845106442761627562547507801447286294879826763/7957171782556586274486115970349133441607298412757563479047423630290551952200534008528896,36330244964749806199701071191338348349697344845106442761627562547507801447286294879826763/7957171782556586274486115970349133441607298412757563479047423630290551952200534008528896,254180883580659055873383385797186635569799302332728064093373210864005632506939562676275/49362921533721422235859743562958884014275271308752087477153014602732224998285408636701448,555971403223082812905264655268142929900552773873103444112740120949120500998247044686524,-239363635563906991345510991955926660855927147675689570340877682346283,254180883580659055873383385797186635569799302332728064093373210864005632506939562676275/16454307177907140745286581187652961338091757102917362492384338200910741666095136212233816,-253579297436522569801681565972317749514173204791504585015139452937675/1725436586697640946858688965569256363112777243042596638790631055949824,40841177827324136482113535645311624370695522978488851657196012873706615/431359146674410236714672241392314090778194310760649159697657763987456
148,127314748520905380391777855525586135065716774604121015664758778084648831235208544136462336/55533286725436600015342211508328744516059680222346098411797141428073753123071084716289129,41109831670569663658300086939077404909608122265524774868353822811305361/27606985387162255149739023449108101809804435888681546220650096895197184,10454861915268662285384187365855964069747520343605825621596392804264910216789289352960/2056788397238392593160822648456620167261469637864670311548042275113842708261892026529227,-206071553312205432523106806000125783805281679360798291555088548869998060339703647938990193/31828687130226345097944463881396533766429193651030253916189694521162207808802136034115584,206071553312205432523106806000125783805281679360798291555088548869998060339703647938990193/31828687130226345097944463881396533766429193651030253916189694521162207808802136034115584,5227430957634331142692093682927982034873760171802912810798196402132455108394644676480/2056788397238392593160822648456620167261469637864670311548042275113842708261892026529227,-13291900676343554827857963185811594925061612225486296949575447099546363384024615811381316,4291944222759784002798523578825878300151767937979146224972458738400776,5227430957634331142692093682927982034873760171802912810798196402132455108394644676480/685596132412797531053607549485540055753823212621556770516014091704614236087297342176409,-8197482948316691091304807384065853210922399146093370053482322582591347/27606985387162255149739023449108101809804435888681546220650096895197184,1329613970885185932649355449468626149925322452442836235193091461639299531/13803492693581127574869511724554050904902217944340773110325048447598592
149,509258994083621521567111422102344540262867098416484062659035112338595324940834176545849344/499799580528929400138079903574958700644537122001114885706174272852663778107639762446602161,123329495011708990974900260817232214728824366796574324605061468433916083/110427941548649020598956093796432407239217743554726184882600387580788736,0,-766589775030762061777678678945319664591485314683515544837706627962669309509719460365025235/127314748520905380391777855525586135065716774604121015664758778084648831235208544136462336,766589775030762061777678678945319664591485314683515544837706627962669309509719460365025235/127314748520905380391777855525586135065716774604121015664758778084648831235208544136462336,0,-94447084127419691699664132675216416144805504453068593901213655866032448064741231757252160,22872666611854515625203332748191036708475844578826472752399383377561169,0,-70669899660521346272282433115925894496773245913172378953674818824496063/110427941548649020598956093796432407239217743554726184882600387580788736,5358489093943541700338642923693777030192056441057961090264516904596111923/55213970774324510299478046898216203619608871777363092441300193790394368
150,2037035976334486086268445688409378161051468393665936250636140449354381299763336706183397376/1499398741586788200414239710724876101933611366003344657118522818557991334322919287339806483,369988485035126972924700782451696644186473100389722973815184405301748249/110427941548649020598956093796432407239217743554726184882600387580788736,55914107270701589588769790322325960803510921944330415537088635726453031235371774456089246/13494588674281093803728157396523884917402502294030101914066705367021922008906273586058258347,-763419934202052139592599044905688711303057494252079580622639855849925440083021133477922989/254629497041810760783555711051172270131433549208242031329517556169297662470417088272924672,763419934202052139592599044905688711303057494252079580622639855849925440083021133477922989/254629497041810760783555711051172270131433549208242031329517556169297662470417088272924672,27957053635350794794384895161162980401755460972165207768544317863226515617685887228044623/13494588674281093803728157396523884917402502294030101914066705367021922008906273586058258347,-241557421528695868049472075451705131455138855177492103876135630082241215943603026481297192,43874269025535568998189763445918328617539700152496712184132866759076476,27957053635350794794384895161162980401755460972165207768544317863226515617685887228044623/4498196224760364601242719132174628305800834098010033971355568455673974002968757862019419449,234287170529419130105427283224678523749571315047917249979826013188572555/220855883097298041197912187592864814478435487109452369765200775161577472,10591769197936929459793955130902043956136406946491168177899975258913035619/110427941548649020598956093796432407239217743554726184882600387580788736
151,8148143905337944345073782753637512644205873574663745002544561797417525199053346824733589504/4498196224760364601242719132174628305800834098010033971355568455673974002968757862019419449,1109965455105380918774102347355089932559419301169168921445553215905244747/441711766194596082395824375185729628956870974218904739530401550323154944,27957053635350794794384895161162980401755460972165207768544317863226515617685887228044623/4498196224760364601242719132174628305800834098010033971355568455673974002968757862019419449,-6252731107309465865725689087548988757327965353451892236602396583013274951117094327179920305/1018517988167243043134222844204689080525734196832968125318070224677190649881668353091698688,6252731107309465865725689087548988757327965353451892236602396583013274951117094327179920305/1018517988167243043134222844204689080525734196832968125318070224677190649881668353091698688,27957053635350794794384895161162980401755460972165207768544317863226515617685887228044623/8996392449520729202485438264349256611601668196020067942711136911347948005937515724038838898,431417688034040143451103468157509227079735648910294928146940610579840143752643088933551208,-58769056609997850216874115833451145308846405085669358972444450778919405,27957053635350794794384895161162980401755460972165207768544317863226515617685887228044623/2998797483173576400828479421449752203867222732006689314237045637115982668645838574679612966,-1226852197785066433398017357445201451321146119510456741041139941248511863/883423532389192164791648750371459257913741948437809479060803100646309888,43663948061769940781665263904203231342053285290916061473410335886344684891/441711766194596082395824375185729628956870974218904739530401550323154944
152,32592575621351777380295131014550050576823494298654980010178247189670100796213387298934358016/13494588674281093803728157396523884917402502294030101914066705367021922008906273586058258347,3329896365316142756322307042065269797678257903507506764336659647715734241/1766847064778384329583297500742918515827483896875618958121606201292619776,29437939525250332858429261250949131986884294227965591510254282521966170959068160269739343/4498196224760364601242719132174628305800834098010033971355568455673974002968757862019419449,-63966185996344738601039990402719390708143281981622573660888734626430906676856849924148903067/8148143905337944345073782753637512644205873574663745002544561797417525199053346824733589504,63966185996344738601039990402719390708143281981622573660888734626430906676856849924148903067/8148143905337944345073782753637512644205873574663745002544561797417525199053346824733589504,29437939525250332858429261250949131986884294227965591510254282521966170959068160269739343/8996392449520729202485438264349256611601668196020067942711136911347948005937515724038838898,9048192553156701473099318000205886778429790480288203212343196472955702145620340624941093908,-924429656786586507410100705126989008448881118251331899526492232530340294,29437939525250332858429261250949131986884294227965591510254282521966170959068160269739343/2998797483173576400828479421449752203867222732006689314237045637115982668645838574679612966,-1610054063690760536899787113962505696522969586371555845274885345894085037/1766847064778384329583297500742918515827483896875618958121606201292619776,87046679346246757453365111941430496948733463030949003734551540260488390219/883423532389192164791648750371459257913741948437809479060803100646309888
153,130370302485407109521180524058200202307293977194619920040712988758680403184853549195737432064/121451298068529844233553416568714964256622520646270917226600348303197298080156462274524325123,9989689095948428268966921126195809393034773710522520293009978943147202723/7067388259113537318333190002971674063309935587502475832486424805170479104,96153247675514950033987192192725940289680897447845233501759672782845786683900272522383858947/13116740191401223177223768989421216139715232229797259060472837616745308192656897925648627113284,-104705622752054393376416377818224340457468075667890333875457341135177867465317692280826156451/32592575621351777380295131014550050576823494298654980010178247189670100796213387298934358016,104705622752054393376416377818224340457468075667890333875457341135177867465317692280826156451/32592575621351777380295131014550050576823494298654980010178247189670100796213387298934358016,96153247675514950033987192192725940289680897447845233501759672782845786683900272522383858947/26233480382802446354447537978842432279430464459594518120945675233490616385313795851297254226568,-56651517962935220649620325241134754043317161910299850391269116813042681153024016322395407748,4340950664946163691369696815476355759380865569835608719364121237874224682,96153247675514950033987192192725940289680897447845233501759672782845786683900272522383858947/8744493460934148784815845992947477426476821486531506040315225077830205461771265283765751408856,884861763917775133913663095860932264334559004615147837790333959173387491/883423532389192164791648750371459257913741948437809479060803100646309888,174430093026721863180718387156233290256644179367558167271905669181928444835/1766847064778384329583297500742918515827483896875618958121606201292619776
154,521481209941628438084722096232800809229175908778479680162851955034721612739414196782949728256/364353894205589532700660249706144892769867561938812751679801044909591894240469386823572975369,29969067287845284806900763378587428179104321131567560879029936829441608169/28269553036454149273332760011886696253239742350009903329945699220681916416,2627457104340641516533198948856518745726585494810344764059419062561519138760938903463526400/1093061682616768598101980749118434678309602685816438255039403134728775682721408160470718926107,-678710247220737364255736073508879412261848042091063274424261847804861554057901822167079212521/130370302485407109521180524058200202307293977194619920040712988758680403184853549195737432064,678710247220737364255736073508879412261848042091063274424261847804861554057901822167079212521/130370302485407109521180524058200202307293977194619920040712988758680403184853549195737432064,1313728552170320758266599474428259372863292747405172382029709531280759569380469451731763200/1093061682616768598101980749118434678309602685816438255039403134728775682721408160470718926107,-122981799473005331762791585900174112345711195506113477114682863653589968443681072546488860228,7067656040760016447203952502981421721248744719280238324492234171424232918,1313728552170320758266599474428259372863292747405172382029709531280759569380469451731763200/364353894205589532700660249706144892769867561938812751679801044909591894240469386823572975369,-5912698779655781748103879884555036073776766673601234349060889253121561365/7067388259113537318333190002971674063309935587502475832486424805170479104,709711330399535584025471312101293426949890467847421787219548376993101954443/7067388259113537318333190002971674063309935587502475832486424805170479104
155,2085924839766513752338888384931203236916703635113918720651407820138886450957656787131798913024/1093061682616768598101980749118434678309602685816438255039403134728775682721408160470718926107,89907201863535854420702290135762284537312963394702682637089810488324824507/28269553036454149273332760011886696253239742350009903329945699220681916416,2627457104340641516533198948856518745726585494810344764059419062561519138760938903463526400/3279185047850305794305942247355304034928808057449314765118209404186327048164224481412156778321,-4422294804781090891171830702486177784865531643714897707858479088836476899838199369008783891945/521481209941628438084722096232800809229175908778479680162851955034721612739414196782949728256,4422294804781090891171830702486177784865531643714897707858479088836476899838199369008783891945/521481209941628438084722096232800809229175908778479680162851955034721612739414196782949728256,1313728552170320758266599474428259372863292747405172382029709531280759569380469451731763200/3279185047850305794305942247355304034928808057449314765118209404186327048164224481412156778321,-183294899091141548789323491876559860381329531189957777410191522709804849105727882279405256256,7900347691812481787147114776705755062664450989497889437790494829300929554,1313728552170320758266599474428259372863292747405172382029709531280759569380469451731763200/1093061682616768598101980749118434678309602685816438255039403134728775682721408160470718926107,-34561415686442478399967756063840853968857066549349281486763101587283941475/14134776518227074636666380005943348126619871175004951664972849610340958208,358645001554289611163362322099768510445162489457402029074547742343391113679/3533694129556768659166595001485837031654967793751237916243212402585239552
156,8343699359066055009355553539724812947666814540455674882605631280555545803830627148527195652096/3279185047850305794305942247355304034928808057449314765118209404186327048164224481412156778321,269721605590607563262106870407286853611938890184108047911269431464974473521/113078212145816597093331040047546785012958969400039613319782796882727665664,2069957592028409822346326250541022511096749172995129838856525087445631648126084192093077504/1093061682616768598101980749118434678309602685816438255039403134728775682721408160470718926107,-4178174852846345287269168066331956542092385167825221993402285263262736556027846758818175577205/521481209941628438084722096232800809229175908778479680162851955034721612739414196782949728256,4178174852846345287269168066331956542092385167825221993402285263262736556027846758818175577205/521481209941628438084722096232800809229175908778479680162851955034721612739414196782949728256,1034978796014204911173163125270511255548374586497564919428262543722815824063042096046538752/1093061682616768598101980749118434678309602685816438255039403134728775682721408160470718926107,-3593042297968830884440565866425764203611045840759390239647513899811144378619371601557071032784,116150054772778512988517560324120856558177202450090582742407952935103412409,1034978796014204911173163125270511255548374586497564919428262543722815824063042096046538752/364353894205589532700660249706144892769867561938812751679801044909591894240469386823572975369,-30471836217844928196376111549625891111392703658213884132166522958381787877/226156424291633194186662080095093570025917938800079226639565593765455331328,11442325425492133977592095207802057741617579707540388674602319759379856050609/113078212145816597093331040047546785012958969400039613319782796882727665664
157,33374797436264220037422214158899251790667258161822699530422525122222183215322508594108782608384/29512665430652752148753480226197736314359272517043832886063884637676943433478020332709411004889,809164816771822689786320611221860560835816670552324143733808294394923420563/452312848583266388373324160190187140051835877600158453279131187530910662656,127682732927602648232385579579004165238399923385569370670472701533584016349031539363946175747/26233480382802446354447537978842432279430464459594518120945675233490616385313795851297254226568,-8941551258433403130831252086328066444556607446529496211100572697321405782703087675993350592817/1042962419883256876169444192465601618458351817556959360325703910069443225478828393565899456512,8941551258433403130831252086328066444556607446529496211100572697321405782703087675993350592817/1042962419883256876169444192465601618458351817556959360325703910069443225478828393565899456512,127682732927602648232385579579004165238399923385569370670472701533584016349031539363946175747/52466960765604892708895075957684864558860928919189036241891350466981232770627591702594508453136,10966359950363385690174255889026210134383468036249128626814144259170242510186970219064712538784,-265877048597389231071263735977530971974024953572157497570194359966295668282,127682732927602648232385579579004165238399923385569370670472701533584016349031539363946175747/17488986921868297569631691985894954852953642973063012080630450155660410923542530567531502817712,-445353974111096093052783828101498537891655935534760996427647853610760379959/452312848583266388373324160190187140051835877600158453279131187530910662656,23012787618209403367404200950604864401791449591153555091925744454657711035953/226156424291633194186662080095093570025917938800079226639565593765455331328
158,133499189745056880149688856635597007162669032647290798121690100488888732861290034376435130433536/88537996291958256446260440678593208943077817551131498658191653913030830300434060998128233014667,2427494450315468069358961833665581682507450011656972431201424883184770261689/1809251394333065553493296640760748560207343510400633813116524750123642650624,277301084008478668077013854945168099715718969611363892840406099232767145831670350112159226486185/57372621597188950177176765559728399395114425773133211130508191735643978034681271526787094993504216,-353201670577363012474059415229226170071942467876735983408670305716813612124489397321379928971491/33374797436264220037422214158899251790667258161822699530422525122222183215322508594108782608384,353201670577363012474059415229226170071942467876735983408670305716813612124489397321379928971491/33374797436264220037422214158899251790667258161822699530422525122222183215322508594108782608384,277301084008478668077013854945168099715718969611363892840406099232767145831670350112159226486185/114745243194377900354353531119456798790228851546266422261016383471287956069362543053574189987008432,-6137318962137296230320866620592314342095971565530528988503396601237373965470108213887325628908,111598487967271124222468569980680906790098382864795915018126734849483760336,277301084008478668077013854945168099715718969611363892840406099232767145831670350112159226486185/38248414398125966784784510373152266263409617182088807420338794490429318689787514351191396662336144,-4562378331789083965262931054888370983251328016493586900625390620612779565837/1809251394333065553493296640760748560207343510400633813116524750123642650624,94236838777375348629190567778480921867916414610258238896260501567523971035577/904625697166532776746648320380374280103671755200316906558262375061821325312
159,533996758980227520598755426542388028650676130589163192486760401955554931445160137505740521734144/265613988875874769338781322035779626829233452653394495974574961739092490901302182994384699044001,7282483350946404208076885500996745047522350034970917293604274649554310785067/7237005577332262213973186563042994240829374041602535252466099000494570602496,208346099762162872117116581731377621752870459885561204852430705354902637554028269529662439644585/28686310798594475088588382779864199697557212886566605565254095867821989017340635763393547496752108,-608002615680455988372007059343421495614252762771898767527592025409863930577324837609881034743097/66749594872528440074844428317798503581334516323645399060845050244444366430645017188217565216768,608002615680455988372007059343421495614252762771898767527592025409863930577324837609881034743097/66749594872528440074844428317798503581334516323645399060845050244444366430645017188217565216768,208346099762162872117116581731377621752870459885561204852430705354902637554028269529662439644585/57372621597188950177176765559728399395114425773133211130508191735643978034681271526787094993504216,-188724160149468734770670935015382200800865710177913172744648289004094795624754640198503754420568,2573761977197203489622768731658797324854260971065908015425965375666176372082,208346099762162872117116581731377621752870459885561204852430705354902637554028269529662439644585/19124207199062983392392255186576133131704808591044403710169397245214659344893757175595698331168072,-5321525464103595284775834185921673906330681148601538353754596735673898293825/7237005577332262213973186563042994240829374041602535252466099000494570602496,374256355455360793037576282325156805251112414809680000789593967609959990993593/3618502788666131106986593281521497120414687020801267626233049500247285301248
160,2135987035920910082395021706169552114602704522356652769947041607822219725780640550022962086936576/796841966627624308016343966107338880487700357960183487923724885217277472703906548983154097132003,21847450052839212624230656502990235142567050104912751880812823948662932355201/7237005577332262213973186563042994240829374041602535252466099000494570602496,2627457104340641516533198948856518745726585494810344764059419062561519138760938903463526400/1093061682616768598101980749118434678309602685816438255039403134728775682721408160470718926107,-2225924310308137099774750195678242741254705868233843822647740385941448307049800859959084198908507/266998379490113760299377713271194014325338065294581596243380200977777465722580068752870260867072,2225924310308137099774750195678242741254705868233843822647740385941448307049800859959084198908507/266998379490113760299377713271194014325338065294581596243380200977777465722580068752870260867072,1313728552170320758266599474428259372863292747405172382029709531280759569380469451731763200/1093061682616768598101980749118434678309602685816438255039403134728775682721408160470718926107,216784217665457223673829834542466522468828156541709946352743448763782284493464027630606166190528,-2217327300232391965525981918144189584771074351444485581181973442037983048402,1313728552170320758266599474428259372863292747405172382029709531280759569380469451731763200/364353894205589532700660249706144892769867561938812751679801044909591894240469386823572975369,-5524858442115309279178301486337767050366106763298562116114342623606784574757/7237005577332262213973186563042994240829374041602535252466099000494570602496,374324133114698031035710438091962169632457556681245675377047216239270953087237/3618502788666131106986593281521497120414687020801267626233049500247285301248
