t,a,b,birth_0,birth_1,birth_2,c_0,c_1,c_2,h,delta_h,E,delta_E,rule_jump
1,0,0,0,0,0,0,0,0,0,0,0,0,1
2,1,0,0,0,0,0,0,0,0,0,0,0,1
3,0,1,1,1,1,1,1,1,1,1,0,0,0
4,2,0,0,0,0,1,1,1,1,0,0,0,1
6,1,1,1,0,1,2,1,2,1,0,0,0,1
8,3,0,0,0,0,2,1,2,1,0,0,0,1
9,0,2,0,1,0,2,2,2,2,1,0,0,0
12,2,1,1,1,0,3,3,2,2,0,0,0,1
16,4,0,0,0,0,3,3,2,2,0,0,0,1
18,1,2,0,0,1,3,3,3,3,1,0,0,0
24,3,1,0,1,1,3,4,4,3,0,0,0,1
27,0,3,1,0,0,4,4,4,4,1,0,0,0
32,5,0,0,0,0,4,4,4,4,0,0,0,1
36,2,2,1,0,0,5,4,4,4,0,0,0,1
48,4,1,1,0,1,6,4,5,4,0,0,0,1
54,1,3,0,1,0,6,5,5,5,1,0,0,0
64,6,0,0,0,0,6,5,5,5,0,0,0,1
72,3,2,0,1,0,6,6,5,5,0,0,0,1
81,0,4,0,0,1,6,6,6,6,1,0,0,0
96,5,1,1,1,0,7,7,6,6,0,0,0,1
108,2,3,0,0,1,7,7,7,7,1,0,0,0
128,7,0,0,0,0,7,7,7,7,0,0,0,1
144,4,2,0,0,1,7,7,8,7,0,0,0,1
162,1,4,1,0,0,8,7,8,7,0,0,0,1
192,6,1,0,1,1,8,8,9,8,1,0,0,0
216,3,3,1,0,0,9,8,9,8,0,0,0,1
243,0,5,0,1,0,9,9,9,9,1,0,0,0
256,8,0,0,0,0,9,9,9,9,0,0,0,1
288,5,2,1,0,0,10,9,9,9,0,0,0,1
324,2,4,0,1,0,10,10,9,9,0,0,0,1
384,7,1,1,0,1,11,10,10,10,1,0,0,0
432,4,3,0,1,0,11,11,10,10,0,0,0,1
486,1,5,0,0,1,11,11,11,11,1,0,0,0
512,9,0,0,0,0,11,11,11,11,0,0,0,1
576,6,2,0,1,0,11,12,11,11,0,0,0,1
648,3,4,0,0,1,11,12,12,11,0,0,0,1
729,0,6,1,0,0,12,12,12,12,1,0,0,0
768,8,1,1,1,0,13,13,12,12,0,0,0,1
864,5,3,0,0,1,13,13,13,13,1,0,0,0
972,2,5,1,0,0,14,13,13,13,0,0,0,1
1024,10,0,0,0,0,14,13,13,13,0,0,0,1
1152,7,2,0,0,1,14,13,14,13,0,0,0,1
1296,4,4,1,0,0,15,13,14,13,0,0,0,1
1458,1,6,0,1,0,15,14,14,14,1,0,0,0
1536,9,1,0,1,1,15,15,15,15,1,1,1,1
1728,6,3,1,0,0,16,15,15,15,0,0,-1,0
1944,3,5,0,1,0,16,16,15,15,0,0,0,1
2048,11,0,0,0,0,16,16,15,15,0,0,0,1
2187,0,7,0,0,1,16,16,16,16,1,0,0,0
2304,8,2,1,0,0,17,16,16,16,0,0,0,1
2592,5,4,0,1,0,17,17,16,16,0,0,0,1
2916,2,6,0,0,1,17,17,17,17,1,0,0,0
3072,10,1,1,0,1,18,17,18,17,0,0,0,1
3456,7,3,0,1,0,18,18,18,18,1,0,0,0
3888,4,5,0,0,1,18,18,19,18,0,0,0,1
4096,12,0,0,0,0,18,18,19,18,0,0,0,1
4374,1,7,1,0,0,19,18,19,18,0,0,0,1
4608,9,2,0,1,0,19,19,19,19,1,0,0,0
5184,6,4,0,0,1,19,19,20,19,0,0,0,1
5832,3,6,1,0,0,20,19,20,19,0,0,0,1
6144,11,1,1,1,0,21,20,20,20,1,1,1,1
6561,0,8,0,1,0,21,21,20,20,0,0,-1,0
6912,8,3,0,0,1,21,21,21,21,1,0,0,0
7776,5,5,1,0,0,22,21,21,21,0,0,0,1
8192,13,0,0,0,0,22,21,21,21,0,0,0,1
8748,2,7,0,1,0,22,22,21,21,0,0,0,1
9216,10,2,0,0,1,22,22,22,22,1,0,0,0
10368,7,4,1,0,0,23,22,22,22,0,0,0,1
11664,4,6,0,1,0,23,23,22,22,0,0,0,1
12288,12,1,0,1,1,23,24,23,23,1,1,1,1
13122,1,8,0,0,1,23,24,24,23,0,0,-1,0
13824,9,3,1,0,0,24,24,24,24,1,0,0,0
15552,6,5,0,1,0,24,25,24,24,0,0,0,1
16384,14,0,0,0,0,24,25,24,24,0,0,0,1
17496,3,7,0,0,1,24,25,25,24,0,0,0,1
18432,11,2,1,0,0,25,25,25,25,1,0,0,0
19683,0,9,1,0,0,26,25,25,25,0,0,0,1
20736,8,4,0,1,0,26,26,25,25,0,0,0,1
23328,5,6,0,0,1,26,26,26,26,1,0,0,0
24576,13,1,1,0,1,27,26,27,26,0,0,0,1
26244,2,8,1,0,0,28,26,27,26,0,0,0,1
27648,10,3,0,1,0,28,27,27,27,1,0,0,0
31104,7,5,0,0,1,28,27,28,27,0,0,0,1
32768,15,0,0,0,0,28,27,28,27,0,0,0,1
34992,4,7,1,0,0,29,27,28,27,0,0,0,1
36864,12,2,0,1,0,29,28,28,28,1,0,0,0
39366,1,9,0,1,0,29,29,28,28,0,0,0,1
41472,9,4,0,0,1,29,29,29,29,1,0,0,0
46656,6,6,1,0,0,30,29,29,29,0,0,0,1
49152,14,1,1,1,0,31,30,29,29,0,0,0,1
52488,3,8,0,1,0,31,31,29,29,0,0,0,1
55296,11,3,0,0,1,31,31,30,30,1,0,0,0
59049,0,10,0,0,1,31,31,31,31,1,0,0,0
62208,8,5,1,0,0,32,31,31,31,0,0,0,1
65536,16,0,0,0,0,32,31,31,31,0,0,0,1
69984,5,7,0,1,0,32,32,31,31,0,0,0,1
73728,13,2,0,0,1,32,32,32,32,1,0,0,0
78732,2,9,0,0,1,32,32,33,32,0,0,0,1
82944,10,4,1,0,0,33,32,33,32,0,0,0,1
93312,7,6,0,1,0,33,33,33,33,1,0,0,0
98304,15,1,0,1,1,33,34,34,33,0,0,0,1
104976,4,8,0,0,1,33,34,35,33,0,0,0,1
110592,12,3,1,0,0,34,34,35,34,1,0,0,0
118098,1,10,1,0,0,35,34,35,34,0,0,0,1
124416,9,5,0,1,0,35,35,35,35,1,0,0,0
131072,17,0,0,0,0,35,35,35,35,0,0,0,1
139968,6,7,0,0,1,35,35,36,35,0,0,0,1
147456,14,2,1,0,0,36,35,36,35,0,0,0,1
157464,3,9,1,0,0,37,35,36,35,0,0,0,1
165888,11,4,0,1,0,37,36,36,36,1,0,0,0
177147,0,11,0,1,0,37,37,36,36,0,0,0,1
186624,8,6,0,0,1,37,37,37,37,1,0,0,0
196608,16,1,1,0,1,38,37,38,37,0,0,0,1
209952,5,8,1,0,0,39,37,38,37,0,0,0,1
221184,13,3,0,1,0,39,38,38,38,1,0,0,0
236196,2,10,0,1,0,39,39,38,38,0,0,0,1
248832,10,5,0,0,1,39,39,39,39,1,0,0,0
262144,18,0,0,0,0,39,39,39,39,0,0,0,1
279936,7,7,1,0,0,40,39,39,39,0,0,0,1
294912,15,2,0,1,0,40,40,39,39,0,0,0,1
314928,4,9,0,1,0,40,41,39,39,0,0,0,1
331776,12,4,0,0,1,40,41,40,40,1,0,0,0
354294,1,11,0,0,1,40,41,41,40,0,0,0,1
373248,9,6,1,0,0,41,41,41,41,1,0,0,0
393216,17,1,1,1,0,42,42,41,41,0,0,0,1
419904,6,8,0,1,0,42,43,41,41,0,0,0,1
442368,14,3,0,0,1,42,43,42,42,1,0,0,0
472392,3,10,0,0,1,42,43,43,42,0,0,0,1
497664,11,5,1,0,0,43,43,43,43,1,0,0,0
524288,19,0,0,0,0,43,43,43,43,0,0,0,1
531441,0,12,1,0,0,44,43,43,43,0,0,0,1
559872,8,7,0,1,0,44,44,43,43,0,0,0,1
589824,16,2,0,0,1,44,44,44,44,1,0,0,0
629856,5,9,0,0,1,44,44,45,44,0,0,0,1
663552,13,4,1,0,0,45,44,45,44,0,0,0,1
708588,2,11,1,0,0,46,44,45,44,0,0,0,1
746496,10,6,0,1,0,46,45,45,45,1,0,0,0
786432,18,1,0,1,1,46,46,46,46,1,1,1,1
839808,7,8,0,0,1,46,46,47,46,0,0,-1,0
884736,15,3,1,0,0,47,46,47,46,0,0,0,1
944784,4,10,1,0,0,48,46,47,46,0,0,0,1
995328,12,5,0,1,0,48,47,47,47,1,0,0,0
1048576,20,0,0,0,0,48,47,47,47,0,0,0,1
1062882,1,12,0,1,0,48,48,47,47,0,0,0,1
1119744,9,7,0,0,1,48,48,48,48,1,0,0,0
1179648,17,2,1,0,0,49,48,48,48,0,0,0,1
1259712,6,9,1,0,0,50,48,48,48,0,0,0,1
1327104,14,4,0,1,0,50,49,48,48,0,0,0,1
1417176,3,11,0,1,0,50,50,48,48,0,0,0,1
1492992,11,6,0,0,1,50,50,49,49,1,0,0,0
1572864,19,1,1,0,1,51,50,50,50,1,0,0,0
1594323,0,13,0,0,1,51,50,51,50,0,0,0,1
1679616,8,8,1,0,0,52,50,51,50,0,0,0,1
1769472,16,3,0,1,0,52,51,51,51,1,0,0,0
1889568,5,10,0,1,0,52,52,51,51,0,0,0,1
1990656,13,5,0,0,1,52,52,52,52,1,0,0,0
2097152,21,0,0,0,0,52,52,52,52,0,0,0,1
2125764,2,12,0,0,1,52,52,53,52,0,0,0,1
2239488,10,7,1,0,0,53,52,53,52,0,0,0,1
2359296,18,2,0,1,0,53,53,53,53,1,0,0,0
2519424,7,9,0,1,0,53,54,53,53,0,0,0,1
2654208,15,4,0,0,1,53,54,54,53,0,0,0,1
2834352,4,11,0,0,1,53,54,55,53,0,0,0,1
2985984,12,6,1,0,0,54,54,55,54,1,0,0,0
3145728,20,1,1,1,0,55,55,55,55,1,1,1,1
3188646,1,13,1,0,0,56,55,55,55,0,1,0,1
3359232,9,8,0,1,0,56,56,55,55,0,0,-1,0
3538944,17,3,0,0,1,56,56,56,56,1,0,0,0
3779136,6,10,0,0,1,56,56,57,56,0,0,0,1
3981312,14,5,1,0,0,57,56,57,56,0,0,0,1
4194304,22,0,0,0,0,57,56,57,56,0,0,0,1
4251528,3,12,1,0,0,58,56,57,56,0,0,0,1
4478976,11,7,0,1,0,58,57,57,57,1,0,0,0
4718592,19,2,0,0,1,58,57,58,57,0,0,0,1
4782969,0,14,0,1,0,58,58,58,58,1,0,0,0
5038848,8,9,0,0,1,58,58,59,58,0,0,0,1
5308416,16,4,1,0,0,59,58,59,58,0,0,0,1
5668704,5,11,1,0,0,60,58,59,58,0,0,0,1
5971968,13,6,0,1,0,60,59,59,59,1,0,0,0
6291456,21,1,0,1,1,60,60,60,60,1,1,1,1
6377292,2,13,0,1,0,60,61,60,60,0,1,0,1
6718464,10,8,0,0,1,60,61,61,60,0,0,-1,0
7077888,18,3,1,0,0,61,61,61,61,1,0,0,0
7558272,7,10,1,0,0,62,61,61,61,0,0,0,1
7962624,15,5,0,1,0,62,62,61,61,0,0,0,1
8388608,23,0,0,0,0,62,62,61,61,0,0,0,1
8503056,4,12,0,1,0,62,63,61,61,0,0,0,1
8957952,12,7,0,0,1,62,63,62,62,1,0,0,0
9437184,20,2,1,0,0,63,63,62,62,0,0,0,1
9565938,1,14,0,0,1,63,63,63,63,1,0,0,0
10077696,9,9,1,0,0,64,63,63,63,0,0,0,1
10616832,17,4,0,1,0,64,64,63,63,0,0,0,1
11337408,6,11,0,1,0,64,65,63,63,0,0,0,1
11943936,14,6,0,0,1,64,65,64,64,1,0,0,0
12582912,22,1,1,0,1,65,65,65,65,1,1,1,1
12754584,3,13,0,0,1,65,65,66,65,0,1,0,1
13436928,11,8,1,0,0,66,65,66,65,0,0,-1,0
14155776,19,3,0,1,0,66,66,66,66,1,0,0,0
14348907,0,15,1,0,0,67,66,66,66,0,0,0,1
15116544,8,10,0,1,0,67,67,66,66,0,0,0,1
15925248,16,5,0,0,1,67,67,67,67,1,0,0,0
16777216,24,0,0,0,0,67,67,67,67,0,0,0,1
17006112,5,12,0,0,1,67,67,68,67,0,0,0,1
17915904,13,7,1,0,0,68,67,68,67,0,0,0,1
18874368,21,2,0,1,0,68,68,68,68,1,0,0,0
19131876,2,14,1,0,0,69,68,68,68,0,0,0,1
20155392,10,9,0,1,0,69,69,68,68,0,0,0,1
21233664,18,4,0,0,1,69,69,69,69,1,0,0,0
22674816,7,11,0,0,1,69,69,70,69,0,0,0,1
23887872,15,6,1,0,0,70,69,70,69,0,0,0,1
25165824,23,1,1,1,0,71,70,70,70,1,1,1,1
25509168,4,13,1,0,0,72,70,70,70,0,1,0,1
26873856,12,8,0,1,0,72,71,70,70,0,0,-1,0
28311552,20,3,0,0,1,72,71,71,71,1,0,0,0
28697814,1,15,0,1,0,72,72,71,71,0,0,0,1
30233088,9,10,0,0,1,72,72,72,72,1,0,0,0
31850496,17,5,1,0,0,73,72,72,72,0,0,0,1
33554432,25,0,0,0,0,73,72,72,72,0,0,0,1
34012224,6,12,1,0,0,74,72,72,72,0,0,0,1
35831808,14,7,0,1,0,74,73,72,72,0,0,0,1
37748736,22,2,0,0,1,74,73,73,73,1,0,0,0
38263752,3,14,0,1,0,74,74,73,73,0,0,0,1
40310784,11,9,0,0,1,74,74,74,74,1,0,0,0
42467328,19,4,1,0,0,75,74,74,74,0,0,0,1
43046721,0,16,0,0,1,75,74,75,74,0,0,0,1
45349632,8,11,1,0,0,76,74,75,74,0,0,0,1
47775744,16,6,0,1,0,76,75,75,75,1,0,0,0
50331648,24,1,0,1,1,76,76,76,76,1,1,1,1
51018336,5,13,0,1,0,76,77,76,76,0,1,0,1
53747712,13,8,0,0,1,76,77,77,76,0,0,-1,0
56623104,21,3,1,0,0,77,77,77,77,1,0,0,0
57395628,2,15,0,0,1,77,77,78,77,0,0,0,1
60466176,10,10,1,0,0,78,77,78,77,0,0,0,1
63700992,18,5,0,1,0,78,78,78,78,1,0,0,0
67108864,26,0,0,0,0,78,78,78,78,0,0,0,1
68024448,7,12,0,1,0,78,79,78,78,0,0,0,1
71663616,15,7,0,0,1,78,79,79,78,0,0,0,1
75497472,23,2,1,0,0,79,79,79,79,1,0,0,0
76527504,4,14,0,0,1,79,79,80,79,0,0,0,1
80621568,12,9,1,0,0,80,79,80,79,0,0,0,1
84934656,20,4,0,1,0,80,80,80,80,1,0,0,0
86093442,1,16,1,0,0,81,80,80,80,0,0,0,1
90699264,9,11,0,1,0,81,81,80,80,0,0,0,1
95551488,17,6,0,0,1,81,81,81,81,1,0,0,0
100663296,25,1,1,0,1,82,81,82,81,0,0,0,1
102036672,6,13,0,0,1,82,81,83,81,0,0,0,1
107495424,14,8,1,0,0,83,81,83,81,0,0,0,1
113246208,22,3,0,1,0,83,82,83,82,1,0,0,0
114791256,3,15,1,0,0,84,82,83,82,0,0,0,1
120932352,11,10,0,1,0,84,83,83,83,1,0,0,0
127401984,19,5,0,0,1,84,83,84,83,0,0,0,1
129140163,0,17,0,1,0,84,84,84,84,1,0,0,0
134217728,27,0,0,0,0,84,84,84,84,0,0,0,1
136048896,8,12,0,0,1,84,84,85,84,0,0,0,1
143327232,16,7,1,0,0,85,84,85,84,0,0,0,1
150994944,24,2,0,1,0,85,85,85,85,1,0,0,0
153055008,5,14,1,0,0,86,85,85,85,0,0,0,1
161243136,13,9,0,1,0,86,86,85,85,0,0,0,1
169869312,21,4,0,0,1,86,86,86,86,1,0,0,0
172186884,2,16,0,1,0,86,87,86,86,0,0,0,1
181398528,10,11,0,0,1,86,87,87,86,0,0,0,1
191102976,18,6,1,0,0,87,87,87,87,1,0,0,0
201326592,26,1,1,1,0,88,88,87,87,0,0,0,1
204073344,7,13,1,0,0,89,88,87,87,0,0,0,1
214990848,15,8,0,1,0,89,89,87,87,0,0,0,1
226492416,23,3,0,0,1,89,89,88,88,1,0,0,0
229582512,4,15,0,1,0,89,90,88,88,0,0,0,1
241864704,12,10,0,0,1,89,90,89,89,1,0,0,0
254803968,20,5,1,0,0,90,90,89,89,0,0,0,1
258280326,1,17,0,0,1,90,90,90,90,1,0,0,0
268435456,28,0,0,0,0,90,90,90,90,0,0,0,1
272097792,9,12,1,0,0,91,90,90,90,0,0,0,1
286654464,17,7,0,1,0,91,91,90,90,0,0,0,1
301989888,25,2,0,0,1,91,91,91,91,1,0,0,0
306110016,6,14,0,1,0,91,92,91,91,0,0,0,1
322486272,14,9,0,0,1,91,92,92,91,0,0,0,1
339738624,22,4,1,0,0,92,92,92,92,1,0,0,0
344373768,3,16,0,0,1,92,92,93,92,0,0,0,1
362797056,11,11,1,0,0,93,92,93,92,0,0,0,1
382205952,19,6,0,1,0,93,93,93,93,1,0,0,0
387420489,0,18,1,0,0,94,93,93,93,0,0,0,1
402653184,27,1,0,1,1,94,94,94,94,1,1,1,1
408146688,8,13,0,1,0,94,95,94,94,0,1,0,1
429981696,16,8,0,0,1,94,95,95,94,0,0,-1,0
452984832,24,3,1,0,0,95,95,95,95,1,0,0,0
459165024,5,15,0,0,1,95,95,96,95,0,0,0,1
483729408,13,10,1,0,0,96,95,96,95,0,0,0,1
509607936,21,5,0,1,0,96,96,96,96,1,0,0,0
516560652,2,17,1,0,0,97,96,96,96,0,0,0,1
536870912,29,0,0,0,0,97,96,96,96,0,0,0,1
544195584,10,12,0,1,0,97,97,96,96,0,0,0,1
573308928,18,7,0,0,1,97,97,97,97,1,0,0,0
603979776,26,2,1,0,0,98,97,97,97,0,0,0,1
612220032,7,14,0,0,1,98,97,98,97,0,0,0,1
644972544,15,9,1,0,0,99,97,98,97,0,0,0,1
679477248,23,4,0,1,0,99,98,98,98,1,0,0,0
688747536,4,16,1,0,0,100,98,98,98,0,0,0,1
725594112,12,11,0,1,0,100,99,98,98,0,0,0,1
764411904,20,6,0,0,1,100,99,99,99,1,0,0,0
774840978,1,18,0,1,0,100,100,99,99,0,0,0,1
805306368,28,1,1,0,1,101,100,100,100,1,0,0,0
816293376,9,13,0,0,1,101,100,101,100,0,0,0,1
859963392,17,8,1,0,0,102,100,101,100,0,0,0,1
905969664,25,3,0,1,0,102,101,101,101,1,0,0,0
918330048,6,15,1,0,0,103,101,101,101,0,0,0,1
967458816,14,10,0,1,0,103,102,101,101,0,0,0,1
1019215872,22,5,0,0,1,103,102,102,102,1,0,0,0
1033121304,3,17,0,1,0,103,103,102,102,0,0,0,1
1073741824,30,0,0,0,0,103,103,102,102,0,0,0,1
1088391168,11,12,0,0,1,103,103,103,103,1,0,0,0
1146617856,19,7,1,0,0,104,103,103,103,0,0,0,1
1162261467,0,19,0,0,1,104,103,104,103,0,0,0,1
1207959552,27,2,0,1,0,104,104,104,104,1,0,0,0
1224440064,8,14,1,0,0,105,104,104,104,0,0,0,1
1289945088,16,9,0,1,0,105,105,104,104,0,0,0,1
1358954496,24,4,0,0,1,105,105,105,105,1,0,0,0
1377495072,5,16,0,1,0,105,106,105,105,0,0,0,1
1451188224,13,11,0,0,1,105,106,106,105,0,0,0,1
1528823808,21,6,1,0,0,106,106,106,106,1,0,0,0
1549681956,2,18,0,0,1,106,106,107,106,0,0,0,1
1610612736,29,1,1,1,0,107,107,107,107,1,1,1,1
1632586752,10,13,1,0,0,108,107,107,107,0,1,0,1
1719926784,18,8,0,1,0,108,108,107,107,0,0,-1,0
1811939328,26,3,0,0,1,108,108,108,108,1,0,0,0
1836660096,7,15,0,1,0,108,109,108,108,0,0,0,1
1934917632,15,10,0,0,1,108,109,109,108,0,0,0,1
2038431744,23,5,1,0,0,109,109,109,109,1,0,0,0
2066242608,4,17,0,0,1,109,109,110,109,0,0,0,1
2147483648,31,0,0,0,0,109,109,110,109,0,0,0,1
2176782336,12,12,1,0,0,110,109,110,109,0,0,0,1
2293235712,20,7,0,1,0,110,110,110,110,1,0,0,0
2324522934,1,19,1,0,0,111,110,110,110,0,0,0,1
2415919104,28,2,0,0,1,111,110,111,110,0,0,0,1
2448880128,9,14,0,1,0,111,111,111,111,1,0,0,0
2579890176,17,9,0,0,1,111,111,112,111,0,0,0,1
2717908992,25,4,1,0,0,112,111,112,111,0,0,0,1
2754990144,6,16,0,0,1,112,111,113,111,0,0,0,1
2902376448,14,11,1,0,0,113,111,113,111,0,0,0,1
3057647616,22,6,0,1,0,113,112,113,112,1,0,0,0
3099363912,3,18,1,0,0,114,112,113,112,0,0,0,1
3221225472,30,1,0,1,1,114,113,114,113,1,0,0,0
3265173504,11,13,0,1,0,114,114,114,114,1,1,1,1
3439853568,19,8,0,0,1,114,114,115,114,0,0,-1,0
3486784401,0,20,0,1,0,114,115,115,114,0,0,0,1
3623878656,27,3,1,0,0,115,115,115,115,1,0,0,0
3673320192,8,15,0,0,1,115,115,116,115,0,0,0,1
3869835264,16,10,1,0,0,116,115,116,115,0,0,0,1
4076863488,24,5,0,1,0,116,116,116,116,1,0,0,0
4132485216,5,17,1,0,0,117,116,116,116,0,0,0,1
4294967296,32,0,0,0,0,117,116,116,116,0,0,0,1
4353564672,13,12,0,1,0,117,117,116,116,0,0,0,1
4586471424,21,7,0,0,1,117,117,117,117,1,0,0,0
4649045868,2,19,0,1,0,117,118,117,117,0,0,0,1
4831838208,29,2,1,0,0,118,118,117,117,0,0,0,1
4897760256,10,14,0,0,1,118,118,118,118,1,0,0,0
5159780352,18,9,1,0,0,119,118,118,118,0,0,0,1
5435817984,26,4,0,1,0,119,119,118,118,0,0,0,1
5509980288,7,16,1,0,0,120,119,118,118,0,0,0,1
5804752896,15,11,0,1,0,120,120,118,118,0,0,0,1
6115295232,23,6,0,0,1,120,120,119,119,1,0,0,0
6198727824,4,18,0,1,0,120,121,119,119,0,0,0,1
6442450944,31,1,1,0,1,121,121,120,120,1,0,0,0
6530347008,12,13,0,0,1,121,121,121,121,1,1,1,1
6879707136,20,8,1,0,0,122,121,121,121,0,0,-1,0
6973568802,1,20,0,0,1,122,121,122,121,0,0,0,1
7247757312,28,3,0,1,0,122,122,122,122,1,0,0,0
7346640384,9,15,1,0,0,123,122,122,122,0,0,0,1
7739670528,17,10,0,1,0,123,123,122,122,0,0,0,1
8153726976,25,5,0,0,1,123,123,123,123,1,0,0,0
8264970432,6,17,0,1,0,123,124,123,123,0,0,0,1
8589934592,33,0,0,0,0,123,124,123,123,0,0,0,1
8707129344,14,12,0,0,1,123,124,124,123,0,0,0,1
9172942848,22,7,1,0,0,124,124,124,124,1,0,0,0
9298091736,3,19,0,0,1,124,124,125,124,0,0,0,1
9663676416,30,2,0,1,0,124,125,125,124,0,0,0,1
9795520512,11,14,1,0,0,125,125,125,125,1,0,0,0
10319560704,19,9,0,1,0,125,126,125,125,0,0,0,1
10460353203,0,21,1,0,0,126,126,125,125,0,0,0,1
10871635968,27,4,0,0,1,126,126,126,126,1,0,0,0
11019960576,8,16,0,1,0,126,127,126,126,0,0,0,1
11609505792,16,11,0,0,1,126,127,127,126,0,0,0,1
12230590464,24,6,1,0,0,127,127,127,127,1,0,0,0
12397455648,5,18,0,0,1,127,127,128,127,0,0,0,1
12884901888,32,1,1,1,0,128,128,128,128,1,1,1,1
13060694016,13,13,1,0,0,129,128,128,128,0,1,0,1
13759414272,21,8,0,1,0,129,129,128,128,0,0,-1,0
13947137604,2,20,1,0,0,130,129,128,128,0,0,0,1
14495514624,29,3,0,0,1,130,129,129,129,1,0,0,0
14693280768,10,15,0,1,0,130,130,129,129,0,0,0,1
15479341056,18,10,0,0,1,130,130,130,130,1,0,0,0
16307453952,26,5,1,0,0,131,130,130,130,0,0,0,1
16529940864,7,17,0,0,1,131,130,131,130,0,0,0,1
17179869184,34,0,0,0,0,131,130,131,130,0,0,0,1
17414258688,15,12,1,0,0,132,130,131,130,0,0,0,1
18345885696,23,7,0,1,0,132,131,131,131,1,0,0,0
18596183472,4,19,1,0,0,133,131,131,131,0,0,0,1
19327352832,31,2,0,0,1,133,131,132,131,0,0,0,1
19591041024,12,14,0,1,0,133,132,132,132,1,0,0,0
20639121408,20,9,0,0,1,133,132,133,132,0,0,0,1
20920706406,1,21,0,1,0,133,133,133,133,1,0,0,0
21743271936,28,4,1,0,0,134,133,133,133,0,0,0,1
22039921152,9,16,0,0,1,134,133,134,133,0,0,0,1
23219011584,17,11,1,0,0,135,133,134,133,0,0,0,1
24461180928,25,6,0,1,0,135,134,134,134,1,0,0,0
24794911296,6,18,1,0,0,136,134,134,134,0,0,0,1
25769803776,33,1,0,1,1,136,135,135,135,1,1,1,1
26121388032,14,13,0,1,0,136,136,135,135,0,1,0,1
27518828544,22,8,0,0,1,136,136,136,136,1,1,0,0
27894275208,3,20,0,1,0,136,137,136,136,0,1,0,1
28991029248,30,3,1,0,0,137,137,136,136,0,0,-1,0
29386561536,11,15,0,0,1,137,137,137,137,1,0,0,0
30958682112,19,10,1,0,0,138,137,137,137,0,0,0,1
31381059609,0,22,0,0,1,138,137,138,137,0,0,0,1
32614907904,27,5,0,1,0,138,138,138,138,1,0,0,0
33059881728,8,17,1,0,0,139,138,138,138,0,0,0,1
34359738368,35,0,0,0,0,139,138,138,138,0,0,0,1
34828517376,16,12,0,1,0,139,139,138,138,0,0,0,1
36691771392,24,7,0,0,1,139,139,139,139,1,0,0,0
37192366944,5,19,0,1,0,139,140,139,139,0,0,0,1
38654705664,32,2,1,0,0,140,140,139,139,0,0,0,1
39182082048,13,14,0,0,1,140,140,140,140,1,0,0,0
41278242816,21,9,1,0,0,141,140,140,140,0,0,0,1
41841412812,2,21,0,0,1,141,140,141,140,0,0,0,1
43486543872,29,4,0,1,0,141,141,141,141,1,0,0,0
44079842304,10,16,1,0,0,142,141,141,141,0,0,0,1
46438023168,18,11,0,1,0,142,142,141,141,0,0,0,1
48922361856,26,6,0,0,1,142,142,142,142,1,0,0,0
49589822592,7,18,0,1,0,142,143,142,142,0,0,0,1
51539607552,34,1,1,0,1,143,143,143,143,1,1,1,1
52242776064,15,13,0,0,1,143,143,144,143,0,1,0,1
55037657088,23,8,1,0,0,144,143,144,143,0,0,-1,0
55788550416,4,20,0,0,1,144,143,145,143,0,0,0,1
57982058496,31,3,0,1,0,144,144,145,144,1,0,0,0
58773123072,12,15,1,0,0,145,144,145,144,0,0,0,1
61917364224,20,10,0,1,0,145,145,145,145,1,0,0,0
62762119218,1,22,1,0,0,146,145,145,145,0,0,0,1
65229815808,28,5,0,0,1,146,145,146,145,0,0,0,1
66119763456,9,17,0,1,0,146,146,146,146,1,0,0,0
68719476736,36,0,0,0,0,146,146,146,146,0,0,0,1
69657034752,17,12,0,0,1,146,146,147,146,0,0,0,1
73383542784,25,7,1,0,0,147,146,147,146,0,0,0,1
74384733888,6,19,0,0,1,147,146,148,146,0,0,0,1
77309411328,33,2,0,1,0,147,147,148,147,1,0,0,0
78364164096,14,14,1,0,0,148,147,148,147,0,0,0,1
82556485632,22,9,0,1,0,148,148,148,148,1,0,0,0
83682825624,3,21,1,0,0,149,148,148,148,0,0,0,1
86973087744,30,4,0,0,1,149,148,149,148,0,0,0,1
88159684608,11,16,0,1,0,149,149,149,149,1,0,0,0
92876046336,19,11,0,0,1,149,149,150,149,0,0,0,1
94143178827,0,23,0,1,0,149,150,150,149,0,0,0,1
97844723712,27,6,1,0,0,150,150,150,150,1,0,0,0
99179645184,8,18,0,0,1,150,150,151,150,0,0,0,1
103079215104,35,1,1,1,0,151,151,151,151,1,1,1,1
104485552128,16,13,1,0,0,152,151,151,151,0,1,0,1
110075314176,24,8,0,1,0,152,152,151,151,0,0,-1,0
111577100832,5,20,1,0,0,153,152,151,151,0,0,0,1
115964116992,32,3,0,0,1,153,152,152,152,1,0,0,0
117546246144,13,15,0,1,0,153,153,152,152,0,0,0,1
123834728448,21,10,0,0,1,153,153,153,153,1,0,0,0
125524238436,2,22,0,1,0,153,154,153,153,0,0,0,1
130459631616,29,5,1,0,0,154,154,153,153,0,0,0,1
132239526912,10,17,0,0,1,154,154,154,154,1,0,0,0
137438953472,37,0,0,0,0,154,154,154,154,0,0,0,1
139314069504,18,12,1,0,0,155,154,154,154,0,0,0,1
146767085568,26,7,0,1,0,155,155,154,154,0,0,0,1
148769467776,7,19,1,0,0,156,155,154,154,0,0,0,1
154618822656,34,2,0,0,1,156,155,155,155,1,0,0,0
156728328192,15,14,0,1,0,156,156,155,155,0,0,0,1
165112971264,23,9,0,0,1,156,156,156,156,1,0,0,0
167365651248,4,21,0,1,0,156,157,156,156,0,0,0,1
173946175488,31,4,1,0,0,157,157,156,156,0,0,0,1
176319369216,12,16,0,0,1,157,157,157,157,1,0,0,0
185752092672,20,11,1,0,0,158,157,157,157,0,0,0,1
188286357654,1,23,0,0,1,158,157,158,157,0,0,0,1
195689447424,28,6,0,1,0,158,158,158,158,1,0,0,0
198359290368,9,18,1,0,0,159,158,158,158,0,0,0,1
206158430208,36,1,0,1,1,159,159,159,159,1,1,1,1
208971104256,17,13,0,1,0,159,160,159,159,0,1,0,1
220150628352,25,8,0,0,1,159,160,160,159,0,0,-1,0
223154201664,6,20,0,1,0,159,161,160,159,0,0,0,1
231928233984,33,3,1,0,0,160,161,160,160,1,0,0,0
235092492288,14,15,0,0,1,160,161,161,160,0,0,0,1
247669456896,22,10,1,0,0,161,161,161,161,1,0,0,0
251048476872,3,22,0,0,1,161,161,162,161,0,0,0,1
260919263232,30,5,0,1,0,161,162,162,161,0,0,0,1
264479053824,11,17,1,0,0,162,162,162,162,1,0,0,0
274877906944,38,0,0,0,0,162,162,162,162,0,0,0,1
278628139008,19,12,0,1,0,162,163,162,162,0,0,0,1
282429536481,0,24,1,0,0,163,163,162,162,0,0,0,1
293534171136,27,7,0,0,1,163,163,163,163,1,0,0,0
297538935552,8,19,0,1,0,163,164,163,163,0,0,0,1
309237645312,35,2,1,0,0,164,164,163,163,0,0,0,1
313456656384,16,14,0,0,1,164,164,164,164,1,0,0,0
330225942528,24,9,1,0,0,165,164,164,164,0,0,0,1
334731302496,5,21,0,0,1,165,164,165,164,0,0,0,1
347892350976,32,4,0,1,0,165,165,165,165,1,0,0,0
352638738432,13,16,1,0,0,166,165,165,165,0,0,0,1
371504185344,21,11,0,1,0,166,166,165,165,0,0,0,1
376572715308,2,23,1,0,0,167,166,165,165,0,0,0,1
391378894848,29,6,0,0,1,167,166,166,166,1,0,0,0
396718580736,10,18,0,1,0,167,167,166,166,0,0,0,1
412316860416,37,1,1,0,1,168,167,167,167,1,0,0,0
417942208512,18,13,0,0,1,168,167,168,167,0,0,0,1
440301256704,26,8,1,0,0,169,167,168,167,0,0,0,1
446308403328,7,20,0,0,1,169,167,169,167,0,0,0,1
463856467968,34,3,0,1,0,169,168,169,168,1,0,0,0
470184984576,15,15,1,0,0,170,168,169,168,0,0,0,1
495338913792,23,10,0,1,0,170,169,169,169,1,0,0,0
502096953744,4,22,1,0,0,171,169,169,169,0,0,0,1
521838526464,31,5,0,0,1,171,169,170,169,0,0,0,1
528958107648,12,17,0,1,0,171,170,170,170,1,0,0,0
549755813888,39,0,0,0,0,171,170,170,170,0,0,0,1
557256278016,20,12,0,0,1,171,170,171,170,0,0,0,1
564859072962,1,24,0,1,0,171,171,171,171,1,0,0,0
587068342272,28,7,1,0,0,172,171,171,171,0,0,0,1
595077871104,9,19,0,0,1,172,171,172,171,0,0,0,1
618475290624,36,2,0,1,0,172,172,172,172,1,0,0,0
626913312768,17,14,1,0,0,173,172,172,172,0,0,0,1
660451885056,25,9,0,1,0,173,173,172,172,0,0,0,1
669462604992,6,21,1,0,0,174,173,172,172,0,0,0,1
695784701952,33,4,0,0,1,174,173,173,173,1,0,0,0
705277476864,14,16,0,1,0,174,174,173,173,0,0,0,1
743008370688,22,11,0,0,1,174,174,174,174,1,0,0,0
753145430616,3,23,0,1,0,174,175,174,174,0,0,0,1
782757789696,30,6,1,0,0,175,175,174,174,0,0,0,1
793437161472,11,18,0,0,1,175,175,175,175,1,0,0,0
824633720832,38,1,1,1,0,176,176,175,175,0,0,0,1
835884417024,19,13,1,0,0,177,176,175,175,0,0,0,1
847288609443,0,25,0,0,1,177,176,176,176,1,1,1,1
880602513408,27,8,0,1,0,177,177,176,176,0,0,-1,0
892616806656,8,20,1,0,0,178,177,176,176,0,0,0,1
927712935936,35,3,0,0,1,178,177,177,177,1,0,0,0
940369969152,16,15,0,1,0,178,178,177,177,0,0,0,1
990677827584,24,10,0,0,1,178,178,178,178,1,0,0,0
1004193907488,5,22,0,1,0,178,179,178,178,0,0,0,1
1043677052928,32,5,1,0,0,179,179,178,178,0,0,0,1
1057916215296,13,17,0,0,1,179,179,179,179,1,0,0,0
1099511627776,40,0,0,0,0,179,179,179,179,0,0,0,1
1114512556032,21,12,1,0,0,180,179,179,179,0,0,0,1
1129718145924,2,24,0,0,1,180,179,180,179,0,0,0,1
1174136684544,29,7,0,1,0,180,180,180,180,1,0,0,0
1190155742208,10,19,1,0,0,181,180,180,180,0,0,0,1
1236950581248,37,2,0,0,1,181,180,181,180,0,0,0,1
1253826625536,18,14,0,1,0,181,181,181,181,1,0,0,0
1320903770112,26,9,0,0,1,181,181,182,181,0,0,0,1
1338925209984,7,21,0,1,0,181,182,182,181,0,0,0,1
1391569403904,34,4,1,0,0,182,182,182,182,1,0,0,0
1410554953728,15,16,0,0,1,182,182,183,182,0,0,0,1
1486016741376,23,11,1,0,0,183,182,183,182,0,0,0,1
1506290861232,4,23,0,0,1,183,182,184,182,0,0,0,1
1565515579392,31,6,0,1,0,183,183,184,183,1,0,0,0
1586874322944,12,18,1,0,0,184,183,184,183,0,0,0,1
1649267441664,39,1,0,1,1,184,184,185,184,1,0,0,0
1671768834048,20,13,0,1,0,184,185,185,184,0,0,0,1
1694577218886,1,25,1,0,0,185,185,185,185,1,1,1,1
1761205026816,28,8,0,0,1,185,185,186,185,0,0,-1,0
1785233613312,9,20,0,1,0,185,186,186,185,0,0,0,1
1855425871872,36,3,1,0,0,186,186,186,186,1,0,0,0
1880739938304,17,15,0,0,1,186,186,187,186,0,0,0,1
1981355655168,25,10,1,0,0,187,186,187,186,0,0,0,1
2008387814976,6,22,0,0,1,187,186,188,186,0,0,0,1
2087354105856,33,5,0,1,0,187,187,188,187,1,0,0,0
2115832430592,14,17,1,0,0,188,187,188,187,0,0,0,1
2199023255552,41,0,0,0,0,188,187,188,187,0,0,0,1
2229025112064,22,12,0,1,0,188,188,188,188,1,0,0,0
2259436291848,3,24,1,0,0,189,188,188,188,0,0,0,1
2348273369088,30,7,0,0,1,189,188,189,188,0,0,0,1
2380311484416,11,19,0,1,0,189,189,189,189,1,0,0,0
2473901162496,38,2,1,0,0,190,189,189,189,0,0,0,1
2507653251072,19,14,0,0,1,190,189,190,189,0,0,0,1
2541865828329,0,26,0,1,0,190,190,190,190,1,0,0,0
2641807540224,27,9,1,0,0,191,190,190,190,0,0,0,1
2677850419968,8,21,0,0,1,191,190,191,190,0,0,0,1
2783138807808,35,4,0,1,0,191,191,191,191,1,0,0,0
2821109907456,16,16,1,0,0,192,191,191,191,0,0,0,1
2972033482752,24,11,0,1,0,192,192,191,191,0,0,0,1
3012581722464,5,23,1,0,0,193,192,191,191,0,0,0,1
3131031158784,32,6,0,0,1,193,192,192,192,1,0,0,0
3173748645888,13,18,0,1,0,193,193,192,192,0,0,0,1
3298534883328,40,1,1,0,1,194,193,193,193,1,0,0,0
3343537668096,21,13,0,0,1,194,193,194,193,0,0,0,1
3389154437772,2,25,0,1,0,194,194,194,194,1,1,1,1
3522410053632,29,8,1,0,0,195,194,194,194,0,0,-1,0
3570467226624,10,20,0,0,1,195,194,195,194,0,0,0,1
3710851743744,37,3,0,1,0,195,195,195,195,1,0,0,0
3761479876608,18,15,1,0,0,196,195,195,195,0,0,0,1
3962711310336,26,10,0,1,0,196,196,195,195,0,0,0,1
4016775629952,7,22,1,0,0,197,196,195,195,0,0,0,1
4174708211712,34,5,0,0,1,197,196,196,196,1,0,0,0
4231664861184,15,17,0,1,0,197,197,196,196,0,0,0,1
4398046511104,42,0,0,0,0,197,197,196,196,0,0,0,1
4458050224128,23,12,0,0,1,197,197,197,197,1,0,0,0
4518872583696,4,24,0,1,0,197,198,197,197,0,0,0,1
4696546738176,31,7,1,0,0,198,198,197,197,0,0,0,1
4760622968832,12,19,0,0,1,198,198,198,198,1,0,0,0
4947802324992,39,2,0,1,0,198,199,198,198,0,0,0,1
5015306502144,20,14,1,0,0,199,199,198,198,0,0,0,1
5083731656658,1,26,0,0,1,199,199,199,199,1,0,0,0
5283615080448,28,9,0,1,0,199,200,199,199,0,0,0,1
5355700839936,9,21,1,0,0,200,200,199,199,0,0,0,1
5566277615616,36,4,0,0,1,200,200,200,200,1,0,0,0
5642219814912,17,16,0,1,0,200,201,200,200,0,0,0,1
5944066965504,25,11,0,0,1,200,201,201,200,0,0,0,1
6025163444928,6,23,0,1,0,200,202,201,200,0,0,0,1
6262062317568,33,6,1,0,0,201,202,201,201,1,0,0,0
6347497291776,14,18,0,0,1,201,202,202,201,0,0,0,1
6597069766656,41,1,1,1,0,202,203,202,202,1,0,0,0
6687075336192,22,13,1,0,0,203,203,202,202,0,0,0,1
6778308875544,3,25,0,0,1,203,203,203,203,1,1,1,1
7044820107264,30,8,0,1,0,203,204,203,203,0,0,-1,0
7140934453248,11,20,1,0,0,204,204,203,203,0,0,0,1
7421703487488,38,3,0,0,1,204,204,204,204,1,0,0,0
7522959753216,19,15,0,1,0,204,205,204,204,0,0,0,1
7625597484987,0,27,1,0,0,205,205,204,204,0,0,0,1
7925422620672,27,10,0,0,1,205,205,205,205,1,0,0,0
8033551259904,8,22,0,1,0,205,206,205,205,0,0,0,1
8349416423424,35,5,1,0,0,206,206,205,205,0,0,0,1
8463329722368,16,17,0,0,1,206,206,206,206,1,0,0,0
8796093022208,43,0,0,0,0,206,206,206,206,0,0,0,1
8916100448256,24,12,1,0,0,207,206,206,206,0,0,0,1
9037745167392,5,24,0,0,1,207,206,207,206,0,0,0,1
9393093476352,32,7,0,1,0,207,207,207,207,1,0,0,0
9521245937664,13,19,1,0,0,208,207,207,207,0,0,0,1
9895604649984,40,2,0,0,1,208,207,208,207,0,0,0,1
10030613004288,21,14,0,1,0,208,208,208,208,1,0,0,0
10167463313316,2,26,1,0,0,209,208,208,208,0,0,0,1
10567230160896,29,9,0,0,1,209,208,209,208,0,0,0,1
10711401679872,10,21,0,1,0,209,209,209,209,1,0,0,0
11132555231232,37,4,1,0,0,210,209,209,209,0,0,0,1
11284439629824,18,16,0,0,1,210,209,210,209,0,0,0,1
11888133931008,26,11,1,0,0,211,209,210,209,0,0,0,1
12050326889856,7,23,0,0,1,211,209,211,209,0,0,0,1
12524124635136,34,6,0,1,0,211,210,211,210,1,0,0,0
12694994583552,15,18,1,0,0,212,210,211,210,0,0,0,1
13194139533312,42,1,0,1,1,212,211,212,211,1,0,0,0
13374150672384,23,13,0,1,0,212,212,212,212,1,1,1,1
13556617751088,4,25,1,0,0,213,212,212,212,0,1,0,1
14089640214528,31,8,0,0,1,213,212,213,212,0,0,-1,0
14281868906496,12,20,0,1,0,213,213,213,213,1,1,1,1
14843406974976,39,3,1,0,0,214,213,213,213,0,0,-1,0
15045919506432,20,15,0,0,1,214,213,214,213,0,0,0,1
15251194969974,1,27,0,1,0,214,214,214,214,1,0,0,0
15850845241344,28,10,1,0,0,215,214,214,214,0,0,0,1
16067102519808,9,22,0,0,1,215,214,215,214,0,0,0,1
16698832846848,36,5,0,1,0,215,215,215,215,1,0,0,0
16926659444736,17,17,1,0,0,216,215,215,215,0,0,0,1
17592186044416,44,0,0,0,0,216,215,215,215,0,0,0,1
17832200896512,25,12,0,1,0,216,216,215,215,0,0,0,1
18075490334784,6,24,1,0,0,217,216,215,215,0,0,0,1
18786186952704,33,7,0,0,1,217,216,216,216,1,0,0,0
19042491875328,14,19,0,1,0,217,217,216,216,0,0,0,1
19791209299968,41,2,1,0,0,218,217,216,216,0,0,0,1
20061226008576,22,14,0,0,1,218,217,217,217,1,0,0,0
20334926626632,3,26,0,1,0,218,218,217,217,0,0,0,1
21134460321792,30,9,1,0,0,219,218,217,217,0,0,0,1
21422803359744,11,21,0,0,1,219,218,218,218,1,0,0,0
22265110462464,38,4,0,1,0,219,219,218,218,0,0,0,1
22568879259648,19,16,1,0,0,220,219,218,218,0,0,0,1
22876792454961,0,28,0,0,1,220,219,219,219,1,0,0,0
23776267862016,27,11,0,1,0,220,220,219,219,0,0,0,1
24100653779712,8,23,1,0,0,221,220,219,219,0,0,0,1
25048249270272,35,6,0,0,1,221,220,220,220,1,0,0,0
25389989167104,16,18,0,1,0,221,221,220,220,0,0,0,1
26388279066624,43,1,1,0,1,222,221,221,221,1,0,0,0
26748301344768,24,13,0,0,1,222,221,222,221,0,0,0,1
27113235502176,5,25,0,1,0,222,222,222,222,1,1,1,1
28179280429056,32,8,1,0,0,223,222,222,222,0,0,-1,0
28563737812992,13,20,0,0,1,223,222,223,222,0,0,0,1
29686813949952,40,3,0,1,0,223,223,223,223,1,0,0,0
30091839012864,21,15,1,0,0,224,223,223,223,0,0,0,1
30502389939948,2,27,0,0,1,224,223,224,223,0,0,0,1
31701690482688,29,10,0,1,0,224,224,224,224,1,0,0,0
32134205039616,10,22,1,0,0,225,224,224,224,0,0,0,1
33397665693696,37,5,0,0,1,225,224,225,224,0,0,0,1
33853318889472,18,17,0,1,0,225,225,225,225,1,0,0,0
35184372088832,45,0,0,0,0,225,225,225,225,0,0,0,1
35664401793024,26,12,0,0,1,225,225,226,225,0,0,0,1
36150980669568,7,24,0,1,0,225,226,226,225,0,0,0,1
37572373905408,34,7,1,0,0,226,226,226,226,1,0,0,0
38084983750656,15,19,0,0,1,226,226,227,226,0,0,0,1
39582418599936,42,2,0,1,0,226,227,227,226,0,0,0,1
40122452017152,23,14,1,0,0,227,227,227,227,1,0,0,0
40669853253264,4,26,0,0,1,227,227,228,227,0,0,0,1
42268920643584,31,9,0,1,0,227,228,228,227,0,0,0,1
42845606719488,12,21,1,0,0,228,228,228,228,1,0,0,0
44530220924928,39,4,0,0,1,228,228,229,228,0,0,0,1
45137758519296,20,16,0,1,0,228,229,229,228,0,0,0,1
45753584909922,1,28,1,0,0,229,229,229,229,1,0,0,0
47552535724032,28,11,0,0,1,229,229,230,229,0,0,0,1
48201307559424,9,23,0,1,0,229,230,230,229,0,0,0,1
50096498540544,36,6,1,0,0,230,230,230,230,1,0,0,0
50779978334208,17,18,0,0,1,230,230,231,230,0,0,0,1
52776558133248,44,1,1,1,0,231,231,231,231,1,1,1,1
53496602689536,25,13,1,0,0,232,231,231,231,0,1,0,1
54226471004352,6,25,0,0,1,232,231,232,231,0,1,0,1
56358560858112,33,8,0,1,0,232,232,232,232,1,1,0,0
57127475625984,14,20,1,0,0,233,232,232,232,0,1,0,1
59373627899904,41,3,0,0,1,233,232,233,232,0,0,-1,0
60183678025728,22,15,0,1,0,233,233,233,233,1,0,0,0
61004779879896,3,27,1,0,0,234,233,233,233,0,0,0,1
63403380965376,30,10,0,0,1,234,233,234,233,0,0,0,1
64268410079232,11,22,0,1,0,234,234,234,234,1,0,0,0
66795331387392,38,5,1,0,0,235,234,234,234,0,0,0,1
67706637778944,19,17,0,0,1,235,234,235,234,0,0,0,1
68630377364883,0,29,0,1,0,235,235,235,235,1,0,0,0
70368744177664,46,0,0,0,0,235,235,235,235,0,0,0,1
71328803586048,27,12,1,0,0,236,235,235,235,0,0,0,1
72301961339136,8,24,0,0,1,236,235,236,235,0,0,0,1
75144747810816,35,7,0,1,0,236,236,236,236,1,0,0,0
76169967501312,16,19,1,0,0,237,236,236,236,0,0,0,1
79164837199872,43,2,0,0,1,237,236,237,236,0,0,0,1
80244904034304,24,14,0,1,0,237,237,237,237,1,0,0,0
81339706506528,5,26,1,0,0,238,237,237,237,0,0,0,1
84537841287168,32,9,0,0,1,238,237,238,237,0,0,0,1
85691213438976,13,21,0,1,0,238,238,238,238,1,0,0,0
89060441849856,40,4,1,0,0,239,238,238,238,0,0,0,1
90275517038592,21,16,0,0,1,239,238,239,238,0,0,0,1
91507169819844,2,28,0,1,0,239,239,239,239,1,0,0,0
95105071448064,29,11,1,0,0,240,239,239,239,0,0,0,1
96402615118848,10,23,0,0,1,240,239,240,239,0,0,0,1
100192997081088,37,6,0,1,0,240,240,240,240,1,0,0,0
101559956668416,18,18,1,0,0,241,240,240,240,0,0,0,1
105553116266496,45,1,0,1,1,241,241,241,241,1,1,1,1
106993205379072,26,13,0,1,0,241,242,241,241,0,1,0,1
108452942008704,7,25,1,0,0,242,242,241,241,0,1,0,1
112717121716224,34,8,0,0,1,242,242,242,242,1,1,0,0
114254951251968,15,20,0,1,0,242,243,242,242,0,1,0,1
118747255799808,42,3,1,0,0,243,243,242,242,0,0,-1,0
120367356051456,23,15,0,0,1,243,243,243,243,1,0,0,0
122009559759792,4,27,0,1,0,243,244,243,243,0,0,0,1
126806761930752,31,10,1,0,0,244,244,243,243,0,0,0,1
128536820158464,12,22,0,0,1,244,244,244,244,1,0,0,0
133590662774784,39,5,0,1,0,244,245,244,244,0,0,0,1
135413275557888,20,17,1,0,0,245,245,244,244,0,0,0,1
137260754729766,1,29,0,0,1,245,245,245,245,1,0,0,0
140737488355328,47,0,0,0,0,245,245,245,245,0,0,0,1
142657607172096,28,12,0,1,0,245,246,245,245,0,0,0,1
144603922678272,9,24,1,0,0,246,246,245,245,0,0,0,1
150289495621632,36,7,0,0,1,246,246,246,246,1,0,0,0
152339935002624,17,19,0,1,0,246,247,246,246,0,0,0,1
158329674399744,44,2,1,0,0,247,247,246,246,0,0,0,1
160489808068608,25,14,0,0,1,247,247,247,247,1,0,0,0
162679413013056,6,26,0,1,0,247,248,247,247,0,0,0,1
169075682574336,33,9,1,0,0,248,248,247,247,0,0,0,1
171382426877952,14,21,0,0,1,248,248,248,248,1,0,0,0
178120883699712,41,4,0,1,0,248,249,248,248,0,0,0,1
180551034077184,22,16,1,0,0,249,249,248,248,0,0,0,1
183014339639688,3,28,0,0,1,249,249,249,249,1,0,0,0
190210142896128,30,11,0,1,0,249,250,249,249,0,0,0,1
192805230237696,11,23,1,0,0,250,250,249,249,0,0,0,1
200385994162176,38,6,0,0,1,250,250,250,250,1,0,0,0
203119913336832,19,18,0,1,0,250,251,250,250,0,0,0,1
205891132094649,0,30,1,0,0,251,251,250,250,0,0,0,1
211106232532992,46,1,1,0,1,252,251,251,251,1,0,0,0
213986410758144,27,13,0,0,1,252,251,252,251,0,0,0,1
216905884017408,8,25,0,1,0,252,252,252,252,1,1,1,1
225434243432448,35,8,1,0,0,253,252,252,252,0,0,-1,0
228509902503936,16,20,0,0,1,253,252,253,252,0,0,0,1
237494511599616,43,3,0,1,0,253,253,253,253,1,0,0,0
240734712102912,24,15,1,0,0,254,253,253,253,0,0,0,1
244019119519584,5,27,0,0,1,254,253,254,253,0,0,0,1
253613523861504,32,10,0,1,0,254,254,254,254,1,0,0,0
257073640316928,13,22,1,0,0,255,254,254,254,0,0,0,1
267181325549568,40,5,0,0,1,255,254,255,254,0,0,0,1
270826551115776,21,17,0,1,0,255,255,255,255,1,0,0,0
274521509459532,2,29,1,0,0,256,255,255,255,0,0,0,1
281474976710656,48,0,0,0,0,256,255,255,255,0,0,0,1
285315214344192,29,12,0,0,1,256,255,256,255,0,0,0,1
289207845356544,10,24,0,1,0,256,256,256,256,1,0,0,0
300578991243264,37,7,1,0,0,257,256,256,256,0,0,0,1
304679870005248,18,19,0,0,1,257,256,257,256,0,0,0,1
316659348799488,45,2,0,1,0,257,257,257,257,1,0,0,0
320979616137216,26,14,1,0,0,258,257,257,257,0,0,0,1
325358826026112,7,26,0,0,1,258,257,258,257,0,0,0,1
338151365148672,34,9,0,1,0,258,258,258,258,1,0,0,0
342764853755904,15,21,1,0,0,259,258,258,258,0,0,0,1
356241767399424,42,4,0,0,1,259,258,259,258,0,0,0,1
361102068154368,23,16,0,1,0,259,259,259,259,1,0,0,0
366028679279376,4,28,1,0,0,260,259,259,259,0,0,0,1
380420285792256,31,11,0,0,1,260,259,260,259,0,0,0,1
385610460475392,12,23,0,1,0,260,260,260,260,1,0,0,0
400771988324352,39,6,1,0,0,261,260,260,260,0,0,0,1
406239826673664,20,18,0,0,1,261,260,261,260,0,0,0,1
411782264189298,1,30,0,1,0,261,261,261,261,1,0,0,0
422212465065984,47,1,1,1,0,262,262,261,261,0,0,0,1
427972821516288,28,13,1,0,0,263,262,261,261,0,0,0,1
433811768034816,9,25,0,0,1,263,262,262,262,1,1,1,1
450868486864896,36,8,0,1,0,263,263,262,262,0,0,-1,0
457019805007872,17,20,1,0,0,264,263,262,262,0,0,0,1
474989023199232,44,3,0,0,1,264,263,263,263,1,0,0,0
481469424205824,25,15,0,1,0,264,264,263,263,0,0,0,1
488038239039168,6,27,1,0,0,265,264,263,263,0,0,0,1
507227047723008,33,10,0,0,1,265,264,264,264,1,0,0,0
514147280633856,14,22,0,1,0,265,265,264,264,0,0,0,1
534362651099136,41,5,1,0,0,266,265,264,264,0,0,0,1
541653102231552,22,17,0,0,1,266,265,265,265,1,0,0,0
549043018919064,3,29,0,1,0,266,266,265,265,0,0,0,1
562949953421312,49,0,0,0,0,266,266,265,265,0,0,0,1
570630428688384,30,12,1,0,0,267,266,265,265,0,0,0,1
578415690713088,11,24,0,0,1,267,266,266,266,1,0,0,0
601157982486528,38,7,0,1,0,267,267,266,266,0,0,0,1
609359740010496,19,19,1,0,0,268,267,266,266,0,0,0,1
617673396283947,0,31,0,0,1,268,267,267,267,1,0,0,0
633318697598976,46,2,0,0,1,268,267,268,267,0,0,0,1
641959232274432,27,14,0,1,0,268,268,268,268,1,0,0,0
650717652052224,8,26,1,0,0,269,268,268,268,0,0,0,1
676302730297344,35,9,0,0,1,269,268,269,268,0,0,0,1
685529707511808,16,21,0,1,0,269,269,269,269,1,0,0,0
712483534798848,43,4,1,0,0,270,269,269,269,0,0,0,1
722204136308736,24,16,0,0,1,270,269,270,269,0,0,0,1
732057358558752,5,28,0,1,0,270,270,270,270,1,0,0,0
760840571584512,32,11,1,0,0,271,270,270,270,0,0,0,1
771220920950784,13,23,0,0,1,271,270,271,270,0,0,0,1
801543976648704,40,6,0,1,0,271,271,271,271,1,0,0,0
812479653347328,21,18,1,0,0,272,271,271,271,0,0,0,1
823564528378596,2,30,0,0,1,272,271,272,271,0,0,0,1
844424930131968,48,1,0,1,1,272,272,273,272,1,0,0,0
855945643032576,29,13,0,1,0,272,273,273,272,0,0,0,1
867623536069632,10,25,1,0,0,273,273,273,273,1,1,1,1
901736973729792,37,8,0,0,1,273,273,274,273,0,0,-1,0
914039610015744,18,20,0,1,0,273,274,274,273,0,0,0,1
949978046398464,45,3,1,0,0,274,274,274,274,1,0,0,0
962938848411648,26,15,0,0,1,274,274,275,274,0,0,0,1
976076478078336,7,27,0,1,0,274,275,275,274,0,0,0,1
1014454095446016,34,10,1,0,0,275,275,275,275,1,0,0,0
1028294561267712,15,22,0,0,1,275,275,276,275,0,0,0,1
1068725302198272,42,5,0,1,0,275,276,276,275,0,0,0,1
1083306204463104,23,17,1,0,0,276,276,276,276,1,0,0,0
1098086037838128,4,29,0,0,1,276,276,277,276,0,0,0,1
1125899906842624,50,0,0,0,0,276,276,277,276,0,0,0,1
1141260857376768,31,12,0,1,0,276,277,277,276,0,0,0,1
1156831381426176,12,24,1,0,0,277,277,277,277,1,0,0,0
1202315964973056,39,7,0,0,1,277,277,278,277,0,0,0,1
1218719480020992,20,19,0,1,0,277,278,278,277,0,0,0,1
1235346792567894,1,31,1,0,0,278,278,278,278,1,0,0,0
1266637395197952,47,2,1,0,0,279,278,278,278,0,0,0,1
1283918464548864,28,14,0,0,1,279,278,279,278,0,0,0,1
1301435304104448,9,26,0,1,0,279,279,279,279,1,0,0,0
1352605460594688,36,9,1,0,0,280,279,279,279,0,0,0,1
1371059415023616,17,21,0,0,1,280,279,280,279,0,0,0,1
1424967069597696,44,4,0,1,0,280,280,280,280,1,0,0,0
1444408272617472,25,16,1,0,0,281,280,280,280,0,0,0,1
1464114717117504,6,28,0,0,1,281,280,281,280,0,0,0,1
1521681143169024,33,11,0,1,0,281,281,281,281,1,0,0,0
1542441841901568,14,23,1,0,0,282,281,281,281,0,0,0,1
1603087953297408,41,6,0,0,1,282,281,282,281,0,0,0,1
1624959306694656,22,18,0,1,0,282,282,282,282,1,0,0,0
1647129056757192,3,30,1,0,0,283,282,282,282,0,0,0,1
1688849860263936,49,1,1,0,1,284,282,283,282,0,0,0,1
1711891286065152,30,13,0,0,1,284,282,284,282,0,0,0,1
1735247072139264,11,25,0,1,0,284,283,284,283,1,0,0,0
1803473947459584,38,8,1,0,0,285,283,284,283,0,0,0,1
1828079220031488,19,20,0,0,1,285,283,285,283,0,0,0,1
1853020188851841,0,32,0,1,0,285,284,285,284,1,0,0,0
1899956092796928,46,3,0,1,0,285,285,285,285,1,0,0,0
1925877696823296,27,15,1,0,0,286,285,285,285,0,0,0,1
1952152956156672,8,27,0,0,1,286,285,286,285,0,0,0,1
2028908190892032,35,10,0,1,0,286,286,286,286,1,0,0,0
2056589122535424,16,22,1,0,0,287,286,286,286,0,0,0,1
2137450604396544,43,5,0,0,1,287,286,287,286,0,0,0,1
2166612408926208,24,17,0,1,0,287,287,287,287,1,0,0,0
2196172075676256,5,29,1,0,0,288,287,287,287,0,0,0,1
2251799813685248,51,0,0,0,0,288,287,287,287,0,0,0,1
2282521714753536,32,12,0,0,1,288,287,288,287,0,0,0,1
2313662762852352,13,24,0,1,0,288,288,288,288,1,0,0,0
2404631929946112,40,7,1,0,0,289,288,288,288,0,0,0,1
2437438960041984,21,19,0,0,1,289,288,289,288,0,0,0,1
2470693585135788,2,31,0,1,0,289,289,289,289,1,0,0,0
2533274790395904,48,2,0,1,0,289,290,289,289,0,0,0,1
2567836929097728,29,14,1,0,0,290,290,289,289,0,0,0,1
2602870608208896,10,26,0,0,1,290,290,290,290,1,0,0,0
2705210921189376,37,9,0,1,0,290,291,290,290,0,0,0,1
2742118830047232,18,21,1,0,0,291,291,290,290,0,0,0,1
2849934139195392,45,4,0,0,1,291,291,291,291,1,0,0,0
2888816545234944,26,16,0,1,0,291,292,291,291,0,0,0,1
2928229434235008,7,28,1,0,0,292,292,291,291,0,0,0,1
3043362286338048,34,11,0,0,1,292,292,292,292,1,0,0,0
3084883683803136,15,23,0,1,0,292,293,292,292,0,0,0,1
3206175906594816,42,6,1,0,0,293,293,292,292,0,0,0,1
3249918613389312,23,18,0,0,1,293,293,293,293,1,0,0,0
3294258113514384,4,30,0,1,0,293,294,293,293,0,0,0,1
3377699720527872,50,1,1,1,0,294,295,293,293,0,0,0,1
3423782572130304,31,13,1,0,0,295,295,293,293,0,0,0,1
3470494144278528,12,25,0,0,1,295,295,294,294,1,0,0,0
3606947894919168,39,8,0,1,0,295,296,294,294,0,0,0,1
3656158440062976,20,20,1,0,0,296,296,294,294,0,0,0,1
3706040377703682,1,32,0,0,1,296,296,295,295,1,0,0,0
3799912185593856,47,3,0,0,1,296,296,296,296,1,0,0,0
3851755393646592,28,15,0,1,0,296,297,296,296,0,0,0,1
3904305912313344,9,27,1,0,0,297,297,296,296,0,0,0,1
4057816381784064,36,10,0,0,1,297,297,297,297,1,0,0,0
4113178245070848,17,22,0,1,0,297,298,297,297,0,0,0,1
4274901208793088,44,5,1,0,0,298,298,297,297,0,0,0,1
4333224817852416,25,17,0,0,1,298,298,298,298,1,0,0,0
4392344151352512,6,29,0,1,0,298,299,298,298,0,0,0,1
4503599627370496,52,0,0,0,0,298,299,298,298,0,0,0,1
4565043429507072,33,12,1,0,0,299,299,298,298,0,0,0,1
4627325525704704,14,24,0,0,1,299,299,299,299,1,0,0,0
4809263859892224,41,7,0,1,0,299,300,299,299,0,0,0,1
4874877920083968,22,19,1,0,0,300,300,299,299,0,0,0,1
4941387170271576,3,31,0,0,1,300,300,300,300,1,0,0,0
5066549580791808,49,2,0,0,1,300,300,301,300,0,0,0,1
5135673858195456,30,14,0,1,0,300,301,301,300,0,0,0,1
5205741216417792,11,26,1,0,0,301,301,301,301,1,0,0,0
5410421842378752,38,9,0,0,1,301,301,302,301,0,0,0,1
5484237660094464,19,21,0,1,0,301,302,302,301,0,0,0,1
5559060566555523,0,33,1,0,0,302,302,302,302,1,0,0,0
5699868278390784,46,4,1,0,0,303,302,302,302,0,0,0,1
5777633090469888,27,16,0,0,1,303,302,303,302,0,0,0,1
5856458868470016,8,28,0,1,0,303,303,303,303,1,0,0,0
6086724572676096,35,11,1,0,0,304,303,303,303,0,0,0,1
6169767367606272,16,23,0,0,1,304,303,304,303,0,0,0,1
6412351813189632,43,6,0,1,0,304,304,304,304,1,0,0,0
6499837226778624,24,18,1,0,0,305,304,304,304,0,0,0,1
6588516227028768,5,30,0,0,1,305,304,305,304,0,0,0,1
6755399441055744,51,1,0,1,1,305,305,306,305,1,0,0,0
6847565144260608,32,13,0,1,0,305,306,306,305,0,0,0,1
6940988288557056,13,25,1,0,0,306,306,306,306,1,1,1,1
7213895789838336,40,8,0,0,1,306,306,307,306,0,0,-1,0
7312316880125952,21,20,0,1,0,306,307,307,306,0,0,0,1
7412080755407364,2,32,1,0,0,307,307,307,307,1,1,1,1
7599824371187712,48,3,1,0,0,308,307,307,307,0,0,-1,0
7703510787293184,29,15,0,0,1,308,307,308,307,0,0,0,1
7808611824626688,10,27,0,1,0,308,308,308,308,1,0,0,0
8115632763568128,37,10,1,0,0,309,308,308,308,0,0,0,1
8226356490141696,18,22,0,0,1,309,308,309,308,0,0,0,1
8549802417586176,45,5,0,1,0,309,309,309,309,1,0,0,0
8666449635704832,26,17,1,0,0,310,309,309,309,0,0,0,1
8784688302705024,7,29,0,0,1,310,309,310,309,0,0,0,1
9007199254740992,53,0,0,0,0,310,309,310,309,0,0,0,1
9130086859014144,34,12,0,1,0,310,310,310,310,1,0,0,0
9254651051409408,15,24,1,0,0,311,310,310,310,0,0,0,1
9618527719784448,42,7,0,0,1,311,310,311,310,0,0,0,1
9749755840167936,23,19,0,1,0,311,311,311,311,1,0,0,0
9882774340543152,4,31,1,0,0,312,311,311,311,0,0,0,1
10133099161583616,50,2,1,0,0,313,311,311,311,0,0,0,1
10271347716390912,31,14,0,0,1,313,311,312,311,0,0,0,1
10411482432835584,12,26,0,1,0,313,312,312,312,1,0,0,0
10820843684757504,39,9,1,0,0,314,312,312,312,0,0,0,1
10968475320188928,20,21,0,0,1,314,312,313,312,0,0,0,1
11118121133111046,1,33,0,1,0,314,313,313,313,1,0,0,0
11399736556781568,47,4,0,1,0,314,314,313,313,0,0,0,1
11555266180939776,28,16,1,0,0,315,314,313,313,0,0,0,1
11712917736940032,9,28,0,0,1,315,314,314,314,1,0,0,0
12173449145352192,36,11,0,1,0,315,315,314,314,0,0,0,1
12339534735212544,17,23,1,0,0,316,315,314,314,0,0,0,1
12824703626379264,44,6,0,0,1,316,315,315,315,1,0,0,0
12999674453557248,25,18,0,1,0,316,316,315,315,0,0,0,1
13177032454057536,6,30,1,0,0,317,316,315,315,0,0,0,1
13510798882111488,52,1,1,0,1,318,316,316,316,1,0,0,0
13695130288521216,33,13,0,0,1,318,316,317,316,0,0,0,1
13881976577114112,14,25,0,1,0,318,317,317,317,1,0,0,0
14427791579676672,41,8,1,0,0,319,317,317,317,0,0,0,1
14624633760251904,22,20,0,0,1,319,317,318,317,0,0,0,1
14824161510814728,3,32,0,1,0,319,318,318,318,1,0,0,0
15199648742375424,49,3,0,1,0,319,319,318,318,0,0,0,1
15407021574586368,30,15,1,0,0,320,319,318,318,0,0,0,1
15617223649253376,11,27,0,0,1,320,319,319,319,1,0,0,0
16231265527136256,38,10,0,1,0,320,320,319,319,0,0,0,1
16452712980283392,19,22,1,0,0,321,320,319,319,0,0,0,1
16677181699666569,0,34,0,0,1,321,320,320,320,1,0,0,0
17099604835172352,46,5,0,0,1,321,320,321,320,0,0,0,1
17332899271409664,27,17,0,1,0,321,321,321,321,1,0,0,0
17569376605410048,8,29,1,0,0,322,321,321,321,0,0,0,1
18014398509481984,54,0,0,0,0,322,321,321,321,0,0,0,1
18260173718028288,35,12,0,0,1,322,321,322,321,0,0,0,1
18509302102818816,16,24,0,1,0,322,322,322,322,1,0,0,0
19237055439568896,43,7,1,0,0,323,322,322,322,0,0,0,1
19499511680335872,24,19,0,0,1,323,322,323,322,0,0,0,1
19765548681086304,5,31,0,1,0,323,323,323,323,1,0,0,0
20266198323167232,51,2,0,1,0,323,324,323,323,0,0,0,1
20542695432781824,32,14,1,0,0,324,324,323,323,0,0,0,1
20822964865671168,13,26,0,0,1,324,324,324,324,1,0,0,0
21641687369515008,40,9,0,1,0,324,325,324,324,0,0,0,1
21936950640377856,21,21,1,0,0,325,325,324,324,0,0,0,1
22236242266222092,2,33,0,0,1,325,325,325,325,1,0,0,0
22799473113563136,48,4,0,0,1,325,325,326,325,0,0,0,1
23110532361879552,29,16,0,1,0,325,326,326,325,0,0,0,1
23425835473880064,10,28,1,0,0,326,326,326,326,1,0,0,0
24346898290704384,37,11,0,0,1,326,326,327,326,0,0,0,1
24679069470425088,18,23,0,1,0,326,327,327,326,0,0,0,1
25649407252758528,45,6,1,0,0,327,327,327,327,1,0,0,0
25999348907114496,26,18,0,0,1,327,327,328,327,0,0,0,1
26354064908115072,7,30,0,1,0,327,328,328,327,0,0,0,1
27021597764222976,53,1,1,1,0,328,329,328,328,1,0,0,0
27390260577042432,34,13,1,0,0,329,329,328,328,0,0,0,1
27763953154228224,15,25,0,0,1,329,329,329,329,1,1,1,1
28855583159353344,42,8,0,1,0,329,330,329,329,0,0,-1,0
29249267520503808,23,20,1,0,0,330,330,329,329,0,0,0,1
29648323021629456,4,32,0,0,1,330,330,330,330,1,1,1,1
30399297484750848,50,3,0,0,1,330,330,331,330,0,0,-1,0
30814043149172736,31,15,0,1,0,330,331,331,330,0,0,0,1
31234447298506752,12,27,1,0,0,331,331,331,331,1,0,0,0
32462531054272512,39,10,0,0,1,331,331,332,331,0,0,0,1
32905425960566784,20,22,0,1,0,331,332,332,331,0,0,0,1
33354363399333138,1,34,1,0,0,332,332,332,332,1,0,0,0
34199209670344704,47,5,1,0,0,333,332,332,332,0,0,0,1
34665798542819328,28,17,0,0,1,333,332,333,332,0,0,0,1
35138753210820096,9,29,0,1,0,333,333,333,333,1,0,0,0
36028797018963968,55,0,0,0,0,333,333,333,333,0,0,0,1
36520347436056576,36,12,1,0,0,334,333,333,333,0,0,0,1
37018604205637632,17,24,0,0,1,334,333,334,333,0,0,0,1
38474110879137792,44,7,0,1,0,334,334,334,334,1,0,0,0
38999023360671744,25,19,1,0,0,335,334,334,334,0,0,0,1
39531097362172608,6,31,0,0,1,335,334,335,334,0,0,0,1
40532396646334464,52,2,0,0,1,335,334,336,334,0,0,0,1
41085390865563648,33,14,0,1,0,335,335,336,335,1,0,0,0
41645929731342336,14,26,1,0,0,336,335,336,335,0,0,0,1
43283374739030016,41,9,0,0,1,336,335,337,335,0,0,0,1
43873901280755712,22,21,0,1,0,336,336,337,336,1,0,0,0
44472484532444184,3,33,1,0,0,337,336,337,336,0,0,0,1
45598946227126272,49,4,1,0,0,338,336,337,336,0,0,0,1
46221064723759104,30,16,0,0,1,338,336,338,336,0,0,0,1
46851670947760128,11,28,0,1,0,338,337,338,337,1,0,0,0
48693796581408768,38,11,1,0,0,339,337,338,337,0,0,0,1
49358138940850176,19,23,0,0,1,339,337,339,337,0,0,0,1
50031545098999707,0,35,0,1,0,339,338,339,338,1,0,0,0
51298814505517056,46,6,0,1,0,339,339,339,339,1,0,0,0
51998697814228992,27,18,1,0,0,340,339,339,339,0,0,0,1
52708129816230144,8,30,0,0,1,340,339,340,339,0,0,0,1
54043195528445952,54,1,0,1,1,340,340,341,340,1,0,0,0
54780521154084864,35,13,0,1,0,340,341,341,340,0,0,0,1
55527906308456448,16,25,1,0,0,341,341,341,341,1,1,1,1
57711166318706688,43,8,0,0,1,341,341,342,341,0,0,-1,0
58498535041007616,24,20,0,1,0,341,342,342,341,0,0,0,1
59296646043258912,5,32,1,0,0,342,342,342,342,1,1,1,1
60798594969501696,51,3,1,0,0,343,342,342,342,0,0,-1,0
61628086298345472,32,15,0,0,1,343,342,343,342,0,0,0,1
62468894597013504,13,27,0,1,0,343,343,343,343,1,0,0,0
64925062108545024,40,10,1,0,0,344,343,343,343,0,0,0,1
65810851921133568,21,22,0,0,1,344,343,344,343,0,0,0,1
66708726798666276,2,34,0,1,0,344,344,344,344,1,0,0,0
68398419340689408,48,5,0,1,0,344,345,344,344,0,0,0,1
69331597085638656,29,17,1,0,0,345,345,344,344,0,0,0,1
70277506421640192,10,29,0,0,1,345,345,345,345,1,0,0,0
72057594037927936,56,0,0,0,0,345,345,345,345,0,0,0,1
73040694872113152,37,12,0,1,0,345,346,345,345,0,0,0,1
74037208411275264,18,24,1,0,0,346,346,345,345,0,0,0,1
76948221758275584,45,7,0,0,1,346,346,346,346,1,0,0,0
77998046721343488,26,19,0,1,0,346,347,346,346,0,0,0,1
79062194724345216,7,31,1,0,0,347,347,346,346,0,0,0,1
81064793292668928,53,2,1,0,0,348,347,346,346,0,0,0,1
82170781731127296,34,14,0,0,1,348,347,347,347,1,0,0,0
83291859462684672,15,26,0,1,0,348,348,347,347,0,0,0,1
86566749478060032,42,9,1,0,0,349,348,347,347,0,0,0,1
87747802561511424,23,21,0,0,1,349,348,348,348,1,0,0,0
88944969064888368,4,33,0,1,0,349,349,348,348,0,0,0,1
91197892454252544,50,4,0,1,0,349,350,348,348,0,0,0,1
92442129447518208,31,16,1,0,0,350,350,348,348,0,0,0,1
93703341895520256,12,28,0,0,1,350,350,349,349,1,0,0,0
97387593162817536,39,11,0,1,0,350,351,349,349,0,0,0,1
98716277881700352,20,23,1,0,0,351,351,349,349,0,0,0,1
100063090197999414,1,35,0,0,1,351,351,350,350,1,0,0,0
102597629011034112,47,6,0,0,1,351,351,351,351,1,0,0,0
103997395628457984,28,18,0,1,0,351,352,351,351,0,0,0,1
105416259632460288,9,30,1,0,0,352,352,351,351,0,0,0,1
108086391056891904,55,1,1,0,1,353,352,352,352,1,0,0,0
109561042308169728,36,13,0,0,1,353,352,353,352,0,0,0,1
111055812616912896,17,25,0,1,0,353,353,353,353,1,1,1,1
115422332637413376,44,8,1,0,0,354,353,353,353,0,0,-1,0
116997070082015232,25,20,0,0,1,354,353,354,353,0,0,0,1
118593292086517824,6,32,0,1,0,354,354,354,354,1,1,1,1
121597189939003392,52,3,0,1,0,354,355,354,354,0,0,-1,0
123256172596690944,33,15,1,0,0,355,355,354,354,0,0,0,1
124937789194027008,14,27,0,0,1,355,355,355,355,1,0,0,0
129850124217090048,41,10,0,1,0,355,356,355,355,0,0,0,1
131621703842267136,22,22,1,0,0,356,356,355,355,0,0,0,1
133417453597332552,3,34,0,0,1,356,356,356,356,1,0,0,0
136796838681378816,49,5,0,0,1,356,356,357,356,0,0,0,1
138663194171277312,30,17,0,1,0,356,357,357,356,0,0,0,1
140555012843280384,11,29,1,0,0,357,357,357,357,1,0,0,0
144115188075855872,57,0,0,0,0,357,357,357,357,0,0,0,1
146081389744226304,38,12,0,0,1,357,357,358,357,0,0,0,1
148074416822550528,19,24,0,1,0,357,358,358,357,0,0,0,1
150094635296999121,0,36,1,0,0,358,358,358,358,1,0,0,0
153896443516551168,46,7,1,0,0,359,358,358,358,0,0,0,1
155996093442686976,27,19,0,0,1,359,358,359,358,0,0,0,1
158124389448690432,8,31,0,1,0,359,359,359,359,1,0,0,0
162129586585337856,54,2,0,1,0,359,360,359,359,0,0,0,1
164341563462254592,35,14,1,0,0,360,360,359,359,0,0,0,1
166583718925369344,16,26,0,0,1,360,360,360,360,1,0,0,0
173133498956120064,43,9,0,1,0,360,361,360,360,0,0,0,1
175495605123022848,24,21,1,0,0,361,361,360,360,0,0,0,1
177889938129776736,5,33,0,0,1,361,361,361,361,1,0,0,0
182395784908505088,51,4,0,0,1,361,361,362,361,0,0,0,1
184884258895036416,32,16,0,1,0,361,362,362,361,0,0,0,1
187406683791040512,13,28,1,0,0,362,362,362,362,1,0,0,0
194775186325635072,40,11,0,0,1,362,362,363,362,0,0,0,1
197432555763400704,21,23,0,1,0,362,363,363,362,0,0,0,1
200126180395998828,2,35,1,0,0,363,363,363,363,1,0,0,0
205195258022068224,48,6,1,0,0,364,363,363,363,0,0,0,1
207994791256915968,29,18,0,0,1,364,363,364,363,0,0,0,1
210832519264920576,10,30,0,1,0,364,364,364,364,1,0,0,0
216172782113783808,56,1,1,1,0,365,365,364,364,0,0,0,1
219122084616339456,37,13,1,0,0,366,365,364,364,0,0,0,1
222111625233825792,18,25,0,0,1,366,365,365,365,1,1,1,1
230844665274826752,45,8,0,1,0,366,366,365,365,0,0,-1,0
233994140164030464,26,20,1,0,0,367,366,365,365,0,0,0,1
237186584173035648,7,32,0,0,1,367,366,366,366,1,1,1,1
243194379878006784,53,3,0,0,1,367,366,367,366,0,0,-1,0
246512345193381888,34,15,0,1,0,367,367,367,367,1,0,0,0
249875578388054016,15,27,1,0,0,368,367,367,367,0,0,0,1
259700248434180096,42,10,0,0,1,368,367,368,367,0,0,0,1
263243407684534272,23,22,0,1,0,368,368,368,368,1,0,0,0
266834907194665104,4,34,1,0,0,369,368,368,368,0,0,0,1
273593677362757632,50,5,1,0,0,370,368,368,368,0,0,0,1
277326388342554624,31,17,0,0,1,370,368,369,368,0,0,0,1
281110025686560768,12,29,0,1,0,370,369,369,369,1,0,0,0
288230376151711744,58,0,0,0,0,370,369,369,369,0,0,0,1
292162779488452608,39,12,1,0,0,371,369,369,369,0,0,0,1
296148833645101056,20,24,0,0,1,371,369,370,369,0,0,0,1
300189270593998242,1,36,0,1,0,371,370,370,370,1,0,0,0
307792887033102336,47,7,0,1,0,371,371,370,370,0,0,0,1
311992186885373952,28,19,1,0,0,372,371,370,370,0,0,0,1
316248778897380864,9,31,0,0,1,372,371,371,371,1,0,0,0
324259173170675712,55,2,0,0,1,372,371,372,371,0,0,0,1
328683126924509184,36,14,0,1,0,372,372,372,372,1,0,0,0
333167437850738688,17,26,1,0,0,373,372,372,372,0,0,0,1
346266997912240128,44,9,0,0,1,373,372,373,372,0,0,0,1
350991210246045696,25,21,0,1,0,373,373,373,373,1,0,0,0
355779876259553472,6,33,1,0,0,374,373,373,373,0,0,0,1
364791569817010176,52,4,1,0,0,375,373,373,373,0,0,0,1
369768517790072832,33,16,0,0,1,375,373,374,373,0,0,0,1
374813367582081024,14,28,0,1,0,375,374,374,374,1,0,0,0
389550372651270144,41,11,1,0,0,376,374,374,374,0,0,0,1
394865111526801408,22,23,0,0,1,376,374,375,374,0,0,0,1
400252360791997656,3,35,0,1,0,376,375,375,375,1,0,0,0
410390516044136448,49,6,0,1,0,376,376,375,375,0,0,0,1
415989582513831936,30,18,1,0,0,377,376,375,375,0,0,0,1
421665038529841152,11,30,0,0,1,377,376,376,376,1,0,0,0
432345564227567616,57,1,0,1,1,377,377,377,377,1,1,1,1
438244169232678912,38,13,0,1,0,377,378,377,377,0,1,0,1
444223250467651584,19,25,1,0,0,378,378,377,377,0,1,0,1
450283905890997363,0,37,0,0,1,378,378,378,378,1,1,0,0
461689330549653504,46,8,0,0,1,378,378,379,378,0,0,-1,0
467988280328060928,27,20,0,1,0,378,379,379,378,0,0,0,1
474373168346071296,8,32,1,0,0,379,379,379,379,1,1,1,1
486388759756013568,54,3,1,0,0,380,379,379,379,0,0,-1,0
493024690386763776,35,15,0,0,1,380,379,380,379,0,0,0,1
499751156776108032,16,27,0,1,0,380,380,380,380,1,0,0,0
519400496868360192,43,10,1,0,0,381,380,380,380,0,0,0,1
526486815369068544,24,22,0,0,1,381,380,381,380,0,0,0,1
533669814389330208,5,34,0,1,0,381,381,381,381,1,0,0,0
547187354725515264,51,5,0,1,0,381,382,381,381,0,0,0,1
554652776685109248,32,17,1,0,0,382,382,381,381,0,0,0,1
562220051373121536,13,29,0,0,1,382,382,382,382,1,0,0,0
576460752303423488,59,0,0,0,0,382,382,382,382,0,0,0,1
584325558976905216,40,12,0,1,0,382,383,382,382,0,0,0,1
592297667290202112,21,24,1,0,0,383,383,382,382,0,0,0,1
600378541187996484,2,36,0,0,1,383,383,383,383,1,0,0,0
615585774066204672,48,7,0,0,1,383,383,384,383,0,0,0,1
623984373770747904,29,19,0,1,0,383,384,384,383,0,0,0,1
632497557794761728,10,31,1,0,0,384,384,384,384,1,0,0,0
648518346341351424,56,2,1,0,0,385,384,384,384,0,0,0,1
657366253849018368,37,14,0,0,1,385,384,385,384,0,0,0,1
666334875701477376,18,26,0,1,0,385,385,385,385,1,0,0,0
692533995824480256,45,9,1,0,0,386,385,385,385,0,0,0,1
701982420492091392,26,21,0,0,1,386,385,386,385,0,0,0,1
711559752519106944,7,33,0,1,0,386,386,386,386,1,0,0,0
729583139634020352,53,4,0,1,0,386,387,386,386,0,0,0,1
739537035580145664,34,16,1,0,0,387,387,386,386,0,0,0,1
749626735164162048,15,28,0,0,1,387,387,387,387,1,0,0,0
779100745302540288,42,11,0,1,0,387,388,387,387,0,0,0,1
789730223053602816,23,23,1,0,0,388,388,387,387,0,0,0,1
800504721583995312,4,35,0,0,1,388,388,388,388,1,0,0,0
820781032088272896,50,6,0,0,1,388,388,389,388,0,0,0,1
831979165027663872,31,18,0,1,0,388,389,389,388,0,0,0,1
843330077059682304,12,30,1,0,0,389,389,389,389,1,0,0,0
864691128455135232,58,1,1,0,1,390,389,390,389,0,0,0,1
876488338465357824,39,13,0,0,1,390,389,391,389,0,0,0,1
888446500935303168,20,25,0,1,0,390,390,391,390,1,1,1,1
900567811781994726,1,37,1,0,0,391,390,391,390,0,0,-1,0
923378661099307008,47,8,1,0,0,392,390,391,390,0,0,0,1
935976560656121856,28,20,0,0,1,392,390,392,390,0,0,0,1
948746336692142592,9,32,0,1,0,392,391,392,391,1,0,0,0
972777519512027136,55,3,0,1,0,392,392,392,392,1,0,0,0
986049380773527552,36,15,1,0,0,393,392,392,392,0,0,0,1
999502313552216064,17,27,0,0,1,393,392,393,392,0,0,0,1
1038800993736720384,44,10,0,1,0,393,393,393,393,1,0,0,0
1052973630738137088,25,22,1,0,0,394,393,393,393,0,0,0,1
1067339628778660416,6,34,0,0,1,394,393,394,393,0,0,0,1
1094374709451030528,52,5,0,0,1,394,393,395,393,0,0,0,1
1109305553370218496,33,17,0,1,0,394,394,395,394,1,0,0,0
1124440102746243072,14,29,1,0,0,395,394,395,394,0,0,0,1
1152921504606846976,60,0,0,0,0,395,394,395,394,0,0,0,1
1168651117953810432,41,12,0,0,1,395,394,396,394,0,0,0,1
1184595334580404224,22,24,0,1,0,395,395,396,395,1,0,0,0
1200757082375992968,3,36,1,0,0,396,395,396,395,0,0,0,1
1231171548132409344,49,7,1,0,0,397,395,396,395,0,0,0,1
1247968747541495808,30,19,0,0,1,397,395,397,395,0,0,0,1
1264995115589523456,11,31,0,1,0,397,396,397,396,1,0,0,0
1297036692682702848,57,2,0,1,0,397,397,397,397,1,0,0,0
1314732507698036736,38,14,1,0,0,398,397,397,397,0,0,0,1
1332669751402954752,19,26,0,0,1,398,397,398,397,0,0,0,1
1350851717672992089,0,38,0,1,0,398,398,398,398,1,0,0,0
1385067991648960512,46,9,0,1,0,398,399,398,398,0,0,0,1
1403964840984182784,27,21,1,0,0,399,399,398,398,0,0,0,1
1423119505038213888,8,33,0,0,1,399,399,399,399,1,0,0,0
1459166279268040704,54,4,0,0,1,399,399,400,399,0,0,0,1
1479074071160291328,35,16,0,1,0,399,400,400,399,0,0,0,1
1499253470328324096,16,28,1,0,0,400,400,400,400,1,0,0,0
1558201490605080576,43,11,0,0,1,400,400,401,400,0,0,0,1
1579460446107205632,24,23,0,1,0,400,401,401,400,0,0,0,1
1601009443167990624,5,35,1,0,0,401,401,401,401,1,0,0,0
1641562064176545792,51,6,1,0,0,402,401,401,401,0,0,0,1
1663958330055327744,32,18,0,0,1,402,401,402,401,0,0,0,1
1686660154119364608,13,30,0,1,0,402,402,402,402,1,0,0,0
1729382256910270464,59,1,1,1,0,403,403,402,402,0,0,0,1
1752976676930715648,40,13,1,0,0,404,403,402,402,0,0,0,1
1776893001870606336,21,25,0,0,1,404,403,403,403,1,1,1,1
1801135623563989452,2,37,0,1,0,404,404,403,403,0,0,-1,0
1846757322198614016,48,8,0,1,0,404,405,403,403,0,0,0,1
1871953121312243712,29,20,1,0,0,405,405,403,403,0,0,0,1
1897492673384285184,10,32,0,0,1,405,405,404,404,1,0,0,0
1945555039024054272,56,3,0,0,1,405,405,405,405,1,0,0,0
1972098761547055104,37,15,0,1,0,405,406,405,405,0,0,0,1
1999004627104432128,18,27,1,0,0,406,406,405,405,0,0,0,1
2077601987473440768,45,10,0,0,1,406,406,406,406,1,0,0,0
2105947261476274176,26,22,0,1,0,406,407,406,406,0,0,0,1
2134679257557320832,7,34,1,0,0,407,407,406,406,0,0,0,1
2188749418902061056,53,5,1,0,0,408,407,406,406,0,0,0,1
2218611106740436992,34,17,0,0,1,408,407,407,407,1,0,0,0
2248880205492486144,15,29,0,1,0,408,408,407,407,0,0,0,1
2305843009213693952,61,0,0,0,0,408,408,407,407,0,0,0,1
2337302235907620864,42,12,1,0,0,409,408,407,407,0,0,0,1
2369190669160808448,23,24,0,0,1,409,408,408,408,1,0,0,0
2401514164751985936,4,36,0,1,0,409,409,408,408,0,0,0,1
2462343096264818688,50,7,0,1,0,409,410,408,408,0,0,0,1
2495937495082991616,31,19,1,0,0,410,410,408,408,0,0,0,1
2529990231179046912,12,31,0,0,1,410,410,409,409,1,0,0,0
2594073385365405696,58,2,0,0,1,410,410,410,410,1,0,0,0
2629465015396073472,39,14,0,1,0,410,411,410,410,0,0,0,1
2665339502805909504,20,26,1,0,0,411,411,410,410,0,0,0,1
2701703435345984178,1,38,0,0,1,411,411,411,411,1,0,0,0
2770135983297921024,47,9,0,0,1,411,411,412,411,0,0,0,1
2807929681968365568,28,21,0,1,0,411,412,412,411,0,0,0,1
2846239010076427776,9,33,1,0,0,412,412,412,412,1,0,0,0
2918332558536081408,55,4,1,0,0,413,412,412,412,0,0,0,1
2958148142320582656,36,16,0,0,1,413,412,413,412,0,0,0,1
2998506940656648192,17,28,0,1,0,413,413,413,413,1,0,0,0
3116402981210161152,44,11,1,0,0,414,413,413,413,0,0,0,1
3158920892214411264,25,23,0,0,1,414,413,414,413,0,0,0,1
3202018886335981248,6,35,0,1,0,414,414,414,414,1,0,0,0
3283124128353091584,52,6,0,1,0,414,415,414,414,0,0,0,1
3327916660110655488,33,18,1,0,0,415,415,414,414,0,0,0,1
3373320308238729216,14,30,0,0,1,415,415,415,415,1,0,0,0
3458764513820540928,60,1,0,1,1,415,416,416,415,0,0,0,1
3505953353861431296,41,13,0,1,0,415,417,416,415,0,0,0,1
3553786003741212672,22,25,1,0,0,416,417,416,416,1,1,1,1
3602271247127978904,3,37,0,0,1,416,417,417,416,0,0,-1,0
3693514644397228032,49,8,0,0,1,416,417,418,416,0,0,0,1
3743906242624487424,30,20,0,1,0,416,418,418,416,0,0,0,1
3794985346768570368,11,32,1,0,0,417,418,418,417,1,0,0,0
3891110078048108544,57,3,1,0,0,418,418,418,418,1,0,0,0
3944197523094110208,38,15,0,0,1,418,418,419,418,0,0,0,1
3998009254208864256,19,27,0,1,0,418,419,419,418,0,0,0,1
4052555153018976267,0,39,1,0,0,419,419,419,419,1,0,0,0
4155203974946881536,46,10,1,0,0,420,419,419,419,0,0,0,1
4211894522952548352,27,22,0,0,1,420,419,420,419,0,0,0,1
4269358515114641664,8,34,0,1,0,420,420,420,420,1,0,0,0
4377498837804122112,54,5,0,1,0,420,421,420,420,0,0,0,1
4437222213480873984,35,17,1,0,0,421,421,420,420,0,0,0,1
4497760410984972288,16,29,0,0,1,421,421,421,421,1,0,0,0
4611686018427387904,62,0,0,0,0,421,421,421,421,0,0,0,1
4674604471815241728,43,12,0,1,0,421,422,421,421,0,0,0,1
4738381338321616896,24,24,1,0,0,422,422,421,421,0,0,0,1
4803028329503971872,5,36,0,0,1,422,422,422,422,1,0,0,0
4924686192529637376,51,7,0,0,1,422,422,423,422,0,0,0,1
4991874990165983232,32,19,0,1,0,422,423,423,422,0,0,0,1
5059980462358093824,13,31,1,0,0,423,423,423,423,1,0,0,0
5188146770730811392,59,2,1,0,0,424,423,423,423,0,0,0,1
5258930030792146944,40,14,0,0,1,424,423,424,423,0,0,0,1
5330679005611819008,21,26,0,1,0,424,424,424,424,1,0,0,0
5403406870691968356,2,38,1,0,0,425,424,424,424,0,0,0,1
5540271966595842048,48,9,1,0,0,426,424,424,424,0,0,0,1
5615859363936731136,29,21,0,0,1,426,424,425,424,0,0,0,1
5692478020152855552,10,33,0,1,0,426,425,425,425,1,0,0,0
5836665117072162816,56,4,0,1,0,426,426,425,425,0,0,0,1
5916296284641165312,37,16,1,0,0,427,426,425,425,0,0,0,1
5997013881313296384,18,28,0,0,1,427,426,426,426,1,0,0,0
6232805962420322304,45,11,0,1,0,427,427,426,426,0,0,0,1
6317841784428822528,26,23,1,0,0,428,427,426,426,0,0,0,1
6404037772671962496,7,35,0,0,1,428,427,427,427,1,0,0,0
6566248256706183168,53,6,0,0,1,428,427,428,427,0,0,0,1
6655833320221310976,34,18,0,1,0,428,428,428,428,1,0,0,0
6746640616477458432,15,30,1,0,0,429,428,428,428,0,0,0,1
6917529027641081856,61,1,1,0,1,430,428,429,428,0,0,0,1
7011906707722862592,42,13,0,0,1,430,428,430,428,0,0,0,1
7107572007482425344,23,25,0,1,0,430,429,430,429,1,0,0,0
7204542494255957808,4,37,1,0,0,431,429,430,429,0,0,0,1
7387029288794456064,50,8,1,0,0,432,429,430,429,0,0,0,1
7487812485248974848,31,20,0,0,1,432,429,431,429,0,0,0,1
7589970693537140736,12,32,0,1,0,432,430,431,430,1,0,0,0
7782220156096217088,58,3,0,1,0,432,431,431,431,1,0,0,0
7888395046188220416,39,15,1,0,0,433,431,431,431,0,0,0,1
7996018508417728512,20,27,0,0,1,433,431,432,431,0,0,0,1
8105110306037952534,1,39,0,1,0,433,432,432,432,1,0,0,0
8310407949893763072,47,10,0,1,0,433,433,432,432,0,0,0,1
8423789045905096704,28,22,1,0,0,434,433,432,432,0,0,0,1
8538717030229283328,9,34,0,0,1,434,433,433,433,1,0,0,0
8754997675608244224,55,5,0,0,1,434,433,434,433,0,0,0,1
8874444426961747968,36,17,0,1,0,434,434,434,434,1,0,0,0
8995520821969944576,17,29,1,0,0,435,434,434,434,0,0,0,1
9223372036854775808,63,0,0,0,0,435,434,434,434,0,0,0,1
9349208943630483456,44,12,0,0,1,435,434,435,434,0,0,0,1
9476762676643233792,25,24,0,1,0,435,435,435,435,1,0,0,0
9606056659007943744,6,36,1,0,0,436,435,435,435,0,0,0,1
9849372385059274752,52,7,1,0,0,437,435,435,435,0,0,0,1
9983749980331966464,33,19,0,0,1,437,435,436,435,0,0,0,1
10119960924716187648,14,31,0,1,0,437,436,436,436,1,0,0,0
10376293541461622784,60,2,0,1,0,437,437,436,436,0,0,0,1
10517860061584293888,41,14,1,0,0,438,437,436,436,0,0,0,1
10661358011223638016,22,26,0,0,1,438,437,437,437,1,0,0,0
10806813741383936712,3,38,0,1,0,438,438,437,437,0,0,0,1
11080543933191684096,49,9,0,1,0,438,439,437,437,0,0,0,1
11231718727873462272,30,21,1,0,0,439,439,437,437,0,0,0,1
11384956040305711104,11,33,0,0,1,439,439,438,438,1,0,0,0
11673330234144325632,57,4,0,0,1,439,439,439,439,1,0,0,0
11832592569282330624,38,16,0,1,0,439,440,439,439,0,0,0,1
11994027762626592768,19,28,1,0,0,440,440,439,439,0,0,0,1
12157665459056928801,0,40,0,0,1,440,440,440,440,1,0,0,0
12465611924840644608,46,11,0,0,1,440,440,441,440,0,0,0,1
12635683568857645056,27,23,0,1,0,440,441,441,440,0,0,0,1
12808075545343924992,8,35,1,0,0,441,441,441,441,1,0,0,0
13132496513412366336,54,6,1,0,0,442,441,441,441,0,0,0,1
13311666640442621952,35,18,0,0,1,442,441,442,441,0,0,0,1
13493281232954916864,16,30,0,1,0,442,442,442,442,1,0,0,0
13835058055282163712,62,1,1,1,0,443,443,442,442,0,0,0,1
14023813415445725184,43,13,1,0,0,444,443,442,442,0,0,0,1
14215144014964850688,24,25,0,0,1,444,443,443,443,1,1,1,1
14409084988511915616,5,37,0,1,0,444,444,443,443,0,0,-1,0
14774058577588912128,51,8,0,1,0,444,445,443,443,0,0,0,1
14975624970497949696,32,20,1,0,0,445,445,443,443,0,0,0,1
15179941387074281472,13,32,0,0,1,445,445,444,444,1,0,0,0
15564440312192434176,59,3,0,0,1,445,445,445,445,1,0,0,0
15776790092376440832,40,15,0,1,0,445,446,445,445,0,0,0,1
15992037016835457024,21,27,1,0,0,446,446,445,445,0,0,0,1
16210220612075905068,2,39,0,0,1,446,446,446,446,1,0,0,0
16620815899787526144,48,10,0,0,1,446,446,447,446,0,0,0,1
16847578091810193408,29,22,0,1,0,446,447,447,446,0,0,0,1
17077434060458566656,10,34,1,0,0,447,447,447,447,1,0,0,0
17509995351216488448,56,5,1,0,0,448,447,447,447,0,0,0,1
17748888853923495936,37,17,0,0,1,448,447,448,447,0,0,0,1
17991041643939889152,18,29,0,1,0,448,448,448,448,1,0,0,0
18446744073709551616,64,0,0,0,0,448,448,448,448,0,0,0,1
18698417887260966912,45,12,1,0,0,449,448,448,448,0,0,0,1
18953525353286467584,26,24,0,0,1,449,448,449,448,0,0,0,1
19212113318015887488,7,36,0,1,0,449,449,449,449,1,0,0,0
19698744770118549504,53,7,0,1,0,449,450,449,449,0,0,0,1
19967499960663932928,34,19,1,0,0,450,450,449,449,0,0,0,1
20239921849432375296,15,31,0,0,1,450,450,450,450,1,0,0,0
20752587082923245568,61,2,0,0,1,450,450,451,450,0,0,0,1
21035720123168587776,42,14,0,1,0,450,451,451,450,0,0,0,1
21322716022447276032,23,26,1,0,0,451,451,451,451,1,0,0,0
21613627482767873424,4,38,0,0,1,451,451,452,451,0,0,0,1
22161087866383368192,50,9,0,0,1,451,451,453,451,0,0,0,1
22463437455746924544,31,21,0,1,0,451,452,453,451,0,0,0,1
22769912080611422208,12,33,1,0,0,452,452,453,452,1,0,0,0
23346660468288651264,58,4,1,0,0,453,452,453,452,0,0,0,1
23665185138564661248,39,16,0,0,1,453,452,454,452,0,0,0,1
23988055525253185536,20,28,0,1,0,453,453,454,453,1,0,0,0
24315330918113857602,1,40,1,0,0,454,453,454,453,0,0,0,1
24931223849681289216,47,11,1,0,0,455,453,454,453,0,0,0,1
25271367137715290112,28,23,0,0,1,455,453,455,453,0,0,0,1
25616151090687849984,9,35,0,1,0,455,454,455,454,1,0,0,0
26264993026824732672,55,6,0,1,0,455,455,455,455,1,0,0,0
26623333280885243904,36,18,1,0,0,456,455,455,455,0,0,0,1
26986562465909833728,17,30,0,0,1,456,455,456,455,0,0,0,1
27670116110564327424,63,1,0,1,1,456,456,457,456,1,0,0,0
28047626830891450368,44,13,0,1,0,456,457,457,456,0,0,0,1
28430288029929701376,25,25,1,0,0,457,457,457,457,1,1,1,1
28818169977023831232,6,37,0,0,1,457,457,458,457,0,0,-1,0
29548117155177824256,52,8,0,0,1,457,457,459,457,0,0,0,1
29951249940995899392,33,20,0,1,0,457,458,459,457,0,0,0,1
30359882774148562944,14,32,1,0,0,458,458,459,458,1,0,0,0
31128880624384868352,60,3,1,0,0,459,458,459,458,0,0,0,1
31553580184752881664,41,15,0,0,1,459,458,460,458,0,0,0,1
31984074033670914048,22,27,0,1,0,459,459,460,459,1,0,0,0
32420441224151810136,3,39,1,0,0,460,459,460,459,0,0,0,1
33241631799575052288,49,10,1,0,0,461,459,460,459,0,0,0,1
33695156183620386816,30,22,0,0,1,461,459,461,459,0,0,0,1
34154868120917133312,11,34,0,1,0,461,460,461,460,1,0,0,0
35019990702432976896,57,5,0,1,0,461,461,461,461,1,0,0,0
35497777707846991872,38,17,1,0,0,462,461,461,461,0,0,0,1
35982083287879778304,19,29,0,0,1,462,461,462,461,0,0,0,1
36472996377170786403,0,41,0,1,0,462,462,462,462,1,0,0,0
36893488147419103232,65,0,0,0,0,462,462,462,462,0,0,0,1
37396835774521933824,46,12,0,1,0,462,463,462,462,0,0,0,1
37907050706572935168,27,24,1,0,0,463,463,462,462,0,0,0,1
38424226636031774976,8,36,0,0,1,463,463,463,463,1,0,0,0
39397489540237099008,54,7,0,0,1,463,463,464,463,0,0,0,1
39934999921327865856,35,19,0,1,0,463,464,464,463,0,0,0,1
40479843698864750592,16,31,1,0,0,464,464,464,464,1,0,0,0
41505174165846491136,62,2,1,0,0,465,464,464,464,0,0,0,1
42071440246337175552,43,14,0,0,1,465,464,465,464,0,0,0,1
42645432044894552064,24,26,0,1,0,465,465,465,465,1,0,0,0
43227254965535746848,5,38,1,0,0,466,465,465,465,0,0,0,1
44322175732766736384,51,9,1,0,0,467,465,465,465,0,0,0,1
44926874911493849088,32,21,0,0,1,467,465,466,465,0,0,0,1
45539824161222844416,13,33,0,1,0,467,466,466,466,1,0,0,0
46693320936577302528,59,4,0,1,0,467,467,466,466,0,0,0,1
47330370277129322496,40,16,1,0,0,468,467,466,466,0,0,0,1
47976111050506371072,21,28,0,0,1,468,467,467,467,1,0,0,0
48630661836227715204,2,40,0,1,0,468,468,467,467,0,0,0,1
49862447699362578432,48,11,0,1,0,468,469,467,467,0,0,0,1
50542734275430580224,29,23,1,0,0,469,469,467,467,0,0,0,1
51232302181375699968,10,35,0,0,1,469,469,468,468,1,0,0,0
52529986053649465344,56,6,0,0,1,469,469,469,469,1,0,0,0
53246666561770487808,37,18,0,1,0,469,470,469,469,0,0,0,1
53973124931819667456,18,30,1,0,0,470,470,469,469,0,0,0,1
55340232221128654848,64,1,1,0,1,471,470,470,470,1,0,0,0
56095253661782900736,45,13,0,0,1,471,470,471,470,0,0,0,1
56860576059859402752,26,25,0,1,0,471,471,471,471,1,1,1,1
57636339954047662464,7,37,1,0,0,472,471,471,471,0,0,-1,0
59096234310355648512,53,8,1,0,0,473,471,471,471,0,0,0,1
59902499881991798784,34,20,0,0,1,473,471,472,471,0,0,0,1
60719765548297125888,15,32,0,1,0,473,472,472,472,1,0,0,0
62257761248769736704,61,3,0,1,0,473,473,472,472,0,0,0,1
63107160369505763328,42,15,1,0,0,474,473,472,472,0,0,0,1
63968148067341828096,23,27,0,0,1,474,473,473,473,1,0,0,0
64840882448303620272,4,39,0,1,0,474,474,473,473,0,0,0,1
66483263599150104576,50,10,0,1,0,474,475,473,473,0,0,0,1
67390312367240773632,31,22,1,0,0,475,475,473,473,0,0,0,1
68309736241834266624,12,34,0,0,1,475,475,474,474,1,0,0,0
70039981404865953792,58,5,0,0,1,475,475,475,475,1,0,0,0
70995555415693983744,39,17,0,1,0,475,476,475,475,0,0,0,1
71964166575759556608,20,29,1,0,0,476,476,475,475,0,0,0,1
72945992754341572806,1,41,0,0,1,476,476,476,476,1,0,0,0
73786976294838206464,66,0,0,0,0,476,476,476,476,0,0,0,1
74793671549043867648,47,12,0,0,1,476,476,477,476,0,0,0,1
75814101413145870336,28,24,0,1,0,476,477,477,476,0,0,0,1
76848453272063549952,9,36,1,0,0,477,477,477,477,1,0,0,0
78794979080474198016,55,7,1,0,0,478,477,477,477,0,0,0,1
79869999842655731712,36,19,0,0,1,478,477,478,477,0,0,0,1
80959687397729501184,17,31,0,1,0,478,478,478,478,1,0,0,0
83010348331692982272,63,2,0,1,0,478,479,478,478,0,0,0,1
84142880492674351104,44,14,1,0,0,479,479,478,478,0,0,0,1
85290864089789104128,25,26,0,0,1,479,479,479,479,1,0,0,0
86454509931071493696,6,38,0,1,0,479,480,479,479,0,0,0,1
88644351465533472768,52,9,0,1,0,479,481,479,479,0,0,0,1
89853749822987698176,33,21,1,0,0,480,481,479,479,0,0,0,1
91079648322445688832,14,33,0,0,1,480,481,480,480,1,0,0,0
93386641873154605056,60,4,0,0,1,480,481,481,480,0,0,0,1
94660740554258644992,41,16,0,1,0,480,482,481,480,0,0,0,1
95952222101012742144,22,28,1,0,0,481,482,481,481,1,0,0,0
97261323672455430408,3,40,0,0,1,481,482,482,481,0,0,0,1
99724895398725156864,49,11,0,0,1,481,482,483,481,0,0,0,1
101085468550861160448,30,23,0,1,0,481,483,483,481,0,0,0,1
102464604362751399936,11,35,1,0,0,482,483,483,482,1,0,0,0
105059972107298930688,57,6,1,0,0,483,483,483,483,1,0,0,0
106493333123540975616,38,18,0,0,1,483,483,484,483,0,0,0,1
107946249863639334912,19,30,0,1,0,483,484,484,483,0,0,0,1
109418989131512359209,0,42,1,0,0,484,484,484,484,1,0,0,0
110680464442257309696,65,1,1,1,0,485,485,484,484,0,0,0,1
112190507323565801472,46,13,1,0,0,486,485,484,484,0,0,0,1
113721152119718805504,27,25,0,0,1,486,485,485,485,1,1,1,1
115272679908095324928,8,37,0,1,0,486,486,485,485,0,0,-1,0
118192468620711297024,54,8,0,1,0,486,487,485,485,0,0,0,1
119804999763983597568,35,20,1,0,0,487,487,485,485,0,0,0,1
121439531096594251776,16,32,0,0,1,487,487,486,486,1,0,0,0
124515522497539473408,62,3,0,0,1,487,487,487,487,1,0,0,0
126214320739011526656,43,15,0,1,0,487,488,487,487,0,0,0,1
127936296134683656192,24,27,1,0,0,488,488,487,487,0,0,0,1
129681764896607240544,5,39,0,0,1,488,488,488,488,1,0,0,0
132966527198300209152,51,10,0,0,1,488,488,489,488,0,0,0,1
134780624734481547264,32,22,0,1,0,488,489,489,488,0,0,0,1
136619472483668533248,13,34,1,0,0,489,489,489,489,1,0,0,0
140079962809731907584,59,5,1,0,0,490,489,489,489,0,0,0,1
141991110831387967488,40,17,0,0,1,490,489,490,489,0,0,0,1
143928333151519113216,21,29,0,1,0,490,490,490,490,1,0,0,0
145891985508683145612,2,41,1,0,0,491,490,490,490,0,0,0,1
147573952589676412928,67,0,0,0,0,491,490,490,490,0,0,0,1
149587343098087735296,48,12,1,0,0,492,490,490,490,0,0,0,1
151628202826291740672,29,24,0,0,1,492,490,491,490,0,0,0,1
153696906544127099904,10,36,0,1,0,492,491,491,491,1,0,0,0
157589958160948396032,56,7,0,1,0,492,492,491,491,0,0,0,1
159739999685311463424,37,19,1,0,0,493,492,491,491,0,0,0,1
161919374795459002368,18,31,0,0,1,493,492,492,492,1,0,0,0
166020696663385964544,64,2,0,0,1,493,492,493,492,0,0,0,1
168285760985348702208,45,14,0,1,0,493,493,493,493,1,0,0,0
170581728179578208256,26,26,1,0,0,494,493,493,493,0,0,0,1
172909019862142987392,7,38,0,0,1,494,493,494,493,0,0,0,1
177288702931066945536,53,9,0,0,1,494,493,495,493,0,0,0,1
179707499645975396352,34,21,0,1,0,494,494,495,494,1,0,0,0
182159296644891377664,15,33,1,0,0,495,494,495,494,0,0,0,1
186773283746309210112,61,4,1,0,0,496,494,495,494,0,0,0,1
189321481108517289984,42,16,0,0,1,496,494,496,494,0,0,0,1
191904444202025484288,23,28,0,1,0,496,495,496,495,1,0,0,0
194522647344910860816,4,40,1,0,0,497,495,496,495,0,0,0,1
199449790797450313728,50,11,1,0,0,498,495,496,495,0,0,0,1
202170937101722320896,31,23,0,0,1,498,495,497,495,0,0,0,1
204929208725502799872,12,35,0,1,0,498,496,497,496,1,0,0,0
210119944214597861376,58,6,0,1,0,498,497,497,497,1,0,0,0
212986666247081951232,39,18,1,0,0,499,497,497,497,0,0,0,1
215892499727278669824,20,30,0,0,1,499,497,498,497,0,0,0,1
218837978263024718418,1,42,0,1,0,499,498,498,498,1,0,0,0
221360928884514619392,66,1,0,1,1,499,499,499,499,1,1,1,1
224381014647131602944,47,13,0,1,0,499,500,499,499,0,1,0,1
227442304239437611008,28,25,1,0,0,500,500,499,499,0,1,0,1
230545359816190649856,9,37,0,0,1,500,500,500,500,1,1,0,0
236384937241422594048,55,8,0,0,1,500,500,501,500,0,0,-1,0
239609999527967195136,36,20,0,1,0,500,501,501,500,0,0,0,1
242879062193188503552,17,32,1,0,0,501,501,501,501,1,1,1,1
249031044995078946816,63,3,1,0,0,502,501,501,501,0,0,-1,0
252428641478023053312,44,15,0,0,1,502,501,502,501,0,0,0,1
255872592269367312384,25,27,0,1,0,502,502,502,502,1,0,0,0
259363529793214481088,6,39,1,0,0,503,502,502,502,0,0,0,1
265933054396600418304,52,10,1,0,0,504,502,502,502,0,0,0,1
269561249468963094528,33,22,0,0,1,504,502,503,502,0,0,0,1
273238944967337066496,14,34,0,1,0,504,503,503,503,1,0,0,0
280159925619463815168,60,5,0,1,0,504,504,503,503,0,0,0,1
283982221662775934976,41,17,1,0,0,505,504,503,503,0,0,0,1
287856666303038226432,22,29,0,0,1,505,504,504,504,1,0,0,0
291783971017366291224,3,41,0,1,0,505,505,504,504,0,0,0,1
295147905179352825856,68,0,0,0,0,505,505,504,504,0,0,0,1
299174686196175470592,49,12,0,1,0,505,506,504,504,0,0,0,1
303256405652583481344,30,24,1,0,0,506,506,504,504,0,0,0,1
307393813088254199808,11,36,0,0,1,506,506,505,505,1,0,0,0
315179916321896792064,57,7,0,0,1,506,506,506,506,1,0,0,0
319479999370622926848,38,19,0,1,0,506,507,506,506,0,0,0,1
323838749590918004736,19,31,1,0,0,507,507,506,506,0,0,0,1
328256967394537077627,0,43,0,0,1,507,507,507,507,1,0,0,0
332041393326771929088,65,2,1,0,0,508,507,507,507,0,0,0,1
336571521970697404416,46,14,0,0,1,508,507,508,507,0,0,0,1
341163456359156416512,27,26,0,1,0,508,508,508,508,1,0,0,0
345818039724285974784,8,38,1,0,0,509,508,508,508,0,0,0,1
354577405862133891072,54,9,1,0,0,510,508,508,508,0,0,0,1
359414999291950792704,35,21,0,0,1,510,508,509,508,0,0,0,1
364318593289782755328,16,33,0,1,0,510,509,509,509,1,0,0,0
373546567492618420224,62,4,0,1,0,510,510,509,509,0,0,0,1
378642962217034579968,43,16,1,0,0,511,510,509,509,0,0,0,1
383808888404050968576,24,28,0,0,1,511,510,510,510,1,0,0,0
389045294689821721632,5,40,0,1,0,511,511,510,510,0,0,0,1
398899581594900627456,51,11,0,1,0,511,512,510,510,0,0,0,1
404341874203444641792,32,23,1,0,0,512,512,510,510,0,0,0,1
409858417451005599744,13,35,0,0,1,512,512,511,511,1,0,0,0
420239888429195722752,59,6,0,0,1,512,512,512,512,1,0,0,0
425973332494163902464,40,18,0,1,0,512,513,512,512,0,0,0,1
431784999454557339648,21,30,1,0,0,513,513,512,512,0,0,0,1
437675956526049436836,2,42,0,0,1,513,513,513,513,1,0,0,0
442721857769029238784,67,1,1,0,1,514,513,514,513,0,0,0,1
448762029294263205888,48,13,0,0,1,514,513,515,513,0,0,0,1
454884608478875222016,29,25,0,1,0,514,514,515,514,1,1,1,1
461090719632381299712,10,37,1,0,0,515,514,515,514,0,0,-1,0
472769874482845188096,56,8,1,0,0,516,514,515,514,0,0,0,1
479219999055934390272,37,20,0,0,1,516,514,516,514,0,0,0,1
485758124386377007104,18,32,0,1,0,516,515,516,515,1,0,0,0
498062089990157893632,64,3,0,1,0,516,516,516,516,1,0,0,0
504857282956046106624,45,15,1,0,0,517,516,516,516,0,0,0,1
511745184538734624768,26,27,0,0,1,517,516,517,516,0,0,0,1
518727059586428962176,7,39,0,1,0,517,517,517,517,1,0,0,0
531866108793200836608,53,10,0,1,0,517,518,517,517,0,0,0,1
539122498937926189056,34,22,1,0,0,518,518,517,517,0,0,0,1
546477889934674132992,15,34,0,0,1,518,518,518,518,1,0,0,0
560319851238927630336,61,5,0,0,1,518,518,519,518,0,0,0,1
567964443325551869952,42,17,0,1,0,518,519,519,518,0,0,0,1
575713332606076452864,23,29,1,0,0,519,519,519,519,1,0,0,0
583567942034732582448,4,41,0,0,1,519,519,520,519,0,0,0,1
590295810358705651712,69,0,0,0,0,519,519,520,519,0,0,0,1
598349372392350941184,50,12,0,0,1,519,519,521,519,0,0,0,1
606512811305166962688,31,24,0,1,0,519,520,521,519,0,0,0,1
614787626176508399616,12,36,1,0,0,520,520,521,520,1,0,0,0
630359832643793584128,58,7,1,0,0,521,520,521,520,0,0,0,1
638959998741245853696,39,19,0,0,1,521,520,522,520,0,0,0,1
647677499181836009472,20,31,0,1,0,521,521,522,521,1,0,0,0
656513934789074155254,1,43,1,0,0,522,521,522,521,0,0,0,1
664082786653543858176,66,2,0,1,0,522,522,522,522,1,0,0,0
673143043941394808832,47,14,1,0,0,523,522,522,522,0,0,0,1
682326912718312833024,28,26,0,0,1,523,522,523,522,0,0,0,1
691636079448571949568,9,38,0,1,0,523,523,523,523,1,0,0,0
709154811724267782144,55,9,0,1,0,523,524,523,523,0,0,0,1
718829998583901585408,36,21,1,0,0,524,524,523,523,0,0,0,1
728637186579565510656,17,33,0,0,1,524,524,524,524,1,0,0,0
747093134985236840448,63,4,0,0,1,524,524,525,524,0,0,0,1
757285924434069159936,44,16,0,1,0,524,525,525,524,0,0,0,1
767617776808101937152,25,28,1,0,0,525,525,525,525,1,0,0,0
778090589379643443264,6,40,0,0,1,525,525,526,525,0,0,0,1
797799163189801254912,52,11,0,0,1,525,525,527,525,0,0,0,1
808683748406889283584,33,23,0,1,0,525,526,527,525,0,0,0,1
819716834902011199488,14,35,1,0,0,526,526,527,526,1,0,0,0
840479776858391445504,60,6,1,0,0,527,526,527,526,0,0,0,1
851946664988327804928,41,18,0,0,1,527,526,528,526,0,0,0,1
863569998909114679296,22,30,0,1,0,527,527,528,527,1,0,0,0
875351913052098873672,3,42,1,0,0,528,527,528,527,0,0,0,1
885443715538058477568,68,1,1,1,0,529,528,528,528,1,1,1,1
897524058588526411776,49,13,1,0,0,530,528,528,528,0,1,0,1
909769216957750444032,30,25,0,0,1,530,528,529,528,0,1,0,1
922181439264762599424,11,37,0,1,0,530,529,529,529,1,1,0,0
945539748965690376192,57,8,0,1,0,530,530,529,529,0,0,-1,0
958439998111868780544,38,20,1,0,0,531,530,529,529,0,0,0,1
971516248772754014208,19,32,0,0,1,531,530,530,530,1,1,1,1
984770902183611232881,0,44,0,1,0,531,531,530,530,0,0,-1,0
996124179980315787264,65,3,0,0,1,531,531,531,531,1,0,0,0
1009714565912092213248,46,15,0,1,0,531,532,531,531,0,0,0,1
1023490369077469249536,27,27,1,0,0,532,532,531,531,0,0,0,1
1037454119172857924352,8,39,0,0,1,532,532,532,532,1,0,0,0
1063732217586401673216,54,10,0,0,1,532,532,533,532,0,0,0,1
1078244997875852378112,35,22,0,1,0,532,533,533,532,0,0,0,1
1092955779869348265984,16,34,1,0,0,533,533,533,533,1,0,0,0
1120639702477855260672,62,5,1,0,0,534,533,533,533,0,0,0,1
1135928886651103739904,43,17,0,0,1,534,533,534,533,0,0,0,1
1151426665212152905728,24,29,0,1,0,534,534,534,534,1,0,0,0
1167135884069465164896,5,41,1,0,0,535,534,534,534,0,0,0,1
1180591620717411303424,70,0,0,0,0,535,534,534,534,0,0,0,1
1196698744784701882368,51,12,1,0,0,536,534,534,534,0,0,0,1
1213025622610333925376,32,24,0,0,1,536,534,535,534,0,0,0,1
1229575252353016799232,13,36,0,1,0,536,535,535,535,1,0,0,0
1260719665287587168256,59,7,0,1,0,536,536,535,535,0,0,0,1
1277919997482491707392,40,19,1,0,0,537,536,535,535,0,0,0,1
1295354998363672018944,21,31,0,0,1,537,536,536,536,1,0,0,0
1313027869578148310508,2,43,0,1,0,537,537,536,536,0,0,0,1
1328165573307087716352,67,2,0,0,1,537,537,537,537,1,0,0,0
1346286087882789617664,48,14,0,1,0,537,538,537,537,0,0,0,1
1364653825436625666048,29,26,1,0,0,538,538,537,537,0,0,0,1
1383272158897143899136,10,38,0,0,1,538,538,538,538,1,0,0,0
1418309623448535564288,56,9,0,0,1,538,538,539,538,0,0,0,1
1437659997167803170816,37,21,0,1,0,538,539,539,538,0,0,0,1
1457274373159131021312,18,33,1,0,0,539,539,539,539,1,0,0,0
1494186269970473680896,64,4,1,0,0,540,539,539,539,0,0,0,1
1514571848868138319872,45,16,0,0,1,540,539,540,539,0,0,0,1
1535235553616203874304,26,28,0,1,0,540,540,540,540,1,0,0,0
1556181178759286886528,7,40,1,0,0,541,540,540,540,0,0,0,1
1595598326379602509824,53,11,1,0,0,542,540,540,540,0,0,0,1
1617367496813778567168,34,23,0,0,1,542,540,541,540,0,0,0,1
1639433669804022398976,15,35,0,1,0,542,541,541,541,1,0,0,0
1680959553716782891008,61,6,0,1,0,542,542,541,541,0,0,0,1
1703893329976655609856,42,18,1,0,0,543,542,541,541,0,0,0,1
1727139997818229358592,23,30,0,0,1,543,542,542,542,1,0,0,0
1750703826104197747344,4,42,0,1,0,543,543,542,542,0,0,0,1
1770887431076116955136,69,1,0,1,1,543,544,543,543,1,1,1,1
1795048117177052823552,50,13,0,1,0,543,545,543,543,0,1,0,1
1819538433915500888064,31,25,1,0,0,544,545,543,543,0,1,0,1
1844362878529525198848,12,37,0,0,1,544,545,544,544,1,1,0,0
1891079497931380752384,58,8,0,0,1,544,545,545,544,0,0,-1,0
1916879996223737561088,39,20,0,1,0,544,546,545,544,0,0,0,1
1943032497545508028416,20,32,1,0,0,545,546,545,545,1,1,1,1
1969541804367222465762,1,44,0,0,1,545,546,546,545,0,0,-1,0
1992248359960631574528,66,3,1,0,0,546,546,546,546,1,0,0,0
2019429131824184426496,47,15,0,0,1,546,546,547,546,0,0,0,1
2046980738154938499072,28,27,0,1,0,546,547,547,546,0,0,0,1
2074908238345715848704,9,39,1,0,0,547,547,547,547,1,0,0,0
2127464435172803346432,55,10,1,0,0,548,547,547,547,0,0,0,1
2156489995751704756224,36,22,0,0,1,548,547,548,547,0,0,0,1
2185911559738696531968,17,34,0,1,0,548,548,548,548,1,0,0,0
2241279404955710521344,63,5,0,1,0,548,549,548,548,0,0,0,1
2271857773302207479808,44,17,1,0,0,549,549,548,548,0,0,0,1
2302853330424305811456,25,29,0,0,1,549,549,549,549,1,0,0,0
2334271768138930329792,6,41,0,1,0,549,550,549,549,0,0,0,1
2361183241434822606848,71,0,0,0,0,549,550,549,549,0,0,0,1
2393397489569403764736,52,12,0,1,0,549,551,549,549,0,0,0,1
2426051245220667850752,33,24,1,0,0,550,551,549,549,0,0,0,1
2459150504706033598464,14,36,0,0,1,550,551,550,550,1,0,0,0
2521439330575174336512,60,7,0,0,1,550,551,551,550,0,0,0,1
2555839994964983414784,41,19,0,1,0,550,552,551,550,0,0,0,1
2590709996727344037888,22,31,1,0,0,551,552,551,551,1,0,0,0
2626055739156296621016,3,43,0,0,1,551,552,552,551,0,0,0,1
2656331146614175432704,68,2,1,0,0,552,552,552,552,1,0,0,0
2692572175765579235328,49,14,0,0,1,552,552,553,552,0,0,0,1
2729307650873251332096,30,26,0,1,0,552,553,553,552,0,0,0,1
2766544317794287798272,11,38,1,0,0,553,553,553,553,1,0,0,0
2836619246897071128576,57,9,1,0,0,554,553,553,553,0,0,0,1
2875319994335606341632,38,21,0,0,1,554,553,554,553,0,0,0,1
2914548746318262042624,19,33,0,1,0,554,554,554,554,1,0,0,0
2954312706550833698643,0,45,1,0,0,555,554,554,554,0,0,0,1
2988372539940947361792,65,4,0,1,0,555,555,554,554,0,0,0,1
3029143697736276639744,46,16,1,0,0,556,555,554,554,0,0,0,1
3070471107232407748608,27,28,0,0,1,556,555,555,555,1,0,0,0
3112362357518573773056,8,40,0,1,0,556,556,555,555,0,0,0,1
3191196652759205019648,54,11,0,1,0,556,557,555,555,0,0,0,1
3234734993627557134336,35,23,1,0,0,557,557,555,555,0,0,0,1
3278867339608044797952,16,35,0,0,1,557,557,556,556,1,0,0,0
3361919107433565782016,62,6,0,0,1,557,557,557,557,1,0,0,0
3407786659953311219712,43,18,0,1,0,557,558,557,557,0,0,0,1
3454279995636458717184,24,30,1,0,0,558,558,557,557,0,0,0,1
3501407652208395494688,5,42,0,0,1,558,558,558,558,1,0,0,0
3541774862152233910272,70,1,1,0,1,559,558,559,558,0,0,0,1
3590096234354105647104,51,13,0,0,1,559,558,560,558,0,0,0,1
3639076867831001776128,32,25,0,1,0,559,559,560,559,1,1,1,1
3688725757059050397696,13,37,1,0,0,560,559,560,559,0,0,-1,0
3782158995862761504768,59,8,1,0,0,561,559,560,559,0,0,0,1
3833759992447475122176,40,20,0,0,1,561,559,561,559,0,0,0,1
3886064995091016056832,21,32,0,1,0,561,560,561,560,1,0,0,0
3939083608734444931524,2,44,1,0,0,562,560,561,560,0,0,0,1
3984496719921263149056,67,3,0,1,0,562,561,561,561,1,0,0,0
4038858263648368852992,48,15,1,0,0,563,561,561,561,0,0,0,1
4093961476309876998144,29,27,0,0,1,563,561,562,561,0,0,0,1
4149816476691431697408,10,39,0,1,0,563,562,562,562,1,0,0,0
4254928870345606692864,56,10,0,1,0,563,563,562,562,0,0,0,1
4312979991503409512448,37,22,1,0,0,564,563,562,562,0,0,0,1
4371823119477393063936,18,34,0,0,1,564,563,563,563,1,0,0,0
4482558809911421042688,64,5,0,0,1,564,563,564,563,0,0,0,1
4543715546604414959616,45,17,0,1,0,564,564,564,564,1,0,0,0
4605706660848611622912,26,29,1,0,0,565,564,564,564,0,0,0,1
4668543536277860659584,7,41,0,0,1,565,564,565,564,0,0,0,1
4722366482869645213696,72,0,0,0,0,565,564,565,564,0,0,0,1
4786794979138807529472,53,12,0,0,1,565,564,566,564,0,0,0,1
4852102490441335701504,34,24,0,1,0,565,565,566,565,1,0,0,0
4918301009412067196928,15,36,1,0,0,566,565,566,565,0,0,0,1
5042878661150348673024,61,7,1,0,0,567,565,566,565,0,0,0,1
5111679989929966829568,42,19,0,0,1,567,565,567,565,0,0,0,1
5181419993454688075776,23,31,0,1,0,567,566,567,566,1,0,0,0
5252111478312593242032,4,43,1,0,0,568,566,567,566,0,0,0,1
5312662293228350865408,69,2,0,1,0,568,567,567,567,1,0,0,0
5385144351531158470656,50,14,1,0,0,569,567,567,567,0,0,0,1
5458615301746502664192,31,26,0,0,1,569,567,568,567,0,0,0,1
5533088635588575596544,12,38,0,1,0,569,568,568,568,1,0,0,0
5673238493794142257152,58,9,0,1,0,569,569,568,568,0,0,0,1
5750639988671212683264,39,21,1,0,0,570,569,568,568,0,0,0,1
5829097492636524085248,20,33,0,0,1,570,569,569,569,1,0,0,0
5908625413101667397286,1,45,0,1,0,570,570,569,569,0,0,0,1
5976745079881894723584,66,4,0,0,1,570,570,570,570,1,0,0,0
6058287395472553279488,47,16,0,1,0,570,571,570,570,0,0,0,1
6140942214464815497216,28,28,1,0,0,571,571,570,570,0,0,0,1
6224724715037147546112,9,40,0,0,1,571,571,571,571,1,0,0,0
6382393305518410039296,55,11,0,0,1,571,571,572,571,0,0,0,1
6469469987255114268672,36,23,0,1,0,571,572,572,571,0,0,0,1
6557734679216089595904,17,35,1,0,0,572,572,572,572,1,0,0,0
6723838214867131564032,63,6,1,0,0,573,572,572,572,0,0,0,1
6815573319906622439424,44,18,0,0,1,573,572,573,572,0,0,0,1
6908559991272917434368,25,30,0,1,0,573,573,573,573,1,0,0,0
7002815304416790989376,6,42,1,0,0,574,573,573,573,0,0,0,1
7083549724304467820544,71,1,1,1,0,575,574,573,573,0,0,0,1
7180192468708211294208,52,13,1,0,0,576,574,573,573,0,0,0,1
7278153735662003552256,33,25,0,0,1,576,574,574,574,1,1,1,1
7377451514118100795392,14,37,0,1,0,576,575,574,574,0,0,-1,0
7564317991725523009536,60,8,0,1,0,576,576,574,574,0,0,0,1
7667519984894950244352,41,20,1,0,0,577,576,574,574,0,0,0,1
7772129990182032113664,22,32,0,0,1,577,576,575,575,1,0,0,0
7878167217468889863048,3,44,0,1,0,577,577,575,575,0,0,0,1
7968993439842526298112,68,3,0,0,1,577,577,576,576,1,0,0,0
8077716527296737705984,49,15,0,1,0,577,578,576,576,0,0,0,1
8187922952619753996288,30,27,1,0,0,578,578,576,576,0,0,0,1
8299632953382863394816,11,39,0,0,1,578,578,577,577,1,0,0,0
8509857740691213385728,57,10,0,0,1,578,578,578,578,1,0,0,0
8625959983006819024896,38,22,0,1,0,578,579,578,578,0,0,0,1
8743646238954786127872,19,34,1,0,0,579,579,578,578,0,0,0,1
8862938119652501095929,0,46,0,0,1,579,579,579,579,1,0,0,0
8965117619822842085376,65,5,1,0,0,580,579,579,579,0,0,0,1
9087431093208829919232,46,17,0,0,1,580,579,580,579,0,0,0,1
9211413321697223245824,27,29,0,1,0,580,580,580,580,1,0,0,0
9337087072555721319168,8,41,1,0,0,581,580,580,580,0,0,0,1
9444732965739290427392,73,0,0,0,0,581,580,580,580,0,0,0,1
9573589958277615058944,54,12,1,0,0,582,580,580,580,0,0,0,1
9704204980882671403008,35,24,0,0,1,582,580,581,580,0,0,0,1
9836602018824134393856,16,36,0,1,0,582,581,581,581,1,0,0,0
10085757322300697346048,62,7,0,1,0,582,582,581,581,0,0,0,1
10223359979859933659136,43,19,1,0,0,583,582,581,581,0,0,0,1
10362839986909376151552,24,31,0,0,1,583,582,582,582,1,0,0,0
10504222956625186484064,5,43,0,1,0,583,583,582,582,0,0,0,1
10625324586456701730816,70,2,0,0,1,583,583,583,583,1,0,0,0
10770288703062316941312,51,14,0,1,0,583,584,583,583,0,0,0,1
10917230603493005328384,32,26,1,0,0,584,584,583,583,0,0,0,1
11066177271177151193088,13,38,0,0,1,584,584,584,584,1,0,0,0
11346476987588284514304,59,9,0,0,1,584,584,585,584,0,0,0,1
11501279977342425366528,40,21,0,1,0,584,585,585,584,0,0,0,1
11658194985273048170496,21,33,1,0,0,585,585,585,585,1,0,0,0
11817250826203334794572,2,45,0,0,1,585,585,586,585,0,0,0,1
11953490159763789447168,67,4,1,0,0,586,585,586,585,0,0,0,1
12116574790945106558976,48,16,0,0,1,586,585,587,585,0,0,0,1
12281884428929630994432,29,28,0,1,0,586,586,587,586,1,0,0,0
12449449430074295092224,10,40,1,0,0,587,586,587,586,0,0,0,1
12764786611036820078592,56,11,1,0,0,588,586,587,586,0,0,0,1
12938939974510228537344,37,23,0,0,1,588,586,588,586,0,0,0,1
13115469358432179191808,18,35,0,1,0,588,587,588,587,1,0,0,0
13447676429734263128064,64,6,0,1,0,588,588,588,588,1,0,0,0
13631146639813244878848,45,18,1,0,0,589,588,588,588,0,0,0,1
13817119982545834868736,26,30,0,0,1,589,588,589,588,0,0,0,1
14005630608833581978752,7,42,0,1,0,589,589,589,589,1,0,0,0
14167099448608935641088,72,1,0,1,1,589,590,590,589,0,0,0,1
14360384937416422588416,53,13,0,1,0,589,591,590,589,0,0,0,1
14556307471324007104512,34,25,1,0,0,590,591,590,590,1,1,1,1
14754903028236201590784,15,37,0,0,1,590,591,591,590,0,0,-1,0
15128635983451046019072,61,8,0,0,1,590,591,592,590,0,0,0,1
15335039969789900488704,42,20,0,1,0,590,592,592,590,0,0,0,1
15544259980364064227328,23,32,1,0,0,591,592,592,591,1,0,0,0
15756334434937779726096,4,44,0,0,1,591,592,593,591,0,0,0,1
15937986879685052596224,69,3,1,0,0,592,592,593,592,1,0,0,0
16155433054593475411968,50,15,0,0,1,592,592,594,592,0,0,0,1
16375845905239507992576,31,27,0,1,0,592,593,594,592,0,0,0,1
16599265906765726789632,12,39,1,0,0,593,593,594,593,1,0,0,0
17019715481382426771456,58,10,1,0,0,594,593,594,593,0,0,0,1
17251919966013638049792,39,22,0,0,1,594,593,595,593,0,0,0,1
17487292477909572255744,20,34,0,1,0,594,594,595,594,1,0,0,0
17725876239305002191858,1,46,1,0,0,595,594,595,594,0,0,0,1
17930235239645684170752,66,5,0,1,0,595,595,595,595,1,0,0,0
18174862186417659838464,47,17,1,0,0,596,595,595,595,0,0,0,1
18422826643394446491648,28,29,0,0,1,596,595,596,595,0,0,0,1
18674174145111442638336,9,41,0,1,0,596,596,596,596,1,0,0,0
18889465931478580854784,74,0,0,0,0,596,596,596,596,0,0,0,1
19147179916555230117888,55,12,0,1,0,596,597,596,596,0,0,0,1
19408409961765342806016,36,24,1,0,0,597,597,596,596,0,0,0,1
19673204037648268787712,17,36,0,0,1,597,597,597,597,1,0,0,0
20171514644601394692096,63,7,0,0,1,597,597,598,597,0,0,0,1
20446719959719867318272,44,19,0,1,0,597,598,598,597,0,0,0,1
20725679973818752303104,25,31,1,0,0,598,598,598,598,1,0,0,0
21008445913250372968128,6,43,0,0,1,598,598,599,598,0,0,0,1
21250649172913403461632,71,2,1,0,0,599,598,599,598,0,0,0,1
21540577406124633882624,52,14,0,0,1,599,598,600,598,0,0,0,1
21834461206986010656768,33,26,0,1,0,599,599,600,599,1,0,0,0
22132354542354302386176,14,38,1,0,0,600,599,600,599,0,0,0,1
22692953975176569028608,60,9,1,0,0,601,599,600,599,0,0,0,1
23002559954684850733056,41,21,0,0,1,601,599,601,599,0,0,0,1
23316389970546096340992,22,33,0,1,0,601,600,601,600,1,0,0,0
23634501652406669589144,3,45,1,0,0,602,600,601,600,0,0,0,1
23906980319527578894336,68,4,0,1,0,602,601,601,601,1,0,0,0
24233149581890213117952,49,16,1,0,0,603,601,601,601,0,0,0,1
24563768857859261988864,30,28,0,0,1,603,601,602,601,0,0,0,1
24898898860148590184448,11,40,0,1,0,603,602,602,602,1,0,0,0
25529573222073640157184,57,11,0,1,0,603,603,602,602,0,0,0,1
25877879949020457074688,38,23,1,0,0,604,603,602,602,0,0,0,1
26230938716864358383616,19,35,0,0,1,604,603,603,603,1,0,0,0
26588814358957503287787,0,47,0,1,0,604,604,603,603,0,0,0,1
26895352859468526256128,65,6,0,0,1,604,604,604,604,1,0,0,0
27262293279626489757696,46,18,0,1,0,604,605,604,604,0,0,0,1
27634239965091669737472,27,30,1,0,0,605,605,604,604,0,0,0,1
28011261217667163957504,8,42,0,0,1,605,605,605,605,1,0,0,0
28334198897217871282176,73,1,1,0,1,606,605,606,605,0,0,0,1
28720769874832845176832,54,13,0,0,1,606,605,607,605,0,0,0,1
29112614942648014209024,35,25,0,1,0,606,606,607,606,1,1,1,1
29509806056472403181568,16,37,1,0,0,607,606,607,606,0,0,-1,0
30257271966902092038144,62,8,1,0,0,608,606,607,606,0,0,0,1
30670079939579800977408,43,20,0,0,1,608,606,608,606,0,0,0,1
31088519960728128454656,24,32,0,1,0,608,607,608,607,1,0,0,0
31512668869875559452192,5,44,1,0,0,609,607,608,607,0,0,0,1
31875973759370105192448,70,3,0,1,0,609,608,608,608,1,0,0,0
32310866109186950823936,51,15,1,0,0,610,608,608,608,0,0,0,1
32751691810479015985152,32,27,0,0,1,610,608,609,608,0,0,0,1
33198531813531453579264,13,39,0,1,0,610,609,609,609,1,0,0,0
34039430962764853542912,59,10,0,1,0,610,610,609,609,0,0,0,1
34503839932027276099584,40,22,1,0,0,611,610,609,609,0,0,0,1
34974584955819144511488,21,34,0,0,1,611,610,610,610,1,0,0,0
35451752478610004383716,2,46,0,1,0,611,611,610,610,0,0,0,1
35860470479291368341504,67,5,0,0,1,611,611,611,611,1,0,0,0
36349724372835319676928,48,17,0,1,0,611,612,611,611,0,0,0,1
36845653286788892983296,29,29,1,0,0,612,612,611,611,0,0,0,1
37348348290222885276672,10,41,0,0,1,612,612,612,612,1,0,0,0
37778931862957161709568,75,0,0,0,0,612,612,612,612,0,0,0,1
38294359833110460235776,56,12,0,0,1,612,612,613,612,0,0,0,1
38816819923530685612032,37,24,0,1,0,612,613,613,612,0,0,0,1
39346408075296537575424,18,36,1,0,0,613,613,613,613,1,0,0,0
40343029289202789384192,64,7,1,0,0,614,613,613,613,0,0,0,1
40893439919439734636544,45,19,0,0,1,614,613,614,613,0,0,0,1
41451359947637504606208,26,31,0,1,0,614,614,614,614,1,0,0,0
42016891826500745936256,7,43,1,0,0,615,614,614,614,0,0,0,1
42501298345826806923264,72,2,0,1,0,615,615,614,614,0,0,0,1
43081154812249267765248,53,14,1,0,0,616,615,614,614,0,0,0,1
43668922413972021313536,34,26,0,0,1,616,615,615,615,1,0,0,0
44264709084708604772352,15,38,0,1,0,616,616,615,615,0,0,0,1
45385907950353138057216,61,9,0,1,0,616,617,615,615,0,0,0,1
46005119909369701466112,42,21,1,0,0,617,617,615,615,0,0,0,1
46632779941092192681984,23,33,0,0,1,617,617,616,616,1,0,0,0
47269003304813339178288,4,45,0,1,0,617,618,616,616,0,0,0,1
47813960639055157788672,69,4,0,0,1,617,618,617,617,1,0,0,0
48466299163780426235904,50,16,0,1,0,617,619,617,617,0,0,0,1
49127537715718523977728,31,28,1,0,0,618,619,617,617,0,0,0,1
49797797720297180368896,12,40,0,0,1,618,619,618,618,1,0,0,0
51059146444147280314368,58,11,0,0,1,618,619,619,618,0,0,0,1
51755759898040914149376,39,23,0,1,0,618,620,619,618,0,0,0,1
52461877433728716767232,20,35,1,0,0,619,620,619,619,1,0,0,0
53177628717915006575574,1,47,0,0,1,619,620,620,619,0,0,0,1
53790705718937052512256,66,6,1,0,0,620,620,620,620,1,0,0,0
54524586559252979515392,47,18,0,0,1,620,620,621,620,0,0,0,1
55268479930183339474944,28,30,0,1,0,620,621,621,620,0,0,0,1
56022522435334327915008,9,42,1,0,0,621,621,621,621,1,0,0,0
56668397794435742564352,74,1,1,1,0,622,622,621,621,0,0,0,1
57441539749665690353664,55,13,1,0,0,623,622,621,621,0,0,0,1
58225229885296028418048,36,25,0,0,1,623,622,622,622,1,1,1,1
59019612112944806363136,17,37,0,1,0,623,623,622,622,0,0,-1,0
60514543933804184076288,63,8,0,1,0,623,624,622,622,0,0,0,1
61340159879159601954816,44,20,1,0,0,624,624,622,622,0,0,0,1
62177039921456256909312,25,32,0,0,1,624,624,623,623,1,0,0,0
63025337739751118904384,6,44,0,1,0,624,625,623,623,0,0,0,1
63751947518740210384896,71,3,0,0,1,624,625,624,624,1,0,0,0
64621732218373901647872,52,15,0,1,0,624,626,624,624,0,0,0,1
65503383620958031970304,33,27,1,0,0,625,626,624,624,0,0,0,1
66397063627062907158528,14,39,0,0,1,625,626,625,625,1,0,0,0
68078861925529707085824,60,10,0,0,1,625,626,626,625,0,0,0,1
69007679864054552199168,41,22,0,1,0,625,627,626,625,0,0,0,1
69949169911638289022976,22,34,1,0,0,626,627,626,626,1,0,0,0
70903504957220008767432,3,46,0,0,1,626,627,627,626,0,0,0,1
71720940958582736683008,68,5,1,0,0,627,627,627,627,1,0,0,0
72699448745670639353856,49,17,0,0,1,627,627,628,627,0,0,0,1
73691306573577785966592,30,29,0,1,0,627,628,628,627,0,0,0,1
74696696580445770553344,11,41,1,0,0,628,628,628,628,1,0,0,0
75557863725914323419136,76,0,0,0,0,628,628,628,628,0,0,0,1
76588719666220920471552,57,12,1,0,0,629,628,628,628,0,0,0,1
77633639847061371224064,38,24,0,0,1,629,628,629,628,0,0,0,1
78692816150593075150848,19,36,0,1,0,629,629,629,629,1,0,0,0
79766443076872509863361,0,48,1,0,0,630,629,629,629,0,0,0,1
80686058578405578768384,65,7,0,1,0,630,630,629,629,0,0,0,1
81786879838879469273088,46,19,1,0,0,631,630,629,629,0,0,0,1
82902719895275009212416,27,31,0,0,1,631,630,630,630,1,0,0,0
84033783653001491872512,8,43,0,1,0,631,631,630,630,0,0,0,1
85002596691653613846528,73,2,0,0,1,631,631,631,631,1,0,0,0
86162309624498535530496,54,14,0,1,0,631,632,631,631,0,0,0,1
87337844827944042627072,35,26,1,0,0,632,632,631,631,0,0,0,1
88529418169417209544704,16,38,0,0,1,632,632,632,632,1,0,0,0
90771815900706276114432,62,9,0,0,1,632,632,633,632,0,0,0,1
92010239818739402932224,43,21,0,1,0,632,633,633,632,0,0,0,1
93265559882184385363968,24,33,1,0,0,633,633,633,633,1,0,0,0
94538006609626678356576,5,45,0,0,1,633,633,634,633,0,0,0,1
95627921278110315577344,70,4,1,0,0,634,633,634,633,0,0,0,1
96932598327560852471808,51,16,0,0,1,634,633,635,633,0,0,0,1
98255075431437047955456,32,28,0,1,0,634,634,635,634,1,0,0,0
99595595440594360737792,13,40,1,0,0,635,634,635,634,0,0,0,1
102118292888294560628736,59,11,1,0,0,636,634,635,634,0,0,0,1
103511519796081828298752,40,23,0,0,1,636,634,636,634,0,0,0,1
104923754867457433534464,21,35,0,1,0,636,635,636,635,1,0,0,0
106355257435830013151148,2,47,1,0,0,637,635,636,635,0,0,0,1
107581411437874105024512,67,6,0,1,0,637,636,636,636,1,0,0,0
109049173118505959030784,48,18,1,0,0,638,636,636,636,0,0,0,1
110536959860366678949888,29,30,0,0,1,638,636,637,636,0,0,0,1
112045044870668655830016,10,42,0,1,0,638,637,637,637,1,0,0,0
113336795588871485128704,75,1,0,1,1,638,638,638,638,1,1,1,1
114883079499331380707328,56,13,0,1,0,638,639,638,638,0,1,0,1
116450459770592056836096,37,25,1,0,0,639,639,638,638,0,1,0,1
118039224225889612726272,18,37,0,0,1,639,639,639,639,1,1,0,0
121029087867608368152576,64,8,0,0,1,639,639,640,639,0,0,-1,0
122680319758319203909632,45,20,0,1,0,639,640,640,639,0,0,0,1
124354079842912513818624,26,32,1,0,0,640,640,640,640,1,1,1,1
126050675479502237808768,7,44,0,0,1,640,640,641,640,0,0,-1,0
127503895037480420769792,72,3,1,0,0,641,640,641,640,0,0,0,1
129243464436747803295744,53,15,0,0,1,641,640,642,640,0,0,0,1
131006767241916063940608,34,27,0,1,0,641,641,642,641,1,0,0,0
132794127254125814317056,15,39,1,0,0,642,641,642,641,0,0,0,1
136157723851059414171648,61,10,1,0,0,643,641,642,641,0,0,0,1
138015359728109104398336,42,22,0,0,1,643,641,643,641,0,0,0,1
139898339823276578045952,23,34,0,1,0,643,642,643,642,1,0,0,0
141807009914440017534864,4,46,1,0,0,644,642,643,642,0,0,0,1
143441881917165473366016,69,5,0,1,0,644,643,643,643,1,0,0,0
145398897491341278707712,50,17,1,0,0,645,643,643,643,0,0,0,1
147382613147155571933184,31,29,0,0,1,645,643,644,643,0,0,0,1
149393393160891541106688,12,41,0,1,0,645,644,644,644,1,0,0,0
151115727451828646838272,77,0,0,0,0,645,644,644,644,0,0,0,1
153177439332441840943104,58,12,0,1,0,645,645,644,644,0,0,0,1
155267279694122742448128,39,24,1,0,0,646,645,644,644,0,0,0,1
157385632301186150301696,20,36,0,0,1,646,645,645,645,1,0,0,0
159532886153745019726722,1,48,0,1,0,646,646,645,645,0,0,0,1
161372117156811157536768,66,7,0,0,1,646,646,646,646,1,0,0,0
163573759677758938546176,47,19,0,1,0,646,647,646,646,0,0,0,1
165805439790550018424832,28,31,1,0,0,647,647,646,646,0,0,0,1
168067567306002983745024,9,43,0,0,1,647,647,647,647,1,0,0,0
170005193383307227693056,74,2,1,0,0,648,647,647,647,0,0,0,1
172324619248997071060992,55,14,0,0,1,648,647,648,647,0,0,0,1
174675689655888085254144,36,26,0,1,0,648,648,648,648,1,0,0,0
177058836338834419089408,17,38,1,0,0,649,648,648,648,0,0,0,1
181543631801412552228864,63,9,1,0,0,650,648,648,648,0,0,0,1
184020479637478805864448,44,21,0,0,1,650,648,649,648,0,0,0,1
186531119764368770727936,25,33,0,1,0,650,649,649,649,1,0,0,0
189076013219253356713152,6,45,1,0,0,651,649,649,649,0,0,0,1
191255842556220631154688,71,4,0,1,0,651,650,649,649,0,0,0,1
193865196655121704943616,52,16,1,0,0,652,650,649,649,0,0,0,1
196510150862874095910912,33,28,0,0,1,652,650,650,650,1,0,0,0
199191190881188721475584,14,40,0,1,0,652,651,650,650,0,0,0,1
204236585776589121257472,60,11,0,1,0,652,652,650,650,0,0,0,1
207023039592163656597504,41,23,1,0,0,653,652,650,650,0,0,0,1
209847509734914867068928,22,35,0,0,1,653,652,651,651,1,0,0,0
212710514871660026302296,3,47,0,1,0,653,653,651,651,0,0,0,1
215162822875748210049024,68,6,0,0,1,653,653,652,652,1,0,0,0
218098346237011918061568,49,18,0,1,0,653,654,652,652,0,0,0,1
221073919720733357899776,30,30,1,0,0,654,654,652,652,0,0,0,1
224090089741337311660032,11,42,0,0,1,654,654,653,653,1,0,0,0
226673591177742970257408,76,1,1,0,1,655,654,654,654,1,0,0,0
229766158998662761414656,57,13,0,0,1,655,654,655,654,0,0,0,1
232900919541184113672192,38,25,0,1,0,655,655,655,655,1,1,1,1
236078448451779225452544,19,37,1,0,0,656,655,655,655,0,0,-1,0
239299329230617529590083,0,49,0,0,1,656,655,656,655,0,0,0,1
242058175735216736305152,65,8,1,0,0,657,655,656,655,0,0,0,1
245360639516638407819264,46,20,0,0,1,657,655,657,655,0,0,0,1
248708159685825027637248,27,32,0,1,0,657,656,657,656,1,0,0,0
252101350959004475617536,8,44,1,0,0,658,656,657,656,0,0,0,1
255007790074960841539584,73,3,0,1,0,658,657,657,657,1,0,0,0
258486928873495606591488,54,15,1,0,0,659,657,657,657,0,0,0,1
262013534483832127881216,35,27,0,0,1,659,657,658,657,0,0,0,1
265588254508251628634112,16,39,0,1,0,659,658,658,658,1,0,0,0
272315447702118828343296,62,10,0,1,0,659,659,658,658,0,0,0,1
276030719456218208796672,43,22,1,0,0,660,659,658,658,0,0,0,1
279796679646553156091904,24,34,0,0,1,660,659,659,659,1,0,0,0
283614019828880035069728,5,46,0,1,0,660,660,659,659,0,0,0,1
286883763834330946732032,70,5,0,0,1,660,660,660,660,1,0,0,0
290797794982682557415424,51,17,0,1,0,660,661,660,660,0,0,0,1
294765226294311143866368,32,29,1,0,0,661,661,660,660,0,0,0,1
298786786321783082213376,13,41,0,0,1,661,661,661,661,1,0,0,0
302231454903657293676544,78,0,0,0,0,661,661,661,661,0,0,0,1
306354878664883681886208,59,12,0,0,1,661,661,662,661,0,0,0,1
310534559388245484896256,40,24,0,1,0,661,662,662,661,0,0,0,1
314771264602372300603392,21,36,1,0,0,662,662,662,662,1,0,0,0
319065772307490039453444,2,48,0,0,1,662,662,663,662,0,0,0,1
322744234313622315073536,67,7,1,0,0,663,662,663,662,0,0,0,1
327147519355517877092352,48,19,0,0,1,663,662,664,662,0,0,0,1
331610879581100036849664,29,31,0,1,0,663,663,664,663,1,0,0,0
336135134612005967490048,10,43,1,0,0,664,663,664,663,0,0,0,1
340010386766614455386112,75,2,0,1,0,664,664,664,664,1,0,0,0
344649238497994142121984,56,14,1,0,0,665,664,664,664,0,0,0,1
349351379311776170508288,37,26,0,0,1,665,664,665,664,0,0,0,1
354117672677668838178816,18,38,0,1,0,665,665,665,665,1,0,0,0
363087263602825104457728,64,9,0,1,0,665,666,665,665,0,0,0,1
368040959274957611728896,45,21,1,0,0,666,666,665,665,0,0,0,1
373062239528737541455872,26,33,0,0,1,666,666,666,666,1,0,0,0
378152026438506713426304,7,45,0,1,0,666,667,666,666,0,0,0,1
382511685112441262309376,72,4,0,0,1,666,667,667,666,0,0,0,1
387730393310243409887232,53,16,0,1,0,666,668,667,666,0,0,0,1
393020301725748191821824,34,28,1,0,0,667,668,667,667,1,0,0,0
398382381762377442951168,15,40,0,0,1,667,668,668,667,0,0,0,1
408473171553178242514944,61,11,0,0,1,667,668,669,667,0,0,0,1
414046079184327313195008,42,23,0,1,0,667,669,669,667,0,0,0,1
419695019469829734137856,23,35,1,0,0,668,669,669,668,1,0,0,0
425421029743320052604592,4,47,0,0,1,668,669,670,668,0,0,0,1
430325645751496420098048,69,6,1,0,0,669,669,670,669,1,0,0,0
436196692474023836123136,50,18,0,0,1,669,669,671,669,0,0,0,1
442147839441466715799552,31,30,0,1,0,669,670,671,669,0,0,0,1
448180179482674623320064,12,42,1,0,0,670,670,671,670,1,0,0,0
453347182355485940514816,77,1,1,1,0,671,671,671,671,1,1,1,1
459532317997325522829312,58,13,1,0,0,672,671,671,671,0,1,0,1
465801839082368227344384,39,25,0,0,1,672,671,672,671,0,1,0,1
472156896903558450905088,20,37,0,1,0,672,672,672,672,1,1,0,0
478598658461235059180166,1,49,1,0,0,673,672,672,672,0,1,0,1
484116351470433472610304,66,8,0,1,0,673,673,672,672,0,0,-1,0
490721279033276815638528,47,20,1,0,0,674,673,672,672,0,0,0,1
497416319371650055274496,28,32,0,0,1,674,673,673,673,1,1,1,1
504202701918008951235072,9,44,0,1,0,674,674,673,673,0,0,-1,0
510015580149921683079168,74,3,0,0,1,674,674,674,674,1,0,0,0
516973857746991213182976,55,15,0,1,0,674,675,674,674,0,0,0,1
524027068967664255762432,36,27,1,0,0,675,675,674,674,0,0,0,1
531176509016503257268224,17,39,0,0,1,675,675,675,675,1,0,0,0
544630895404237656686592,63,10,0,0,1,675,675,676,675,0,0,0,1
552061438912436417593344,44,22,0,1,0,675,676,676,675,0,0,0,1
559593359293106312183808,25,34,1,0,0,676,676,676,676,1,0,0,0
567228039657760070139456,6,46,0,0,1,676,676,677,676,0,0,0,1
573767527668661893464064,71,5,1,0,0,677,676,677,676,0,0,0,1
581595589965365114830848,52,17,0,0,1,677,676,678,676,0,0,0,1
589530452588622287732736,33,29,0,1,0,677,677,678,677,1,0,0,0
597573572643566164426752,14,41,1,0,0,678,677,678,677,0,0,0,1
604462909807314587353088,79,0,0,0,0,678,677,678,677,0,0,0,1
612709757329767363772416,60,12,1,0,0,679,677,678,677,0,0,0,1
621069118776490969792512,41,24,0,0,1,679,677,679,677,0,0,0,1
629542529204744601206784,22,36,0,1,0,679,678,679,678,1,0,0,0
638131544614980078906888,3,48,1,0,0,680,678,679,678,0,0,0,1
645488468627244630147072,68,7,0,1,0,680,679,679,679,1,0,0,0
654295038711035754184704,49,19,1,0,0,681,679,679,679,0,0,0,1
663221759162200073699328,30,31,0,0,1,681,679,680,679,0,0,0,1
672270269224011934980096,11,43,0,1,0,681,680,680,680,1,0,0,0
680020773533228910772224,76,2,0,0,1,681,680,681,680,0,0,0,1
689298476995988284243968,57,14,0,1,0,681,681,681,681,1,0,0,0
698702758623552341016576,38,26,1,0,0,682,681,681,681,0,0,0,1
708235345355337676357632,19,38,0,0,1,682,681,682,681,0,0,0,1
717897987691852588770249,0,50,0,1,0,682,682,682,682,1,0,0,0
726174527205650208915456,65,9,0,0,1,682,682,683,682,0,0,0,1
736081918549915223457792,46,21,0,1,0,682,683,683,682,0,0,0,1
746124479057475082911744,27,33,1,0,0,683,683,683,683,1,0,0,0
756304052877013426852608,8,45,0,0,1,683,683,684,683,0,0,0,1
765023370224882524618752,73,4,1,0,0,684,683,684,683,0,0,0,1
775460786620486819774464,54,16,0,0,1,684,683,685,683,0,0,0,1
786040603451496383643648,35,28,0,1,0,684,684,685,684,1,0,0,0
796764763524754885902336,16,40,1,0,0,685,684,685,684,0,0,0,1
816946343106356485029888,62,11,1,0,0,686,684,685,684,0,0,0,1
828092158368654626390016,43,23,0,0,1,686,684,686,684,0,0,0,1
839390038939659468275712,24,35,0,1,0,686,685,686,685,1,0,0,0
850842059486640105209184,5,47,1,0,0,687,685,686,685,0,0,0,1
860651291502992840196096,70,6,0,1,0,687,686,686,686,1,0,0,0
872393384948047672246272,51,18,1,0,0,688,686,686,686,0,0,0,1
884295678882933431599104,32,30,0,0,1,688,686,687,686,0,0,0,1
896360358965349246640128,13,42,0,1,0,688,687,687,687,1,0,0,0
906694364710971881029632,78,1,0,1,1,688,688,688,688,1,1,1,1
919064635994651045658624,59,13,0,1,0,688,689,688,688,0,1,0,1
931603678164736454688768,40,25,1,0,0,689,689,688,688,0,1,0,1
944313793807116901810176,21,37,0,0,1,689,689,689,689,1,1,0,0
957197316922470118360332,2,49,0,1,0,689,690,689,689,0,1,0,1
968232702940866945220608,67,8,0,0,1,689,690,690,689,0,0,-1,0
981442558066553631277056,48,20,0,1,0,689,691,690,689,0,0,0,1
994832638743300110548992,29,32,1,0,0,690,691,690,690,1,1,1,1
1008405403836017902470144,10,44,0,0,1,690,691,691,690,0,0,-1,0
1020031160299843366158336,75,3,1,0,0,691,691,691,691,1,0,0,0
1033947715493982426365952,56,15,0,0,1,691,691,692,691,0,0,0,1
1048054137935328511524864,37,27,0,1,0,691,692,692,691,0,0,0,1
1062353018033006514536448,18,39,1,0,0,692,692,692,692,1,0,0,0
1089261790808475313373184,64,10,1,0,0,693,692,692,692,0,0,0,1
1104122877824872835186688,45,22,0,0,1,693,692,693,692,0,0,0,1
1119186718586212624367616,26,34,0,1,0,693,693,693,693,1,0,0,0
1134456079315520140278912,7,46,1,0,0,694,693,693,693,0,0,0,1
1147535055337323786928128,72,5,0,1,0,694,694,693,693,0,0,0,1
1163191179930730229661696,53,17,1,0,0,695,694,693,693,0,0,0,1
1179060905177244575465472,34,29,0,0,1,695,694,694,694,1,0,0,0
1195147145287132328853504,15,41,0,1,0,695,695,694,694,0,0,0,1
1208925819614629174706176,80,0,0,0,0,695,695,694,694,0,0,0,1
1225419514659534727544832,61,12,0,1,0,695,696,694,694,0,0,0,1
1242138237552981939585024,42,24,1,0,0,696,696,694,694,0,0,0,1
1259085058409489202413568,23,36,0,0,1,696,696,695,695,1,0,0,0
1276263089229960157813776,4,48,0,1,0,696,697,695,695,0,0,0,1
1290976937254489260294144,69,7,0,0,1,696,697,696,696,1,0,0,0
1308590077422071508369408,50,19,0,1,0,696,698,696,696,0,0,0,1
1326443518324400147398656,31,31,1,0,0,697,698,696,696,0,0,0,1
1344540538448023869960192,12,43,0,0,1,697,698,697,697,1,0,0,0
1360041547066457821544448,77,2,1,0,0,698,698,697,697,0,0,0,1
1378596953991976568487936,58,14,0,0,1,698,698,698,698,1,0,0,0
1397405517247104682033152,39,26,0,1,0,698,699,698,698,0,0,0,1
1416470690710675352715264,20,38,1,0,0,699,699,698,698,0,0,0,1
1435795975383705177540498,1,50,0,0,1,699,699,699,699,1,0,0,0
1452349054411300417830912,66,9,1,0,0,700,699,699,699,0,0,0,1
1472163837099830446915584,47,21,0,0,1,700,699,700,699,0,0,0,1
1492248958114950165823488,28,33,0,1,0,700,700,700,700,1,0,0,0
1512608105754026853705216,9,45,1,0,0,701,700,700,700,0,0,0,1
1530046740449765049237504,74,4,0,1,0,701,701,700,700,0,0,0,1
1550921573240973639548928,55,16,1,0,0,702,701,700,700,0,0,0,1
1572081206902992767287296,36,28,0,0,1,702,701,701,701,1,0,0,0
1593529527049509771804672,17,40,0,1,0,702,702,701,701,0,0,0,1
1633892686212712970059776,63,11,0,1,0,702,703,701,701,0,0,0,1
1656184316737309252780032,44,23,1,0,0,703,703,701,701,0,0,0,1
1678780077879318936551424,25,35,0,0,1,703,703,702,702,1,0,0,0
1701684118973280210418368,6,47,0,1,0,703,704,702,702,0,0,0,1
1721302583005985680392192,71,6,0,0,1,703,704,703,703,1,0,0,0
1744786769896095344492544,52,18,0,1,0,703,705,703,703,0,0,0,1
1768591357765866863198208,33,30,1,0,0,704,705,703,703,0,0,0,1
1792720717930698493280256,14,42,0,0,1,704,705,704,704,1,0,0,0
1813388729421943762059264,79,1,1,0,1,705,705,705,705,1,1,1,1
1838129271989302091317248,60,13,0,0,1,705,705,706,705,0,1,0,1
1863207356329472909377536,41,25,0,1,0,705,706,706,705,0,1,0,1
1888627587614233803620352,22,37,1,0,0,706,706,706,706,1,1,0,0
1914394633844940236720664,3,49,0,0,1,706,706,707,706,0,1,0,1
1936465405881733890441216,68,8,1,0,0,707,706,707,706,0,0,-1,0
1962885116133107262554112,49,20,0,0,1,707,706,708,706,0,0,0,1
1989665277486600221097984,30,32,0,1,0,707,707,708,707,1,1,1,1
2016810807672035804940288,11,44,1,0,0,708,707,708,707,0,0,-1,0
2040062320599686732316672,76,3,0,1,0,708,708,708,708,1,0,0,0
2067895430987964852731904,57,15,1,0,0,709,708,708,708,0,0,0,1
2096108275870657023049728,38,27,0,0,1,709,708,709,708,0,0,0,1
2124706036066013029072896,19,39,0,1,0,709,709,709,709,1,0,0,0
2153693963075557766310747,0,51,1,0,0,710,709,709,709,0,0,0,1
2178523581616950626746368,65,10,0,1,0,710,710,709,709,0,0,0,1
2208245755649745670373376,46,22,1,0,0,711,710,709,709,0,0,0,1
2238373437172425248735232,27,34,0,0,1,711,710,710,710,1,0,0,0
2268912158631040280557824,8,46,0,1,0,711,711,710,710,0,0,0,1
2295070110674647573856256,73,5,0,0,1,711,711,711,711,1,0,0,0
2326382359861460459323392,54,17,0,1,0,711,712,711,711,0,0,0,1
2358121810354489150930944,35,29,1,0,0,712,712,711,711,0,0,0,1
2390294290574264657707008,16,41,0,0,1,712,712,712,712,1,0,0,0
2417851639229258349412352,81,0,0,0,0,712,712,712,712,0,0,0,1
2450839029319069455089664,62,12,0,0,1,712,712,713,712,0,0,0,1
2484276475105963879170048,43,24,0,1,0,712,713,713,712,0,0,0,1
2518170116818978404827136,24,36,1,0,0,713,713,713,713,1,0,0,0
2552526178459920315627552,5,48,0,0,1,713,713,714,713,0,0,0,1
2581953874508978520588288,70,7,1,0,0,714,713,714,713,0,0,0,1
2617180154844143016738816,51,19,0,0,1,714,713,715,713,0,0,0,1
2652887036648800294797312,32,31,0,1,0,714,714,715,714,1,0,0,0
2689081076896047739920384,13,43,1,0,0,715,714,715,714,0,0,0,1
2720083094132915643088896,78,2,0,1,0,715,715,715,715,1,0,0,0
2757193907983953136975872,59,14,1,0,0,716,715,715,715,0,0,0,1
2794811034494209364066304,40,26,0,0,1,716,715,716,715,0,0,0,1
2832941381421350705430528,21,38,0,1,0,716,716,716,716,1,0,0,0
2871591950767410355080996,2,50,1,0,0,717,716,716,716,0,0,0,1
2904698108822600835661824,67,9,0,1,0,717,717,716,716,0,0,0,1
2944327674199660893831168,48,21,1,0,0,718,717,716,716,0,0,0,1
2984497916229900331646976,29,33,0,0,1,718,717,717,717,1,0,0,0
3025216211508053707410432,10,45,0,1,0,718,718,717,717,0,0,0,1
3060093480899530098475008,75,4,0,0,1,718,718,718,718,1,0,0,0
3101843146481947279097856,56,16,0,1,0,718,719,718,718,0,0,0,1
3144162413805985534574592,37,28,1,0,0,719,719,718,718,0,0,0,1
3187059054099019543609344,18,40,0,0,1,719,719,719,719,1,0,0,0
3267785372425425940119552,64,11,0,0,1,719,719,720,719,0,0,0,1
3312368633474618505560064,45,23,0,1,0,719,720,720,719,0,0,0,1
3357560155758637873102848,26,35,1,0,0,720,720,720,720,1,0,0,0
3403368237946560420836736,7,47,0,0,1,720,720,721,720,0,0,0,1
3442605166011971360784384,72,6,1,0,0,721,720,721,720,0,0,0,1
3489573539792190688985088,53,18,0,0,1,721,720,722,720,0,0,0,1
3537182715531733726396416,34,30,0,1,0,721,721,722,721,1,0,0,0
3585441435861396986560512,15,42,1,0,0,722,721,722,721,0,0,0,1
3626777458843887524118528,80,1,1,1,0,723,722,722,722,1,1,1,1
3676258543978604182634496,61,13,1,0,0,724,722,722,722,0,1,0,1
3726414712658945818755072,42,25,0,0,1,724,722,723,722,0,1,0,1
3777255175228467607240704,23,37,0,1,0,724,723,723,723,1,1,0,0
3828789267689880473441328,4,49,1,0,0,725,723,723,723,0,1,0,1
3872930811763467780882432,69,8,0,1,0,725,724,723,723,0,0,-1,0
3925770232266214525108224,50,20,1,0,0,726,724,723,723,0,0,0,1
3979330554973200442195968,31,32,0,0,1,726,724,724,724,1,1,1,1
4033621615344071609880576,12,44,0,1,0,726,725,724,724,0,0,-1,0
4080124641199373464633344,77,3,0,0,1,726,725,725,725,1,0,0,0
4135790861975929705463808,58,15,0,1,0,726,726,725,725,0,0,0,1
4192216551741314046099456,39,27,1,0,0,727,726,725,725,0,0,0,1
4249412072132026058145792,20,39,0,0,1,727,726,726,726,1,0,0,0
4307387926151115532621494,1,51,0,1,0,727,727,726,726,0,0,0,1
4357047163233901253492736,66,10,0,0,1,727,727,727,727,1,0,0,0
4416491511299491340746752,47,22,0,1,0,727,728,727,727,0,0,0,1
4476746874344850497470464,28,34,1,0,0,728,728,727,727,0,0,0,1
4537824317262080561115648,9,46,0,0,1,728,728,728,728,1,0,0,0
4590140221349295147712512,74,5,1,0,0,729,728,728,728,0,0,0,1
4652764719722920918646784,55,17,0,0,1,729,728,729,728,0,0,0,1
4716243620708978301861888,36,29,0,1,0,729,729,729,729,1,0,0,0
4780588581148529315414016,17,41,1,0,0,730,729,729,729,0,0,0,1
4835703278458516698824704,82,0,0,0,0,730,729,729,729,0,0,0,1
4901678058638138910179328,63,12,1,0,0,731,729,729,729,0,0,0,1
4968552950211927758340096,44,24,0,0,1,731,729,730,729,0,0,0,1
5036340233637956809654272,25,36,0,1,0,731,730,730,730,1,0,0,0
5105052356919840631255104,6,48,1,0,0,732,730,730,730,0,0,0,1
5163907749017957041176576,71,7,0,1,0,732,731,730,730,0,0,0,1
5234360309688286033477632,52,19,1,0,0,733,731,730,730,0,0,0,1
5305774073297600589594624,33,31,0,0,1,733,731,731,731,1,0,0,0
5378162153792095479840768,14,43,0,1,0,733,732,731,731,0,0,0,1
5440166188265831286177792,79,2,0,0,1,733,732,732,732,1,0,0,0
5514387815967906273951744,60,14,0,1,0,733,733,732,732,0,0,0,1
5589622068988418728132608,41,26,1,0,0,734,733,732,732,0,0,0,1
5665882762842701410861056,22,38,0,0,1,734,733,733,733,1,0,0,0
5743183901534820710161992,3,50,0,1,0,734,734,733,733,0,0,0,1
5809396217645201671323648,68,9,0,0,1,734,734,734,734,1,0,0,0
5888655348399321787662336,49,21,0,1,0,734,735,734,734,0,0,0,1
5968995832459800663293952,30,33,1,0,0,735,735,734,734,0,0,0,1
6050432423016107414820864,11,45,0,0,1,735,735,735,735,1,0,0,0
6120186961799060196950016,76,4,1,0,0,736,735,735,735,0,0,0,1
6203686292963894558195712,57,16,0,0,1,736,735,736,735,0,0,0,1
6288324827611971069149184,38,28,0,1,0,736,736,736,736,1,0,0,0
6374118108198039087218688,19,40,1,0,0,737,736,736,736,0,0,0,1
6461081889226673298932241,0,52,0,0,1,737,736,737,736,0,0,0,1
6535570744850851880239104,65,11,1,0,0,738,736,737,736,0,0,0,1
6624737266949237011120128,46,23,0,0,1,738,736,738,736,0,0,0,1
6715120311517275746205696,27,35,0,1,0,738,737,738,737,1,0,0,0
6806736475893120841673472,8,47,1,0,0,739,737,738,737,0,0,0,1
6885210332023942721568768,73,6,0,1,0,739,738,738,738,1,0,0,0
6979147079584381377970176,54,18,1,0,0,740,738,738,738,0,0,0,1
7074365431063467452792832,35,30,0,0,1,740,738,739,738,0,0,0,1
7170882871722793973121024,16,42,0,1,0,740,739,739,739,1,0,0,0
7253554917687775048237056,81,1,0,1,1,740,740,740,740,1,1,1,1
7352517087957208365268992,62,13,0,1,0,740,741,740,740,0,1,0,1
7452829425317891637510144,43,25,1,0,0,741,741,740,740,0,1,0,1
7554510350456935214481408,24,37,0,0,1,741,741,741,741,1,1,0,0
7657578535379760946882656,5,49,0,1,0,741,742,741,741,0,1,0,1
7745861623526935561764864,70,8,0,0,1,741,742,742,741,0,0,-1,0
7851540464532429050216448,51,20,0,1,0,741,743,742,741,0,0,0,1
7958661109946400884391936,32,32,1,0,0,742,743,742,742,1,1,1,1
8067243230688143219761152,13,44,0,0,1,742,743,743,742,0,0,-1,0
8160249282398746929266688,78,3,1,0,0,743,743,743,743,1,0,0,0
8271581723951859410927616,59,15,0,0,1,743,743,744,743,0,0,0,1
8384433103482628092198912,40,27,0,1,0,743,744,744,743,0,0,0,1
8498824144264052116291584,21,39,1,0,0,744,744,744,744,1,0,0,0
8614775852302231065242988,2,51,0,0,1,744,744,745,744,0,0,0,1
8714094326467802506985472,67,10,1,0,0,745,744,745,744,0,0,0,1
8832983022598982681493504,48,22,0,0,1,745,744,746,744,0,0,0,1
8953493748689700994940928,29,34,0,1,0,745,745,746,745,1,0,0,0
9075648634524161122231296,10,46,1,0,0,746,745,746,745,0,0,0,1
9180280442698590295425024,75,5,0,1,0,746,746,746,746,1,0,0,0
9305529439445841837293568,56,17,1,0,0,747,746,746,746,0,0,0,1
9432487241417956603723776,37,29,0,0,1,747,746,747,746,0,0,0,1
9561177162297058630828032,18,41,0,1,0,747,747,747,747,1,0,0,0
9671406556917033397649408,83,0,0,0,0,747,747,747,747,0,0,0,1
9803356117276277820358656,64,12,0,1,0,747,748,747,747,0,0,0,1
9937105900423855516680192,45,24,1,0,0,748,748,747,747,0,0,0,1
10072680467275913619308544,26,36,0,0,1,748,748,748,748,1,0,0,0
10210104713839681262510208,7,48,0,1,0,748,749,748,748,0,0,0,1
10327815498035914082353152,72,7,0,0,1,748,749,749,748,0,0,0,1
10468720619376572066955264,53,19,0,1,0,748,750,749,748,0,0,0,1
10611548146595201179189248,34,31,1,0,0,749,750,749,749,1,0,0,0
10756324307584190959681536,15,43,0,0,1,749,750,750,749,0,0,0,1
10880332376531662572355584,80,2,1,0,0,750,750,750,750,1,0,0,0
11028775631935812547903488,61,14,0,0,1,750,750,751,750,0,0,0,1
11179244137976837456265216,42,26,0,1,0,750,751,751,750,0,0,0,1
11331765525685402821722112,23,38,1,0,0,751,751,751,751,1,0,0,0
11486367803069641420323984,4,50,0,0,1,751,751,752,751,0,0,0,1
11618792435290403342647296,69,9,1,0,0,752,751,752,751,0,0,0,1
11777310696798643575324672,50,21,0,0,1,752,751,753,751,0,0,0,1
11937991664919601326587904,31,33,0,1,0,752,752,753,752,1,0,0,0
12100864846032214829641728,12,45,1,0,0,753,752,753,752,0,0,0,1
12240373923598120393900032,77,4,0,1,0,753,753,753,753,1,0,0,0
12407372585927789116391424,58,16,1,0,0,754,753,753,753,0,0,0,1
12576649655223942138298368,39,28,0,0,1,754,753,754,753,0,0,0,1
12748236216396078174437376,20,40,0,1,0,754,754,754,754,1,0,0,0
12922163778453346597864482,1,52,1,0,0,755,754,754,754,0,0,0,1
13071141489701703760478208,66,11,0,1,0,755,755,754,754,0,0,0,1
13249474533898474022240256,47,23,1,0,0,756,755,754,754,0,0,0,1
13430240623034551492411392,28,35,0,0,1,756,755,755,755,1,0,0,0
13613472951786241683346944,9,47,0,1,0,756,756,755,755,0,0,0,1
13770420664047885443137536,74,6,0,0,1,756,756,756,756,1,0,0,0
13958294159168762755940352,55,18,0,1,0,756,757,756,756,0,0,0,1
14148730862126934905585664,36,30,1,0,0,757,757,756,756,0,0,0,1
14341765743445587946242048,17,42,0,0,1,757,757,757,757,1,0,0,0
14507109835375550096474112,82,1,1,0,1,758,757,758,757,0,0,0,1
14705034175914416730537984,63,13,0,0,1,758,757,759,757,0,0,0,1
14905658850635783275020288,44,25,0,1,0,758,758,759,758,1,1,1,1
15109020700913870428962816,25,37,1,0,0,759,758,759,758,0,0,-1,0
15315157070759521893765312,6,49,0,0,1,759,758,760,758,0,0,0,1
15491723247053871123529728,71,8,1,0,0,760,758,760,758,0,0,0,1
15703080929064858100432896,52,20,0,0,1,760,758,761,758,0,0,0,1
15917322219892801768783872,33,32,0,1,0,760,759,761,759,1,0,0,0
16134486461376286439522304,14,44,1,0,0,761,759,761,759,0,0,0,1
16320498564797493858533376,79,3,0,1,0,761,760,761,760,1,0,0,0
16543163447903718821855232,60,15,1,0,0,762,760,761,760,0,0,0,1
16768866206965256184397824,41,27,0,0,1,762,760,762,760,0,0,0,1
16997648288528104232583168,22,39,0,1,0,762,761,762,761,1,0,0,0
17229551704604462130485976,3,51,1,0,0,763,761,762,761,0,0,0,1
17428188652935605013970944,68,10,0,1,0,763,762,762,762,1,0,0,0
17665966045197965362987008,49,22,1,0,0,764,762,762,762,0,0,0,1
17906987497379401989881856,30,34,0,0,1,764,762,763,762,0,0,0,1
18151297269048322244462592,11,46,0,1,0,764,763,763,763,1,0,0,0
18360560885397180590850048,76,5,0,0,1,764,763,764,763,0,0,0,1
18611058878891683674587136,57,17,0,1,0,764,764,764,764,1,0,0,0
18864974482835913207447552,38,29,1,0,0,765,764,764,764,0,0,0,1
19122354324594117261656064,19,41,0,0,1,765,764,765,764,0,0,0,1
19342813113834066795298816,84,0,0,0,0,765,764,765,764,0,0,0,1
19383245667680019896796723,0,53,0,1,0,765,765,765,765,1,0,0,0
19606712234552555640717312,65,12,0,0,1,765,765,766,765,0,0,0,1
19874211800847711033360384,46,24,0,1,0,765,766,766,765,0,0,0,1
20145360934551827238617088,27,36,1,0,0,766,766,766,766,1,0,0,0
20420209427679362525020416,8,48,0,0,1,766,766,767,766,0,0,0,1
20655630996071828164706304,73,7,1,0,0,767,766,767,766,0,0,0,1
20937441238753144133910528,54,19,0,0,1,767,766,768,766,0,0,0,1
21223096293190402358378496,35,31,0,1,0,767,767,768,767,1,0,0,0
21512648615168381919363072,16,43,1,0,0,768,767,768,767,0,0,0,1
21760664753063325144711168,81,2,0,1,0,768,768,768,768,1,0,0,0
22057551263871625095806976,62,14,1,0,0,769,768,768,768,0,0,0,1
22358488275953674912530432,43,26,0,0,1,769,768,769,768,0,0,0,1
22663531051370805643444224,24,38,0,1,0,769,769,769,769,1,0,0,0
22972735606139282840647968,5,50,1,0,0,770,769,769,769,0,0,0,1
23237584870580806685294592,70,9,0,1,0,770,770,769,769,0,0,0,1
23554621393597287150649344,51,21,1,0,0,771,770,769,769,0,0,0,1
23875983329839202653175808,32,33,0,0,1,771,770,770,770,1,0,0,0
24201729692064429659283456,13,45,0,1,0,771,771,770,770,0,0,0,1
24480747847196240787800064,78,4,0,0,1,771,771,771,771,1,0,0,0
24814745171855578232782848,59,16,0,1,0,771,772,771,771,0,0,0,1
25153299310447884276596736,40,28,1,0,0,772,772,771,771,0,0,0,1
25496472432792156348874752,21,40,0,0,1,772,772,772,772,1,0,0,0
25844327556906693195728964,2,52,0,1,0,772,773,772,772,0,0,0,1
26142282979403407520956416,67,11,0,0,1,772,773,773,772,0,0,0,1
26498949067796948044480512,48,23,0,1,0,772,774,773,772,0,0,0,1
26860481246069102984822784,29,35,1,0,0,773,774,773,773,1,0,0,0
27226945903572483366693888,10,47,0,0,1,773,774,774,773,0,0,0,1
27540841328095770886275072,75,6,1,0,0,774,774,774,774,1,0,0,0
27916588318337525511880704,56,18,0,0,1,774,774,775,774,0,0,0,1
28297461724253869811171328,37,30,0,1,0,774,775,775,774,0,0,0,1
28683531486891175892484096,18,42,1,0,0,775,775,775,775,1,0,0,0
29014219670751100192948224,83,1,1,1,0,776,776,775,775,0,0,0,1
29410068351828833461075968,64,13,1,0,0,777,776,775,775,0,0,0,1
29811317701271566550040576,45,25,0,0,1,777,776,776,776,1,1,1,1
30218041401827740857925632,26,37,0,1,0,777,777,776,776,0,0,-1,0
30630314141519043787530624,7,49,1,0,0,778,777,776,776,0,0,0,1
30983446494107742247059456,72,8,0,1,0,778,778,776,776,0,0,0,1
31406161858129716200865792,53,20,1,0,0,779,778,776,776,0,0,0,1
31834644439785603537567744,34,32,0,0,1,779,778,777,777,1,0,0,0
32268972922752572879044608,15,44,0,1,0,779,779,777,777,0,0,0,1
32640997129594987717066752,80,3,0,0,1,779,779,778,778,1,0,0,0
33086326895807437643710464,61,15,0,1,0,779,780,778,778,0,0,0,1
33537732413930512368795648,42,27,1,0,0,780,780,778,778,0,0,0,1
33995296577056208465166336,23,39,0,0,1,780,780,779,779,1,0,0,0
34459103409208924260971952,4,51,0,1,0,780,781,779,779,0,0,0,1
34856377305871210027941888,69,10,0,0,1,780,781,780,780,1,0,0,0
35331932090395930725974016,50,22,0,1,0,780,782,780,780,0,0,0,1
35813974994758803979763712,31,34,1,0,0,781,782,780,780,0,0,0,1
36302594538096644488925184,12,46,0,0,1,781,782,781,781,1,0,0,0
36721121770794361181700096,77,5,1,0,0,782,782,781,781,0,0,0,1
37222117757783367349174272,58,17,0,0,1,782,782,782,782,1,0,0,0
37729948965671826414895104,39,29,0,1,0,782,783,782,782,0,0,0,1
38244708649188234523312128,20,41,1,0,0,783,783,782,782,0,0,0,1
38685626227668133590597632,85,0,0,0,0,783,783,782,782,0,0,0,1
38766491335360039793593446,1,53,0,0,1,783,783,783,783,1,0,0,0
39213424469105111281434624,66,12,1,0,0,784,783,783,783,0,0,0,1
39748423601695422066720768,47,24,0,0,1,784,783,784,783,0,0,0,1
40290721869103654477234176,28,36,0,1,0,784,784,784,784,1,0,0,0
40840418855358725050040832,9,48,1,0,0,785,784,784,784,0,0,0,1
41311261992143656329412608,74,7,0,1,0,785,785,784,784,0,0,0,1
41874882477506288267821056,55,19,1,0,0,786,785,784,784,0,0,0,1
42446192586380804716756992,36,31,0,0,1,786,785,785,785,1,0,0,0
43025297230336763838726144,17,43,0,1,0,786,786,785,785,0,0,0,1
43521329506126650289422336,82,2,0,0,1,786,786,786,786,1,0,0,0
44115102527743250191613952,63,14,0,1,0,786,787,786,786,0,0,0,1
44716976551907349825060864,44,26,1,0,0,787,787,786,786,0,0,0,1
45327062102741611286888448,25,38,0,0,1,787,787,787,787,1,0,0,0
45945471212278565681295936,6,50,0,1,0,787,788,787,787,0,0,0,1
46475169741161613370589184,71,9,0,0,1,787,788,788,787,0,0,0,1
47109242787194574301298688,52,21,0,1,0,787,789,788,787,0,0,0,1
47751966659678405306351616,33,33,1,0,0,788,789,788,788,1,0,0,0
48403459384128859318566912,14,45,0,0,1,788,789,789,788,0,0,0,1
48961495694392481575600128,79,4,1,0,0,789,789,789,789,1,0,0,0
49629490343711156465565696,60,16,0,0,1,789,789,790,789,0,0,0,1
50306598620895768553193472,41,28,0,1,0,789,790,790,789,0,0,0,1
50992944865584312697749504,22,40,1,0,0,790,790,790,790,1,0,0,0
51688655113813386391457928,3,52,0,0,1,790,790,791,790,0,0,0,1
52284565958806815041912832,68,11,1,0,0,791,790,791,790,0,0,0,1
52997898135593896088961024,49,23,0,0,1,791,790,792,790,0,0,0,1
53720962492138205969645568,30,35,0,1,0,791,791,792,791,1,0,0,0
54453891807144966733387776,11,47,1,0,0,792,791,792,791,0,0,0,1
55081682656191541772550144,76,6,0,1,0,792,792,792,792,1,0,0,0
55833176636675051023761408,57,18,1,0,0,793,792,792,792,0,0,0,1
56594923448507739622342656,38,30,0,0,1,793,792,793,792,0,0,0,1
57367062973782351784968192,19,42,0,1,0,793,793,793,793,1,0,0,0
58028439341502200385896448,84,1,0,1,1,793,794,794,793,0,0,0,1
58149737003040059690390169,0,54,1,0,0,794,794,794,794,1,1,1,1
58820136703657666922151936,65,13,0,1,0,794,795,794,794,0,1,0,1
59622635402543133100081152,46,25,1,0,0,795,795,794,794,0,1,0,1
60436082803655481715851264,27,37,0,0,1,795,795,795,795,1,1,0,0
61260628283038087575061248,8,49,0,1,0,795,796,795,795,0,1,0,1
61966892988215484494118912,73,8,0,0,1,795,796,796,795,0,0,-1,0
62812323716259432401731584,54,20,0,1,0,795,797,796,795,0,0,0,1
63669288879571207075135488,35,32,1,0,0,796,797,796,796,1,1,1,1
64537945845505145758089216,16,44,0,0,1,796,797,797,796,0,0,-1,0
65281994259189975434133504,81,3,1,0,0,797,797,797,797,1,0,0,0
