prefix,t,g,jump,weight,a,b,status,g_excluded,g_required,exclusion_loss,requirement_loss
1,1,1,1,1,0,0,forced,0,1,1,0
2,2,2,1,1,0,0,forced,1,2,1,0
2,2,2,1,2,1,0,forced,1,2,1,0
3,3,2,0,1,0,0,flexible,2,2,0,0
3,3,2,0,2,1,0,flexible,2,2,0,0
3,3,2,0,3,0,1,flexible,2,2,0,0
4,4,3,1,1,0,0,flexible,3,3,0,0
4,4,3,1,2,1,0,flexible,3,3,0,0
4,4,3,1,3,0,1,flexible,3,3,0,0
4,4,3,1,4,2,0,forced,2,3,1,0
5,6,4,1,1,0,0,forced,3,4,1,0
5,6,4,1,2,1,0,none,4,3,0,1
5,6,4,1,3,0,1,forced,3,4,1,0
5,6,4,1,4,2,0,forced,3,4,1,0
5,6,4,1,6,1,1,forced,3,4,1,0
6,8,5,1,1,0,0,forced,4,5,1,0
6,8,5,1,2,1,0,none,5,4,0,1
6,8,5,1,3,0,1,forced,4,5,1,0
6,8,5,1,4,2,0,forced,4,5,1,0
6,8,5,1,6,1,1,forced,4,5,1,0
6,8,5,1,8,3,0,forced,4,5,1,0
7,9,5,0,1,0,0,flexible,5,5,0,0
7,9,5,0,2,1,0,flexible,5,5,0,0
7,9,5,0,3,0,1,flexible,5,5,0,0
7,9,5,0,4,2,0,flexible,5,5,0,0
7,9,5,0,6,1,1,flexible,5,5,0,0
7,9,5,0,8,3,0,forced,4,5,1,0
7,9,5,0,9,0,2,flexible,5,5,0,0
8,12,6,1,1,0,0,forced,5,6,1,0
8,12,6,1,2,1,0,forced,5,6,1,0
8,12,6,1,3,0,1,none,6,5,0,1
8,12,6,1,4,2,0,none,6,5,0,1
8,12,6,1,6,1,1,forced,5,6,1,0
8,12,6,1,8,3,0,forced,5,6,1,0
8,12,6,1,9,0,2,forced,5,6,1,0
8,12,6,1,12,2,1,forced,5,6,1,0
9,16,7,1,1,0,0,forced,6,7,1,0
9,16,7,1,2,1,0,forced,6,7,1,0
9,16,7,1,3,0,1,none,7,6,0,1
9,16,7,1,4,2,0,none,7,6,0,1
9,16,7,1,6,1,1,forced,6,7,1,0
9,16,7,1,8,3,0,forced,6,7,1,0
9,16,7,1,9,0,2,forced,6,7,1,0
9,16,7,1,12,2,1,forced,6,7,1,0
9,16,7,1,16,4,0,forced,6,7,1,0
10,18,7,0,1,0,0,flexible,7,7,0,0
10,18,7,0,2,1,0,flexible,7,7,0,0
10,18,7,0,3,0,1,flexible,7,7,0,0
10,18,7,0,4,2,0,flexible,7,7,0,0
10,18,7,0,6,1,1,flexible,7,7,0,0
10,18,7,0,8,3,0,flexible,7,7,0,0
10,18,7,0,9,0,2,flexible,7,7,0,0
10,18,7,0,12,2,1,flexible,7,7,0,0
10,18,7,0,16,4,0,forced,6,7,1,0
10,18,7,0,18,1,2,flexible,7,7,0,0
11,24,8,1,1,0,0,flexible,8,8,0,0
11,24,8,1,2,1,0,flexible,8,8,0,0
11,24,8,1,3,0,1,flexible,8,8,0,0
11,24,8,1,4,2,0,forced,7,8,1,0
11,24,8,1,6,1,1,none,8,7,0,1
11,24,8,1,8,3,0,none,8,7,0,1
11,24,8,1,9,0,2,forced,7,8,1,0
11,24,8,1,12,2,1,forced,7,8,1,0
11,24,8,1,16,4,0,forced,7,8,1,0
11,24,8,1,18,1,2,forced,7,8,1,0
11,24,8,1,24,3,1,forced,7,8,1,0
12,27,8,0,1,0,0,flexible,8,8,0,0
12,27,8,0,2,1,0,flexible,8,8,0,0
12,27,8,0,3,0,1,flexible,8,8,0,0
12,27,8,0,4,2,0,flexible,8,8,0,0
12,27,8,0,6,1,1,flexible,8,8,0,0
12,27,8,0,8,3,0,flexible,8,8,0,0
12,27,8,0,9,0,2,flexible,8,8,0,0
12,27,8,0,12,2,1,flexible,8,8,0,0
12,27,8,0,16,4,0,flexible,8,8,0,0
12,27,8,0,18,1,2,flexible,8,8,0,0
12,27,8,0,24,3,1,flexible,8,8,0,0
12,27,8,0,27,0,3,flexible,8,8,0,0
13,32,9,1,1,0,0,flexible,9,9,0,0
13,32,9,1,2,1,0,flexible,9,9,0,0
13,32,9,1,3,0,1,flexible,9,9,0,0
13,32,9,1,4,2,0,flexible,9,9,0,0
13,32,9,1,6,1,1,flexible,9,9,0,0
13,32,9,1,8,3,0,flexible,9,9,0,0
13,32,9,1,9,0,2,flexible,9,9,0,0
13,32,9,1,12,2,1,flexible,9,9,0,0
13,32,9,1,16,4,0,flexible,9,9,0,0
13,32,9,1,18,1,2,flexible,9,9,0,0
13,32,9,1,24,3,1,flexible,9,9,0,0
13,32,9,1,27,0,3,flexible,9,9,0,0
13,32,9,1,32,5,0,forced,8,9,1,0
14,36,10,1,1,0,0,forced,9,10,1,0
14,36,10,1,2,1,0,flexible,10,10,0,0
14,36,10,1,3,0,1,flexible,10,10,0,0
14,36,10,1,4,2,0,flexible,10,10,0,0
14,36,10,1,6,1,1,forced,9,10,1,0
14,36,10,1,8,3,0,flexible,10,10,0,0
14,36,10,1,9,0,2,flexible,10,10,0,0
14,36,10,1,12,2,1,flexible,10,10,0,0
14,36,10,1,16,4,0,flexible,10,10,0,0
14,36,10,1,18,1,2,flexible,10,10,0,0
14,36,10,1,24,3,1,flexible,10,10,0,0
14,36,10,1,27,0,3,forced,9,10,1,0
14,36,10,1,32,5,0,forced,9,10,1,0
14,36,10,1,36,2,2,forced,9,10,1,0
15,48,11,1,1,0,0,forced,10,11,1,0
15,48,11,1,2,1,0,none,11,10,0,1
15,48,11,1,3,0,1,forced,10,11,1,0
15,48,11,1,4,2,0,forced,10,11,1,0
15,48,11,1,6,1,1,forced,10,11,1,0
15,48,11,1,8,3,0,forced,10,11,1,0
15,48,11,1,9,0,2,none,11,10,0,1
15,48,11,1,12,2,1,none,11,10,0,1
15,48,11,1,16,4,0,none,11,10,0,1
15,48,11,1,18,1,2,forced,10,11,1,0
15,48,11,1,24,3,1,forced,10,11,1,0
15,48,11,1,27,0,3,forced,10,11,1,0
15,48,11,1,32,5,0,forced,10,11,1,0
15,48,11,1,36,2,2,forced,10,11,1,0
15,48,11,1,48,4,1,forced,10,11,1,0
16,54,11,0,1,0,0,flexible,11,11,0,0
16,54,11,0,2,1,0,flexible,11,11,0,0
16,54,11,0,3,0,1,flexible,11,11,0,0
16,54,11,0,4,2,0,flexible,11,11,0,0
16,54,11,0,6,1,1,flexible,11,11,0,0
16,54,11,0,8,3,0,forced,10,11,1,0
16,54,11,0,9,0,2,flexible,11,11,0,0
16,54,11,0,12,2,1,flexible,11,11,0,0
16,54,11,0,16,4,0,flexible,11,11,0,0
16,54,11,0,18,1,2,flexible,11,11,0,0
16,54,11,0,24,3,1,flexible,11,11,0,0
16,54,11,0,27,0,3,forced,10,11,1,0
16,54,11,0,32,5,0,flexible,11,11,0,0
16,54,11,0,36,2,2,flexible,11,11,0,0
16,54,11,0,48,4,1,flexible,11,11,0,0
16,54,11,0,54,1,3,flexible,11,11,0,0
17,64,12,1,1,0,0,flexible,12,12,0,0
17,64,12,1,2,1,0,flexible,12,12,0,0
17,64,12,1,3,0,1,flexible,12,12,0,0
17,64,12,1,4,2,0,flexible,12,12,0,0
17,64,12,1,6,1,1,flexible,12,12,0,0
17,64,12,1,8,3,0,forced,11,12,1,0
17,64,12,1,9,0,2,flexible,12,12,0,0
17,64,12,1,12,2,1,flexible,12,12,0,0
17,64,12,1,16,4,0,flexible,12,12,0,0
17,64,12,1,18,1,2,flexible,12,12,0,0
17,64,12,1,24,3,1,flexible,12,12,0,0
17,64,12,1,27,0,3,forced,11,12,1,0
17,64,12,1,32,5,0,flexible,12,12,0,0
17,64,12,1,36,2,2,flexible,12,12,0,0
17,64,12,1,48,4,1,flexible,12,12,0,0
17,64,12,1,54,1,3,flexible,12,12,0,0
17,64,12,1,64,6,0,forced,11,12,1,0
18,72,13,1,1,0,0,forced,12,13,1,0
18,72,13,1,2,1,0,forced,12,13,1,0
18,72,13,1,3,0,1,none,13,12,0,1
18,72,13,1,4,2,0,none,13,12,0,1
18,72,13,1,6,1,1,forced,12,13,1,0
18,72,13,1,8,3,0,forced,12,13,1,0
18,72,13,1,9,0,2,forced,12,13,1,0
18,72,13,1,12,2,1,forced,12,13,1,0
18,72,13,1,16,4,0,flexible,13,13,0,0
18,72,13,1,18,1,2,none,13,12,0,1
18,72,13,1,24,3,1,none,13,12,0,1
18,72,13,1,27,0,3,forced,12,13,1,0
18,72,13,1,32,5,0,flexible,13,13,0,0
18,72,13,1,36,2,2,forced,12,13,1,0
18,72,13,1,48,4,1,flexible,13,13,0,0
18,72,13,1,54,1,3,forced,12,13,1,0
18,72,13,1,64,6,0,forced,12,13,1,0
18,72,13,1,72,3,2,forced,12,13,1,0
19,81,13,0,1,0,0,flexible,13,13,0,0
19,81,13,0,2,1,0,flexible,13,13,0,0
19,81,13,0,3,0,1,flexible,13,13,0,0
19,81,13,0,4,2,0,flexible,13,13,0,0
19,81,13,0,6,1,1,flexible,13,13,0,0
19,81,13,0,8,3,0,flexible,13,13,0,0
19,81,13,0,9,0,2,flexible,13,13,0,0
19,81,13,0,12,2,1,flexible,13,13,0,0
19,81,13,0,16,4,0,flexible,13,13,0,0
19,81,13,0,18,1,2,flexible,13,13,0,0
19,81,13,0,24,3,1,flexible,13,13,0,0
19,81,13,0,27,0,3,flexible,13,13,0,0
19,81,13,0,32,5,0,flexible,13,13,0,0
19,81,13,0,36,2,2,flexible,13,13,0,0
19,81,13,0,48,4,1,flexible,13,13,0,0
19,81,13,0,54,1,3,flexible,13,13,0,0
19,81,13,0,64,6,0,forced,12,13,1,0
19,81,13,0,72,3,2,flexible,13,13,0,0
19,81,13,0,81,0,4,flexible,13,13,0,0
20,96,14,1,1,0,0,forced,13,14,1,0
20,96,14,1,2,1,0,flexible,14,14,0,0
20,96,14,1,3,0,1,flexible,14,14,0,0
20,96,14,1,4,2,0,flexible,14,14,0,0
20,96,14,1,6,1,1,forced,13,14,1,0
20,96,14,1,8,3,0,forced,13,14,1,0
20,96,14,1,9,0,2,flexible,14,14,0,0
20,96,14,1,12,2,1,flexible,14,14,0,0
20,96,14,1,16,4,0,forced,13,14,1,0
20,96,14,1,18,1,2,flexible,14,14,0,0
20,96,14,1,24,3,1,none,14,13,0,1
20,96,14,1,27,0,3,flexible,14,14,0,0
20,96,14,1,32,5,0,none,14,13,0,1
20,96,14,1,36,2,2,forced,13,14,1,0
20,96,14,1,48,4,1,forced,13,14,1,0
20,96,14,1,54,1,3,flexible,14,14,0,0
20,96,14,1,64,6,0,forced,13,14,1,0
20,96,14,1,72,3,2,forced,13,14,1,0
20,96,14,1,81,0,4,flexible,14,14,0,0
20,96,14,1,96,5,1,forced,13,14,1,0
21,108,14,0,1,0,0,flexible,14,14,0,0
21,108,14,0,2,1,0,flexible,14,14,0,0
21,108,14,0,3,0,1,flexible,14,14,0,0
21,108,14,0,4,2,0,flexible,14,14,0,0
21,108,14,0,6,1,1,flexible,14,14,0,0
21,108,14,0,8,3,0,flexible,14,14,0,0
21,108,14,0,9,0,2,flexible,14,14,0,0
21,108,14,0,12,2,1,flexible,14,14,0,0
21,108,14,0,16,4,0,flexible,14,14,0,0
21,108,14,0,18,1,2,flexible,14,14,0,0
21,108,14,0,24,3,1,flexible,14,14,0,0
21,108,14,0,27,0,3,flexible,14,14,0,0
21,108,14,0,32,5,0,flexible,14,14,0,0
21,108,14,0,36,2,2,flexible,14,14,0,0
21,108,14,0,48,4,1,flexible,14,14,0,0
21,108,14,0,54,1,3,flexible,14,14,0,0
21,108,14,0,64,6,0,flexible,14,14,0,0
21,108,14,0,72,3,2,flexible,14,14,0,0
21,108,14,0,81,0,4,flexible,14,14,0,0
21,108,14,0,96,5,1,flexible,14,14,0,0
21,108,14,0,108,2,3,flexible,14,14,0,0
22,128,15,1,1,0,0,flexible,15,15,0,0
22,128,15,1,2,1,0,flexible,15,15,0,0
22,128,15,1,3,0,1,flexible,15,15,0,0
22,128,15,1,4,2,0,flexible,15,15,0,0
22,128,15,1,6,1,1,flexible,15,15,0,0
22,128,15,1,8,3,0,flexible,15,15,0,0
22,128,15,1,9,0,2,flexible,15,15,0,0
22,128,15,1,12,2,1,flexible,15,15,0,0
22,128,15,1,16,4,0,flexible,15,15,0,0
22,128,15,1,18,1,2,flexible,15,15,0,0
22,128,15,1,24,3,1,flexible,15,15,0,0
22,128,15,1,27,0,3,flexible,15,15,0,0
22,128,15,1,32,5,0,flexible,15,15,0,0
22,128,15,1,36,2,2,flexible,15,15,0,0
22,128,15,1,48,4,1,flexible,15,15,0,0
22,128,15,1,54,1,3,flexible,15,15,0,0
22,128,15,1,64,6,0,flexible,15,15,0,0
22,128,15,1,72,3,2,flexible,15,15,0,0
22,128,15,1,81,0,4,flexible,15,15,0,0
22,128,15,1,96,5,1,flexible,15,15,0,0
22,128,15,1,108,2,3,flexible,15,15,0,0
22,128,15,1,128,7,0,forced,14,15,1,0
23,144,16,1,1,0,0,flexible,16,16,0,0
23,144,16,1,2,1,0,flexible,16,16,0,0
23,144,16,1,3,0,1,flexible,16,16,0,0
23,144,16,1,4,2,0,forced,15,16,1,0
23,144,16,1,6,1,1,flexible,16,16,0,0
23,144,16,1,8,3,0,flexible,16,16,0,0
23,144,16,1,9,0,2,flexible,16,16,0,0
23,144,16,1,12,2,1,flexible,16,16,0,0
23,144,16,1,16,4,0,flexible,16,16,0,0
23,144,16,1,18,1,2,forced,15,16,1,0
23,144,16,1,24,3,1,forced,15,16,1,0
23,144,16,1,27,0,3,flexible,16,16,0,0
23,144,16,1,32,5,0,flexible,16,16,0,0
23,144,16,1,36,2,2,flexible,16,16,0,0
23,144,16,1,48,4,1,flexible,16,16,0,0
23,144,16,1,54,1,3,flexible,16,16,0,0
23,144,16,1,64,6,0,flexible,16,16,0,0
23,144,16,1,72,3,2,flexible,16,16,0,0
23,144,16,1,81,0,4,forced,15,16,1,0
23,144,16,1,96,5,1,flexible,16,16,0,0
23,144,16,1,108,2,3,forced,15,16,1,0
23,144,16,1,128,7,0,forced,15,16,1,0
23,144,16,1,144,4,2,forced,15,16,1,0
24,162,17,1,1,0,0,forced,16,17,1,0
24,162,17,1,2,1,0,none,17,16,0,1
24,162,17,1,3,0,1,forced,16,17,1,0
24,162,17,1,4,2,0,forced,16,17,1,0
24,162,17,1,6,1,1,forced,16,17,1,0
24,162,17,1,8,3,0,forced,16,17,1,0
24,162,17,1,9,0,2,none,17,16,0,1
24,162,17,1,12,2,1,none,17,16,0,1
24,162,17,1,16,4,0,none,17,16,0,1
24,162,17,1,18,1,2,forced,16,17,1,0
24,162,17,1,24,3,1,forced,16,17,1,0
24,162,17,1,27,0,3,forced,16,17,1,0
24,162,17,1,32,5,0,forced,16,17,1,0
24,162,17,1,36,2,2,forced,16,17,1,0
24,162,17,1,48,4,1,forced,16,17,1,0
24,162,17,1,54,1,3,none,17,16,0,1
24,162,17,1,64,6,0,forced,16,17,1,0
24,162,17,1,72,3,2,none,17,16,0,1
24,162,17,1,81,0,4,forced,16,17,1,0
24,162,17,1,96,5,1,none,17,16,0,1
24,162,17,1,108,2,3,forced,16,17,1,0
24,162,17,1,128,7,0,forced,16,17,1,0
24,162,17,1,144,4,2,forced,16,17,1,0
24,162,17,1,162,1,4,forced,16,17,1,0
25,192,17,0,1,0,0,flexible,17,17,0,0
25,192,17,0,2,1,0,flexible,17,17,0,0
25,192,17,0,3,0,1,flexible,17,17,0,0
25,192,17,0,4,2,0,flexible,17,17,0,0
25,192,17,0,6,1,1,flexible,17,17,0,0
25,192,17,0,8,3,0,flexible,17,17,0,0
25,192,17,0,9,0,2,flexible,17,17,0,0
25,192,17,0,12,2,1,flexible,17,17,0,0
25,192,17,0,16,4,0,flexible,17,17,0,0
25,192,17,0,18,1,2,flexible,17,17,0,0
25,192,17,0,24,3,1,flexible,17,17,0,0
25,192,17,0,27,0,3,flexible,17,17,0,0
25,192,17,0,32,5,0,forced,16,17,1,0
25,192,17,0,36,2,2,flexible,17,17,0,0
25,192,17,0,48,4,1,flexible,17,17,0,0
25,192,17,0,54,1,3,flexible,17,17,0,0
25,192,17,0,64,6,0,flexible,17,17,0,0
25,192,17,0,72,3,2,flexible,17,17,0,0
25,192,17,0,81,0,4,flexible,17,17,0,0
25,192,17,0,96,5,1,flexible,17,17,0,0
25,192,17,0,108,2,3,flexible,17,17,0,0
25,192,17,0,128,7,0,flexible,17,17,0,0
25,192,17,0,144,4,2,flexible,17,17,0,0
25,192,17,0,162,1,4,flexible,17,17,0,0
25,192,17,0,192,6,1,flexible,17,17,0,0
26,216,18,1,1,0,0,forced,17,18,1,0
26,216,18,1,2,1,0,flexible,18,18,0,0
26,216,18,1,3,0,1,flexible,18,18,0,0
26,216,18,1,4,2,0,flexible,18,18,0,0
26,216,18,1,6,1,1,forced,17,18,1,0
26,216,18,1,8,3,0,flexible,18,18,0,0
26,216,18,1,9,0,2,flexible,18,18,0,0
26,216,18,1,12,2,1,flexible,18,18,0,0
26,216,18,1,16,4,0,flexible,18,18,0,0
26,216,18,1,18,1,2,flexible,18,18,0,0
26,216,18,1,24,3,1,flexible,18,18,0,0
26,216,18,1,27,0,3,forced,17,18,1,0
26,216,18,1,32,5,0,forced,17,18,1,0
26,216,18,1,36,2,2,forced,17,18,1,0
26,216,18,1,48,4,1,flexible,18,18,0,0
26,216,18,1,54,1,3,none,18,17,0,1
26,216,18,1,64,6,0,flexible,18,18,0,0
26,216,18,1,72,3,2,none,18,17,0,1
26,216,18,1,81,0,4,forced,17,18,1,0
26,216,18,1,96,5,1,flexible,18,18,0,0
26,216,18,1,108,2,3,forced,17,18,1,0
26,216,18,1,128,7,0,flexible,18,18,0,0
26,216,18,1,144,4,2,flexible,18,18,0,0
26,216,18,1,162,1,4,forced,17,18,1,0
26,216,18,1,192,6,1,flexible,18,18,0,0
26,216,18,1,216,3,3,forced,17,18,1,0
27,243,18,0,1,0,0,flexible,18,18,0,0
27,243,18,0,2,1,0,flexible,18,18,0,0
27,243,18,0,3,0,1,flexible,18,18,0,0
27,243,18,0,4,2,0,flexible,18,18,0,0
27,243,18,0,6,1,1,flexible,18,18,0,0
27,243,18,0,8,3,0,flexible,18,18,0,0
27,243,18,0,9,0,2,flexible,18,18,0,0
27,243,18,0,12,2,1,flexible,18,18,0,0
27,243,18,0,16,4,0,flexible,18,18,0,0
27,243,18,0,18,1,2,flexible,18,18,0,0
27,243,18,0,24,3,1,flexible,18,18,0,0
27,243,18,0,27,0,3,flexible,18,18,0,0
27,243,18,0,32,5,0,flexible,18,18,0,0
27,243,18,0,36,2,2,flexible,18,18,0,0
27,243,18,0,48,4,1,flexible,18,18,0,0
27,243,18,0,54,1,3,flexible,18,18,0,0
27,243,18,0,64,6,0,flexible,18,18,0,0
27,243,18,0,72,3,2,flexible,18,18,0,0
27,243,18,0,81,0,4,flexible,18,18,0,0
27,243,18,0,96,5,1,flexible,18,18,0,0
27,243,18,0,108,2,3,flexible,18,18,0,0
27,243,18,0,128,7,0,flexible,18,18,0,0
27,243,18,0,144,4,2,flexible,18,18,0,0
27,243,18,0,162,1,4,flexible,18,18,0,0
27,243,18,0,192,6,1,flexible,18,18,0,0
27,243,18,0,216,3,3,flexible,18,18,0,0
27,243,18,0,243,0,5,flexible,18,18,0,0
28,256,19,1,1,0,0,flexible,19,19,0,0
28,256,19,1,2,1,0,flexible,19,19,0,0
28,256,19,1,3,0,1,flexible,19,19,0,0
28,256,19,1,4,2,0,flexible,19,19,0,0
28,256,19,1,6,1,1,flexible,19,19,0,0
28,256,19,1,8,3,0,flexible,19,19,0,0
28,256,19,1,9,0,2,flexible,19,19,0,0
28,256,19,1,12,2,1,flexible,19,19,0,0
28,256,19,1,16,4,0,flexible,19,19,0,0
28,256,19,1,18,1,2,flexible,19,19,0,0
28,256,19,1,24,3,1,flexible,19,19,0,0
28,256,19,1,27,0,3,flexible,19,19,0,0
28,256,19,1,32,5,0,flexible,19,19,0,0
28,256,19,1,36,2,2,flexible,19,19,0,0
28,256,19,1,48,4,1,flexible,19,19,0,0
28,256,19,1,54,1,3,flexible,19,19,0,0
28,256,19,1,64,6,0,flexible,19,19,0,0
28,256,19,1,72,3,2,flexible,19,19,0,0
28,256,19,1,81,0,4,flexible,19,19,0,0
28,256,19,1,96,5,1,flexible,19,19,0,0
28,256,19,1,108,2,3,flexible,19,19,0,0
28,256,19,1,128,7,0,flexible,19,19,0,0
28,256,19,1,144,4,2,flexible,19,19,0,0
28,256,19,1,162,1,4,flexible,19,19,0,0
28,256,19,1,192,6,1,flexible,19,19,0,0
28,256,19,1,216,3,3,flexible,19,19,0,0
28,256,19,1,243,0,5,flexible,19,19,0,0
28,256,19,1,256,8,0,forced,18,19,1,0
29,288,20,1,1,0,0,forced,19,20,1,0
29,288,20,1,2,1,0,flexible,20,20,0,0
29,288,20,1,3,0,1,flexible,20,20,0,0
29,288,20,1,4,2,0,flexible,20,20,0,0
29,288,20,1,6,1,1,forced,19,20,1,0
29,288,20,1,8,3,0,forced,19,20,1,0
29,288,20,1,9,0,2,flexible,20,20,0,0
29,288,20,1,12,2,1,flexible,20,20,0,0
29,288,20,1,16,4,0,flexible,20,20,0,0
29,288,20,1,18,1,2,flexible,20,20,0,0
29,288,20,1,24,3,1,flexible,20,20,0,0
29,288,20,1,27,0,3,forced,19,20,1,0
29,288,20,1,32,5,0,flexible,20,20,0,0
29,288,20,1,36,2,2,forced,19,20,1,0
29,288,20,1,48,4,1,forced,19,20,1,0
29,288,20,1,54,1,3,flexible,20,20,0,0
29,288,20,1,64,6,0,flexible,20,20,0,0
29,288,20,1,72,3,2,flexible,20,20,0,0
29,288,20,1,81,0,4,flexible,20,20,0,0
29,288,20,1,96,5,1,flexible,20,20,0,0
29,288,20,1,108,2,3,flexible,20,20,0,0
29,288,20,1,128,7,0,flexible,20,20,0,0
29,288,20,1,144,4,2,flexible,20,20,0,0
29,288,20,1,162,1,4,flexible,20,20,0,0
29,288,20,1,192,6,1,flexible,20,20,0,0
29,288,20,1,216,3,3,forced,19,20,1,0
29,288,20,1,243,0,5,flexible,20,20,0,0
29,288,20,1,256,8,0,forced,19,20,1,0
29,288,20,1,288,5,2,forced,19,20,1,0
30,324,21,1,1,0,0,forced,20,21,1,0
30,324,21,1,2,1,0,forced,20,21,1,0
30,324,21,1,3,0,1,none,21,20,0,1
30,324,21,1,4,2,0,none,21,20,0,1
30,324,21,1,6,1,1,forced,20,21,1,0
30,324,21,1,8,3,0,forced,20,21,1,0
30,324,21,1,9,0,2,forced,20,21,1,0
30,324,21,1,12,2,1,forced,20,21,1,0
30,324,21,1,16,4,0,forced,20,21,1,0
30,324,21,1,18,1,2,none,21,20,0,1
30,324,21,1,24,3,1,none,21,20,0,1
30,324,21,1,27,0,3,forced,20,21,1,0
30,324,21,1,32,5,0,none,21,20,0,1
30,324,21,1,36,2,2,forced,20,21,1,0
30,324,21,1,48,4,1,forced,20,21,1,0
30,324,21,1,54,1,3,forced,20,21,1,0
30,324,21,1,64,6,0,forced,20,21,1,0
30,324,21,1,72,3,2,forced,20,21,1,0
30,324,21,1,81,0,4,none,21,20,0,1
30,324,21,1,96,5,1,forced,20,21,1,0
30,324,21,1,108,2,3,none,21,20,0,1
30,324,21,1,128,7,0,forced,20,21,1,0
30,324,21,1,144,4,2,none,21,20,0,1
30,324,21,1,162,1,4,forced,20,21,1,0
30,324,21,1,192,6,1,none,21,20,0,1
30,324,21,1,216,3,3,forced,20,21,1,0
30,324,21,1,243,0,5,forced,20,21,1,0
30,324,21,1,256,8,0,forced,20,21,1,0
30,324,21,1,288,5,2,forced,20,21,1,0
30,324,21,1,324,2,4,forced,20,21,1,0
31,384,21,0,1,0,0,flexible,21,21,0,0
31,384,21,0,2,1,0,flexible,21,21,0,0
31,384,21,0,3,0,1,flexible,21,21,0,0
31,384,21,0,4,2,0,flexible,21,21,0,0
31,384,21,0,6,1,1,flexible,21,21,0,0
31,384,21,0,8,3,0,flexible,21,21,0,0
31,384,21,0,9,0,2,flexible,21,21,0,0
31,384,21,0,12,2,1,flexible,21,21,0,0
31,384,21,0,16,4,0,flexible,21,21,0,0
31,384,21,0,18,1,2,flexible,21,21,0,0
31,384,21,0,24,3,1,flexible,21,21,0,0
31,384,21,0,27,0,3,flexible,21,21,0,0
31,384,21,0,32,5,0,flexible,21,21,0,0
31,384,21,0,36,2,2,flexible,21,21,0,0
31,384,21,0,48,4,1,flexible,21,21,0,0
31,384,21,0,54,1,3,flexible,21,21,0,0
31,384,21,0,64,6,0,forced,20,21,1,0
31,384,21,0,72,3,2,flexible,21,21,0,0
31,384,21,0,81,0,4,flexible,21,21,0,0
31,384,21,0,96,5,1,flexible,21,21,0,0
31,384,21,0,108,2,3,flexible,21,21,0,0
31,384,21,0,128,7,0,flexible,21,21,0,0
31,384,21,0,144,4,2,flexible,21,21,0,0
31,384,21,0,162,1,4,flexible,21,21,0,0
31,384,21,0,192,6,1,flexible,21,21,0,0
31,384,21,0,216,3,3,flexible,21,21,0,0
31,384,21,0,243,0,5,flexible,21,21,0,0
31,384,21,0,256,8,0,flexible,21,21,0,0
31,384,21,0,288,5,2,flexible,21,21,0,0
31,384,21,0,324,2,4,flexible,21,21,0,0
31,384,21,0,384,7,1,flexible,21,21,0,0
32,432,22,1,1,0,0,forced,21,22,1,0
32,432,22,1,2,1,0,forced,21,22,1,0
32,432,22,1,3,0,1,none,22,21,0,1
32,432,22,1,4,2,0,none,22,21,0,1
32,432,22,1,6,1,1,forced,21,22,1,0
32,432,22,1,8,3,0,forced,21,22,1,0
32,432,22,1,9,0,2,forced,21,22,1,0
32,432,22,1,12,2,1,forced,21,22,1,0
32,432,22,1,16,4,0,flexible,22,22,0,0
32,432,22,1,18,1,2,none,22,21,0,1
32,432,22,1,24,3,1,none,22,21,0,1
32,432,22,1,27,0,3,forced,21,22,1,0
32,432,22,1,32,5,0,flexible,22,22,0,0
32,432,22,1,36,2,2,forced,21,22,1,0
32,432,22,1,48,4,1,flexible,22,22,0,0
32,432,22,1,54,1,3,forced,21,22,1,0
32,432,22,1,64,6,0,forced,21,22,1,0
32,432,22,1,72,3,2,forced,21,22,1,0
32,432,22,1,81,0,4,none,22,21,0,1
32,432,22,1,96,5,1,flexible,22,22,0,0
32,432,22,1,108,2,3,none,22,21,0,1
32,432,22,1,128,7,0,flexible,22,22,0,0
32,432,22,1,144,4,2,none,22,21,0,1
32,432,22,1,162,1,4,forced,21,22,1,0
32,432,22,1,192,6,1,flexible,22,22,0,0
32,432,22,1,216,3,3,forced,21,22,1,0
32,432,22,1,243,0,5,forced,21,22,1,0
32,432,22,1,256,8,0,flexible,22,22,0,0
32,432,22,1,288,5,2,flexible,22,22,0,0
32,432,22,1,324,2,4,forced,21,22,1,0
32,432,22,1,384,7,1,flexible,22,22,0,0
32,432,22,1,432,4,3,forced,21,22,1,0
33,486,22,0,1,0,0,flexible,22,22,0,0
33,486,22,0,2,1,0,flexible,22,22,0,0
33,486,22,0,3,0,1,flexible,22,22,0,0
33,486,22,0,4,2,0,flexible,22,22,0,0
33,486,22,0,6,1,1,flexible,22,22,0,0
33,486,22,0,8,3,0,flexible,22,22,0,0
33,486,22,0,9,0,2,flexible,22,22,0,0
33,486,22,0,12,2,1,flexible,22,22,0,0
33,486,22,0,16,4,0,flexible,22,22,0,0
33,486,22,0,18,1,2,flexible,22,22,0,0
33,486,22,0,24,3,1,flexible,22,22,0,0
33,486,22,0,27,0,3,flexible,22,22,0,0
33,486,22,0,32,5,0,flexible,22,22,0,0
33,486,22,0,36,2,2,flexible,22,22,0,0
33,486,22,0,48,4,1,flexible,22,22,0,0
33,486,22,0,54,1,3,flexible,22,22,0,0
33,486,22,0,64,6,0,flexible,22,22,0,0
33,486,22,0,72,3,2,flexible,22,22,0,0
33,486,22,0,81,0,4,flexible,22,22,0,0
33,486,22,0,96,5,1,flexible,22,22,0,0
33,486,22,0,108,2,3,flexible,22,22,0,0
33,486,22,0,128,7,0,flexible,22,22,0,0
33,486,22,0,144,4,2,flexible,22,22,0,0
33,486,22,0,162,1,4,flexible,22,22,0,0
33,486,22,0,192,6,1,flexible,22,22,0,0
33,486,22,0,216,3,3,flexible,22,22,0,0
33,486,22,0,243,0,5,flexible,22,22,0,0
33,486,22,0,256,8,0,flexible,22,22,0,0
33,486,22,0,288,5,2,flexible,22,22,0,0
33,486,22,0,324,2,4,flexible,22,22,0,0
33,486,22,0,384,7,1,flexible,22,22,0,0
33,486,22,0,432,4,3,flexible,22,22,0,0
33,486,22,0,486,1,5,flexible,22,22,0,0
34,512,23,1,1,0,0,flexible,23,23,0,0
34,512,23,1,2,1,0,flexible,23,23,0,0
34,512,23,1,3,0,1,flexible,23,23,0,0
34,512,23,1,4,2,0,flexible,23,23,0,0
34,512,23,1,6,1,1,flexible,23,23,0,0
34,512,23,1,8,3,0,flexible,23,23,0,0
34,512,23,1,9,0,2,flexible,23,23,0,0
34,512,23,1,12,2,1,flexible,23,23,0,0
34,512,23,1,16,4,0,flexible,23,23,0,0
34,512,23,1,18,1,2,flexible,23,23,0,0
34,512,23,1,24,3,1,flexible,23,23,0,0
34,512,23,1,27,0,3,flexible,23,23,0,0
34,512,23,1,32,5,0,flexible,23,23,0,0
34,512,23,1,36,2,2,flexible,23,23,0,0
34,512,23,1,48,4,1,flexible,23,23,0,0
34,512,23,1,54,1,3,flexible,23,23,0,0
34,512,23,1,64,6,0,flexible,23,23,0,0
34,512,23,1,72,3,2,flexible,23,23,0,0
34,512,23,1,81,0,4,flexible,23,23,0,0
34,512,23,1,96,5,1,flexible,23,23,0,0
34,512,23,1,108,2,3,flexible,23,23,0,0
34,512,23,1,128,7,0,flexible,23,23,0,0
34,512,23,1,144,4,2,flexible,23,23,0,0
34,512,23,1,162,1,4,flexible,23,23,0,0
34,512,23,1,192,6,1,flexible,23,23,0,0
34,512,23,1,216,3,3,flexible,23,23,0,0
34,512,23,1,243,0,5,flexible,23,23,0,0
34,512,23,1,256,8,0,flexible,23,23,0,0
34,512,23,1,288,5,2,flexible,23,23,0,0
34,512,23,1,324,2,4,flexible,23,23,0,0
34,512,23,1,384,7,1,flexible,23,23,0,0
34,512,23,1,432,4,3,flexible,23,23,0,0
34,512,23,1,486,1,5,flexible,23,23,0,0
34,512,23,1,512,9,0,forced,22,23,1,0
35,576,24,1,1,0,0,flexible,24,24,0,0
35,576,24,1,2,1,0,flexible,24,24,0,0
35,576,24,1,3,0,1,flexible,24,24,0,0
35,576,24,1,4,2,0,flexible,24,24,0,0
35,576,24,1,6,1,1,flexible,24,24,0,0
35,576,24,1,8,3,0,flexible,24,24,0,0
35,576,24,1,9,0,2,flexible,24,24,0,0
35,576,24,1,12,2,1,flexible,24,24,0,0
35,576,24,1,16,4,0,forced,23,24,1,0
35,576,24,1,18,1,2,flexible,24,24,0,0
35,576,24,1,24,3,1,flexible,24,24,0,0
35,576,24,1,27,0,3,flexible,24,24,0,0
35,576,24,1,32,5,0,flexible,24,24,0,0
35,576,24,1,36,2,2,flexible,24,24,0,0
35,576,24,1,48,4,1,flexible,24,24,0,0
35,576,24,1,54,1,3,flexible,24,24,0,0
35,576,24,1,64,6,0,flexible,24,24,0,0
35,576,24,1,72,3,2,forced,23,24,1,0
35,576,24,1,81,0,4,flexible,24,24,0,0
35,576,24,1,96,5,1,forced,23,24,1,0
35,576,24,1,108,2,3,flexible,24,24,0,0
35,576,24,1,128,7,0,flexible,24,24,0,0
35,576,24,1,144,4,2,flexible,24,24,0,0
35,576,24,1,162,1,4,flexible,24,24,0,0
35,576,24,1,192,6,1,flexible,24,24,0,0
35,576,24,1,216,3,3,flexible,24,24,0,0
35,576,24,1,243,0,5,forced,23,24,1,0
35,576,24,1,256,8,0,flexible,24,24,0,0
35,576,24,1,288,5,2,flexible,24,24,0,0
35,576,24,1,324,2,4,flexible,24,24,0,0
35,576,24,1,384,7,1,flexible,24,24,0,0
35,576,24,1,432,4,3,forced,23,24,1,0
35,576,24,1,486,1,5,flexible,24,24,0,0
35,576,24,1,512,9,0,forced,23,24,1,0
35,576,24,1,576,6,2,forced,23,24,1,0
36,648,25,1,1,0,0,flexible,25,25,0,0
36,648,25,1,2,1,0,flexible,25,25,0,0
36,648,25,1,3,0,1,flexible,25,25,0,0
36,648,25,1,4,2,0,forced,24,25,1,0
36,648,25,1,6,1,1,none,25,24,0,1
36,648,25,1,8,3,0,none,25,24,0,1
36,648,25,1,9,0,2,forced,24,25,1,0
36,648,25,1,12,2,1,forced,24,25,1,0
36,648,25,1,16,4,0,forced,24,25,1,0
36,648,25,1,18,1,2,forced,24,25,1,0
36,648,25,1,24,3,1,forced,24,25,1,0
36,648,25,1,27,0,3,none,25,24,0,1
36,648,25,1,32,5,0,forced,24,25,1,0
36,648,25,1,36,2,2,none,25,24,0,1
36,648,25,1,48,4,1,none,25,24,0,1
36,648,25,1,54,1,3,forced,24,25,1,0
36,648,25,1,64,6,0,none,25,24,0,1
36,648,25,1,72,3,2,forced,24,25,1,0
36,648,25,1,81,0,4,forced,24,25,1,0
36,648,25,1,96,5,1,forced,24,25,1,0
36,648,25,1,108,2,3,forced,24,25,1,0
36,648,25,1,128,7,0,forced,24,25,1,0
36,648,25,1,144,4,2,forced,24,25,1,0
36,648,25,1,162,1,4,none,25,24,0,1
36,648,25,1,192,6,1,forced,24,25,1,0
36,648,25,1,216,3,3,none,25,24,0,1
36,648,25,1,243,0,5,forced,24,25,1,0
36,648,25,1,256,8,0,forced,24,25,1,0
36,648,25,1,288,5,2,none,25,24,0,1
36,648,25,1,324,2,4,forced,24,25,1,0
36,648,25,1,384,7,1,none,25,24,0,1
36,648,25,1,432,4,3,forced,24,25,1,0
36,648,25,1,486,1,5,forced,24,25,1,0
36,648,25,1,512,9,0,forced,24,25,1,0
36,648,25,1,576,6,2,forced,24,25,1,0
36,648,25,1,648,3,4,forced,24,25,1,0
37,729,25,0,1,0,0,flexible,25,25,0,0
37,729,25,0,2,1,0,flexible,25,25,0,0
37,729,25,0,3,0,1,flexible,25,25,0,0
37,729,25,0,4,2,0,flexible,25,25,0,0
37,729,25,0,6,1,1,flexible,25,25,0,0
37,729,25,0,8,3,0,flexible,25,25,0,0
37,729,25,0,9,0,2,flexible,25,25,0,0
37,729,25,0,12,2,1,flexible,25,25,0,0
37,729,25,0,16,4,0,flexible,25,25,0,0
37,729,25,0,18,1,2,flexible,25,25,0,0
37,729,25,0,24,3,1,flexible,25,25,0,0
37,729,25,0,27,0,3,flexible,25,25,0,0
37,729,25,0,32,5,0,flexible,25,25,0,0
37,729,25,0,36,2,2,flexible,25,25,0,0
37,729,25,0,48,4,1,flexible,25,25,0,0
37,729,25,0,54,1,3,flexible,25,25,0,0
37,729,25,0,64,6,0,flexible,25,25,0,0
37,729,25,0,72,3,2,flexible,25,25,0,0
37,729,25,0,81,0,4,flexible,25,25,0,0
37,729,25,0,96,5,1,flexible,25,25,0,0
37,729,25,0,108,2,3,flexible,25,25,0,0
37,729,25,0,128,7,0,flexible,25,25,0,0
37,729,25,0,144,4,2,flexible,25,25,0,0
37,729,25,0,162,1,4,flexible,25,25,0,0
37,729,25,0,192,6,1,flexible,25,25,0,0
37,729,25,0,216,3,3,flexible,25,25,0,0
37,729,25,0,243,0,5,flexible,25,25,0,0
37,729,25,0,256,8,0,flexible,25,25,0,0
37,729,25,0,288,5,2,flexible,25,25,0,0
37,729,25,0,324,2,4,flexible,25,25,0,0
37,729,25,0,384,7,1,flexible,25,25,0,0
37,729,25,0,432,4,3,flexible,25,25,0,0
37,729,25,0,486,1,5,flexible,25,25,0,0
37,729,25,0,512,9,0,forced,24,25,1,0
37,729,25,0,576,6,2,flexible,25,25,0,0
37,729,25,0,648,3,4,flexible,25,25,0,0
37,729,25,0,729,0,6,flexible,25,25,0,0
38,768,26,1,1,0,0,forced,25,26,1,0
38,768,26,1,2,1,0,flexible,26,26,0,0
38,768,26,1,3,0,1,flexible,26,26,0,0
38,768,26,1,4,2,0,flexible,26,26,0,0
38,768,26,1,6,1,1,forced,25,26,1,0
38,768,26,1,8,3,0,forced,25,26,1,0
38,768,26,1,9,0,2,flexible,26,26,0,0
38,768,26,1,12,2,1,flexible,26,26,0,0
38,768,26,1,16,4,0,flexible,26,26,0,0
38,768,26,1,18,1,2,flexible,26,26,0,0
38,768,26,1,24,3,1,flexible,26,26,0,0
38,768,26,1,27,0,3,forced,25,26,1,0
38,768,26,1,32,5,0,flexible,26,26,0,0
38,768,26,1,36,2,2,forced,25,26,1,0
38,768,26,1,48,4,1,forced,25,26,1,0
38,768,26,1,54,1,3,flexible,26,26,0,0
38,768,26,1,64,6,0,forced,25,26,1,0
38,768,26,1,72,3,2,flexible,26,26,0,0
38,768,26,1,81,0,4,flexible,26,26,0,0
38,768,26,1,96,5,1,flexible,26,26,0,0
38,768,26,1,108,2,3,flexible,26,26,0,0
38,768,26,1,128,7,0,forced,25,26,1,0
38,768,26,1,144,4,2,flexible,26,26,0,0
38,768,26,1,162,1,4,forced,25,26,1,0
38,768,26,1,192,6,1,none,26,25,0,1
38,768,26,1,216,3,3,flexible,26,26,0,0
38,768,26,1,243,0,5,flexible,26,26,0,0
38,768,26,1,256,8,0,none,26,25,0,1
38,768,26,1,288,5,2,forced,25,26,1,0
38,768,26,1,324,2,4,flexible,26,26,0,0
38,768,26,1,384,7,1,forced,25,26,1,0
38,768,26,1,432,4,3,flexible,26,26,0,0
38,768,26,1,486,1,5,flexible,26,26,0,0
38,768,26,1,512,9,0,forced,25,26,1,0
38,768,26,1,576,6,2,forced,25,26,1,0
38,768,26,1,648,3,4,flexible,26,26,0,0
38,768,26,1,729,0,6,forced,25,26,1,0
38,768,26,1,768,8,1,forced,25,26,1,0
39,864,26,0,1,0,0,flexible,26,26,0,0
39,864,26,0,2,1,0,flexible,26,26,0,0
39,864,26,0,3,0,1,flexible,26,26,0,0
39,864,26,0,4,2,0,flexible,26,26,0,0
39,864,26,0,6,1,1,flexible,26,26,0,0
39,864,26,0,8,3,0,flexible,26,26,0,0
39,864,26,0,9,0,2,flexible,26,26,0,0
39,864,26,0,12,2,1,flexible,26,26,0,0
39,864,26,0,16,4,0,flexible,26,26,0,0
39,864,26,0,18,1,2,flexible,26,26,0,0
39,864,26,0,24,3,1,flexible,26,26,0,0
39,864,26,0,27,0,3,flexible,26,26,0,0
39,864,26,0,32,5,0,flexible,26,26,0,0
39,864,26,0,36,2,2,flexible,26,26,0,0
39,864,26,0,48,4,1,flexible,26,26,0,0
39,864,26,0,54,1,3,flexible,26,26,0,0
39,864,26,0,64,6,0,flexible,26,26,0,0
39,864,26,0,72,3,2,flexible,26,26,0,0
39,864,26,0,81,0,4,flexible,26,26,0,0
39,864,26,0,96,5,1,flexible,26,26,0,0
39,864,26,0,108,2,3,flexible,26,26,0,0
39,864,26,0,128,7,0,flexible,26,26,0,0
39,864,26,0,144,4,2,flexible,26,26,0,0
39,864,26,0,162,1,4,flexible,26,26,0,0
39,864,26,0,192,6,1,flexible,26,26,0,0
39,864,26,0,216,3,3,flexible,26,26,0,0
39,864,26,0,243,0,5,flexible,26,26,0,0
39,864,26,0,256,8,0,flexible,26,26,0,0
39,864,26,0,288,5,2,flexible,26,26,0,0
39,864,26,0,324,2,4,flexible,26,26,0,0
39,864,26,0,384,7,1,flexible,26,26,0,0
39,864,26,0,432,4,3,flexible,26,26,0,0
39,864,26,0,486,1,5,flexible,26,26,0,0
39,864,26,0,512,9,0,flexible,26,26,0,0
39,864,26,0,576,6,2,flexible,26,26,0,0
39,864,26,0,648,3,4,flexible,26,26,0,0
39,864,26,0,729,0,6,flexible,26,26,0,0
39,864,26,0,768,8,1,flexible,26,26,0,0
39,864,26,0,864,5,3,flexible,26,26,0,0
40,972,27,1,1,0,0,forced,26,27,1,0
40,972,27,1,2,1,0,flexible,27,27,0,0
40,972,27,1,3,0,1,flexible,27,27,0,0
40,972,27,1,4,2,0,flexible,27,27,0,0
40,972,27,1,6,1,1,forced,26,27,1,0
40,972,27,1,8,3,0,forced,26,27,1,0
40,972,27,1,9,0,2,flexible,27,27,0,0
40,972,27,1,12,2,1,flexible,27,27,0,0
40,972,27,1,16,4,0,flexible,27,27,0,0
40,972,27,1,18,1,2,flexible,27,27,0,0
40,972,27,1,24,3,1,flexible,27,27,0,0
40,972,27,1,27,0,3,forced,26,27,1,0
40,972,27,1,32,5,0,flexible,27,27,0,0
40,972,27,1,36,2,2,forced,26,27,1,0
40,972,27,1,48,4,1,forced,26,27,1,0
40,972,27,1,54,1,3,flexible,27,27,0,0
40,972,27,1,64,6,0,flexible,27,27,0,0
40,972,27,1,72,3,2,flexible,27,27,0,0
40,972,27,1,81,0,4,flexible,27,27,0,0
40,972,27,1,96,5,1,flexible,27,27,0,0
40,972,27,1,108,2,3,flexible,27,27,0,0
40,972,27,1,128,7,0,flexible,27,27,0,0
40,972,27,1,144,4,2,flexible,27,27,0,0
40,972,27,1,162,1,4,forced,26,27,1,0
40,972,27,1,192,6,1,flexible,27,27,0,0
40,972,27,1,216,3,3,flexible,27,27,0,0
40,972,27,1,243,0,5,flexible,27,27,0,0
40,972,27,1,256,8,0,flexible,27,27,0,0
40,972,27,1,288,5,2,flexible,27,27,0,0
40,972,27,1,324,2,4,flexible,27,27,0,0
40,972,27,1,384,7,1,forced,26,27,1,0
40,972,27,1,432,4,3,flexible,27,27,0,0
40,972,27,1,486,1,5,flexible,27,27,0,0
40,972,27,1,512,9,0,flexible,27,27,0,0
40,972,27,1,576,6,2,flexible,27,27,0,0
40,972,27,1,648,3,4,flexible,27,27,0,0
40,972,27,1,729,0,6,forced,26,27,1,0
40,972,27,1,768,8,1,flexible,27,27,0,0
40,972,27,1,864,5,3,flexible,27,27,0,0
40,972,27,1,972,2,5,forced,26,27,1,0
41,1024,28,1,1,0,0,forced,27,28,1,0
41,1024,28,1,2,1,0,flexible,28,28,0,0
41,1024,28,1,3,0,1,flexible,28,28,0,0
41,1024,28,1,4,2,0,flexible,28,28,0,0
41,1024,28,1,6,1,1,forced,27,28,1,0
41,1024,28,1,8,3,0,forced,27,28,1,0
41,1024,28,1,9,0,2,flexible,28,28,0,0
41,1024,28,1,12,2,1,flexible,28,28,0,0
41,1024,28,1,16,4,0,flexible,28,28,0,0
41,1024,28,1,18,1,2,flexible,28,28,0,0
41,1024,28,1,24,3,1,flexible,28,28,0,0
41,1024,28,1,27,0,3,forced,27,28,1,0
41,1024,28,1,32,5,0,flexible,28,28,0,0
41,1024,28,1,36,2,2,forced,27,28,1,0
41,1024,28,1,48,4,1,forced,27,28,1,0
41,1024,28,1,54,1,3,flexible,28,28,0,0
41,1024,28,1,64,6,0,flexible,28,28,0,0
41,1024,28,1,72,3,2,flexible,28,28,0,0
41,1024,28,1,81,0,4,flexible,28,28,0,0
41,1024,28,1,96,5,1,flexible,28,28,0,0
41,1024,28,1,108,2,3,flexible,28,28,0,0
41,1024,28,1,128,7,0,flexible,28,28,0,0
41,1024,28,1,144,4,2,flexible,28,28,0,0
41,1024,28,1,162,1,4,forced,27,28,1,0
41,1024,28,1,192,6,1,flexible,28,28,0,0
41,1024,28,1,216,3,3,flexible,28,28,0,0
41,1024,28,1,243,0,5,flexible,28,28,0,0
41,1024,28,1,256,8,0,flexible,28,28,0,0
41,1024,28,1,288,5,2,flexible,28,28,0,0
41,1024,28,1,324,2,4,flexible,28,28,0,0
41,1024,28,1,384,7,1,forced,27,28,1,0
41,1024,28,1,432,4,3,flexible,28,28,0,0
41,1024,28,1,486,1,5,flexible,28,28,0,0
41,1024,28,1,512,9,0,flexible,28,28,0,0
41,1024,28,1,576,6,2,flexible,28,28,0,0
41,1024,28,1,648,3,4,flexible,28,28,0,0
41,1024,28,1,729,0,6,forced,27,28,1,0
41,1024,28,1,768,8,1,flexible,28,28,0,0
41,1024,28,1,864,5,3,flexible,28,28,0,0
41,1024,28,1,972,2,5,forced,27,28,1,0
41,1024,28,1,1024,10,0,forced,27,28,1,0
42,1152,29,1,1,0,0,forced,28,29,1,0
42,1152,29,1,2,1,0,none,29,28,0,1
42,1152,29,1,3,0,1,forced,28,29,1,0
42,1152,29,1,4,2,0,forced,28,29,1,0
42,1152,29,1,6,1,1,forced,28,29,1,0
42,1152,29,1,8,3,0,forced,28,29,1,0
42,1152,29,1,9,0,2,none,29,28,0,1
42,1152,29,1,12,2,1,none,29,28,0,1
42,1152,29,1,16,4,0,none,29,28,0,1
42,1152,29,1,18,1,2,forced,28,29,1,0
42,1152,29,1,24,3,1,forced,28,29,1,0
42,1152,29,1,27,0,3,forced,28,29,1,0
42,1152,29,1,32,5,0,forced,28,29,1,0
42,1152,29,1,36,2,2,forced,28,29,1,0
42,1152,29,1,48,4,1,forced,28,29,1,0
42,1152,29,1,54,1,3,none,29,28,0,1
42,1152,29,1,64,6,0,forced,28,29,1,0
42,1152,29,1,72,3,2,none,29,28,0,1
42,1152,29,1,81,0,4,forced,28,29,1,0
42,1152,29,1,96,5,1,none,29,28,0,1
42,1152,29,1,108,2,3,forced,28,29,1,0
42,1152,29,1,128,7,0,none,29,28,0,1
42,1152,29,1,144,4,2,forced,28,29,1,0
42,1152,29,1,162,1,4,forced,28,29,1,0
42,1152,29,1,192,6,1,forced,28,29,1,0
42,1152,29,1,216,3,3,forced,28,29,1,0
42,1152,29,1,243,0,5,none,29,28,0,1
42,1152,29,1,256,8,0,forced,28,29,1,0
42,1152,29,1,288,5,2,forced,28,29,1,0
42,1152,29,1,324,2,4,none,29,28,0,1
42,1152,29,1,384,7,1,forced,28,29,1,0
42,1152,29,1,432,4,3,none,29,28,0,1
42,1152,29,1,486,1,5,forced,28,29,1,0
42,1152,29,1,512,9,0,forced,28,29,1,0
42,1152,29,1,576,6,2,none,29,28,0,1
42,1152,29,1,648,3,4,forced,28,29,1,0
42,1152,29,1,729,0,6,forced,28,29,1,0
42,1152,29,1,768,8,1,none,29,28,0,1
42,1152,29,1,864,5,3,forced,28,29,1,0
42,1152,29,1,972,2,5,forced,28,29,1,0
42,1152,29,1,1024,10,0,forced,28,29,1,0
42,1152,29,1,1152,7,2,forced,28,29,1,0
43,1296,30,1,1,0,0,forced,29,30,1,0
43,1296,30,1,2,1,0,none,30,29,0,1
43,1296,30,1,3,0,1,forced,29,30,1,0
43,1296,30,1,4,2,0,forced,29,30,1,0
43,1296,30,1,6,1,1,forced,29,30,1,0
43,1296,30,1,8,3,0,forced,29,30,1,0
43,1296,30,1,9,0,2,none,30,29,0,1
43,1296,30,1,12,2,1,none,30,29,0,1
43,1296,30,1,16,4,0,none,30,29,0,1
43,1296,30,1,18,1,2,forced,29,30,1,0
43,1296,30,1,24,3,1,forced,29,30,1,0
43,1296,30,1,27,0,3,forced,29,30,1,0
43,1296,30,1,32,5,0,forced,29,30,1,0
43,1296,30,1,36,2,2,forced,29,30,1,0
43,1296,30,1,48,4,1,forced,29,30,1,0
43,1296,30,1,54,1,3,none,30,29,0,1
43,1296,30,1,64,6,0,forced,29,30,1,0
43,1296,30,1,72,3,2,none,30,29,0,1
43,1296,30,1,81,0,4,forced,29,30,1,0
43,1296,30,1,96,5,1,none,30,29,0,1
43,1296,30,1,108,2,3,forced,29,30,1,0
43,1296,30,1,128,7,0,none,30,29,0,1
43,1296,30,1,144,4,2,forced,29,30,1,0
43,1296,30,1,162,1,4,forced,29,30,1,0
43,1296,30,1,192,6,1,forced,29,30,1,0
43,1296,30,1,216,3,3,forced,29,30,1,0
43,1296,30,1,243,0,5,none,30,29,0,1
43,1296,30,1,256,8,0,forced,29,30,1,0
43,1296,30,1,288,5,2,forced,29,30,1,0
43,1296,30,1,324,2,4,none,30,29,0,1
43,1296,30,1,384,7,1,forced,29,30,1,0
43,1296,30,1,432,4,3,none,30,29,0,1
43,1296,30,1,486,1,5,forced,29,30,1,0
43,1296,30,1,512,9,0,forced,29,30,1,0
43,1296,30,1,576,6,2,none,30,29,0,1
43,1296,30,1,648,3,4,forced,29,30,1,0
43,1296,30,1,729,0,6,forced,29,30,1,0
43,1296,30,1,768,8,1,none,30,29,0,1
43,1296,30,1,864,5,3,forced,29,30,1,0
43,1296,30,1,972,2,5,forced,29,30,1,0
43,1296,30,1,1024,10,0,forced,29,30,1,0
43,1296,30,1,1152,7,2,forced,29,30,1,0
43,1296,30,1,1296,4,4,forced,29,30,1,0
44,1458,30,0,1,0,0,forced,29,30,1,0
44,1458,30,0,2,1,0,flexible,30,30,0,0
44,1458,30,0,3,0,1,flexible,30,30,0,0
44,1458,30,0,4,2,0,flexible,30,30,0,0
44,1458,30,0,6,1,1,forced,29,30,1,0
44,1458,30,0,8,3,0,forced,29,30,1,0
44,1458,30,0,9,0,2,flexible,30,30,0,0
44,1458,30,0,12,2,1,flexible,30,30,0,0
44,1458,30,0,16,4,0,flexible,30,30,0,0
44,1458,30,0,18,1,2,flexible,30,30,0,0
44,1458,30,0,24,3,1,flexible,30,30,0,0
44,1458,30,0,27,0,3,forced,29,30,1,0
44,1458,30,0,32,5,0,flexible,30,30,0,0
44,1458,30,0,36,2,2,forced,29,30,1,0
44,1458,30,0,48,4,1,forced,29,30,1,0
44,1458,30,0,54,1,3,flexible,30,30,0,0
44,1458,30,0,64,6,0,forced,29,30,1,0
44,1458,30,0,72,3,2,flexible,30,30,0,0
44,1458,30,0,81,0,4,flexible,30,30,0,0
44,1458,30,0,96,5,1,flexible,30,30,0,0
44,1458,30,0,108,2,3,flexible,30,30,0,0
44,1458,30,0,128,7,0,flexible,30,30,0,0
44,1458,30,0,144,4,2,flexible,30,30,0,0
44,1458,30,0,162,1,4,flexible,30,30,0,0
44,1458,30,0,192,6,1,flexible,30,30,0,0
44,1458,30,0,216,3,3,forced,29,30,1,0
44,1458,30,0,243,0,5,flexible,30,30,0,0
44,1458,30,0,256,8,0,flexible,30,30,0,0
44,1458,30,0,288,5,2,forced,29,30,1,0
44,1458,30,0,324,2,4,flexible,30,30,0,0
44,1458,30,0,384,7,1,flexible,30,30,0,0
44,1458,30,0,432,4,3,flexible,30,30,0,0
44,1458,30,0,486,1,5,flexible,30,30,0,0
44,1458,30,0,512,9,0,flexible,30,30,0,0
44,1458,30,0,576,6,2,flexible,30,30,0,0
44,1458,30,0,648,3,4,flexible,30,30,0,0
44,1458,30,0,729,0,6,forced,29,30,1,0
44,1458,30,0,768,8,1,flexible,30,30,0,0
44,1458,30,0,864,5,3,flexible,30,30,0,0
44,1458,30,0,972,2,5,flexible,30,30,0,0
44,1458,30,0,1024,10,0,forced,29,30,1,0
44,1458,30,0,1152,7,2,flexible,30,30,0,0
44,1458,30,0,1296,4,4,forced,29,30,1,0
44,1458,30,0,1458,1,6,flexible,30,30,0,0
45,1536,31,1,1,0,0,forced,30,31,1,0
45,1536,31,1,2,1,0,forced,30,31,1,0
45,1536,31,1,3,0,1,none,31,30,0,1
45,1536,31,1,4,2,0,none,31,30,0,1
45,1536,31,1,6,1,1,forced,30,31,1,0
45,1536,31,1,8,3,0,forced,30,31,1,0
45,1536,31,1,9,0,2,forced,30,31,1,0
45,1536,31,1,12,2,1,forced,30,31,1,0
45,1536,31,1,16,4,0,forced,30,31,1,0
45,1536,31,1,18,1,2,none,31,30,0,1
45,1536,31,1,24,3,1,none,31,30,0,1
45,1536,31,1,27,0,3,forced,30,31,1,0
45,1536,31,1,32,5,0,none,31,30,0,1
45,1536,31,1,36,2,2,forced,30,31,1,0
45,1536,31,1,48,4,1,forced,30,31,1,0
45,1536,31,1,54,1,3,forced,30,31,1,0
45,1536,31,1,64,6,0,forced,30,31,1,0
45,1536,31,1,72,3,2,forced,30,31,1,0
45,1536,31,1,81,0,4,none,31,30,0,1
45,1536,31,1,96,5,1,forced,30,31,1,0
45,1536,31,1,108,2,3,none,31,30,0,1
45,1536,31,1,128,7,0,forced,30,31,1,0
45,1536,31,1,144,4,2,none,31,30,0,1
45,1536,31,1,162,1,4,forced,30,31,1,0
45,1536,31,1,192,6,1,none,31,30,0,1
45,1536,31,1,216,3,3,forced,30,31,1,0
45,1536,31,1,243,0,5,forced,30,31,1,0
45,1536,31,1,256,8,0,forced,30,31,1,0
45,1536,31,1,288,5,2,forced,30,31,1,0
45,1536,31,1,324,2,4,forced,30,31,1,0
45,1536,31,1,384,7,1,none,31,30,0,1
45,1536,31,1,432,4,3,forced,30,31,1,0
45,1536,31,1,486,1,5,none,31,30,0,1
45,1536,31,1,512,9,0,none,31,30,0,1
45,1536,31,1,576,6,2,forced,30,31,1,0
45,1536,31,1,648,3,4,none,31,30,0,1
45,1536,31,1,729,0,6,forced,30,31,1,0
45,1536,31,1,768,8,1,forced,30,31,1,0
45,1536,31,1,864,5,3,none,31,30,0,1
45,1536,31,1,972,2,5,forced,30,31,1,0
45,1536,31,1,1024,10,0,forced,30,31,1,0
45,1536,31,1,1152,7,2,forced,30,31,1,0
45,1536,31,1,1296,4,4,forced,30,31,1,0
45,1536,31,1,1458,1,6,forced,30,31,1,0
45,1536,31,1,1536,9,1,forced,30,31,1,0
46,1728,31,0,1,0,0,forced,30,31,1,0
46,1728,31,0,2,1,0,flexible,31,31,0,0
46,1728,31,0,3,0,1,flexible,31,31,0,0
46,1728,31,0,4,2,0,flexible,31,31,0,0
46,1728,31,0,6,1,1,forced,30,31,1,0
46,1728,31,0,8,3,0,forced,30,31,1,0
46,1728,31,0,9,0,2,flexible,31,31,0,0
46,1728,31,0,12,2,1,flexible,31,31,0,0
46,1728,31,0,16,4,0,flexible,31,31,0,0
46,1728,31,0,18,1,2,flexible,31,31,0,0
46,1728,31,0,24,3,1,flexible,31,31,0,0
46,1728,31,0,27,0,3,forced,30,31,1,0
46,1728,31,0,32,5,0,flexible,31,31,0,0
46,1728,31,0,36,2,2,forced,30,31,1,0
46,1728,31,0,48,4,1,forced,30,31,1,0
46,1728,31,0,54,1,3,flexible,31,31,0,0
46,1728,31,0,64,6,0,flexible,31,31,0,0
46,1728,31,0,72,3,2,flexible,31,31,0,0
46,1728,31,0,81,0,4,flexible,31,31,0,0
46,1728,31,0,96,5,1,flexible,31,31,0,0
46,1728,31,0,108,2,3,flexible,31,31,0,0
46,1728,31,0,128,7,0,flexible,31,31,0,0
46,1728,31,0,144,4,2,flexible,31,31,0,0
46,1728,31,0,162,1,4,flexible,31,31,0,0
46,1728,31,0,192,6,1,flexible,31,31,0,0
46,1728,31,0,216,3,3,forced,30,31,1,0
46,1728,31,0,243,0,5,flexible,31,31,0,0
46,1728,31,0,256,8,0,flexible,31,31,0,0
46,1728,31,0,288,5,2,forced,30,31,1,0
46,1728,31,0,324,2,4,flexible,31,31,0,0
46,1728,31,0,384,7,1,flexible,31,31,0,0
46,1728,31,0,432,4,3,flexible,31,31,0,0
46,1728,31,0,486,1,5,flexible,31,31,0,0
46,1728,31,0,512,9,0,flexible,31,31,0,0
46,1728,31,0,576,6,2,flexible,31,31,0,0
46,1728,31,0,648,3,4,flexible,31,31,0,0
46,1728,31,0,729,0,6,forced,30,31,1,0
46,1728,31,0,768,8,1,flexible,31,31,0,0
46,1728,31,0,864,5,3,flexible,31,31,0,0
46,1728,31,0,972,2,5,flexible,31,31,0,0
46,1728,31,0,1024,10,0,flexible,31,31,0,0
46,1728,31,0,1152,7,2,flexible,31,31,0,0
46,1728,31,0,1296,4,4,flexible,31,31,0,0
46,1728,31,0,1458,1,6,flexible,31,31,0,0
46,1728,31,0,1536,9,1,flexible,31,31,0,0
46,1728,31,0,1728,6,3,flexible,31,31,0,0
47,1944,32,1,1,0,0,forced,31,32,1,0
47,1944,32,1,2,1,0,forced,31,32,1,0
47,1944,32,1,3,0,1,none,32,31,0,1
47,1944,32,1,4,2,0,none,32,31,0,1
47,1944,32,1,6,1,1,forced,31,32,1,0
47,1944,32,1,8,3,0,forced,31,32,1,0
47,1944,32,1,9,0,2,forced,31,32,1,0
47,1944,32,1,12,2,1,forced,31,32,1,0
47,1944,32,1,16,4,0,forced,31,32,1,0
47,1944,32,1,18,1,2,none,32,31,0,1
47,1944,32,1,24,3,1,none,32,31,0,1
47,1944,32,1,27,0,3,forced,31,32,1,0
47,1944,32,1,32,5,0,none,32,31,0,1
47,1944,32,1,36,2,2,forced,31,32,1,0
47,1944,32,1,48,4,1,forced,31,32,1,0
47,1944,32,1,54,1,3,forced,31,32,1,0
47,1944,32,1,64,6,0,forced,31,32,1,0
47,1944,32,1,72,3,2,forced,31,32,1,0
47,1944,32,1,81,0,4,none,32,31,0,1
47,1944,32,1,96,5,1,forced,31,32,1,0
47,1944,32,1,108,2,3,none,32,31,0,1
47,1944,32,1,128,7,0,flexible,32,32,0,0
47,1944,32,1,144,4,2,none,32,31,0,1
47,1944,32,1,162,1,4,forced,31,32,1,0
47,1944,32,1,192,6,1,none,32,31,0,1
47,1944,32,1,216,3,3,forced,31,32,1,0
47,1944,32,1,243,0,5,forced,31,32,1,0
47,1944,32,1,256,8,0,flexible,32,32,0,0
47,1944,32,1,288,5,2,forced,31,32,1,0
47,1944,32,1,324,2,4,forced,31,32,1,0
47,1944,32,1,384,7,1,flexible,32,32,0,0
47,1944,32,1,432,4,3,flexible,32,32,0,0
47,1944,32,1,486,1,5,none,32,31,0,1
47,1944,32,1,512,9,0,flexible,32,32,0,0
47,1944,32,1,576,6,2,flexible,32,32,0,0
47,1944,32,1,648,3,4,none,32,31,0,1
47,1944,32,1,729,0,6,forced,31,32,1,0
47,1944,32,1,768,8,1,forced,31,32,1,0
47,1944,32,1,864,5,3,flexible,32,32,0,0
47,1944,32,1,972,2,5,forced,31,32,1,0
47,1944,32,1,1024,10,0,flexible,32,32,0,0
47,1944,32,1,1152,7,2,flexible,32,32,0,0
47,1944,32,1,1296,4,4,flexible,32,32,0,0
47,1944,32,1,1458,1,6,forced,31,32,1,0
47,1944,32,1,1536,9,1,flexible,32,32,0,0
47,1944,32,1,1728,6,3,flexible,32,32,0,0
47,1944,32,1,1944,3,5,forced,31,32,1,0
48,2048,33,1,1,0,0,forced,32,33,1,0
48,2048,33,1,2,1,0,forced,32,33,1,0
48,2048,33,1,3,0,1,none,33,32,0,1
48,2048,33,1,4,2,0,none,33,32,0,1
48,2048,33,1,6,1,1,forced,32,33,1,0
48,2048,33,1,8,3,0,forced,32,33,1,0
48,2048,33,1,9,0,2,forced,32,33,1,0
48,2048,33,1,12,2,1,forced,32,33,1,0
48,2048,33,1,16,4,0,forced,32,33,1,0
48,2048,33,1,18,1,2,none,33,32,0,1
48,2048,33,1,24,3,1,none,33,32,0,1
48,2048,33,1,27,0,3,forced,32,33,1,0
48,2048,33,1,32,5,0,none,33,32,0,1
48,2048,33,1,36,2,2,forced,32,33,1,0
48,2048,33,1,48,4,1,forced,32,33,1,0
48,2048,33,1,54,1,3,forced,32,33,1,0
48,2048,33,1,64,6,0,forced,32,33,1,0
48,2048,33,1,72,3,2,forced,32,33,1,0
48,2048,33,1,81,0,4,none,33,32,0,1
48,2048,33,1,96,5,1,forced,32,33,1,0
48,2048,33,1,108,2,3,none,33,32,0,1
48,2048,33,1,128,7,0,flexible,33,33,0,0
48,2048,33,1,144,4,2,none,33,32,0,1
48,2048,33,1,162,1,4,forced,32,33,1,0
48,2048,33,1,192,6,1,none,33,32,0,1
48,2048,33,1,216,3,3,forced,32,33,1,0
48,2048,33,1,243,0,5,forced,32,33,1,0
48,2048,33,1,256,8,0,flexible,33,33,0,0
48,2048,33,1,288,5,2,forced,32,33,1,0
48,2048,33,1,324,2,4,forced,32,33,1,0
48,2048,33,1,384,7,1,flexible,33,33,0,0
48,2048,33,1,432,4,3,flexible,33,33,0,0
48,2048,33,1,486,1,5,none,33,32,0,1
48,2048,33,1,512,9,0,flexible,33,33,0,0
48,2048,33,1,576,6,2,flexible,33,33,0,0
48,2048,33,1,648,3,4,none,33,32,0,1
48,2048,33,1,729,0,6,forced,32,33,1,0
48,2048,33,1,768,8,1,forced,32,33,1,0
48,2048,33,1,864,5,3,flexible,33,33,0,0
48,2048,33,1,972,2,5,forced,32,33,1,0
48,2048,33,1,1024,10,0,flexible,33,33,0,0
48,2048,33,1,1152,7,2,flexible,33,33,0,0
48,2048,33,1,1296,4,4,flexible,33,33,0,0
48,2048,33,1,1458,1,6,forced,32,33,1,0
48,2048,33,1,1536,9,1,flexible,33,33,0,0
48,2048,33,1,1728,6,3,flexible,33,33,0,0
48,2048,33,1,1944,3,5,forced,32,33,1,0
48,2048,33,1,2048,11,0,forced,32,33,1,0
49,2187,33,0,1,0,0,flexible,33,33,0,0
49,2187,33,0,2,1,0,flexible,33,33,0,0
49,2187,33,0,3,0,1,flexible,33,33,0,0
49,2187,33,0,4,2,0,flexible,33,33,0,0
49,2187,33,0,6,1,1,flexible,33,33,0,0
49,2187,33,0,8,3,0,flexible,33,33,0,0
49,2187,33,0,9,0,2,flexible,33,33,0,0
49,2187,33,0,12,2,1,flexible,33,33,0,0
49,2187,33,0,16,4,0,flexible,33,33,0,0
49,2187,33,0,18,1,2,flexible,33,33,0,0
49,2187,33,0,24,3,1,flexible,33,33,0,0
49,2187,33,0,27,0,3,flexible,33,33,0,0
49,2187,33,0,32,5,0,flexible,33,33,0,0
49,2187,33,0,36,2,2,flexible,33,33,0,0
49,2187,33,0,48,4,1,flexible,33,33,0,0
49,2187,33,0,54,1,3,flexible,33,33,0,0
49,2187,33,0,64,6,0,flexible,33,33,0,0
49,2187,33,0,72,3,2,flexible,33,33,0,0
49,2187,33,0,81,0,4,flexible,33,33,0,0
49,2187,33,0,96,5,1,flexible,33,33,0,0
49,2187,33,0,108,2,3,flexible,33,33,0,0
49,2187,33,0,128,7,0,flexible,33,33,0,0
49,2187,33,0,144,4,2,flexible,33,33,0,0
49,2187,33,0,162,1,4,flexible,33,33,0,0
49,2187,33,0,192,6,1,flexible,33,33,0,0
49,2187,33,0,216,3,3,flexible,33,33,0,0
49,2187,33,0,243,0,5,flexible,33,33,0,0
49,2187,33,0,256,8,0,flexible,33,33,0,0
49,2187,33,0,288,5,2,flexible,33,33,0,0
49,2187,33,0,324,2,4,flexible,33,33,0,0
49,2187,33,0,384,7,1,flexible,33,33,0,0
49,2187,33,0,432,4,3,flexible,33,33,0,0
49,2187,33,0,486,1,5,flexible,33,33,0,0
49,2187,33,0,512,9,0,flexible,33,33,0,0
49,2187,33,0,576,6,2,flexible,33,33,0,0
49,2187,33,0,648,3,4,flexible,33,33,0,0
49,2187,33,0,729,0,6,flexible,33,33,0,0
49,2187,33,0,768,8,1,flexible,33,33,0,0
49,2187,33,0,864,5,3,flexible,33,33,0,0
49,2187,33,0,972,2,5,flexible,33,33,0,0
49,2187,33,0,1024,10,0,flexible,33,33,0,0
49,2187,33,0,1152,7,2,flexible,33,33,0,0
49,2187,33,0,1296,4,4,flexible,33,33,0,0
49,2187,33,0,1458,1,6,flexible,33,33,0,0
49,2187,33,0,1536,9,1,flexible,33,33,0,0
49,2187,33,0,1728,6,3,flexible,33,33,0,0
49,2187,33,0,1944,3,5,flexible,33,33,0,0
49,2187,33,0,2048,11,0,forced,32,33,1,0
49,2187,33,0,2187,0,7,flexible,33,33,0,0
50,2304,34,1,1,0,0,forced,33,34,1,0
50,2304,34,1,2,1,0,flexible,34,34,0,0
50,2304,34,1,3,0,1,flexible,34,34,0,0
50,2304,34,1,4,2,0,flexible,34,34,0,0
50,2304,34,1,6,1,1,forced,33,34,1,0
50,2304,34,1,8,3,0,forced,33,34,1,0
50,2304,34,1,9,0,2,flexible,34,34,0,0
50,2304,34,1,12,2,1,flexible,34,34,0,0
50,2304,34,1,16,4,0,flexible,34,34,0,0
50,2304,34,1,18,1,2,flexible,34,34,0,0
50,2304,34,1,24,3,1,flexible,34,34,0,0
50,2304,34,1,27,0,3,forced,33,34,1,0
50,2304,34,1,32,5,0,flexible,34,34,0,0
50,2304,34,1,36,2,2,forced,33,34,1,0
50,2304,34,1,48,4,1,forced,33,34,1,0
50,2304,34,1,54,1,3,flexible,34,34,0,0
50,2304,34,1,64,6,0,forced,33,34,1,0
50,2304,34,1,72,3,2,flexible,34,34,0,0
50,2304,34,1,81,0,4,flexible,34,34,0,0
50,2304,34,1,96,5,1,flexible,34,34,0,0
50,2304,34,1,108,2,3,flexible,34,34,0,0
50,2304,34,1,128,7,0,flexible,34,34,0,0
50,2304,34,1,144,4,2,flexible,34,34,0,0
50,2304,34,1,162,1,4,forced,33,34,1,0
50,2304,34,1,192,6,1,flexible,34,34,0,0
50,2304,34,1,216,3,3,forced,33,34,1,0
50,2304,34,1,243,0,5,flexible,34,34,0,0
50,2304,34,1,256,8,0,flexible,34,34,0,0
50,2304,34,1,288,5,2,forced,33,34,1,0
50,2304,34,1,324,2,4,flexible,34,34,0,0
50,2304,34,1,384,7,1,forced,33,34,1,0
50,2304,34,1,432,4,3,flexible,34,34,0,0
50,2304,34,1,486,1,5,flexible,34,34,0,0
50,2304,34,1,512,9,0,flexible,34,34,0,0
50,2304,34,1,576,6,2,flexible,34,34,0,0
50,2304,34,1,648,3,4,flexible,34,34,0,0
50,2304,34,1,729,0,6,flexible,34,34,0,0
50,2304,34,1,768,8,1,flexible,34,34,0,0
50,2304,34,1,864,5,3,flexible,34,34,0,0
50,2304,34,1,972,2,5,forced,33,34,1,0
50,2304,34,1,1024,10,0,flexible,34,34,0,0
50,2304,34,1,1152,7,2,flexible,34,34,0,0
50,2304,34,1,1296,4,4,flexible,34,34,0,0
50,2304,34,1,1458,1,6,flexible,34,34,0,0
50,2304,34,1,1536,9,1,flexible,34,34,0,0
50,2304,34,1,1728,6,3,forced,33,34,1,0
50,2304,34,1,1944,3,5,flexible,34,34,0,0
50,2304,34,1,2048,11,0,forced,33,34,1,0
50,2304,34,1,2187,0,7,flexible,34,34,0,0
50,2304,34,1,2304,8,2,forced,33,34,1,0
51,2592,35,1,1,0,0,forced,34,35,1,0
51,2592,35,1,2,1,0,forced,34,35,1,0
51,2592,35,1,3,0,1,none,35,34,0,1
51,2592,35,1,4,2,0,none,35,34,0,1
51,2592,35,1,6,1,1,forced,34,35,1,0
51,2592,35,1,8,3,0,forced,34,35,1,0
51,2592,35,1,9,0,2,forced,34,35,1,0
51,2592,35,1,12,2,1,forced,34,35,1,0
51,2592,35,1,16,4,0,forced,34,35,1,0
51,2592,35,1,18,1,2,none,35,34,0,1
51,2592,35,1,24,3,1,none,35,34,0,1
51,2592,35,1,27,0,3,forced,34,35,1,0
51,2592,35,1,32,5,0,none,35,34,0,1
51,2592,35,1,36,2,2,forced,34,35,1,0
51,2592,35,1,48,4,1,forced,34,35,1,0
51,2592,35,1,54,1,3,forced,34,35,1,0
51,2592,35,1,64,6,0,forced,34,35,1,0
51,2592,35,1,72,3,2,forced,34,35,1,0
51,2592,35,1,81,0,4,none,35,34,0,1
51,2592,35,1,96,5,1,forced,34,35,1,0
51,2592,35,1,108,2,3,none,35,34,0,1
51,2592,35,1,128,7,0,forced,34,35,1,0
51,2592,35,1,144,4,2,none,35,34,0,1
51,2592,35,1,162,1,4,forced,34,35,1,0
51,2592,35,1,192,6,1,none,35,34,0,1
51,2592,35,1,216,3,3,forced,34,35,1,0
51,2592,35,1,243,0,5,forced,34,35,1,0
51,2592,35,1,256,8,0,none,35,34,0,1
51,2592,35,1,288,5,2,forced,34,35,1,0
51,2592,35,1,324,2,4,forced,34,35,1,0
51,2592,35,1,384,7,1,forced,34,35,1,0
51,2592,35,1,432,4,3,forced,34,35,1,0
51,2592,35,1,486,1,5,none,35,34,0,1
51,2592,35,1,512,9,0,forced,34,35,1,0
51,2592,35,1,576,6,2,forced,34,35,1,0
51,2592,35,1,648,3,4,none,35,34,0,1
51,2592,35,1,729,0,6,flexible,35,35,0,0
51,2592,35,1,768,8,1,forced,34,35,1,0
51,2592,35,1,864,5,3,none,35,34,0,1
51,2592,35,1,972,2,5,forced,34,35,1,0
51,2592,35,1,1024,10,0,forced,34,35,1,0
51,2592,35,1,1152,7,2,none,35,34,0,1
51,2592,35,1,1296,4,4,forced,34,35,1,0
51,2592,35,1,1458,1,6,flexible,35,35,0,0
51,2592,35,1,1536,9,1,none,35,34,0,1
51,2592,35,1,1728,6,3,forced,34,35,1,0
51,2592,35,1,1944,3,5,forced,34,35,1,0
51,2592,35,1,2048,11,0,forced,34,35,1,0
51,2592,35,1,2187,0,7,flexible,35,35,0,0
51,2592,35,1,2304,8,2,forced,34,35,1,0
51,2592,35,1,2592,5,4,forced,34,35,1,0
52,2916,35,0,1,0,0,flexible,35,35,0,0
52,2916,35,0,2,1,0,flexible,35,35,0,0
52,2916,35,0,3,0,1,flexible,35,35,0,0
52,2916,35,0,4,2,0,flexible,35,35,0,0
52,2916,35,0,6,1,1,flexible,35,35,0,0
52,2916,35,0,8,3,0,flexible,35,35,0,0
52,2916,35,0,9,0,2,flexible,35,35,0,0
52,2916,35,0,12,2,1,flexible,35,35,0,0
52,2916,35,0,16,4,0,flexible,35,35,0,0
52,2916,35,0,18,1,2,flexible,35,35,0,0
52,2916,35,0,24,3,1,flexible,35,35,0,0
52,2916,35,0,27,0,3,flexible,35,35,0,0
52,2916,35,0,32,5,0,flexible,35,35,0,0
52,2916,35,0,36,2,2,flexible,35,35,0,0
52,2916,35,0,48,4,1,flexible,35,35,0,0
52,2916,35,0,54,1,3,flexible,35,35,0,0
52,2916,35,0,64,6,0,flexible,35,35,0,0
52,2916,35,0,72,3,2,flexible,35,35,0,0
52,2916,35,0,81,0,4,flexible,35,35,0,0
52,2916,35,0,96,5,1,flexible,35,35,0,0
52,2916,35,0,108,2,3,flexible,35,35,0,0
52,2916,35,0,128,7,0,flexible,35,35,0,0
52,2916,35,0,144,4,2,flexible,35,35,0,0
52,2916,35,0,162,1,4,flexible,35,35,0,0
52,2916,35,0,192,6,1,flexible,35,35,0,0
52,2916,35,0,216,3,3,flexible,35,35,0,0
52,2916,35,0,243,0,5,flexible,35,35,0,0
52,2916,35,0,256,8,0,flexible,35,35,0,0
52,2916,35,0,288,5,2,flexible,35,35,0,0
52,2916,35,0,324,2,4,flexible,35,35,0,0
52,2916,35,0,384,7,1,flexible,35,35,0,0
52,2916,35,0,432,4,3,flexible,35,35,0,0
52,2916,35,0,486,1,5,flexible,35,35,0,0
52,2916,35,0,512,9,0,flexible,35,35,0,0
52,2916,35,0,576,6,2,flexible,35,35,0,0
52,2916,35,0,648,3,4,flexible,35,35,0,0
52,2916,35,0,729,0,6,flexible,35,35,0,0
52,2916,35,0,768,8,1,flexible,35,35,0,0
52,2916,35,0,864,5,3,flexible,35,35,0,0
52,2916,35,0,972,2,5,flexible,35,35,0,0
52,2916,35,0,1024,10,0,flexible,35,35,0,0
52,2916,35,0,1152,7,2,flexible,35,35,0,0
52,2916,35,0,1296,4,4,flexible,35,35,0,0
52,2916,35,0,1458,1,6,flexible,35,35,0,0
52,2916,35,0,1536,9,1,flexible,35,35,0,0
52,2916,35,0,1728,6,3,flexible,35,35,0,0
52,2916,35,0,1944,3,5,flexible,35,35,0,0
52,2916,35,0,2048,11,0,forced,34,35,1,0
52,2916,35,0,2187,0,7,flexible,35,35,0,0
52,2916,35,0,2304,8,2,flexible,35,35,0,0
52,2916,35,0,2592,5,4,flexible,35,35,0,0
52,2916,35,0,2916,2,6,flexible,35,35,0,0
53,3072,36,1,1,0,0,flexible,36,36,0,0
53,3072,36,1,2,1,0,flexible,36,36,0,0
53,3072,36,1,3,0,1,flexible,36,36,0,0
53,3072,36,1,4,2,0,forced,35,36,1,0
53,3072,36,1,6,1,1,flexible,36,36,0,0
53,3072,36,1,8,3,0,flexible,36,36,0,0
53,3072,36,1,9,0,2,flexible,36,36,0,0
53,3072,36,1,12,2,1,flexible,36,36,0,0
53,3072,36,1,16,4,0,flexible,36,36,0,0
53,3072,36,1,18,1,2,forced,35,36,1,0
53,3072,36,1,24,3,1,forced,35,36,1,0
53,3072,36,1,27,0,3,flexible,36,36,0,0
53,3072,36,1,32,5,0,forced,35,36,1,0
53,3072,36,1,36,2,2,flexible,36,36,0,0
53,3072,36,1,48,4,1,flexible,36,36,0,0
53,3072,36,1,54,1,3,flexible,36,36,0,0
53,3072,36,1,64,6,0,flexible,36,36,0,0
53,3072,36,1,72,3,2,flexible,36,36,0,0
53,3072,36,1,81,0,4,forced,35,36,1,0
53,3072,36,1,96,5,1,flexible,36,36,0,0
53,3072,36,1,108,2,3,forced,35,36,1,0
53,3072,36,1,128,7,0,flexible,36,36,0,0
53,3072,36,1,144,4,2,forced,35,36,1,0
53,3072,36,1,162,1,4,flexible,36,36,0,0
53,3072,36,1,192,6,1,forced,35,36,1,0
53,3072,36,1,216,3,3,flexible,36,36,0,0
53,3072,36,1,243,0,5,flexible,36,36,0,0
53,3072,36,1,256,8,0,forced,35,36,1,0
53,3072,36,1,288,5,2,flexible,36,36,0,0
53,3072,36,1,324,2,4,flexible,36,36,0,0
53,3072,36,1,384,7,1,flexible,36,36,0,0
53,3072,36,1,432,4,3,flexible,36,36,0,0
53,3072,36,1,486,1,5,forced,35,36,1,0
53,3072,36,1,512,9,0,forced,35,36,1,0
53,3072,36,1,576,6,2,flexible,36,36,0,0
53,3072,36,1,648,3,4,forced,35,36,1,0
53,3072,36,1,729,0,6,flexible,36,36,0,0
53,3072,36,1,768,8,1,none,36,35,0,1
53,3072,36,1,864,5,3,flexible,36,36,0,0
53,3072,36,1,972,2,5,flexible,36,36,0,0
53,3072,36,1,1024,10,0,none,36,35,0,1
53,3072,36,1,1152,7,2,forced,35,36,1,0
53,3072,36,1,1296,4,4,flexible,36,36,0,0
53,3072,36,1,1458,1,6,flexible,36,36,0,0
53,3072,36,1,1536,9,1,forced,35,36,1,0
53,3072,36,1,1728,6,3,flexible,36,36,0,0
53,3072,36,1,1944,3,5,flexible,36,36,0,0
53,3072,36,1,2048,11,0,forced,35,36,1,0
53,3072,36,1,2187,0,7,forced,35,36,1,0
53,3072,36,1,2304,8,2,forced,35,36,1,0
53,3072,36,1,2592,5,4,flexible,36,36,0,0
53,3072,36,1,2916,2,6,forced,35,36,1,0
53,3072,36,1,3072,10,1,forced,35,36,1,0
54,3456,36,0,1,0,0,flexible,36,36,0,0
54,3456,36,0,2,1,0,flexible,36,36,0,0
54,3456,36,0,3,0,1,flexible,36,36,0,0
54,3456,36,0,4,2,0,flexible,36,36,0,0
54,3456,36,0,6,1,1,flexible,36,36,0,0
54,3456,36,0,8,3,0,flexible,36,36,0,0
54,3456,36,0,9,0,2,flexible,36,36,0,0
54,3456,36,0,12,2,1,flexible,36,36,0,0
54,3456,36,0,16,4,0,flexible,36,36,0,0
54,3456,36,0,18,1,2,flexible,36,36,0,0
54,3456,36,0,24,3,1,flexible,36,36,0,0
54,3456,36,0,27,0,3,flexible,36,36,0,0
54,3456,36,0,32,5,0,flexible,36,36,0,0
54,3456,36,0,36,2,2,flexible,36,36,0,0
54,3456,36,0,48,4,1,flexible,36,36,0,0
54,3456,36,0,54,1,3,flexible,36,36,0,0
54,3456,36,0,64,6,0,flexible,36,36,0,0
54,3456,36,0,72,3,2,flexible,36,36,0,0
54,3456,36,0,81,0,4,flexible,36,36,0,0
54,3456,36,0,96,5,1,flexible,36,36,0,0
54,3456,36,0,108,2,3,flexible,36,36,0,0
54,3456,36,0,128,7,0,flexible,36,36,0,0
54,3456,36,0,144,4,2,flexible,36,36,0,0
54,3456,36,0,162,1,4,flexible,36,36,0,0
54,3456,36,0,192,6,1,flexible,36,36,0,0
54,3456,36,0,216,3,3,flexible,36,36,0,0
54,3456,36,0,243,0,5,flexible,36,36,0,0
54,3456,36,0,256,8,0,flexible,36,36,0,0
54,3456,36,0,288,5,2,flexible,36,36,0,0
54,3456,36,0,324,2,4,flexible,36,36,0,0
54,3456,36,0,384,7,1,flexible,36,36,0,0
54,3456,36,0,432,4,3,flexible,36,36,0,0
54,3456,36,0,486,1,5,flexible,36,36,0,0
54,3456,36,0,512,9,0,flexible,36,36,0,0
54,3456,36,0,576,6,2,flexible,36,36,0,0
54,3456,36,0,648,3,4,flexible,36,36,0,0
54,3456,36,0,729,0,6,flexible,36,36,0,0
54,3456,36,0,768,8,1,flexible,36,36,0,0
54,3456,36,0,864,5,3,flexible,36,36,0,0
54,3456,36,0,972,2,5,flexible,36,36,0,0
54,3456,36,0,1024,10,0,flexible,36,36,0,0
54,3456,36,0,1152,7,2,flexible,36,36,0,0
54,3456,36,0,1296,4,4,flexible,36,36,0,0
54,3456,36,0,1458,1,6,flexible,36,36,0,0
54,3456,36,0,1536,9,1,flexible,36,36,0,0
54,3456,36,0,1728,6,3,flexible,36,36,0,0
54,3456,36,0,1944,3,5,flexible,36,36,0,0
54,3456,36,0,2048,11,0,flexible,36,36,0,0
54,3456,36,0,2187,0,7,flexible,36,36,0,0
54,3456,36,0,2304,8,2,flexible,36,36,0,0
54,3456,36,0,2592,5,4,flexible,36,36,0,0
54,3456,36,0,2916,2,6,flexible,36,36,0,0
54,3456,36,0,3072,10,1,flexible,36,36,0,0
54,3456,36,0,3456,7,3,flexible,36,36,0,0
55,3888,37,1,1,0,0,flexible,37,37,0,0
55,3888,37,1,2,1,0,flexible,37,37,0,0
55,3888,37,1,3,0,1,flexible,37,37,0,0
55,3888,37,1,4,2,0,forced,36,37,1,0
55,3888,37,1,6,1,1,flexible,37,37,0,0
55,3888,37,1,8,3,0,flexible,37,37,0,0
55,3888,37,1,9,0,2,flexible,37,37,0,0
55,3888,37,1,12,2,1,flexible,37,37,0,0
55,3888,37,1,16,4,0,flexible,37,37,0,0
55,3888,37,1,18,1,2,forced,36,37,1,0
55,3888,37,1,24,3,1,forced,36,37,1,0
55,3888,37,1,27,0,3,flexible,37,37,0,0
55,3888,37,1,32,5,0,forced,36,37,1,0
55,3888,37,1,36,2,2,flexible,37,37,0,0
55,3888,37,1,48,4,1,flexible,37,37,0,0
55,3888,37,1,54,1,3,flexible,37,37,0,0
55,3888,37,1,64,6,0,flexible,37,37,0,0
55,3888,37,1,72,3,2,flexible,37,37,0,0
55,3888,37,1,81,0,4,forced,36,37,1,0
55,3888,37,1,96,5,1,flexible,37,37,0,0
55,3888,37,1,108,2,3,forced,36,37,1,0
55,3888,37,1,128,7,0,flexible,37,37,0,0
55,3888,37,1,144,4,2,forced,36,37,1,0
55,3888,37,1,162,1,4,flexible,37,37,0,0
55,3888,37,1,192,6,1,forced,36,37,1,0
55,3888,37,1,216,3,3,flexible,37,37,0,0
55,3888,37,1,243,0,5,flexible,37,37,0,0
55,3888,37,1,256,8,0,flexible,37,37,0,0
55,3888,37,1,288,5,2,flexible,37,37,0,0
55,3888,37,1,324,2,4,flexible,37,37,0,0
55,3888,37,1,384,7,1,flexible,37,37,0,0
55,3888,37,1,432,4,3,flexible,37,37,0,0
55,3888,37,1,486,1,5,forced,36,37,1,0
55,3888,37,1,512,9,0,flexible,37,37,0,0
55,3888,37,1,576,6,2,flexible,37,37,0,0
55,3888,37,1,648,3,4,forced,36,37,1,0
55,3888,37,1,729,0,6,flexible,37,37,0,0
55,3888,37,1,768,8,1,flexible,37,37,0,0
55,3888,37,1,864,5,3,flexible,37,37,0,0
55,3888,37,1,972,2,5,flexible,37,37,0,0
55,3888,37,1,1024,10,0,flexible,37,37,0,0
55,3888,37,1,1152,7,2,flexible,37,37,0,0
55,3888,37,1,1296,4,4,flexible,37,37,0,0
55,3888,37,1,1458,1,6,flexible,37,37,0,0
55,3888,37,1,1536,9,1,forced,36,37,1,0
55,3888,37,1,1728,6,3,flexible,37,37,0,0
55,3888,37,1,1944,3,5,flexible,37,37,0,0
55,3888,37,1,2048,11,0,flexible,37,37,0,0
55,3888,37,1,2187,0,7,forced,36,37,1,0
55,3888,37,1,2304,8,2,flexible,37,37,0,0
55,3888,37,1,2592,5,4,flexible,37,37,0,0
55,3888,37,1,2916,2,6,forced,36,37,1,0
55,3888,37,1,3072,10,1,flexible,37,37,0,0
55,3888,37,1,3456,7,3,flexible,37,37,0,0
55,3888,37,1,3888,4,5,forced,36,37,1,0
56,4096,38,1,1,0,0,flexible,38,38,0,0
56,4096,38,1,2,1,0,flexible,38,38,0,0
56,4096,38,1,3,0,1,flexible,38,38,0,0
56,4096,38,1,4,2,0,forced,37,38,1,0
56,4096,38,1,6,1,1,flexible,38,38,0,0
56,4096,38,1,8,3,0,flexible,38,38,0,0
56,4096,38,1,9,0,2,flexible,38,38,0,0
56,4096,38,1,12,2,1,flexible,38,38,0,0
56,4096,38,1,16,4,0,flexible,38,38,0,0
56,4096,38,1,18,1,2,forced,37,38,1,0
56,4096,38,1,24,3,1,forced,37,38,1,0
56,4096,38,1,27,0,3,flexible,38,38,0,0
56,4096,38,1,32,5,0,forced,37,38,1,0
56,4096,38,1,36,2,2,flexible,38,38,0,0
56,4096,38,1,48,4,1,flexible,38,38,0,0
56,4096,38,1,54,1,3,flexible,38,38,0,0
56,4096,38,1,64,6,0,flexible,38,38,0,0
56,4096,38,1,72,3,2,flexible,38,38,0,0
56,4096,38,1,81,0,4,forced,37,38,1,0
56,4096,38,1,96,5,1,flexible,38,38,0,0
56,4096,38,1,108,2,3,forced,37,38,1,0
56,4096,38,1,128,7,0,flexible,38,38,0,0
56,4096,38,1,144,4,2,forced,37,38,1,0
56,4096,38,1,162,1,4,flexible,38,38,0,0
56,4096,38,1,192,6,1,forced,37,38,1,0
56,4096,38,1,216,3,3,flexible,38,38,0,0
56,4096,38,1,243,0,5,flexible,38,38,0,0
56,4096,38,1,256,8,0,flexible,38,38,0,0
56,4096,38,1,288,5,2,flexible,38,38,0,0
56,4096,38,1,324,2,4,flexible,38,38,0,0
56,4096,38,1,384,7,1,flexible,38,38,0,0
56,4096,38,1,432,4,3,flexible,38,38,0,0
56,4096,38,1,486,1,5,forced,37,38,1,0
56,4096,38,1,512,9,0,flexible,38,38,0,0
56,4096,38,1,576,6,2,flexible,38,38,0,0
56,4096,38,1,648,3,4,forced,37,38,1,0
56,4096,38,1,729,0,6,flexible,38,38,0,0
56,4096,38,1,768,8,1,flexible,38,38,0,0
56,4096,38,1,864,5,3,flexible,38,38,0,0
56,4096,38,1,972,2,5,flexible,38,38,0,0
56,4096,38,1,1024,10,0,flexible,38,38,0,0
56,4096,38,1,1152,7,2,flexible,38,38,0,0
56,4096,38,1,1296,4,4,flexible,38,38,0,0
56,4096,38,1,1458,1,6,flexible,38,38,0,0
56,4096,38,1,1536,9,1,forced,37,38,1,0
56,4096,38,1,1728,6,3,flexible,38,38,0,0
56,4096,38,1,1944,3,5,flexible,38,38,0,0
56,4096,38,1,2048,11,0,flexible,38,38,0,0
56,4096,38,1,2187,0,7,forced,37,38,1,0
56,4096,38,1,2304,8,2,flexible,38,38,0,0
56,4096,38,1,2592,5,4,flexible,38,38,0,0
56,4096,38,1,2916,2,6,forced,37,38,1,0
56,4096,38,1,3072,10,1,flexible,38,38,0,0
56,4096,38,1,3456,7,3,flexible,38,38,0,0
56,4096,38,1,3888,4,5,forced,37,38,1,0
56,4096,38,1,4096,12,0,forced,37,38,1,0
57,4374,39,1,1,0,0,forced,38,39,1,0
57,4374,39,1,2,1,0,none,39,38,0,1
57,4374,39,1,3,0,1,forced,38,39,1,0
57,4374,39,1,4,2,0,forced,38,39,1,0
57,4374,39,1,6,1,1,forced,38,39,1,0
57,4374,39,1,8,3,0,forced,38,39,1,0
57,4374,39,1,9,0,2,none,39,38,0,1
57,4374,39,1,12,2,1,none,39,38,0,1
57,4374,39,1,16,4,0,none,39,38,0,1
57,4374,39,1,18,1,2,forced,38,39,1,0
57,4374,39,1,24,3,1,forced,38,39,1,0
57,4374,39,1,27,0,3,forced,38,39,1,0
57,4374,39,1,32,5,0,forced,38,39,1,0
57,4374,39,1,36,2,2,forced,38,39,1,0
57,4374,39,1,48,4,1,forced,38,39,1,0
57,4374,39,1,54,1,3,none,39,38,0,1
57,4374,39,1,64,6,0,forced,38,39,1,0
57,4374,39,1,72,3,2,none,39,38,0,1
57,4374,39,1,81,0,4,forced,38,39,1,0
57,4374,39,1,96,5,1,none,39,38,0,1
57,4374,39,1,108,2,3,forced,38,39,1,0
57,4374,39,1,128,7,0,none,39,38,0,1
57,4374,39,1,144,4,2,forced,38,39,1,0
57,4374,39,1,162,1,4,forced,38,39,1,0
57,4374,39,1,192,6,1,forced,38,39,1,0
57,4374,39,1,216,3,3,forced,38,39,1,0
57,4374,39,1,243,0,5,none,39,38,0,1
57,4374,39,1,256,8,0,forced,38,39,1,0
57,4374,39,1,288,5,2,forced,38,39,1,0
57,4374,39,1,324,2,4,none,39,38,0,1
57,4374,39,1,384,7,1,forced,38,39,1,0
57,4374,39,1,432,4,3,none,39,38,0,1
57,4374,39,1,486,1,5,forced,38,39,1,0
57,4374,39,1,512,9,0,forced,38,39,1,0
57,4374,39,1,576,6,2,none,39,38,0,1
57,4374,39,1,648,3,4,forced,38,39,1,0
57,4374,39,1,729,0,6,forced,38,39,1,0
57,4374,39,1,768,8,1,none,39,38,0,1
57,4374,39,1,864,5,3,forced,38,39,1,0
57,4374,39,1,972,2,5,forced,38,39,1,0
57,4374,39,1,1024,10,0,none,39,38,0,1
57,4374,39,1,1152,7,2,flexible,39,39,0,0
57,4374,39,1,1296,4,4,forced,38,39,1,0
57,4374,39,1,1458,1,6,none,39,38,0,1
57,4374,39,1,1536,9,1,forced,38,39,1,0
57,4374,39,1,1728,6,3,forced,38,39,1,0
57,4374,39,1,1944,3,5,none,39,38,0,1
57,4374,39,1,2048,11,0,forced,38,39,1,0
57,4374,39,1,2187,0,7,forced,38,39,1,0
57,4374,39,1,2304,8,2,flexible,39,39,0,0
57,4374,39,1,2592,5,4,none,39,38,0,1
57,4374,39,1,2916,2,6,forced,38,39,1,0
57,4374,39,1,3072,10,1,forced,38,39,1,0
57,4374,39,1,3456,7,3,flexible,39,39,0,0
57,4374,39,1,3888,4,5,forced,38,39,1,0
57,4374,39,1,4096,12,0,forced,38,39,1,0
57,4374,39,1,4374,1,7,forced,38,39,1,0
58,4608,39,0,1,0,0,flexible,39,39,0,0
58,4608,39,0,2,1,0,flexible,39,39,0,0
58,4608,39,0,3,0,1,flexible,39,39,0,0
58,4608,39,0,4,2,0,flexible,39,39,0,0
58,4608,39,0,6,1,1,flexible,39,39,0,0
58,4608,39,0,8,3,0,flexible,39,39,0,0
58,4608,39,0,9,0,2,flexible,39,39,0,0
58,4608,39,0,12,2,1,flexible,39,39,0,0
58,4608,39,0,16,4,0,flexible,39,39,0,0
58,4608,39,0,18,1,2,flexible,39,39,0,0
58,4608,39,0,24,3,1,flexible,39,39,0,0
58,4608,39,0,27,0,3,flexible,39,39,0,0
58,4608,39,0,32,5,0,flexible,39,39,0,0
58,4608,39,0,36,2,2,flexible,39,39,0,0
58,4608,39,0,48,4,1,flexible,39,39,0,0
58,4608,39,0,54,1,3,flexible,39,39,0,0
58,4608,39,0,64,6,0,flexible,39,39,0,0
58,4608,39,0,72,3,2,flexible,39,39,0,0
58,4608,39,0,81,0,4,flexible,39,39,0,0
58,4608,39,0,96,5,1,flexible,39,39,0,0
58,4608,39,0,108,2,3,flexible,39,39,0,0
58,4608,39,0,128,7,0,flexible,39,39,0,0
58,4608,39,0,144,4,2,flexible,39,39,0,0
58,4608,39,0,162,1,4,flexible,39,39,0,0
58,4608,39,0,192,6,1,flexible,39,39,0,0
58,4608,39,0,216,3,3,flexible,39,39,0,0
58,4608,39,0,243,0,5,flexible,39,39,0,0
58,4608,39,0,256,8,0,flexible,39,39,0,0
58,4608,39,0,288,5,2,flexible,39,39,0,0
58,4608,39,0,324,2,4,flexible,39,39,0,0
58,4608,39,0,384,7,1,flexible,39,39,0,0
58,4608,39,0,432,4,3,flexible,39,39,0,0
58,4608,39,0,486,1,5,flexible,39,39,0,0
58,4608,39,0,512,9,0,flexible,39,39,0,0
58,4608,39,0,576,6,2,flexible,39,39,0,0
58,4608,39,0,648,3,4,flexible,39,39,0,0
58,4608,39,0,729,0,6,flexible,39,39,0,0
58,4608,39,0,768,8,1,flexible,39,39,0,0
58,4608,39,0,864,5,3,flexible,39,39,0,0
58,4608,39,0,972,2,5,flexible,39,39,0,0
58,4608,39,0,1024,10,0,flexible,39,39,0,0
58,4608,39,0,1152,7,2,flexible,39,39,0,0
58,4608,39,0,1296,4,4,flexible,39,39,0,0
58,4608,39,0,1458,1,6,flexible,39,39,0,0
58,4608,39,0,1536,9,1,flexible,39,39,0,0
58,4608,39,0,1728,6,3,flexible,39,39,0,0
58,4608,39,0,1944,3,5,flexible,39,39,0,0
58,4608,39,0,2048,11,0,flexible,39,39,0,0
58,4608,39,0,2187,0,7,flexible,39,39,0,0
58,4608,39,0,2304,8,2,flexible,39,39,0,0
58,4608,39,0,2592,5,4,flexible,39,39,0,0
58,4608,39,0,2916,2,6,flexible,39,39,0,0
58,4608,39,0,3072,10,1,flexible,39,39,0,0
58,4608,39,0,3456,7,3,flexible,39,39,0,0
58,4608,39,0,3888,4,5,flexible,39,39,0,0
58,4608,39,0,4096,12,0,forced,38,39,1,0
58,4608,39,0,4374,1,7,flexible,39,39,0,0
58,4608,39,0,4608,9,2,flexible,39,39,0,0
59,5184,40,1,1,0,0,flexible,40,40,0,0
59,5184,40,1,2,1,0,flexible,40,40,0,0
59,5184,40,1,3,0,1,flexible,40,40,0,0
59,5184,40,1,4,2,0,flexible,40,40,0,0
59,5184,40,1,6,1,1,flexible,40,40,0,0
59,5184,40,1,8,3,0,flexible,40,40,0,0
59,5184,40,1,9,0,2,flexible,40,40,0,0
59,5184,40,1,12,2,1,flexible,40,40,0,0
59,5184,40,1,16,4,0,flexible,40,40,0,0
59,5184,40,1,18,1,2,flexible,40,40,0,0
59,5184,40,1,24,3,1,flexible,40,40,0,0
59,5184,40,1,27,0,3,flexible,40,40,0,0
59,5184,40,1,32,5,0,forced,39,40,1,0
59,5184,40,1,36,2,2,flexible,40,40,0,0
59,5184,40,1,48,4,1,flexible,40,40,0,0
59,5184,40,1,54,1,3,flexible,40,40,0,0
59,5184,40,1,64,6,0,flexible,40,40,0,0
59,5184,40,1,72,3,2,flexible,40,40,0,0
59,5184,40,1,81,0,4,flexible,40,40,0,0
59,5184,40,1,96,5,1,flexible,40,40,0,0
59,5184,40,1,108,2,3,flexible,40,40,0,0
59,5184,40,1,128,7,0,flexible,40,40,0,0
59,5184,40,1,144,4,2,forced,39,40,1,0
59,5184,40,1,162,1,4,flexible,40,40,0,0
59,5184,40,1,192,6,1,forced,39,40,1,0
59,5184,40,1,216,3,3,flexible,40,40,0,0
59,5184,40,1,243,0,5,flexible,40,40,0,0
59,5184,40,1,256,8,0,forced,39,40,1,0
59,5184,40,1,288,5,2,flexible,40,40,0,0
59,5184,40,1,324,2,4,flexible,40,40,0,0
59,5184,40,1,384,7,1,flexible,40,40,0,0
59,5184,40,1,432,4,3,flexible,40,40,0,0
59,5184,40,1,486,1,5,flexible,40,40,0,0
59,5184,40,1,512,9,0,flexible,40,40,0,0
59,5184,40,1,576,6,2,flexible,40,40,0,0
59,5184,40,1,648,3,4,forced,39,40,1,0
59,5184,40,1,729,0,6,flexible,40,40,0,0
59,5184,40,1,768,8,1,flexible,40,40,0,0
59,5184,40,1,864,5,3,forced,39,40,1,0
59,5184,40,1,972,2,5,flexible,40,40,0,0
59,5184,40,1,1024,10,0,flexible,40,40,0,0
59,5184,40,1,1152,7,2,forced,39,40,1,0
59,5184,40,1,1296,4,4,flexible,40,40,0,0
59,5184,40,1,1458,1,6,flexible,40,40,0,0
59,5184,40,1,1536,9,1,flexible,40,40,0,0
59,5184,40,1,1728,6,3,flexible,40,40,0,0
59,5184,40,1,1944,3,5,flexible,40,40,0,0
59,5184,40,1,2048,11,0,flexible,40,40,0,0
59,5184,40,1,2187,0,7,forced,39,40,1,0
59,5184,40,1,2304,8,2,flexible,40,40,0,0
59,5184,40,1,2592,5,4,flexible,40,40,0,0
59,5184,40,1,2916,2,6,flexible,40,40,0,0
59,5184,40,1,3072,10,1,flexible,40,40,0,0
59,5184,40,1,3456,7,3,flexible,40,40,0,0
59,5184,40,1,3888,4,5,forced,39,40,1,0
59,5184,40,1,4096,12,0,forced,39,40,1,0
59,5184,40,1,4374,1,7,flexible,40,40,0,0
59,5184,40,1,4608,9,2,flexible,40,40,0,0
59,5184,40,1,5184,6,4,forced,39,40,1,0
60,5832,41,1,1,0,0,forced,40,41,1,0
60,5832,41,1,2,1,0,none,41,40,0,1
60,5832,41,1,3,0,1,forced,40,41,1,0
60,5832,41,1,4,2,0,forced,40,41,1,0
60,5832,41,1,6,1,1,forced,40,41,1,0
60,5832,41,1,8,3,0,forced,40,41,1,0
60,5832,41,1,9,0,2,none,41,40,0,1
60,5832,41,1,12,2,1,none,41,40,0,1
60,5832,41,1,16,4,0,none,41,40,0,1
60,5832,41,1,18,1,2,forced,40,41,1,0
60,5832,41,1,24,3,1,forced,40,41,1,0
60,5832,41,1,27,0,3,forced,40,41,1,0
60,5832,41,1,32,5,0,forced,40,41,1,0
60,5832,41,1,36,2,2,forced,40,41,1,0
60,5832,41,1,48,4,1,forced,40,41,1,0
60,5832,41,1,54,1,3,none,41,40,0,1
60,5832,41,1,64,6,0,forced,40,41,1,0
60,5832,41,1,72,3,2,none,41,40,0,1
60,5832,41,1,81,0,4,forced,40,41,1,0
60,5832,41,1,96,5,1,none,41,40,0,1
60,5832,41,1,108,2,3,forced,40,41,1,0
60,5832,41,1,128,7,0,none,41,40,0,1
60,5832,41,1,144,4,2,forced,40,41,1,0
60,5832,41,1,162,1,4,forced,40,41,1,0
60,5832,41,1,192,6,1,forced,40,41,1,0
60,5832,41,1,216,3,3,forced,40,41,1,0
60,5832,41,1,243,0,5,none,41,40,0,1
60,5832,41,1,256,8,0,forced,40,41,1,0
60,5832,41,1,288,5,2,forced,40,41,1,0
60,5832,41,1,324,2,4,none,41,40,0,1
60,5832,41,1,384,7,1,forced,40,41,1,0
60,5832,41,1,432,4,3,none,41,40,0,1
60,5832,41,1,486,1,5,forced,40,41,1,0
60,5832,41,1,512,9,0,flexible,41,41,0,0
60,5832,41,1,576,6,2,none,41,40,0,1
60,5832,41,1,648,3,4,forced,40,41,1,0
60,5832,41,1,729,0,6,forced,40,41,1,0
60,5832,41,1,768,8,1,none,41,40,0,1
60,5832,41,1,864,5,3,forced,40,41,1,0
60,5832,41,1,972,2,5,forced,40,41,1,0
60,5832,41,1,1024,10,0,flexible,41,41,0,0
60,5832,41,1,1152,7,2,forced,40,41,1,0
60,5832,41,1,1296,4,4,forced,40,41,1,0
60,5832,41,1,1458,1,6,none,41,40,0,1
60,5832,41,1,1536,9,1,flexible,41,41,0,0
60,5832,41,1,1728,6,3,forced,40,41,1,0
60,5832,41,1,1944,3,5,none,41,40,0,1
60,5832,41,1,2048,11,0,flexible,41,41,0,0
60,5832,41,1,2187,0,7,forced,40,41,1,0
60,5832,41,1,2304,8,2,forced,40,41,1,0
60,5832,41,1,2592,5,4,none,41,40,0,1
60,5832,41,1,2916,2,6,forced,40,41,1,0
60,5832,41,1,3072,10,1,flexible,41,41,0,0
60,5832,41,1,3456,7,3,none,41,40,0,1
60,5832,41,1,3888,4,5,forced,40,41,1,0
60,5832,41,1,4096,12,0,forced,40,41,1,0
60,5832,41,1,4374,1,7,forced,40,41,1,0
60,5832,41,1,4608,9,2,flexible,41,41,0,0
60,5832,41,1,5184,6,4,forced,40,41,1,0
60,5832,41,1,5832,3,6,forced,40,41,1,0
61,6144,42,1,1,0,0,forced,41,42,1,0
61,6144,42,1,2,1,0,none,42,41,0,1
61,6144,42,1,3,0,1,forced,41,42,1,0
61,6144,42,1,4,2,0,forced,41,42,1,0
61,6144,42,1,6,1,1,forced,41,42,1,0
61,6144,42,1,8,3,0,forced,41,42,1,0
61,6144,42,1,9,0,2,none,42,41,0,1
61,6144,42,1,12,2,1,none,42,41,0,1
61,6144,42,1,16,4,0,none,42,41,0,1
61,6144,42,1,18,1,2,forced,41,42,1,0
61,6144,42,1,24,3,1,forced,41,42,1,0
61,6144,42,1,27,0,3,forced,41,42,1,0
61,6144,42,1,32,5,0,forced,41,42,1,0
61,6144,42,1,36,2,2,forced,41,42,1,0
61,6144,42,1,48,4,1,forced,41,42,1,0
61,6144,42,1,54,1,3,none,42,41,0,1
61,6144,42,1,64,6,0,forced,41,42,1,0
61,6144,42,1,72,3,2,none,42,41,0,1
61,6144,42,1,81,0,4,forced,41,42,1,0
61,6144,42,1,96,5,1,none,42,41,0,1
61,6144,42,1,108,2,3,forced,41,42,1,0
61,6144,42,1,128,7,0,none,42,41,0,1
61,6144,42,1,144,4,2,forced,41,42,1,0
61,6144,42,1,162,1,4,forced,41,42,1,0
61,6144,42,1,192,6,1,forced,41,42,1,0
61,6144,42,1,216,3,3,forced,41,42,1,0
61,6144,42,1,243,0,5,none,42,41,0,1
61,6144,42,1,256,8,0,forced,41,42,1,0
61,6144,42,1,288,5,2,forced,41,42,1,0
61,6144,42,1,324,2,4,none,42,41,0,1
61,6144,42,1,384,7,1,forced,41,42,1,0
61,6144,42,1,432,4,3,none,42,41,0,1
61,6144,42,1,486,1,5,forced,41,42,1,0
61,6144,42,1,512,9,0,forced,41,42,1,0
61,6144,42,1,576,6,2,none,42,41,0,1
61,6144,42,1,648,3,4,forced,41,42,1,0
61,6144,42,1,729,0,6,forced,41,42,1,0
61,6144,42,1,768,8,1,none,42,41,0,1
61,6144,42,1,864,5,3,forced,41,42,1,0
61,6144,42,1,972,2,5,forced,41,42,1,0
61,6144,42,1,1024,10,0,forced,41,42,1,0
61,6144,42,1,1152,7,2,forced,41,42,1,0
61,6144,42,1,1296,4,4,forced,41,42,1,0
61,6144,42,1,1458,1,6,none,42,41,0,1
61,6144,42,1,1536,9,1,none,42,41,0,1
61,6144,42,1,1728,6,3,forced,41,42,1,0
61,6144,42,1,1944,3,5,none,42,41,0,1
61,6144,42,1,2048,11,0,none,42,41,0,1
61,6144,42,1,2187,0,7,forced,41,42,1,0
61,6144,42,1,2304,8,2,forced,41,42,1,0
61,6144,42,1,2592,5,4,none,42,41,0,1
61,6144,42,1,2916,2,6,forced,41,42,1,0
61,6144,42,1,3072,10,1,forced,41,42,1,0
61,6144,42,1,3456,7,3,none,42,41,0,1
61,6144,42,1,3888,4,5,forced,41,42,1,0
61,6144,42,1,4096,12,0,forced,41,42,1,0
61,6144,42,1,4374,1,7,forced,41,42,1,0
61,6144,42,1,4608,9,2,forced,41,42,1,0
61,6144,42,1,5184,6,4,forced,41,42,1,0
61,6144,42,1,5832,3,6,forced,41,42,1,0
61,6144,42,1,6144,11,1,forced,41,42,1,0
62,6561,42,0,1,0,0,forced,41,42,1,0
62,6561,42,0,2,1,0,flexible,42,42,0,0
62,6561,42,0,3,0,1,flexible,42,42,0,0
62,6561,42,0,4,2,0,flexible,42,42,0,0
62,6561,42,0,6,1,1,forced,41,42,1,0
62,6561,42,0,8,3,0,forced,41,42,1,0
62,6561,42,0,9,0,2,flexible,42,42,0,0
62,6561,42,0,12,2,1,flexible,42,42,0,0
62,6561,42,0,16,4,0,flexible,42,42,0,0
62,6561,42,0,18,1,2,flexible,42,42,0,0
62,6561,42,0,24,3,1,flexible,42,42,0,0
62,6561,42,0,27,0,3,forced,41,42,1,0
62,6561,42,0,32,5,0,flexible,42,42,0,0
62,6561,42,0,36,2,2,forced,41,42,1,0
62,6561,42,0,48,4,1,forced,41,42,1,0
62,6561,42,0,54,1,3,flexible,42,42,0,0
62,6561,42,0,64,6,0,forced,41,42,1,0
62,6561,42,0,72,3,2,flexible,42,42,0,0
62,6561,42,0,81,0,4,flexible,42,42,0,0
62,6561,42,0,96,5,1,flexible,42,42,0,0
62,6561,42,0,108,2,3,flexible,42,42,0,0
62,6561,42,0,128,7,0,flexible,42,42,0,0
62,6561,42,0,144,4,2,flexible,42,42,0,0
62,6561,42,0,162,1,4,forced,41,42,1,0
62,6561,42,0,192,6,1,flexible,42,42,0,0
62,6561,42,0,216,3,3,forced,41,42,1,0
62,6561,42,0,243,0,5,flexible,42,42,0,0
62,6561,42,0,256,8,0,flexible,42,42,0,0
62,6561,42,0,288,5,2,forced,41,42,1,0
62,6561,42,0,324,2,4,flexible,42,42,0,0
62,6561,42,0,384,7,1,forced,41,42,1,0
62,6561,42,0,432,4,3,flexible,42,42,0,0
62,6561,42,0,486,1,5,flexible,42,42,0,0
62,6561,42,0,512,9,0,forced,41,42,1,0
62,6561,42,0,576,6,2,flexible,42,42,0,0
62,6561,42,0,648,3,4,flexible,42,42,0,0
62,6561,42,0,729,0,6,forced,41,42,1,0
62,6561,42,0,768,8,1,flexible,42,42,0,0
62,6561,42,0,864,5,3,flexible,42,42,0,0
62,6561,42,0,972,2,5,forced,41,42,1,0
62,6561,42,0,1024,10,0,forced,41,42,1,0
62,6561,42,0,1152,7,2,flexible,42,42,0,0
62,6561,42,0,1296,4,4,forced,41,42,1,0
62,6561,42,0,1458,1,6,flexible,42,42,0,0
62,6561,42,0,1536,9,1,none,42,41,0,1
62,6561,42,0,1728,6,3,flexible,42,42,0,0
62,6561,42,0,1944,3,5,flexible,42,42,0,0
62,6561,42,0,2048,11,0,none,42,41,0,1
62,6561,42,0,2187,0,7,flexible,42,42,0,0
62,6561,42,0,2304,8,2,forced,41,42,1,0
62,6561,42,0,2592,5,4,flexible,42,42,0,0
62,6561,42,0,2916,2,6,flexible,42,42,0,0
62,6561,42,0,3072,10,1,forced,41,42,1,0
62,6561,42,0,3456,7,3,flexible,42,42,0,0
62,6561,42,0,3888,4,5,flexible,42,42,0,0
62,6561,42,0,4096,12,0,forced,41,42,1,0
62,6561,42,0,4374,1,7,flexible,42,42,0,0
62,6561,42,0,4608,9,2,forced,41,42,1,0
62,6561,42,0,5184,6,4,flexible,42,42,0,0
62,6561,42,0,5832,3,6,forced,41,42,1,0
62,6561,42,0,6144,11,1,forced,41,42,1,0
62,6561,42,0,6561,0,8,flexible,42,42,0,0
63,6912,42,0,1,0,0,flexible,42,42,0,0
63,6912,42,0,2,1,0,flexible,42,42,0,0
63,6912,42,0,3,0,1,flexible,42,42,0,0
63,6912,42,0,4,2,0,flexible,42,42,0,0
63,6912,42,0,6,1,1,flexible,42,42,0,0
63,6912,42,0,8,3,0,flexible,42,42,0,0
63,6912,42,0,9,0,2,flexible,42,42,0,0
63,6912,42,0,12,2,1,flexible,42,42,0,0
63,6912,42,0,16,4,0,flexible,42,42,0,0
63,6912,42,0,18,1,2,flexible,42,42,0,0
63,6912,42,0,24,3,1,flexible,42,42,0,0
63,6912,42,0,27,0,3,flexible,42,42,0,0
63,6912,42,0,32,5,0,flexible,42,42,0,0
63,6912,42,0,36,2,2,flexible,42,42,0,0
63,6912,42,0,48,4,1,flexible,42,42,0,0
63,6912,42,0,54,1,3,flexible,42,42,0,0
63,6912,42,0,64,6,0,flexible,42,42,0,0
63,6912,42,0,72,3,2,flexible,42,42,0,0
63,6912,42,0,81,0,4,flexible,42,42,0,0
63,6912,42,0,96,5,1,flexible,42,42,0,0
63,6912,42,0,108,2,3,flexible,42,42,0,0
63,6912,42,0,128,7,0,flexible,42,42,0,0
63,6912,42,0,144,4,2,flexible,42,42,0,0
63,6912,42,0,162,1,4,flexible,42,42,0,0
63,6912,42,0,192,6,1,flexible,42,42,0,0
63,6912,42,0,216,3,3,flexible,42,42,0,0
63,6912,42,0,243,0,5,flexible,42,42,0,0
63,6912,42,0,256,8,0,flexible,42,42,0,0
63,6912,42,0,288,5,2,flexible,42,42,0,0
63,6912,42,0,324,2,4,flexible,42,42,0,0
63,6912,42,0,384,7,1,flexible,42,42,0,0
63,6912,42,0,432,4,3,flexible,42,42,0,0
63,6912,42,0,486,1,5,flexible,42,42,0,0
63,6912,42,0,512,9,0,flexible,42,42,0,0
63,6912,42,0,576,6,2,flexible,42,42,0,0
63,6912,42,0,648,3,4,flexible,42,42,0,0
63,6912,42,0,729,0,6,flexible,42,42,0,0
63,6912,42,0,768,8,1,flexible,42,42,0,0
63,6912,42,0,864,5,3,flexible,42,42,0,0
63,6912,42,0,972,2,5,flexible,42,42,0,0
63,6912,42,0,1024,10,0,flexible,42,42,0,0
63,6912,42,0,1152,7,2,flexible,42,42,0,0
63,6912,42,0,1296,4,4,flexible,42,42,0,0
63,6912,42,0,1458,1,6,flexible,42,42,0,0
63,6912,42,0,1536,9,1,flexible,42,42,0,0
63,6912,42,0,1728,6,3,flexible,42,42,0,0
63,6912,42,0,1944,3,5,flexible,42,42,0,0
63,6912,42,0,2048,11,0,flexible,42,42,0,0
63,6912,42,0,2187,0,7,flexible,42,42,0,0
63,6912,42,0,2304,8,2,flexible,42,42,0,0
63,6912,42,0,2592,5,4,flexible,42,42,0,0
63,6912,42,0,2916,2,6,flexible,42,42,0,0
63,6912,42,0,3072,10,1,flexible,42,42,0,0
63,6912,42,0,3456,7,3,flexible,42,42,0,0
63,6912,42,0,3888,4,5,flexible,42,42,0,0
63,6912,42,0,4096,12,0,flexible,42,42,0,0
63,6912,42,0,4374,1,7,flexible,42,42,0,0
63,6912,42,0,4608,9,2,flexible,42,42,0,0
63,6912,42,0,5184,6,4,flexible,42,42,0,0
63,6912,42,0,5832,3,6,flexible,42,42,0,0
63,6912,42,0,6144,11,1,flexible,42,42,0,0
63,6912,42,0,6561,0,8,flexible,42,42,0,0
63,6912,42,0,6912,8,3,flexible,42,42,0,0
64,7776,43,1,1,0,0,forced,42,43,1,0
64,7776,43,1,2,1,0,flexible,43,43,0,0
64,7776,43,1,3,0,1,flexible,43,43,0,0
64,7776,43,1,4,2,0,flexible,43,43,0,0
64,7776,43,1,6,1,1,forced,42,43,1,0
64,7776,43,1,8,3,0,forced,42,43,1,0
64,7776,43,1,9,0,2,flexible,43,43,0,0
64,7776,43,1,12,2,1,flexible,43,43,0,0
64,7776,43,1,16,4,0,flexible,43,43,0,0
64,7776,43,1,18,1,2,flexible,43,43,0,0
64,7776,43,1,24,3,1,flexible,43,43,0,0
64,7776,43,1,27,0,3,forced,42,43,1,0
64,7776,43,1,32,5,0,flexible,43,43,0,0
64,7776,43,1,36,2,2,forced,42,43,1,0
64,7776,43,1,48,4,1,forced,42,43,1,0
64,7776,43,1,54,1,3,flexible,43,43,0,0
64,7776,43,1,64,6,0,forced,42,43,1,0
64,7776,43,1,72,3,2,flexible,43,43,0,0
64,7776,43,1,81,0,4,flexible,43,43,0,0
64,7776,43,1,96,5,1,flexible,43,43,0,0
64,7776,43,1,108,2,3,flexible,43,43,0,0
64,7776,43,1,128,7,0,flexible,43,43,0,0
64,7776,43,1,144,4,2,flexible,43,43,0,0
64,7776,43,1,162,1,4,forced,42,43,1,0
64,7776,43,1,192,6,1,flexible,43,43,0,0
64,7776,43,1,216,3,3,forced,42,43,1,0
64,7776,43,1,243,0,5,flexible,43,43,0,0
64,7776,43,1,256,8,0,flexible,43,43,0,0
64,7776,43,1,288,5,2,forced,42,43,1,0
64,7776,43,1,324,2,4,flexible,43,43,0,0
64,7776,43,1,384,7,1,forced,42,43,1,0
64,7776,43,1,432,4,3,flexible,43,43,0,0
64,7776,43,1,486,1,5,flexible,43,43,0,0
64,7776,43,1,512,9,0,flexible,43,43,0,0
64,7776,43,1,576,6,2,flexible,43,43,0,0
64,7776,43,1,648,3,4,flexible,43,43,0,0
64,7776,43,1,729,0,6,forced,42,43,1,0
64,7776,43,1,768,8,1,flexible,43,43,0,0
64,7776,43,1,864,5,3,flexible,43,43,0,0
64,7776,43,1,972,2,5,forced,42,43,1,0
64,7776,43,1,1024,10,0,flexible,43,43,0,0
64,7776,43,1,1152,7,2,flexible,43,43,0,0
64,7776,43,1,1296,4,4,forced,42,43,1,0
64,7776,43,1,1458,1,6,flexible,43,43,0,0
64,7776,43,1,1536,9,1,flexible,43,43,0,0
64,7776,43,1,1728,6,3,flexible,43,43,0,0
64,7776,43,1,1944,3,5,flexible,43,43,0,0
64,7776,43,1,2048,11,0,flexible,43,43,0,0
64,7776,43,1,2187,0,7,flexible,43,43,0,0
64,7776,43,1,2304,8,2,flexible,43,43,0,0
64,7776,43,1,2592,5,4,flexible,43,43,0,0
64,7776,43,1,2916,2,6,flexible,43,43,0,0
64,7776,43,1,3072,10,1,forced,42,43,1,0
64,7776,43,1,3456,7,3,flexible,43,43,0,0
64,7776,43,1,3888,4,5,flexible,43,43,0,0
64,7776,43,1,4096,12,0,flexible,43,43,0,0
64,7776,43,1,4374,1,7,flexible,43,43,0,0
64,7776,43,1,4608,9,2,flexible,43,43,0,0
64,7776,43,1,5184,6,4,flexible,43,43,0,0
64,7776,43,1,5832,3,6,forced,42,43,1,0
64,7776,43,1,6144,11,1,flexible,43,43,0,0
64,7776,43,1,6561,0,8,flexible,43,43,0,0
64,7776,43,1,6912,8,3,flexible,43,43,0,0
64,7776,43,1,7776,5,5,forced,42,43,1,0
65,8192,44,1,1,0,0,forced,43,44,1,0
65,8192,44,1,2,1,0,flexible,44,44,0,0
65,8192,44,1,3,0,1,flexible,44,44,0,0
65,8192,44,1,4,2,0,flexible,44,44,0,0
65,8192,44,1,6,1,1,forced,43,44,1,0
65,8192,44,1,8,3,0,forced,43,44,1,0
65,8192,44,1,9,0,2,flexible,44,44,0,0
65,8192,44,1,12,2,1,flexible,44,44,0,0
65,8192,44,1,16,4,0,flexible,44,44,0,0
65,8192,44,1,18,1,2,flexible,44,44,0,0
65,8192,44,1,24,3,1,flexible,44,44,0,0
65,8192,44,1,27,0,3,forced,43,44,1,0
65,8192,44,1,32,5,0,flexible,44,44,0,0
65,8192,44,1,36,2,2,forced,43,44,1,0
65,8192,44,1,48,4,1,forced,43,44,1,0
65,8192,44,1,54,1,3,flexible,44,44,0,0
65,8192,44,1,64,6,0,forced,43,44,1,0
65,8192,44,1,72,3,2,flexible,44,44,0,0
65,8192,44,1,81,0,4,flexible,44,44,0,0
65,8192,44,1,96,5,1,flexible,44,44,0,0
65,8192,44,1,108,2,3,flexible,44,44,0,0
65,8192,44,1,128,7,0,flexible,44,44,0,0
65,8192,44,1,144,4,2,flexible,44,44,0,0
65,8192,44,1,162,1,4,forced,43,44,1,0
65,8192,44,1,192,6,1,flexible,44,44,0,0
65,8192,44,1,216,3,3,forced,43,44,1,0
65,8192,44,1,243,0,5,flexible,44,44,0,0
65,8192,44,1,256,8,0,flexible,44,44,0,0
65,8192,44,1,288,5,2,forced,43,44,1,0
65,8192,44,1,324,2,4,flexible,44,44,0,0
65,8192,44,1,384,7,1,forced,43,44,1,0
65,8192,44,1,432,4,3,flexible,44,44,0,0
65,8192,44,1,486,1,5,flexible,44,44,0,0
65,8192,44,1,512,9,0,flexible,44,44,0,0
65,8192,44,1,576,6,2,flexible,44,44,0,0
65,8192,44,1,648,3,4,flexible,44,44,0,0
65,8192,44,1,729,0,6,forced,43,44,1,0
65,8192,44,1,768,8,1,flexible,44,44,0,0
65,8192,44,1,864,5,3,flexible,44,44,0,0
65,8192,44,1,972,2,5,forced,43,44,1,0
65,8192,44,1,1024,10,0,flexible,44,44,0,0
65,8192,44,1,1152,7,2,flexible,44,44,0,0
65,8192,44,1,1296,4,4,forced,43,44,1,0
65,8192,44,1,1458,1,6,flexible,44,44,0,0
65,8192,44,1,1536,9,1,flexible,44,44,0,0
65,8192,44,1,1728,6,3,flexible,44,44,0,0
65,8192,44,1,1944,3,5,flexible,44,44,0,0
65,8192,44,1,2048,11,0,flexible,44,44,0,0
65,8192,44,1,2187,0,7,flexible,44,44,0,0
65,8192,44,1,2304,8,2,flexible,44,44,0,0
65,8192,44,1,2592,5,4,flexible,44,44,0,0
65,8192,44,1,2916,2,6,flexible,44,44,0,0
65,8192,44,1,3072,10,1,forced,43,44,1,0
65,8192,44,1,3456,7,3,flexible,44,44,0,0
65,8192,44,1,3888,4,5,flexible,44,44,0,0
65,8192,44,1,4096,12,0,flexible,44,44,0,0
65,8192,44,1,4374,1,7,flexible,44,44,0,0
65,8192,44,1,4608,9,2,flexible,44,44,0,0
65,8192,44,1,5184,6,4,flexible,44,44,0,0
65,8192,44,1,5832,3,6,forced,43,44,1,0
65,8192,44,1,6144,11,1,flexible,44,44,0,0
65,8192,44,1,6561,0,8,flexible,44,44,0,0
65,8192,44,1,6912,8,3,flexible,44,44,0,0
65,8192,44,1,7776,5,5,forced,43,44,1,0
65,8192,44,1,8192,13,0,forced,43,44,1,0
66,8748,45,1,1,0,0,forced,44,45,1,0
66,8748,45,1,2,1,0,forced,44,45,1,0
66,8748,45,1,3,0,1,none,45,44,0,1
66,8748,45,1,4,2,0,none,45,44,0,1
66,8748,45,1,6,1,1,forced,44,45,1,0
66,8748,45,1,8,3,0,forced,44,45,1,0
66,8748,45,1,9,0,2,forced,44,45,1,0
66,8748,45,1,12,2,1,forced,44,45,1,0
66,8748,45,1,16,4,0,forced,44,45,1,0
66,8748,45,1,18,1,2,none,45,44,0,1
66,8748,45,1,24,3,1,none,45,44,0,1
66,8748,45,1,27,0,3,forced,44,45,1,0
66,8748,45,1,32,5,0,none,45,44,0,1
66,8748,45,1,36,2,2,forced,44,45,1,0
66,8748,45,1,48,4,1,forced,44,45,1,0
66,8748,45,1,54,1,3,forced,44,45,1,0
66,8748,45,1,64,6,0,forced,44,45,1,0
66,8748,45,1,72,3,2,forced,44,45,1,0
66,8748,45,1,81,0,4,none,45,44,0,1
66,8748,45,1,96,5,1,forced,44,45,1,0
66,8748,45,1,108,2,3,none,45,44,0,1
66,8748,45,1,128,7,0,forced,44,45,1,0
66,8748,45,1,144,4,2,none,45,44,0,1
66,8748,45,1,162,1,4,forced,44,45,1,0
66,8748,45,1,192,6,1,none,45,44,0,1
66,8748,45,1,216,3,3,forced,44,45,1,0
66,8748,45,1,243,0,5,forced,44,45,1,0
66,8748,45,1,256,8,0,none,45,44,0,1
66,8748,45,1,288,5,2,forced,44,45,1,0
66,8748,45,1,324,2,4,forced,44,45,1,0
66,8748,45,1,384,7,1,forced,44,45,1,0
66,8748,45,1,432,4,3,forced,44,45,1,0
66,8748,45,1,486,1,5,none,45,44,0,1
66,8748,45,1,512,9,0,forced,44,45,1,0
66,8748,45,1,576,6,2,forced,44,45,1,0
66,8748,45,1,648,3,4,none,45,44,0,1
66,8748,45,1,729,0,6,forced,44,45,1,0
66,8748,45,1,768,8,1,forced,44,45,1,0
66,8748,45,1,864,5,3,none,45,44,0,1
66,8748,45,1,972,2,5,forced,44,45,1,0
66,8748,45,1,1024,10,0,forced,44,45,1,0
66,8748,45,1,1152,7,2,none,45,44,0,1
66,8748,45,1,1296,4,4,forced,44,45,1,0
66,8748,45,1,1458,1,6,forced,44,45,1,0
66,8748,45,1,1536,9,1,none,45,44,0,1
66,8748,45,1,1728,6,3,forced,44,45,1,0
66,8748,45,1,1944,3,5,forced,44,45,1,0
66,8748,45,1,2048,11,0,none,45,44,0,1
66,8748,45,1,2187,0,7,none,45,44,0,1
66,8748,45,1,2304,8,2,flexible,45,45,0,0
66,8748,45,1,2592,5,4,forced,44,45,1,0
66,8748,45,1,2916,2,6,none,45,44,0,1
66,8748,45,1,3072,10,1,forced,44,45,1,0
66,8748,45,1,3456,7,3,forced,44,45,1,0
66,8748,45,1,3888,4,5,none,45,44,0,1
66,8748,45,1,4096,12,0,forced,44,45,1,0
66,8748,45,1,4374,1,7,forced,44,45,1,0
66,8748,45,1,4608,9,2,flexible,45,45,0,0
66,8748,45,1,5184,6,4,none,45,44,0,1
66,8748,45,1,5832,3,6,forced,44,45,1,0
66,8748,45,1,6144,11,1,forced,44,45,1,0
66,8748,45,1,6561,0,8,forced,44,45,1,0
66,8748,45,1,6912,8,3,flexible,45,45,0,0
66,8748,45,1,7776,5,5,forced,44,45,1,0
66,8748,45,1,8192,13,0,forced,44,45,1,0
66,8748,45,1,8748,2,7,forced,44,45,1,0
67,9216,45,0,1,0,0,flexible,45,45,0,0
67,9216,45,0,2,1,0,flexible,45,45,0,0
67,9216,45,0,3,0,1,flexible,45,45,0,0
67,9216,45,0,4,2,0,flexible,45,45,0,0
67,9216,45,0,6,1,1,flexible,45,45,0,0
67,9216,45,0,8,3,0,flexible,45,45,0,0
67,9216,45,0,9,0,2,flexible,45,45,0,0
67,9216,45,0,12,2,1,flexible,45,45,0,0
67,9216,45,0,16,4,0,flexible,45,45,0,0
67,9216,45,0,18,1,2,flexible,45,45,0,0
67,9216,45,0,24,3,1,flexible,45,45,0,0
67,9216,45,0,27,0,3,flexible,45,45,0,0
67,9216,45,0,32,5,0,flexible,45,45,0,0
67,9216,45,0,36,2,2,flexible,45,45,0,0
67,9216,45,0,48,4,1,flexible,45,45,0,0
67,9216,45,0,54,1,3,flexible,45,45,0,0
67,9216,45,0,64,6,0,flexible,45,45,0,0
67,9216,45,0,72,3,2,flexible,45,45,0,0
67,9216,45,0,81,0,4,flexible,45,45,0,0
67,9216,45,0,96,5,1,flexible,45,45,0,0
67,9216,45,0,108,2,3,flexible,45,45,0,0
67,9216,45,0,128,7,0,flexible,45,45,0,0
67,9216,45,0,144,4,2,flexible,45,45,0,0
67,9216,45,0,162,1,4,flexible,45,45,0,0
67,9216,45,0,192,6,1,flexible,45,45,0,0
67,9216,45,0,216,3,3,flexible,45,45,0,0
67,9216,45,0,243,0,5,flexible,45,45,0,0
67,9216,45,0,256,8,0,flexible,45,45,0,0
67,9216,45,0,288,5,2,flexible,45,45,0,0
67,9216,45,0,324,2,4,flexible,45,45,0,0
67,9216,45,0,384,7,1,flexible,45,45,0,0
67,9216,45,0,432,4,3,flexible,45,45,0,0
67,9216,45,0,486,1,5,flexible,45,45,0,0
67,9216,45,0,512,9,0,flexible,45,45,0,0
67,9216,45,0,576,6,2,flexible,45,45,0,0
67,9216,45,0,648,3,4,flexible,45,45,0,0
67,9216,45,0,729,0,6,flexible,45,45,0,0
67,9216,45,0,768,8,1,flexible,45,45,0,0
67,9216,45,0,864,5,3,flexible,45,45,0,0
67,9216,45,0,972,2,5,flexible,45,45,0,0
67,9216,45,0,1024,10,0,flexible,45,45,0,0
67,9216,45,0,1152,7,2,flexible,45,45,0,0
67,9216,45,0,1296,4,4,flexible,45,45,0,0
67,9216,45,0,1458,1,6,flexible,45,45,0,0
67,9216,45,0,1536,9,1,flexible,45,45,0,0
67,9216,45,0,1728,6,3,flexible,45,45,0,0
67,9216,45,0,1944,3,5,flexible,45,45,0,0
67,9216,45,0,2048,11,0,flexible,45,45,0,0
67,9216,45,0,2187,0,7,flexible,45,45,0,0
67,9216,45,0,2304,8,2,flexible,45,45,0,0
67,9216,45,0,2592,5,4,flexible,45,45,0,0
67,9216,45,0,2916,2,6,flexible,45,45,0,0
67,9216,45,0,3072,10,1,flexible,45,45,0,0
67,9216,45,0,3456,7,3,flexible,45,45,0,0
67,9216,45,0,3888,4,5,flexible,45,45,0,0
67,9216,45,0,4096,12,0,flexible,45,45,0,0
67,9216,45,0,4374,1,7,flexible,45,45,0,0
67,9216,45,0,4608,9,2,flexible,45,45,0,0
67,9216,45,0,5184,6,4,flexible,45,45,0,0
67,9216,45,0,5832,3,6,flexible,45,45,0,0
67,9216,45,0,6144,11,1,flexible,45,45,0,0
67,9216,45,0,6561,0,8,flexible,45,45,0,0
67,9216,45,0,6912,8,3,flexible,45,45,0,0
67,9216,45,0,7776,5,5,flexible,45,45,0,0
67,9216,45,0,8192,13,0,forced,44,45,1,0
67,9216,45,0,8748,2,7,flexible,45,45,0,0
67,9216,45,0,9216,10,2,flexible,45,45,0,0
68,10368,46,1,1,0,0,forced,45,46,1,0
68,10368,46,1,2,1,0,flexible,46,46,0,0
68,10368,46,1,3,0,1,flexible,46,46,0,0
68,10368,46,1,4,2,0,flexible,46,46,0,0
68,10368,46,1,6,1,1,forced,45,46,1,0
68,10368,46,1,8,3,0,forced,45,46,1,0
68,10368,46,1,9,0,2,flexible,46,46,0,0
68,10368,46,1,12,2,1,flexible,46,46,0,0
68,10368,46,1,16,4,0,flexible,46,46,0,0
68,10368,46,1,18,1,2,flexible,46,46,0,0
68,10368,46,1,24,3,1,flexible,46,46,0,0
68,10368,46,1,27,0,3,forced,45,46,1,0
68,10368,46,1,32,5,0,flexible,46,46,0,0
68,10368,46,1,36,2,2,forced,45,46,1,0
68,10368,46,1,48,4,1,forced,45,46,1,0
68,10368,46,1,54,1,3,flexible,46,46,0,0
68,10368,46,1,64,6,0,forced,45,46,1,0
68,10368,46,1,72,3,2,flexible,46,46,0,0
68,10368,46,1,81,0,4,flexible,46,46,0,0
68,10368,46,1,96,5,1,flexible,46,46,0,0
68,10368,46,1,108,2,3,flexible,46,46,0,0
68,10368,46,1,128,7,0,flexible,46,46,0,0
68,10368,46,1,144,4,2,flexible,46,46,0,0
68,10368,46,1,162,1,4,flexible,46,46,0,0
68,10368,46,1,192,6,1,flexible,46,46,0,0
68,10368,46,1,216,3,3,forced,45,46,1,0
68,10368,46,1,243,0,5,flexible,46,46,0,0
68,10368,46,1,256,8,0,flexible,46,46,0,0
68,10368,46,1,288,5,2,forced,45,46,1,0
68,10368,46,1,324,2,4,flexible,46,46,0,0
68,10368,46,1,384,7,1,forced,45,46,1,0
68,10368,46,1,432,4,3,flexible,46,46,0,0
68,10368,46,1,486,1,5,flexible,46,46,0,0
68,10368,46,1,512,9,0,forced,45,46,1,0
68,10368,46,1,576,6,2,flexible,46,46,0,0
68,10368,46,1,648,3,4,flexible,46,46,0,0
68,10368,46,1,729,0,6,forced,45,46,1,0
68,10368,46,1,768,8,1,flexible,46,46,0,0
68,10368,46,1,864,5,3,flexible,46,46,0,0
68,10368,46,1,972,2,5,flexible,46,46,0,0
68,10368,46,1,1024,10,0,flexible,46,46,0,0
68,10368,46,1,1152,7,2,flexible,46,46,0,0
68,10368,46,1,1296,4,4,forced,45,46,1,0
68,10368,46,1,1458,1,6,flexible,46,46,0,0
68,10368,46,1,1536,9,1,flexible,46,46,0,0
68,10368,46,1,1728,6,3,forced,45,46,1,0
68,10368,46,1,1944,3,5,flexible,46,46,0,0
68,10368,46,1,2048,11,0,flexible,46,46,0,0
68,10368,46,1,2187,0,7,flexible,46,46,0,0
68,10368,46,1,2304,8,2,forced,45,46,1,0
68,10368,46,1,2592,5,4,flexible,46,46,0,0
68,10368,46,1,2916,2,6,flexible,46,46,0,0
68,10368,46,1,3072,10,1,flexible,46,46,0,0
68,10368,46,1,3456,7,3,flexible,46,46,0,0
68,10368,46,1,3888,4,5,flexible,46,46,0,0
68,10368,46,1,4096,12,0,flexible,46,46,0,0
68,10368,46,1,4374,1,7,flexible,46,46,0,0
68,10368,46,1,4608,9,2,flexible,46,46,0,0
68,10368,46,1,5184,6,4,flexible,46,46,0,0
68,10368,46,1,5832,3,6,flexible,46,46,0,0
68,10368,46,1,6144,11,1,flexible,46,46,0,0
68,10368,46,1,6561,0,8,flexible,46,46,0,0
68,10368,46,1,6912,8,3,flexible,46,46,0,0
68,10368,46,1,7776,5,5,forced,45,46,1,0
68,10368,46,1,8192,13,0,forced,45,46,1,0
68,10368,46,1,8748,2,7,flexible,46,46,0,0
68,10368,46,1,9216,10,2,flexible,46,46,0,0
68,10368,46,1,10368,7,4,forced,45,46,1,0
69,11664,47,1,1,0,0,forced,46,47,1,0
69,11664,47,1,2,1,0,forced,46,47,1,0
69,11664,47,1,3,0,1,none,47,46,0,1
69,11664,47,1,4,2,0,none,47,46,0,1
69,11664,47,1,6,1,1,forced,46,47,1,0
69,11664,47,1,8,3,0,forced,46,47,1,0
69,11664,47,1,9,0,2,forced,46,47,1,0
69,11664,47,1,12,2,1,forced,46,47,1,0
69,11664,47,1,16,4,0,forced,46,47,1,0
69,11664,47,1,18,1,2,none,47,46,0,1
69,11664,47,1,24,3,1,none,47,46,0,1
69,11664,47,1,27,0,3,forced,46,47,1,0
69,11664,47,1,32,5,0,none,47,46,0,1
69,11664,47,1,36,2,2,forced,46,47,1,0
69,11664,47,1,48,4,1,forced,46,47,1,0
69,11664,47,1,54,1,3,forced,46,47,1,0
69,11664,47,1,64,6,0,forced,46,47,1,0
69,11664,47,1,72,3,2,forced,46,47,1,0
69,11664,47,1,81,0,4,none,47,46,0,1
69,11664,47,1,96,5,1,forced,46,47,1,0
69,11664,47,1,108,2,3,none,47,46,0,1
69,11664,47,1,128,7,0,forced,46,47,1,0
69,11664,47,1,144,4,2,none,47,46,0,1
69,11664,47,1,162,1,4,forced,46,47,1,0
69,11664,47,1,192,6,1,none,47,46,0,1
69,11664,47,1,216,3,3,forced,46,47,1,0
69,11664,47,1,243,0,5,forced,46,47,1,0
69,11664,47,1,256,8,0,none,47,46,0,1
69,11664,47,1,288,5,2,forced,46,47,1,0
69,11664,47,1,324,2,4,forced,46,47,1,0
69,11664,47,1,384,7,1,forced,46,47,1,0
69,11664,47,1,432,4,3,forced,46,47,1,0
69,11664,47,1,486,1,5,none,47,46,0,1
69,11664,47,1,512,9,0,forced,46,47,1,0
69,11664,47,1,576,6,2,forced,46,47,1,0
69,11664,47,1,648,3,4,none,47,46,0,1
69,11664,47,1,729,0,6,forced,46,47,1,0
69,11664,47,1,768,8,1,forced,46,47,1,0
69,11664,47,1,864,5,3,none,47,46,0,1
69,11664,47,1,972,2,5,forced,46,47,1,0
69,11664,47,1,1024,10,0,flexible,47,47,0,0
69,11664,47,1,1152,7,2,none,47,46,0,1
69,11664,47,1,1296,4,4,forced,46,47,1,0
69,11664,47,1,1458,1,6,forced,46,47,1,0
69,11664,47,1,1536,9,1,none,47,46,0,1
69,11664,47,1,1728,6,3,forced,46,47,1,0
69,11664,47,1,1944,3,5,forced,46,47,1,0
69,11664,47,1,2048,11,0,flexible,47,47,0,0
69,11664,47,1,2187,0,7,none,47,46,0,1
69,11664,47,1,2304,8,2,forced,46,47,1,0
69,11664,47,1,2592,5,4,forced,46,47,1,0
69,11664,47,1,2916,2,6,none,47,46,0,1
69,11664,47,1,3072,10,1,flexible,47,47,0,0
69,11664,47,1,3456,7,3,forced,46,47,1,0
69,11664,47,1,3888,4,5,none,47,46,0,1
69,11664,47,1,4096,12,0,flexible,47,47,0,0
69,11664,47,1,4374,1,7,forced,46,47,1,0
69,11664,47,1,4608,9,2,forced,46,47,1,0
69,11664,47,1,5184,6,4,none,47,46,0,1
69,11664,47,1,5832,3,6,forced,46,47,1,0
69,11664,47,1,6144,11,1,flexible,47,47,0,0
69,11664,47,1,6561,0,8,forced,46,47,1,0
69,11664,47,1,6912,8,3,none,47,46,0,1
69,11664,47,1,7776,5,5,forced,46,47,1,0
69,11664,47,1,8192,13,0,forced,46,47,1,0
69,11664,47,1,8748,2,7,forced,46,47,1,0
69,11664,47,1,9216,10,2,flexible,47,47,0,0
69,11664,47,1,10368,7,4,forced,46,47,1,0
69,11664,47,1,11664,4,6,forced,46,47,1,0
70,12288,48,1,1,0,0,forced,47,48,1,0
70,12288,48,1,2,1,0,forced,47,48,1,0
70,12288,48,1,3,0,1,none,48,47,0,1
70,12288,48,1,4,2,0,none,48,47,0,1
70,12288,48,1,6,1,1,forced,47,48,1,0
70,12288,48,1,8,3,0,forced,47,48,1,0
70,12288,48,1,9,0,2,forced,47,48,1,0
70,12288,48,1,12,2,1,forced,47,48,1,0
70,12288,48,1,16,4,0,forced,47,48,1,0
70,12288,48,1,18,1,2,none,48,47,0,1
70,12288,48,1,24,3,1,none,48,47,0,1
70,12288,48,1,27,0,3,forced,47,48,1,0
70,12288,48,1,32,5,0,none,48,47,0,1
70,12288,48,1,36,2,2,forced,47,48,1,0
70,12288,48,1,48,4,1,forced,47,48,1,0
70,12288,48,1,54,1,3,forced,47,48,1,0
70,12288,48,1,64,6,0,forced,47,48,1,0
70,12288,48,1,72,3,2,forced,47,48,1,0
70,12288,48,1,81,0,4,none,48,47,0,1
70,12288,48,1,96,5,1,forced,47,48,1,0
70,12288,48,1,108,2,3,none,48,47,0,1
70,12288,48,1,128,7,0,forced,47,48,1,0
70,12288,48,1,144,4,2,none,48,47,0,1
70,12288,48,1,162,1,4,forced,47,48,1,0
70,12288,48,1,192,6,1,none,48,47,0,1
70,12288,48,1,216,3,3,forced,47,48,1,0
70,12288,48,1,243,0,5,forced,47,48,1,0
70,12288,48,1,256,8,0,none,48,47,0,1
70,12288,48,1,288,5,2,forced,47,48,1,0
70,12288,48,1,324,2,4,forced,47,48,1,0
70,12288,48,1,384,7,1,forced,47,48,1,0
70,12288,48,1,432,4,3,forced,47,48,1,0
70,12288,48,1,486,1,5,none,48,47,0,1
70,12288,48,1,512,9,0,forced,47,48,1,0
70,12288,48,1,576,6,2,forced,47,48,1,0
70,12288,48,1,648,3,4,none,48,47,0,1
70,12288,48,1,729,0,6,forced,47,48,1,0
70,12288,48,1,768,8,1,forced,47,48,1,0
70,12288,48,1,864,5,3,none,48,47,0,1
70,12288,48,1,972,2,5,forced,47,48,1,0
70,12288,48,1,1024,10,0,forced,47,48,1,0
70,12288,48,1,1152,7,2,none,48,47,0,1
70,12288,48,1,1296,4,4,forced,47,48,1,0
70,12288,48,1,1458,1,6,forced,47,48,1,0
70,12288,48,1,1536,9,1,none,48,47,0,1
70,12288,48,1,1728,6,3,forced,47,48,1,0
70,12288,48,1,1944,3,5,forced,47,48,1,0
70,12288,48,1,2048,11,0,forced,47,48,1,0
70,12288,48,1,2187,0,7,none,48,47,0,1
70,12288,48,1,2304,8,2,forced,47,48,1,0
70,12288,48,1,2592,5,4,forced,47,48,1,0
70,12288,48,1,2916,2,6,none,48,47,0,1
70,12288,48,1,3072,10,1,none,48,47,0,1
70,12288,48,1,3456,7,3,forced,47,48,1,0
70,12288,48,1,3888,4,5,none,48,47,0,1
70,12288,48,1,4096,12,0,none,48,47,0,1
70,12288,48,1,4374,1,7,forced,47,48,1,0
70,12288,48,1,4608,9,2,forced,47,48,1,0
70,12288,48,1,5184,6,4,none,48,47,0,1
70,12288,48,1,5832,3,6,forced,47,48,1,0
70,12288,48,1,6144,11,1,forced,47,48,1,0
70,12288,48,1,6561,0,8,forced,47,48,1,0
70,12288,48,1,6912,8,3,none,48,47,0,1
70,12288,48,1,7776,5,5,forced,47,48,1,0
70,12288,48,1,8192,13,0,forced,47,48,1,0
70,12288,48,1,8748,2,7,forced,47,48,1,0
70,12288,48,1,9216,10,2,forced,47,48,1,0
70,12288,48,1,10368,7,4,forced,47,48,1,0
70,12288,48,1,11664,4,6,forced,47,48,1,0
70,12288,48,1,12288,12,1,forced,47,48,1,0
71,13122,48,0,1,0,0,flexible,48,48,0,0
71,13122,48,0,2,1,0,flexible,48,48,0,0
71,13122,48,0,3,0,1,flexible,48,48,0,0
71,13122,48,0,4,2,0,flexible,48,48,0,0
71,13122,48,0,6,1,1,flexible,48,48,0,0
71,13122,48,0,8,3,0,flexible,48,48,0,0
71,13122,48,0,9,0,2,forced,47,48,1,0
71,13122,48,0,12,2,1,forced,47,48,1,0
71,13122,48,0,16,4,0,forced,47,48,1,0
71,13122,48,0,18,1,2,flexible,48,48,0,0
71,13122,48,0,24,3,1,flexible,48,48,0,0
71,13122,48,0,27,0,3,flexible,48,48,0,0
71,13122,48,0,32,5,0,flexible,48,48,0,0
71,13122,48,0,36,2,2,flexible,48,48,0,0
71,13122,48,0,48,4,1,flexible,48,48,0,0
71,13122,48,0,54,1,3,forced,47,48,1,0
71,13122,48,0,64,6,0,flexible,48,48,0,0
71,13122,48,0,72,3,2,forced,47,48,1,0
71,13122,48,0,81,0,4,flexible,48,48,0,0
71,13122,48,0,96,5,1,forced,47,48,1,0
71,13122,48,0,108,2,3,flexible,48,48,0,0
71,13122,48,0,128,7,0,forced,47,48,1,0
71,13122,48,0,144,4,2,flexible,48,48,0,0
71,13122,48,0,162,1,4,flexible,48,48,0,0
71,13122,48,0,192,6,1,flexible,48,48,0,0
71,13122,48,0,216,3,3,flexible,48,48,0,0
71,13122,48,0,243,0,5,forced,47,48,1,0
71,13122,48,0,256,8,0,flexible,48,48,0,0
71,13122,48,0,288,5,2,flexible,48,48,0,0
71,13122,48,0,324,2,4,forced,47,48,1,0
71,13122,48,0,384,7,1,flexible,48,48,0,0
71,13122,48,0,432,4,3,forced,47,48,1,0
71,13122,48,0,486,1,5,flexible,48,48,0,0
71,13122,48,0,512,9,0,flexible,48,48,0,0
71,13122,48,0,576,6,2,forced,47,48,1,0
71,13122,48,0,648,3,4,flexible,48,48,0,0
71,13122,48,0,729,0,6,flexible,48,48,0,0
71,13122,48,0,768,8,1,forced,47,48,1,0
71,13122,48,0,864,5,3,flexible,48,48,0,0
71,13122,48,0,972,2,5,flexible,48,48,0,0
71,13122,48,0,1024,10,0,forced,47,48,1,0
71,13122,48,0,1152,7,2,flexible,48,48,0,0
71,13122,48,0,1296,4,4,flexible,48,48,0,0
71,13122,48,0,1458,1,6,flexible,48,48,0,0
71,13122,48,0,1536,9,1,flexible,48,48,0,0
71,13122,48,0,1728,6,3,flexible,48,48,0,0
71,13122,48,0,1944,3,5,forced,47,48,1,0
71,13122,48,0,2048,11,0,forced,47,48,1,0
71,13122,48,0,2187,0,7,flexible,48,48,0,0
71,13122,48,0,2304,8,2,flexible,48,48,0,0
71,13122,48,0,2592,5,4,forced,47,48,1,0
71,13122,48,0,2916,2,6,flexible,48,48,0,0
71,13122,48,0,3072,10,1,none,48,47,0,1
71,13122,48,0,3456,7,3,flexible,48,48,0,0
71,13122,48,0,3888,4,5,flexible,48,48,0,0
71,13122,48,0,4096,12,0,none,48,47,0,1
71,13122,48,0,4374,1,7,flexible,48,48,0,0
71,13122,48,0,4608,9,2,forced,47,48,1,0
71,13122,48,0,5184,6,4,flexible,48,48,0,0
71,13122,48,0,5832,3,6,flexible,48,48,0,0
71,13122,48,0,6144,11,1,forced,47,48,1,0
71,13122,48,0,6561,0,8,forced,47,48,1,0
71,13122,48,0,6912,8,3,flexible,48,48,0,0
71,13122,48,0,7776,5,5,flexible,48,48,0,0
71,13122,48,0,8192,13,0,forced,47,48,1,0
71,13122,48,0,8748,2,7,flexible,48,48,0,0
71,13122,48,0,9216,10,2,forced,47,48,1,0
71,13122,48,0,10368,7,4,flexible,48,48,0,0
71,13122,48,0,11664,4,6,forced,47,48,1,0
71,13122,48,0,12288,12,1,forced,47,48,1,0
71,13122,48,0,13122,1,8,flexible,48,48,0,0
72,13824,48,0,1,0,0,flexible,48,48,0,0
72,13824,48,0,2,1,0,flexible,48,48,0,0
72,13824,48,0,3,0,1,flexible,48,48,0,0
72,13824,48,0,4,2,0,flexible,48,48,0,0
72,13824,48,0,6,1,1,flexible,48,48,0,0
72,13824,48,0,8,3,0,flexible,48,48,0,0
72,13824,48,0,9,0,2,flexible,48,48,0,0
72,13824,48,0,12,2,1,flexible,48,48,0,0
72,13824,48,0,16,4,0,flexible,48,48,0,0
72,13824,48,0,18,1,2,flexible,48,48,0,0
72,13824,48,0,24,3,1,flexible,48,48,0,0
72,13824,48,0,27,0,3,flexible,48,48,0,0
72,13824,48,0,32,5,0,flexible,48,48,0,0
72,13824,48,0,36,2,2,flexible,48,48,0,0
72,13824,48,0,48,4,1,flexible,48,48,0,0
72,13824,48,0,54,1,3,flexible,48,48,0,0
72,13824,48,0,64,6,0,flexible,48,48,0,0
72,13824,48,0,72,3,2,flexible,48,48,0,0
72,13824,48,0,81,0,4,flexible,48,48,0,0
72,13824,48,0,96,5,1,flexible,48,48,0,0
72,13824,48,0,108,2,3,flexible,48,48,0,0
72,13824,48,0,128,7,0,flexible,48,48,0,0
72,13824,48,0,144,4,2,flexible,48,48,0,0
72,13824,48,0,162,1,4,flexible,48,48,0,0
72,13824,48,0,192,6,1,flexible,48,48,0,0
72,13824,48,0,216,3,3,flexible,48,48,0,0
72,13824,48,0,243,0,5,flexible,48,48,0,0
72,13824,48,0,256,8,0,flexible,48,48,0,0
72,13824,48,0,288,5,2,flexible,48,48,0,0
72,13824,48,0,324,2,4,flexible,48,48,0,0
72,13824,48,0,384,7,1,flexible,48,48,0,0
72,13824,48,0,432,4,3,flexible,48,48,0,0
72,13824,48,0,486,1,5,flexible,48,48,0,0
72,13824,48,0,512,9,0,flexible,48,48,0,0
72,13824,48,0,576,6,2,flexible,48,48,0,0
72,13824,48,0,648,3,4,flexible,48,48,0,0
72,13824,48,0,729,0,6,flexible,48,48,0,0
72,13824,48,0,768,8,1,flexible,48,48,0,0
72,13824,48,0,864,5,3,flexible,48,48,0,0
72,13824,48,0,972,2,5,flexible,48,48,0,0
72,13824,48,0,1024,10,0,flexible,48,48,0,0
72,13824,48,0,1152,7,2,flexible,48,48,0,0
72,13824,48,0,1296,4,4,flexible,48,48,0,0
72,13824,48,0,1458,1,6,flexible,48,48,0,0
72,13824,48,0,1536,9,1,flexible,48,48,0,0
72,13824,48,0,1728,6,3,flexible,48,48,0,0
72,13824,48,0,1944,3,5,flexible,48,48,0,0
72,13824,48,0,2048,11,0,flexible,48,48,0,0
72,13824,48,0,2187,0,7,flexible,48,48,0,0
72,13824,48,0,2304,8,2,flexible,48,48,0,0
72,13824,48,0,2592,5,4,flexible,48,48,0,0
72,13824,48,0,2916,2,6,flexible,48,48,0,0
72,13824,48,0,3072,10,1,flexible,48,48,0,0
72,13824,48,0,3456,7,3,flexible,48,48,0,0
72,13824,48,0,3888,4,5,flexible,48,48,0,0
72,13824,48,0,4096,12,0,flexible,48,48,0,0
72,13824,48,0,4374,1,7,flexible,48,48,0,0
72,13824,48,0,4608,9,2,flexible,48,48,0,0
72,13824,48,0,5184,6,4,flexible,48,48,0,0
72,13824,48,0,5832,3,6,flexible,48,48,0,0
72,13824,48,0,6144,11,1,flexible,48,48,0,0
72,13824,48,0,6561,0,8,flexible,48,48,0,0
72,13824,48,0,6912,8,3,flexible,48,48,0,0
72,13824,48,0,7776,5,5,flexible,48,48,0,0
72,13824,48,0,8192,13,0,flexible,48,48,0,0
72,13824,48,0,8748,2,7,flexible,48,48,0,0
72,13824,48,0,9216,10,2,flexible,48,48,0,0
72,13824,48,0,10368,7,4,flexible,48,48,0,0
72,13824,48,0,11664,4,6,flexible,48,48,0,0
72,13824,48,0,12288,12,1,flexible,48,48,0,0
72,13824,48,0,13122,1,8,flexible,48,48,0,0
72,13824,48,0,13824,9,3,flexible,48,48,0,0
73,15552,49,1,1,0,0,flexible,49,49,0,0
73,15552,49,1,2,1,0,flexible,49,49,0,0
73,15552,49,1,3,0,1,flexible,49,49,0,0
73,15552,49,1,4,2,0,flexible,49,49,0,0
73,15552,49,1,6,1,1,flexible,49,49,0,0
73,15552,49,1,8,3,0,flexible,49,49,0,0
73,15552,49,1,9,0,2,forced,48,49,1,0
73,15552,49,1,12,2,1,forced,48,49,1,0
73,15552,49,1,16,4,0,forced,48,49,1,0
73,15552,49,1,18,1,2,flexible,49,49,0,0
73,15552,49,1,24,3,1,flexible,49,49,0,0
73,15552,49,1,27,0,3,flexible,49,49,0,0
73,15552,49,1,32,5,0,flexible,49,49,0,0
73,15552,49,1,36,2,2,flexible,49,49,0,0
73,15552,49,1,48,4,1,flexible,49,49,0,0
73,15552,49,1,54,1,3,forced,48,49,1,0
73,15552,49,1,64,6,0,flexible,49,49,0,0
73,15552,49,1,72,3,2,forced,48,49,1,0
73,15552,49,1,81,0,4,flexible,49,49,0,0
73,15552,49,1,96,5,1,forced,48,49,1,0
73,15552,49,1,108,2,3,flexible,49,49,0,0
73,15552,49,1,128,7,0,forced,48,49,1,0
73,15552,49,1,144,4,2,flexible,49,49,0,0
73,15552,49,1,162,1,4,flexible,49,49,0,0
73,15552,49,1,192,6,1,flexible,49,49,0,0
73,15552,49,1,216,3,3,flexible,49,49,0,0
73,15552,49,1,243,0,5,forced,48,49,1,0
73,15552,49,1,256,8,0,flexible,49,49,0,0
73,15552,49,1,288,5,2,flexible,49,49,0,0
73,15552,49,1,324,2,4,forced,48,49,1,0
73,15552,49,1,384,7,1,flexible,49,49,0,0
73,15552,49,1,432,4,3,forced,48,49,1,0
73,15552,49,1,486,1,5,flexible,49,49,0,0
73,15552,49,1,512,9,0,flexible,49,49,0,0
73,15552,49,1,576,6,2,forced,48,49,1,0
73,15552,49,1,648,3,4,flexible,49,49,0,0
73,15552,49,1,729,0,6,flexible,49,49,0,0
73,15552,49,1,768,8,1,forced,48,49,1,0
73,15552,49,1,864,5,3,flexible,49,49,0,0
73,15552,49,1,972,2,5,flexible,49,49,0,0
73,15552,49,1,1024,10,0,flexible,49,49,0,0
73,15552,49,1,1152,7,2,flexible,49,49,0,0
73,15552,49,1,1296,4,4,flexible,49,49,0,0
73,15552,49,1,1458,1,6,flexible,49,49,0,0
73,15552,49,1,1536,9,1,flexible,49,49,0,0
73,15552,49,1,1728,6,3,flexible,49,49,0,0
73,15552,49,1,1944,3,5,forced,48,49,1,0
73,15552,49,1,2048,11,0,flexible,49,49,0,0
73,15552,49,1,2187,0,7,flexible,49,49,0,0
73,15552,49,1,2304,8,2,flexible,49,49,0,0
73,15552,49,1,2592,5,4,forced,48,49,1,0
73,15552,49,1,2916,2,6,flexible,49,49,0,0
73,15552,49,1,3072,10,1,flexible,49,49,0,0
73,15552,49,1,3456,7,3,flexible,49,49,0,0
73,15552,49,1,3888,4,5,flexible,49,49,0,0
73,15552,49,1,4096,12,0,flexible,49,49,0,0
73,15552,49,1,4374,1,7,flexible,49,49,0,0
73,15552,49,1,4608,9,2,flexible,49,49,0,0
73,15552,49,1,5184,6,4,flexible,49,49,0,0
73,15552,49,1,5832,3,6,flexible,49,49,0,0
73,15552,49,1,6144,11,1,forced,48,49,1,0
73,15552,49,1,6561,0,8,forced,48,49,1,0
73,15552,49,1,6912,8,3,flexible,49,49,0,0
73,15552,49,1,7776,5,5,flexible,49,49,0,0
73,15552,49,1,8192,13,0,flexible,49,49,0,0
73,15552,49,1,8748,2,7,flexible,49,49,0,0
73,15552,49,1,9216,10,2,flexible,49,49,0,0
73,15552,49,1,10368,7,4,flexible,49,49,0,0
73,15552,49,1,11664,4,6,forced,48,49,1,0
73,15552,49,1,12288,12,1,flexible,49,49,0,0
73,15552,49,1,13122,1,8,flexible,49,49,0,0
73,15552,49,1,13824,9,3,flexible,49,49,0,0
73,15552,49,1,15552,6,5,forced,48,49,1,0
74,16384,50,1,1,0,0,flexible,50,50,0,0
74,16384,50,1,2,1,0,flexible,50,50,0,0
74,16384,50,1,3,0,1,flexible,50,50,0,0
74,16384,50,1,4,2,0,flexible,50,50,0,0
74,16384,50,1,6,1,1,flexible,50,50,0,0
74,16384,50,1,8,3,0,flexible,50,50,0,0
74,16384,50,1,9,0,2,forced,49,50,1,0
74,16384,50,1,12,2,1,forced,49,50,1,0
74,16384,50,1,16,4,0,forced,49,50,1,0
74,16384,50,1,18,1,2,flexible,50,50,0,0
74,16384,50,1,24,3,1,flexible,50,50,0,0
74,16384,50,1,27,0,3,flexible,50,50,0,0
74,16384,50,1,32,5,0,flexible,50,50,0,0
74,16384,50,1,36,2,2,flexible,50,50,0,0
74,16384,50,1,48,4,1,flexible,50,50,0,0
74,16384,50,1,54,1,3,forced,49,50,1,0
74,16384,50,1,64,6,0,flexible,50,50,0,0
74,16384,50,1,72,3,2,forced,49,50,1,0
74,16384,50,1,81,0,4,flexible,50,50,0,0
74,16384,50,1,96,5,1,forced,49,50,1,0
74,16384,50,1,108,2,3,flexible,50,50,0,0
74,16384,50,1,128,7,0,forced,49,50,1,0
74,16384,50,1,144,4,2,flexible,50,50,0,0
74,16384,50,1,162,1,4,flexible,50,50,0,0
74,16384,50,1,192,6,1,flexible,50,50,0,0
74,16384,50,1,216,3,3,flexible,50,50,0,0
74,16384,50,1,243,0,5,forced,49,50,1,0
74,16384,50,1,256,8,0,flexible,50,50,0,0
74,16384,50,1,288,5,2,flexible,50,50,0,0
74,16384,50,1,324,2,4,forced,49,50,1,0
74,16384,50,1,384,7,1,flexible,50,50,0,0
74,16384,50,1,432,4,3,forced,49,50,1,0
74,16384,50,1,486,1,5,flexible,50,50,0,0
74,16384,50,1,512,9,0,flexible,50,50,0,0
74,16384,50,1,576,6,2,forced,49,50,1,0
74,16384,50,1,648,3,4,flexible,50,50,0,0
74,16384,50,1,729,0,6,flexible,50,50,0,0
74,16384,50,1,768,8,1,forced,49,50,1,0
74,16384,50,1,864,5,3,flexible,50,50,0,0
74,16384,50,1,972,2,5,flexible,50,50,0,0
74,16384,50,1,1024,10,0,flexible,50,50,0,0
74,16384,50,1,1152,7,2,flexible,50,50,0,0
74,16384,50,1,1296,4,4,flexible,50,50,0,0
74,16384,50,1,1458,1,6,flexible,50,50,0,0
74,16384,50,1,1536,9,1,flexible,50,50,0,0
74,16384,50,1,1728,6,3,flexible,50,50,0,0
74,16384,50,1,1944,3,5,forced,49,50,1,0
74,16384,50,1,2048,11,0,flexible,50,50,0,0
74,16384,50,1,2187,0,7,flexible,50,50,0,0
74,16384,50,1,2304,8,2,flexible,50,50,0,0
74,16384,50,1,2592,5,4,forced,49,50,1,0
74,16384,50,1,2916,2,6,flexible,50,50,0,0
74,16384,50,1,3072,10,1,flexible,50,50,0,0
74,16384,50,1,3456,7,3,flexible,50,50,0,0
74,16384,50,1,3888,4,5,flexible,50,50,0,0
74,16384,50,1,4096,12,0,flexible,50,50,0,0
74,16384,50,1,4374,1,7,flexible,50,50,0,0
74,16384,50,1,4608,9,2,flexible,50,50,0,0
74,16384,50,1,5184,6,4,flexible,50,50,0,0
74,16384,50,1,5832,3,6,flexible,50,50,0,0
74,16384,50,1,6144,11,1,forced,49,50,1,0
74,16384,50,1,6561,0,8,forced,49,50,1,0
74,16384,50,1,6912,8,3,flexible,50,50,0,0
74,16384,50,1,7776,5,5,flexible,50,50,0,0
74,16384,50,1,8192,13,0,flexible,50,50,0,0
74,16384,50,1,8748,2,7,flexible,50,50,0,0
74,16384,50,1,9216,10,2,flexible,50,50,0,0
74,16384,50,1,10368,7,4,flexible,50,50,0,0
74,16384,50,1,11664,4,6,forced,49,50,1,0
74,16384,50,1,12288,12,1,flexible,50,50,0,0
74,16384,50,1,13122,1,8,flexible,50,50,0,0
74,16384,50,1,13824,9,3,flexible,50,50,0,0
74,16384,50,1,15552,6,5,forced,49,50,1,0
74,16384,50,1,16384,14,0,forced,49,50,1,0
75,17496,51,1,1,0,0,flexible,51,51,0,0
75,17496,51,1,2,1,0,flexible,51,51,0,0
75,17496,51,1,3,0,1,flexible,51,51,0,0
75,17496,51,1,4,2,0,forced,50,51,1,0
75,17496,51,1,6,1,1,none,51,50,0,1
75,17496,51,1,8,3,0,none,51,50,0,1
75,17496,51,1,9,0,2,forced,50,51,1,0
75,17496,51,1,12,2,1,forced,50,51,1,0
75,17496,51,1,16,4,0,forced,50,51,1,0
75,17496,51,1,18,1,2,forced,50,51,1,0
75,17496,51,1,24,3,1,forced,50,51,1,0
75,17496,51,1,27,0,3,none,51,50,0,1
75,17496,51,1,32,5,0,forced,50,51,1,0
75,17496,51,1,36,2,2,none,51,50,0,1
75,17496,51,1,48,4,1,none,51,50,0,1
75,17496,51,1,54,1,3,forced,50,51,1,0
75,17496,51,1,64,6,0,none,51,50,0,1
75,17496,51,1,72,3,2,forced,50,51,1,0
75,17496,51,1,81,0,4,forced,50,51,1,0
75,17496,51,1,96,5,1,forced,50,51,1,0
75,17496,51,1,108,2,3,forced,50,51,1,0
75,17496,51,1,128,7,0,forced,50,51,1,0
75,17496,51,1,144,4,2,forced,50,51,1,0
75,17496,51,1,162,1,4,none,51,50,0,1
75,17496,51,1,192,6,1,forced,50,51,1,0
75,17496,51,1,216,3,3,none,51,50,0,1
75,17496,51,1,243,0,5,forced,50,51,1,0
75,17496,51,1,256,8,0,forced,50,51,1,0
75,17496,51,1,288,5,2,none,51,50,0,1
75,17496,51,1,324,2,4,forced,50,51,1,0
75,17496,51,1,384,7,1,none,51,50,0,1
75,17496,51,1,432,4,3,forced,50,51,1,0
75,17496,51,1,486,1,5,forced,50,51,1,0
75,17496,51,1,512,9,0,none,51,50,0,1
75,17496,51,1,576,6,2,forced,50,51,1,0
75,17496,51,1,648,3,4,forced,50,51,1,0
75,17496,51,1,729,0,6,none,51,50,0,1
75,17496,51,1,768,8,1,forced,50,51,1,0
75,17496,51,1,864,5,3,forced,50,51,1,0
75,17496,51,1,972,2,5,none,51,50,0,1
75,17496,51,1,1024,10,0,forced,50,51,1,0
75,17496,51,1,1152,7,2,forced,50,51,1,0
75,17496,51,1,1296,4,4,none,51,50,0,1
75,17496,51,1,1458,1,6,forced,50,51,1,0
75,17496,51,1,1536,9,1,forced,50,51,1,0
75,17496,51,1,1728,6,3,none,51,50,0,1
75,17496,51,1,1944,3,5,forced,50,51,1,0
75,17496,51,1,2048,11,0,forced,50,51,1,0
75,17496,51,1,2187,0,7,forced,50,51,1,0
75,17496,51,1,2304,8,2,none,51,50,0,1
75,17496,51,1,2592,5,4,forced,50,51,1,0
75,17496,51,1,2916,2,6,forced,50,51,1,0
75,17496,51,1,3072,10,1,none,51,50,0,1
75,17496,51,1,3456,7,3,forced,50,51,1,0
75,17496,51,1,3888,4,5,forced,50,51,1,0
75,17496,51,1,4096,12,0,none,51,50,0,1
75,17496,51,1,4374,1,7,none,51,50,0,1
75,17496,51,1,4608,9,2,flexible,51,51,0,0
75,17496,51,1,5184,6,4,forced,50,51,1,0
75,17496,51,1,5832,3,6,none,51,50,0,1
75,17496,51,1,6144,11,1,forced,50,51,1,0
75,17496,51,1,6561,0,8,forced,50,51,1,0
75,17496,51,1,6912,8,3,forced,50,51,1,0
75,17496,51,1,7776,5,5,none,51,50,0,1
75,17496,51,1,8192,13,0,forced,50,51,1,0
75,17496,51,1,8748,2,7,forced,50,51,1,0
75,17496,51,1,9216,10,2,flexible,51,51,0,0
75,17496,51,1,10368,7,4,none,51,50,0,1
75,17496,51,1,11664,4,6,forced,50,51,1,0
75,17496,51,1,12288,12,1,forced,50,51,1,0
75,17496,51,1,13122,1,8,forced,50,51,1,0
75,17496,51,1,13824,9,3,flexible,51,51,0,0
75,17496,51,1,15552,6,5,forced,50,51,1,0
75,17496,51,1,16384,14,0,forced,50,51,1,0
75,17496,51,1,17496,3,7,forced,50,51,1,0
76,18432,51,0,1,0,0,flexible,51,51,0,0
76,18432,51,0,2,1,0,flexible,51,51,0,0
76,18432,51,0,3,0,1,flexible,51,51,0,0
76,18432,51,0,4,2,0,flexible,51,51,0,0
76,18432,51,0,6,1,1,flexible,51,51,0,0
76,18432,51,0,8,3,0,flexible,51,51,0,0
76,18432,51,0,9,0,2,flexible,51,51,0,0
76,18432,51,0,12,2,1,flexible,51,51,0,0
76,18432,51,0,16,4,0,flexible,51,51,0,0
76,18432,51,0,18,1,2,flexible,51,51,0,0
76,18432,51,0,24,3,1,flexible,51,51,0,0
76,18432,51,0,27,0,3,flexible,51,51,0,0
76,18432,51,0,32,5,0,flexible,51,51,0,0
76,18432,51,0,36,2,2,flexible,51,51,0,0
76,18432,51,0,48,4,1,flexible,51,51,0,0
76,18432,51,0,54,1,3,flexible,51,51,0,0
76,18432,51,0,64,6,0,flexible,51,51,0,0
76,18432,51,0,72,3,2,flexible,51,51,0,0
76,18432,51,0,81,0,4,flexible,51,51,0,0
76,18432,51,0,96,5,1,flexible,51,51,0,0
76,18432,51,0,108,2,3,flexible,51,51,0,0
76,18432,51,0,128,7,0,flexible,51,51,0,0
76,18432,51,0,144,4,2,flexible,51,51,0,0
76,18432,51,0,162,1,4,flexible,51,51,0,0
76,18432,51,0,192,6,1,flexible,51,51,0,0
76,18432,51,0,216,3,3,flexible,51,51,0,0
76,18432,51,0,243,0,5,flexible,51,51,0,0
76,18432,51,0,256,8,0,flexible,51,51,0,0
76,18432,51,0,288,5,2,flexible,51,51,0,0
76,18432,51,0,324,2,4,flexible,51,51,0,0
76,18432,51,0,384,7,1,flexible,51,51,0,0
76,18432,51,0,432,4,3,flexible,51,51,0,0
76,18432,51,0,486,1,5,flexible,51,51,0,0
76,18432,51,0,512,9,0,flexible,51,51,0,0
76,18432,51,0,576,6,2,flexible,51,51,0,0
76,18432,51,0,648,3,4,flexible,51,51,0,0
76,18432,51,0,729,0,6,flexible,51,51,0,0
76,18432,51,0,768,8,1,flexible,51,51,0,0
76,18432,51,0,864,5,3,flexible,51,51,0,0
76,18432,51,0,972,2,5,flexible,51,51,0,0
76,18432,51,0,1024,10,0,flexible,51,51,0,0
76,18432,51,0,1152,7,2,flexible,51,51,0,0
76,18432,51,0,1296,4,4,flexible,51,51,0,0
76,18432,51,0,1458,1,6,flexible,51,51,0,0
76,18432,51,0,1536,9,1,flexible,51,51,0,0
76,18432,51,0,1728,6,3,flexible,51,51,0,0
76,18432,51,0,1944,3,5,flexible,51,51,0,0
76,18432,51,0,2048,11,0,flexible,51,51,0,0
76,18432,51,0,2187,0,7,flexible,51,51,0,0
76,18432,51,0,2304,8,2,flexible,51,51,0,0
76,18432,51,0,2592,5,4,flexible,51,51,0,0
76,18432,51,0,2916,2,6,flexible,51,51,0,0
76,18432,51,0,3072,10,1,flexible,51,51,0,0
76,18432,51,0,3456,7,3,flexible,51,51,0,0
76,18432,51,0,3888,4,5,flexible,51,51,0,0
76,18432,51,0,4096,12,0,flexible,51,51,0,0
76,18432,51,0,4374,1,7,flexible,51,51,0,0
76,18432,51,0,4608,9,2,flexible,51,51,0,0
76,18432,51,0,5184,6,4,flexible,51,51,0,0
76,18432,51,0,5832,3,6,flexible,51,51,0,0
76,18432,51,0,6144,11,1,flexible,51,51,0,0
76,18432,51,0,6561,0,8,flexible,51,51,0,0
76,18432,51,0,6912,8,3,flexible,51,51,0,0
76,18432,51,0,7776,5,5,flexible,51,51,0,0
76,18432,51,0,8192,13,0,flexible,51,51,0,0
76,18432,51,0,8748,2,7,flexible,51,51,0,0
76,18432,51,0,9216,10,2,flexible,51,51,0,0
76,18432,51,0,10368,7,4,flexible,51,51,0,0
76,18432,51,0,11664,4,6,flexible,51,51,0,0
76,18432,51,0,12288,12,1,flexible,51,51,0,0
76,18432,51,0,13122,1,8,flexible,51,51,0,0
76,18432,51,0,13824,9,3,flexible,51,51,0,0
76,18432,51,0,15552,6,5,flexible,51,51,0,0
76,18432,51,0,16384,14,0,forced,50,51,1,0
76,18432,51,0,17496,3,7,flexible,51,51,0,0
76,18432,51,0,18432,11,2,flexible,51,51,0,0
77,19683,52,1,1,0,0,forced,51,52,1,0
77,19683,52,1,2,1,0,flexible,52,52,0,0
77,19683,52,1,3,0,1,flexible,52,52,0,0
77,19683,52,1,4,2,0,flexible,52,52,0,0
77,19683,52,1,6,1,1,forced,51,52,1,0
77,19683,52,1,8,3,0,forced,51,52,1,0
77,19683,52,1,9,0,2,flexible,52,52,0,0
77,19683,52,1,12,2,1,flexible,52,52,0,0
77,19683,52,1,16,4,0,flexible,52,52,0,0
77,19683,52,1,18,1,2,flexible,52,52,0,0
77,19683,52,1,24,3,1,flexible,52,52,0,0
77,19683,52,1,27,0,3,forced,51,52,1,0
77,19683,52,1,32,5,0,flexible,52,52,0,0
77,19683,52,1,36,2,2,forced,51,52,1,0
77,19683,52,1,48,4,1,forced,51,52,1,0
77,19683,52,1,54,1,3,flexible,52,52,0,0
77,19683,52,1,64,6,0,forced,51,52,1,0
77,19683,52,1,72,3,2,flexible,52,52,0,0
77,19683,52,1,81,0,4,flexible,52,52,0,0
77,19683,52,1,96,5,1,flexible,52,52,0,0
77,19683,52,1,108,2,3,flexible,52,52,0,0
77,19683,52,1,128,7,0,flexible,52,52,0,0
77,19683,52,1,144,4,2,flexible,52,52,0,0
77,19683,52,1,162,1,4,forced,51,52,1,0
77,19683,52,1,192,6,1,flexible,52,52,0,0
77,19683,52,1,216,3,3,forced,51,52,1,0
77,19683,52,1,243,0,5,flexible,52,52,0,0
77,19683,52,1,256,8,0,flexible,52,52,0,0
77,19683,52,1,288,5,2,forced,51,52,1,0
77,19683,52,1,324,2,4,flexible,52,52,0,0
77,19683,52,1,384,7,1,forced,51,52,1,0
77,19683,52,1,432,4,3,flexible,52,52,0,0
77,19683,52,1,486,1,5,flexible,52,52,0,0
77,19683,52,1,512,9,0,forced,51,52,1,0
77,19683,52,1,576,6,2,flexible,52,52,0,0
77,19683,52,1,648,3,4,flexible,52,52,0,0
77,19683,52,1,729,0,6,forced,51,52,1,0
77,19683,52,1,768,8,1,flexible,52,52,0,0
77,19683,52,1,864,5,3,flexible,52,52,0,0
77,19683,52,1,972,2,5,forced,51,52,1,0
77,19683,52,1,1024,10,0,flexible,52,52,0,0
77,19683,52,1,1152,7,2,flexible,52,52,0,0
77,19683,52,1,1296,4,4,forced,51,52,1,0
77,19683,52,1,1458,1,6,flexible,52,52,0,0
77,19683,52,1,1536,9,1,flexible,52,52,0,0
77,19683,52,1,1728,6,3,forced,51,52,1,0
77,19683,52,1,1944,3,5,flexible,52,52,0,0
77,19683,52,1,2048,11,0,flexible,52,52,0,0
77,19683,52,1,2187,0,7,flexible,52,52,0,0
77,19683,52,1,2304,8,2,forced,51,52,1,0
77,19683,52,1,2592,5,4,flexible,52,52,0,0
77,19683,52,1,2916,2,6,flexible,52,52,0,0
77,19683,52,1,3072,10,1,forced,51,52,1,0
77,19683,52,1,3456,7,3,flexible,52,52,0,0
77,19683,52,1,3888,4,5,flexible,52,52,0,0
77,19683,52,1,4096,12,0,flexible,52,52,0,0
77,19683,52,1,4374,1,7,forced,51,52,1,0
77,19683,52,1,4608,9,2,flexible,52,52,0,0
77,19683,52,1,5184,6,4,flexible,52,52,0,0
77,19683,52,1,5832,3,6,flexible,52,52,0,0
77,19683,52,1,6144,11,1,flexible,52,52,0,0
77,19683,52,1,6561,0,8,flexible,52,52,0,0
77,19683,52,1,6912,8,3,flexible,52,52,0,0
77,19683,52,1,7776,5,5,forced,51,52,1,0
77,19683,52,1,8192,13,0,flexible,52,52,0,0
77,19683,52,1,8748,2,7,flexible,52,52,0,0
77,19683,52,1,9216,10,2,flexible,52,52,0,0
77,19683,52,1,10368,7,4,flexible,52,52,0,0
77,19683,52,1,11664,4,6,flexible,52,52,0,0
77,19683,52,1,12288,12,1,flexible,52,52,0,0
77,19683,52,1,13122,1,8,flexible,52,52,0,0
77,19683,52,1,13824,9,3,forced,51,52,1,0
77,19683,52,1,15552,6,5,flexible,52,52,0,0
77,19683,52,1,16384,14,0,forced,51,52,1,0
77,19683,52,1,17496,3,7,flexible,52,52,0,0
77,19683,52,1,18432,11,2,forced,51,52,1,0
77,19683,52,1,19683,0,9,forced,51,52,1,0
78,20736,53,1,1,0,0,forced,52,53,1,0
78,20736,53,1,2,1,0,forced,52,53,1,0
78,20736,53,1,3,0,1,none,53,52,0,1
78,20736,53,1,4,2,0,none,53,52,0,1
78,20736,53,1,6,1,1,forced,52,53,1,0
78,20736,53,1,8,3,0,forced,52,53,1,0
78,20736,53,1,9,0,2,forced,52,53,1,0
78,20736,53,1,12,2,1,forced,52,53,1,0
78,20736,53,1,16,4,0,forced,52,53,1,0
78,20736,53,1,18,1,2,none,53,52,0,1
78,20736,53,1,24,3,1,none,53,52,0,1
78,20736,53,1,27,0,3,forced,52,53,1,0
78,20736,53,1,32,5,0,none,53,52,0,1
78,20736,53,1,36,2,2,forced,52,53,1,0
78,20736,53,1,48,4,1,forced,52,53,1,0
78,20736,53,1,54,1,3,forced,52,53,1,0
78,20736,53,1,64,6,0,forced,52,53,1,0
78,20736,53,1,72,3,2,forced,52,53,1,0
78,20736,53,1,81,0,4,none,53,52,0,1
78,20736,53,1,96,5,1,forced,52,53,1,0
78,20736,53,1,108,2,3,none,53,52,0,1
78,20736,53,1,128,7,0,forced,52,53,1,0
78,20736,53,1,144,4,2,none,53,52,0,1
78,20736,53,1,162,1,4,forced,52,53,1,0
78,20736,53,1,192,6,1,none,53,52,0,1
78,20736,53,1,216,3,3,forced,52,53,1,0
78,20736,53,1,243,0,5,forced,52,53,1,0
78,20736,53,1,256,8,0,none,53,52,0,1
78,20736,53,1,288,5,2,forced,52,53,1,0
78,20736,53,1,324,2,4,forced,52,53,1,0
78,20736,53,1,384,7,1,forced,52,53,1,0
78,20736,53,1,432,4,3,forced,52,53,1,0
78,20736,53,1,486,1,5,none,53,52,0,1
78,20736,53,1,512,9,0,forced,52,53,1,0
78,20736,53,1,576,6,2,forced,52,53,1,0
78,20736,53,1,648,3,4,none,53,52,0,1
78,20736,53,1,729,0,6,forced,52,53,1,0
78,20736,53,1,768,8,1,forced,52,53,1,0
78,20736,53,1,864,5,3,none,53,52,0,1
78,20736,53,1,972,2,5,forced,52,53,1,0
78,20736,53,1,1024,10,0,forced,52,53,1,0
78,20736,53,1,1152,7,2,none,53,52,0,1
78,20736,53,1,1296,4,4,forced,52,53,1,0
78,20736,53,1,1458,1,6,forced,52,53,1,0
78,20736,53,1,1536,9,1,none,53,52,0,1
78,20736,53,1,1728,6,3,forced,52,53,1,0
78,20736,53,1,1944,3,5,forced,52,53,1,0
78,20736,53,1,2048,11,0,none,53,52,0,1
78,20736,53,1,2187,0,7,none,53,52,0,1
78,20736,53,1,2304,8,2,forced,52,53,1,0
78,20736,53,1,2592,5,4,forced,52,53,1,0
78,20736,53,1,2916,2,6,none,53,52,0,1
78,20736,53,1,3072,10,1,forced,52,53,1,0
78,20736,53,1,3456,7,3,forced,52,53,1,0
78,20736,53,1,3888,4,5,none,53,52,0,1
78,20736,53,1,4096,12,0,forced,52,53,1,0
78,20736,53,1,4374,1,7,forced,52,53,1,0
78,20736,53,1,4608,9,2,forced,52,53,1,0
78,20736,53,1,5184,6,4,none,53,52,0,1
78,20736,53,1,5832,3,6,flexible,53,53,0,0
78,20736,53,1,6144,11,1,forced,52,53,1,0
78,20736,53,1,6561,0,8,forced,52,53,1,0
78,20736,53,1,6912,8,3,none,53,52,0,1
78,20736,53,1,7776,5,5,forced,52,53,1,0
78,20736,53,1,8192,13,0,forced,52,53,1,0
78,20736,53,1,8748,2,7,forced,52,53,1,0
78,20736,53,1,9216,10,2,none,53,52,0,1
78,20736,53,1,10368,7,4,forced,52,53,1,0
78,20736,53,1,11664,4,6,flexible,53,53,0,0
78,20736,53,1,12288,12,1,none,53,52,0,1
78,20736,53,1,13122,1,8,none,53,52,0,1
78,20736,53,1,13824,9,3,forced,52,53,1,0
78,20736,53,1,15552,6,5,forced,52,53,1,0
78,20736,53,1,16384,14,0,forced,52,53,1,0
78,20736,53,1,17496,3,7,flexible,53,53,0,0
78,20736,53,1,18432,11,2,forced,52,53,1,0
78,20736,53,1,19683,0,9,forced,52,53,1,0
78,20736,53,1,20736,8,4,forced,52,53,1,0
79,23328,53,0,1,0,0,flexible,53,53,0,0
79,23328,53,0,2,1,0,flexible,53,53,0,0
79,23328,53,0,3,0,1,flexible,53,53,0,0
79,23328,53,0,4,2,0,flexible,53,53,0,0
79,23328,53,0,6,1,1,flexible,53,53,0,0
79,23328,53,0,8,3,0,flexible,53,53,0,0
79,23328,53,0,9,0,2,flexible,53,53,0,0
79,23328,53,0,12,2,1,flexible,53,53,0,0
79,23328,53,0,16,4,0,flexible,53,53,0,0
79,23328,53,0,18,1,2,flexible,53,53,0,0
79,23328,53,0,24,3,1,flexible,53,53,0,0
79,23328,53,0,27,0,3,flexible,53,53,0,0
79,23328,53,0,32,5,0,flexible,53,53,0,0
79,23328,53,0,36,2,2,flexible,53,53,0,0
79,23328,53,0,48,4,1,flexible,53,53,0,0
79,23328,53,0,54,1,3,flexible,53,53,0,0
79,23328,53,0,64,6,0,flexible,53,53,0,0
79,23328,53,0,72,3,2,flexible,53,53,0,0
79,23328,53,0,81,0,4,flexible,53,53,0,0
79,23328,53,0,96,5,1,flexible,53,53,0,0
79,23328,53,0,108,2,3,flexible,53,53,0,0
79,23328,53,0,128,7,0,flexible,53,53,0,0
79,23328,53,0,144,4,2,flexible,53,53,0,0
79,23328,53,0,162,1,4,flexible,53,53,0,0
79,23328,53,0,192,6,1,flexible,53,53,0,0
79,23328,53,0,216,3,3,flexible,53,53,0,0
79,23328,53,0,243,0,5,flexible,53,53,0,0
79,23328,53,0,256,8,0,flexible,53,53,0,0
79,23328,53,0,288,5,2,flexible,53,53,0,0
79,23328,53,0,324,2,4,flexible,53,53,0,0
79,23328,53,0,384,7,1,flexible,53,53,0,0
79,23328,53,0,432,4,3,flexible,53,53,0,0
79,23328,53,0,486,1,5,flexible,53,53,0,0
79,23328,53,0,512,9,0,flexible,53,53,0,0
79,23328,53,0,576,6,2,flexible,53,53,0,0
79,23328,53,0,648,3,4,flexible,53,53,0,0
79,23328,53,0,729,0,6,flexible,53,53,0,0
79,23328,53,0,768,8,1,flexible,53,53,0,0
79,23328,53,0,864,5,3,flexible,53,53,0,0
79,23328,53,0,972,2,5,flexible,53,53,0,0
79,23328,53,0,1024,10,0,flexible,53,53,0,0
79,23328,53,0,1152,7,2,flexible,53,53,0,0
79,23328,53,0,1296,4,4,flexible,53,53,0,0
79,23328,53,0,1458,1,6,flexible,53,53,0,0
79,23328,53,0,1536,9,1,flexible,53,53,0,0
79,23328,53,0,1728,6,3,flexible,53,53,0,0
79,23328,53,0,1944,3,5,flexible,53,53,0,0
79,23328,53,0,2048,11,0,flexible,53,53,0,0
79,23328,53,0,2187,0,7,flexible,53,53,0,0
79,23328,53,0,2304,8,2,flexible,53,53,0,0
79,23328,53,0,2592,5,4,flexible,53,53,0,0
79,23328,53,0,2916,2,6,flexible,53,53,0,0
79,23328,53,0,3072,10,1,flexible,53,53,0,0
79,23328,53,0,3456,7,3,flexible,53,53,0,0
79,23328,53,0,3888,4,5,flexible,53,53,0,0
79,23328,53,0,4096,12,0,flexible,53,53,0,0
79,23328,53,0,4374,1,7,flexible,53,53,0,0
79,23328,53,0,4608,9,2,flexible,53,53,0,0
79,23328,53,0,5184,6,4,flexible,53,53,0,0
79,23328,53,0,5832,3,6,flexible,53,53,0,0
79,23328,53,0,6144,11,1,flexible,53,53,0,0
79,23328,53,0,6561,0,8,flexible,53,53,0,0
79,23328,53,0,6912,8,3,flexible,53,53,0,0
79,23328,53,0,7776,5,5,flexible,53,53,0,0
79,23328,53,0,8192,13,0,flexible,53,53,0,0
79,23328,53,0,8748,2,7,flexible,53,53,0,0
79,23328,53,0,9216,10,2,flexible,53,53,0,0
79,23328,53,0,10368,7,4,flexible,53,53,0,0
79,23328,53,0,11664,4,6,flexible,53,53,0,0
79,23328,53,0,12288,12,1,flexible,53,53,0,0
79,23328,53,0,13122,1,8,flexible,53,53,0,0
79,23328,53,0,13824,9,3,flexible,53,53,0,0
79,23328,53,0,15552,6,5,flexible,53,53,0,0
79,23328,53,0,16384,14,0,forced,52,53,1,0
79,23328,53,0,17496,3,7,flexible,53,53,0,0
79,23328,53,0,18432,11,2,flexible,53,53,0,0
79,23328,53,0,19683,0,9,flexible,53,53,0,0
79,23328,53,0,20736,8,4,flexible,53,53,0,0
79,23328,53,0,23328,5,6,flexible,53,53,0,0
80,24576,54,1,1,0,0,flexible,54,54,0,0
80,24576,54,1,2,1,0,flexible,54,54,0,0
80,24576,54,1,3,0,1,flexible,54,54,0,0
80,24576,54,1,4,2,0,forced,53,54,1,0
80,24576,54,1,6,1,1,flexible,54,54,0,0
80,24576,54,1,8,3,0,flexible,54,54,0,0
80,24576,54,1,9,0,2,flexible,54,54,0,0
80,24576,54,1,12,2,1,flexible,54,54,0,0
80,24576,54,1,16,4,0,flexible,54,54,0,0
80,24576,54,1,18,1,2,forced,53,54,1,0
80,24576,54,1,24,3,1,forced,53,54,1,0
80,24576,54,1,27,0,3,flexible,54,54,0,0
80,24576,54,1,32,5,0,forced,53,54,1,0
80,24576,54,1,36,2,2,flexible,54,54,0,0
80,24576,54,1,48,4,1,flexible,54,54,0,0
80,24576,54,1,54,1,3,flexible,54,54,0,0
80,24576,54,1,64,6,0,flexible,54,54,0,0
80,24576,54,1,72,3,2,flexible,54,54,0,0
80,24576,54,1,81,0,4,forced,53,54,1,0
80,24576,54,1,96,5,1,flexible,54,54,0,0
80,24576,54,1,108,2,3,forced,53,54,1,0
80,24576,54,1,128,7,0,flexible,54,54,0,0
80,24576,54,1,144,4,2,forced,53,54,1,0
80,24576,54,1,162,1,4,flexible,54,54,0,0
80,24576,54,1,192,6,1,forced,53,54,1,0
80,24576,54,1,216,3,3,flexible,54,54,0,0
80,24576,54,1,243,0,5,flexible,54,54,0,0
80,24576,54,1,256,8,0,forced,53,54,1,0
80,24576,54,1,288,5,2,flexible,54,54,0,0
80,24576,54,1,324,2,4,flexible,54,54,0,0
80,24576,54,1,384,7,1,flexible,54,54,0,0
80,24576,54,1,432,4,3,flexible,54,54,0,0
80,24576,54,1,486,1,5,forced,53,54,1,0
80,24576,54,1,512,9,0,flexible,54,54,0,0
80,24576,54,1,576,6,2,flexible,54,54,0,0
80,24576,54,1,648,3,4,forced,53,54,1,0
80,24576,54,1,729,0,6,flexible,54,54,0,0
80,24576,54,1,768,8,1,flexible,54,54,0,0
80,24576,54,1,864,5,3,forced,53,54,1,0
80,24576,54,1,972,2,5,flexible,54,54,0,0
80,24576,54,1,1024,10,0,flexible,54,54,0,0
80,24576,54,1,1152,7,2,forced,53,54,1,0
80,24576,54,1,1296,4,4,flexible,54,54,0,0
80,24576,54,1,1458,1,6,flexible,54,54,0,0
80,24576,54,1,1536,9,1,forced,53,54,1,0
80,24576,54,1,1728,6,3,flexible,54,54,0,0
80,24576,54,1,1944,3,5,flexible,54,54,0,0
80,24576,54,1,2048,11,0,forced,53,54,1,0
80,24576,54,1,2187,0,7,forced,53,54,1,0
80,24576,54,1,2304,8,2,flexible,54,54,0,0
80,24576,54,1,2592,5,4,flexible,54,54,0,0
80,24576,54,1,2916,2,6,forced,53,54,1,0
80,24576,54,1,3072,10,1,flexible,54,54,0,0
80,24576,54,1,3456,7,3,flexible,54,54,0,0
80,24576,54,1,3888,4,5,forced,53,54,1,0
80,24576,54,1,4096,12,0,forced,53,54,1,0
80,24576,54,1,4374,1,7,flexible,54,54,0,0
80,24576,54,1,4608,9,2,flexible,54,54,0,0
80,24576,54,1,5184,6,4,forced,53,54,1,0
80,24576,54,1,5832,3,6,flexible,54,54,0,0
80,24576,54,1,6144,11,1,none,54,53,0,1
80,24576,54,1,6561,0,8,flexible,54,54,0,0
80,24576,54,1,6912,8,3,flexible,54,54,0,0
80,24576,54,1,7776,5,5,flexible,54,54,0,0
80,24576,54,1,8192,13,0,none,54,53,0,1
80,24576,54,1,8748,2,7,flexible,54,54,0,0
80,24576,54,1,9216,10,2,forced,53,54,1,0
80,24576,54,1,10368,7,4,flexible,54,54,0,0
80,24576,54,1,11664,4,6,flexible,54,54,0,0
80,24576,54,1,12288,12,1,forced,53,54,1,0
80,24576,54,1,13122,1,8,flexible,54,54,0,0
80,24576,54,1,13824,9,3,flexible,54,54,0,0
80,24576,54,1,15552,6,5,flexible,54,54,0,0
80,24576,54,1,16384,14,0,forced,53,54,1,0
80,24576,54,1,17496,3,7,forced,53,54,1,0
80,24576,54,1,18432,11,2,forced,53,54,1,0
80,24576,54,1,19683,0,9,flexible,54,54,0,0
80,24576,54,1,20736,8,4,flexible,54,54,0,0
80,24576,54,1,23328,5,6,forced,53,54,1,0
80,24576,54,1,24576,13,1,forced,53,54,1,0
81,26244,55,1,1,0,0,forced,54,55,1,0
81,26244,55,1,2,1,0,none,55,54,0,1
81,26244,55,1,3,0,1,forced,54,55,1,0
81,26244,55,1,4,2,0,forced,54,55,1,0
81,26244,55,1,6,1,1,forced,54,55,1,0
81,26244,55,1,8,3,0,forced,54,55,1,0
81,26244,55,1,9,0,2,none,55,54,0,1
81,26244,55,1,12,2,1,none,55,54,0,1
81,26244,55,1,16,4,0,none,55,54,0,1
81,26244,55,1,18,1,2,forced,54,55,1,0
81,26244,55,1,24,3,1,forced,54,55,1,0
81,26244,55,1,27,0,3,forced,54,55,1,0
81,26244,55,1,32,5,0,forced,54,55,1,0
81,26244,55,1,36,2,2,forced,54,55,1,0
81,26244,55,1,48,4,1,forced,54,55,1,0
81,26244,55,1,54,1,3,none,55,54,0,1
81,26244,55,1,64,6,0,forced,54,55,1,0
81,26244,55,1,72,3,2,none,55,54,0,1
81,26244,55,1,81,0,4,forced,54,55,1,0
81,26244,55,1,96,5,1,none,55,54,0,1
81,26244,55,1,108,2,3,forced,54,55,1,0
81,26244,55,1,128,7,0,none,55,54,0,1
81,26244,55,1,144,4,2,forced,54,55,1,0
81,26244,55,1,162,1,4,forced,54,55,1,0
81,26244,55,1,192,6,1,forced,54,55,1,0
81,26244,55,1,216,3,3,forced,54,55,1,0
81,26244,55,1,243,0,5,none,55,54,0,1
81,26244,55,1,256,8,0,forced,54,55,1,0
81,26244,55,1,288,5,2,forced,54,55,1,0
81,26244,55,1,324,2,4,none,55,54,0,1
81,26244,55,1,384,7,1,forced,54,55,1,0
81,26244,55,1,432,4,3,none,55,54,0,1
81,26244,55,1,486,1,5,forced,54,55,1,0
81,26244,55,1,512,9,0,forced,54,55,1,0
81,26244,55,1,576,6,2,none,55,54,0,1
81,26244,55,1,648,3,4,forced,54,55,1,0
81,26244,55,1,729,0,6,forced,54,55,1,0
81,26244,55,1,768,8,1,none,55,54,0,1
81,26244,55,1,864,5,3,forced,54,55,1,0
81,26244,55,1,972,2,5,forced,54,55,1,0
81,26244,55,1,1024,10,0,none,55,54,0,1
81,26244,55,1,1152,7,2,forced,54,55,1,0
81,26244,55,1,1296,4,4,forced,54,55,1,0
81,26244,55,1,1458,1,6,none,55,54,0,1
81,26244,55,1,1536,9,1,forced,54,55,1,0
81,26244,55,1,1728,6,3,forced,54,55,1,0
81,26244,55,1,1944,3,5,none,55,54,0,1
81,26244,55,1,2048,11,0,forced,54,55,1,0
81,26244,55,1,2187,0,7,forced,54,55,1,0
81,26244,55,1,2304,8,2,forced,54,55,1,0
81,26244,55,1,2592,5,4,none,55,54,0,1
81,26244,55,1,2916,2,6,forced,54,55,1,0
81,26244,55,1,3072,10,1,forced,54,55,1,0
81,26244,55,1,3456,7,3,none,55,54,0,1
81,26244,55,1,3888,4,5,forced,54,55,1,0
81,26244,55,1,4096,12,0,forced,54,55,1,0
81,26244,55,1,4374,1,7,forced,54,55,1,0
81,26244,55,1,4608,9,2,none,55,54,0,1
81,26244,55,1,5184,6,4,forced,54,55,1,0
81,26244,55,1,5832,3,6,forced,54,55,1,0
81,26244,55,1,6144,11,1,none,55,54,0,1
81,26244,55,1,6561,0,8,none,55,54,0,1
81,26244,55,1,6912,8,3,flexible,55,55,0,0
81,26244,55,1,7776,5,5,forced,54,55,1,0
81,26244,55,1,8192,13,0,none,55,54,0,1
81,26244,55,1,8748,2,7,none,55,54,0,1
81,26244,55,1,9216,10,2,forced,54,55,1,0
81,26244,55,1,10368,7,4,forced,54,55,1,0
81,26244,55,1,11664,4,6,none,55,54,0,1
81,26244,55,1,12288,12,1,forced,54,55,1,0
81,26244,55,1,13122,1,8,forced,54,55,1,0
81,26244,55,1,13824,9,3,flexible,55,55,0,0
81,26244,55,1,15552,6,5,none,55,54,0,1
81,26244,55,1,16384,14,0,forced,54,55,1,0
81,26244,55,1,17496,3,7,forced,54,55,1,0
81,26244,55,1,18432,11,2,forced,54,55,1,0
81,26244,55,1,19683,0,9,forced,54,55,1,0
81,26244,55,1,20736,8,4,flexible,55,55,0,0
81,26244,55,1,23328,5,6,forced,54,55,1,0
81,26244,55,1,24576,13,1,forced,54,55,1,0
81,26244,55,1,26244,2,8,forced,54,55,1,0
82,27648,55,0,1,0,0,forced,54,55,1,0
82,27648,55,0,2,1,0,flexible,55,55,0,0
82,27648,55,0,3,0,1,flexible,55,55,0,0
82,27648,55,0,4,2,0,flexible,55,55,0,0
82,27648,55,0,6,1,1,forced,54,55,1,0
82,27648,55,0,8,3,0,forced,54,55,1,0
82,27648,55,0,9,0,2,flexible,55,55,0,0
82,27648,55,0,12,2,1,flexible,55,55,0,0
82,27648,55,0,16,4,0,flexible,55,55,0,0
82,27648,55,0,18,1,2,flexible,55,55,0,0
82,27648,55,0,24,3,1,flexible,55,55,0,0
82,27648,55,0,27,0,3,forced,54,55,1,0
82,27648,55,0,32,5,0,flexible,55,55,0,0
82,27648,55,0,36,2,2,forced,54,55,1,0
82,27648,55,0,48,4,1,forced,54,55,1,0
82,27648,55,0,54,1,3,flexible,55,55,0,0
82,27648,55,0,64,6,0,forced,54,55,1,0
82,27648,55,0,72,3,2,flexible,55,55,0,0
82,27648,55,0,81,0,4,flexible,55,55,0,0
82,27648,55,0,96,5,1,flexible,55,55,0,0
82,27648,55,0,108,2,3,flexible,55,55,0,0
82,27648,55,0,128,7,0,flexible,55,55,0,0
82,27648,55,0,144,4,2,flexible,55,55,0,0
82,27648,55,0,162,1,4,forced,54,55,1,0
82,27648,55,0,192,6,1,flexible,55,55,0,0
82,27648,55,0,216,3,3,forced,54,55,1,0
82,27648,55,0,243,0,5,flexible,55,55,0,0
82,27648,55,0,256,8,0,flexible,55,55,0,0
82,27648,55,0,288,5,2,forced,54,55,1,0
82,27648,55,0,324,2,4,flexible,55,55,0,0
82,27648,55,0,384,7,1,forced,54,55,1,0
82,27648,55,0,432,4,3,flexible,55,55,0,0
82,27648,55,0,486,1,5,flexible,55,55,0,0
82,27648,55,0,512,9,0,flexible,55,55,0,0
82,27648,55,0,576,6,2,flexible,55,55,0,0
82,27648,55,0,648,3,4,flexible,55,55,0,0
82,27648,55,0,729,0,6,forced,54,55,1,0
82,27648,55,0,768,8,1,flexible,55,55,0,0
82,27648,55,0,864,5,3,flexible,55,55,0,0
82,27648,55,0,972,2,5,forced,54,55,1,0
82,27648,55,0,1024,10,0,flexible,55,55,0,0
82,27648,55,0,1152,7,2,flexible,55,55,0,0
82,27648,55,0,1296,4,4,forced,54,55,1,0
82,27648,55,0,1458,1,6,flexible,55,55,0,0
82,27648,55,0,1536,9,1,flexible,55,55,0,0
82,27648,55,0,1728,6,3,forced,54,55,1,0
82,27648,55,0,1944,3,5,flexible,55,55,0,0
82,27648,55,0,2048,11,0,flexible,55,55,0,0
82,27648,55,0,2187,0,7,flexible,55,55,0,0
82,27648,55,0,2304,8,2,forced,54,55,1,0
82,27648,55,0,2592,5,4,flexible,55,55,0,0
82,27648,55,0,2916,2,6,flexible,55,55,0,0
82,27648,55,0,3072,10,1,flexible,55,55,0,0
82,27648,55,0,3456,7,3,flexible,55,55,0,0
82,27648,55,0,3888,4,5,flexible,55,55,0,0
82,27648,55,0,4096,12,0,forced,54,55,1,0
82,27648,55,0,4374,1,7,forced,54,55,1,0
82,27648,55,0,4608,9,2,flexible,55,55,0,0
82,27648,55,0,5184,6,4,flexible,55,55,0,0
82,27648,55,0,5832,3,6,forced,54,55,1,0
82,27648,55,0,6144,11,1,flexible,55,55,0,0
82,27648,55,0,6561,0,8,flexible,55,55,0,0
82,27648,55,0,6912,8,3,flexible,55,55,0,0
82,27648,55,0,7776,5,5,flexible,55,55,0,0
82,27648,55,0,8192,13,0,flexible,55,55,0,0
82,27648,55,0,8748,2,7,flexible,55,55,0,0
82,27648,55,0,9216,10,2,flexible,55,55,0,0
82,27648,55,0,10368,7,4,forced,54,55,1,0
82,27648,55,0,11664,4,6,flexible,55,55,0,0
82,27648,55,0,12288,12,1,flexible,55,55,0,0
82,27648,55,0,13122,1,8,flexible,55,55,0,0
82,27648,55,0,13824,9,3,flexible,55,55,0,0
82,27648,55,0,15552,6,5,flexible,55,55,0,0
82,27648,55,0,16384,14,0,flexible,55,55,0,0
82,27648,55,0,17496,3,7,flexible,55,55,0,0
82,27648,55,0,18432,11,2,flexible,55,55,0,0
82,27648,55,0,19683,0,9,forced,54,55,1,0
82,27648,55,0,20736,8,4,flexible,55,55,0,0
82,27648,55,0,23328,5,6,flexible,55,55,0,0
82,27648,55,0,24576,13,1,flexible,55,55,0,0
82,27648,55,0,26244,2,8,forced,54,55,1,0
82,27648,55,0,27648,10,3,flexible,55,55,0,0
83,31104,56,1,1,0,0,forced,55,56,1,0
83,31104,56,1,2,1,0,none,56,55,0,1
83,31104,56,1,3,0,1,forced,55,56,1,0
83,31104,56,1,4,2,0,forced,55,56,1,0
83,31104,56,1,6,1,1,forced,55,56,1,0
83,31104,56,1,8,3,0,forced,55,56,1,0
83,31104,56,1,9,0,2,none,56,55,0,1
83,31104,56,1,12,2,1,none,56,55,0,1
83,31104,56,1,16,4,0,none,56,55,0,1
83,31104,56,1,18,1,2,forced,55,56,1,0
83,31104,56,1,24,3,1,forced,55,56,1,0
83,31104,56,1,27,0,3,forced,55,56,1,0
83,31104,56,1,32,5,0,forced,55,56,1,0
83,31104,56,1,36,2,2,forced,55,56,1,0
83,31104,56,1,48,4,1,forced,55,56,1,0
83,31104,56,1,54,1,3,none,56,55,0,1
83,31104,56,1,64,6,0,forced,55,56,1,0
83,31104,56,1,72,3,2,none,56,55,0,1
83,31104,56,1,81,0,4,forced,55,56,1,0
83,31104,56,1,96,5,1,none,56,55,0,1
83,31104,56,1,108,2,3,forced,55,56,1,0
83,31104,56,1,128,7,0,none,56,55,0,1
83,31104,56,1,144,4,2,forced,55,56,1,0
83,31104,56,1,162,1,4,forced,55,56,1,0
83,31104,56,1,192,6,1,forced,55,56,1,0
83,31104,56,1,216,3,3,forced,55,56,1,0
83,31104,56,1,243,0,5,none,56,55,0,1
83,31104,56,1,256,8,0,forced,55,56,1,0
83,31104,56,1,288,5,2,forced,55,56,1,0
83,31104,56,1,324,2,4,none,56,55,0,1
83,31104,56,1,384,7,1,forced,55,56,1,0
83,31104,56,1,432,4,3,none,56,55,0,1
83,31104,56,1,486,1,5,forced,55,56,1,0
83,31104,56,1,512,9,0,forced,55,56,1,0
83,31104,56,1,576,6,2,none,56,55,0,1
83,31104,56,1,648,3,4,forced,55,56,1,0
83,31104,56,1,729,0,6,forced,55,56,1,0
83,31104,56,1,768,8,1,none,56,55,0,1
83,31104,56,1,864,5,3,forced,55,56,1,0
83,31104,56,1,972,2,5,forced,55,56,1,0
83,31104,56,1,1024,10,0,none,56,55,0,1
83,31104,56,1,1152,7,2,forced,55,56,1,0
83,31104,56,1,1296,4,4,forced,55,56,1,0
83,31104,56,1,1458,1,6,none,56,55,0,1
83,31104,56,1,1536,9,1,forced,55,56,1,0
83,31104,56,1,1728,6,3,forced,55,56,1,0
83,31104,56,1,1944,3,5,none,56,55,0,1
83,31104,56,1,2048,11,0,forced,55,56,1,0
83,31104,56,1,2187,0,7,forced,55,56,1,0
83,31104,56,1,2304,8,2,forced,55,56,1,0
83,31104,56,1,2592,5,4,none,56,55,0,1
83,31104,56,1,2916,2,6,forced,55,56,1,0
83,31104,56,1,3072,10,1,forced,55,56,1,0
83,31104,56,1,3456,7,3,none,56,55,0,1
83,31104,56,1,3888,4,5,forced,55,56,1,0
83,31104,56,1,4096,12,0,forced,55,56,1,0
83,31104,56,1,4374,1,7,forced,55,56,1,0
83,31104,56,1,4608,9,2,none,56,55,0,1
83,31104,56,1,5184,6,4,forced,55,56,1,0
83,31104,56,1,5832,3,6,forced,55,56,1,0
83,31104,56,1,6144,11,1,none,56,55,0,1
83,31104,56,1,6561,0,8,none,56,55,0,1
83,31104,56,1,6912,8,3,forced,55,56,1,0
83,31104,56,1,7776,5,5,forced,55,56,1,0
83,31104,56,1,8192,13,0,none,56,55,0,1
83,31104,56,1,8748,2,7,none,56,55,0,1
83,31104,56,1,9216,10,2,flexible,56,56,0,0
83,31104,56,1,10368,7,4,forced,55,56,1,0
83,31104,56,1,11664,4,6,none,56,55,0,1
83,31104,56,1,12288,12,1,forced,55,56,1,0
83,31104,56,1,13122,1,8,forced,55,56,1,0
83,31104,56,1,13824,9,3,forced,55,56,1,0
83,31104,56,1,15552,6,5,none,56,55,0,1
83,31104,56,1,16384,14,0,forced,55,56,1,0
83,31104,56,1,17496,3,7,forced,55,56,1,0
83,31104,56,1,18432,11,2,flexible,56,56,0,0
83,31104,56,1,19683,0,9,forced,55,56,1,0
83,31104,56,1,20736,8,4,none,56,55,0,1
83,31104,56,1,23328,5,6,forced,55,56,1,0
83,31104,56,1,24576,13,1,forced,55,56,1,0
83,31104,56,1,26244,2,8,forced,55,56,1,0
83,31104,56,1,27648,10,3,flexible,56,56,0,0
83,31104,56,1,31104,7,5,forced,55,56,1,0
84,32768,57,1,1,0,0,forced,56,57,1,0
84,32768,57,1,2,1,0,none,57,56,0,1
84,32768,57,1,3,0,1,forced,56,57,1,0
84,32768,57,1,4,2,0,forced,56,57,1,0
84,32768,57,1,6,1,1,forced,56,57,1,0
84,32768,57,1,8,3,0,forced,56,57,1,0
84,32768,57,1,9,0,2,none,57,56,0,1
84,32768,57,1,12,2,1,none,57,56,0,1
84,32768,57,1,16,4,0,none,57,56,0,1
84,32768,57,1,18,1,2,forced,56,57,1,0
84,32768,57,1,24,3,1,forced,56,57,1,0
84,32768,57,1,27,0,3,forced,56,57,1,0
84,32768,57,1,32,5,0,forced,56,57,1,0
84,32768,57,1,36,2,2,forced,56,57,1,0
84,32768,57,1,48,4,1,forced,56,57,1,0
84,32768,57,1,54,1,3,none,57,56,0,1
84,32768,57,1,64,6,0,forced,56,57,1,0
84,32768,57,1,72,3,2,none,57,56,0,1
84,32768,57,1,81,0,4,forced,56,57,1,0
84,32768,57,1,96,5,1,none,57,56,0,1
84,32768,57,1,108,2,3,forced,56,57,1,0
84,32768,57,1,128,7,0,none,57,56,0,1
84,32768,57,1,144,4,2,forced,56,57,1,0
84,32768,57,1,162,1,4,forced,56,57,1,0
84,32768,57,1,192,6,1,forced,56,57,1,0
84,32768,57,1,216,3,3,forced,56,57,1,0
84,32768,57,1,243,0,5,none,57,56,0,1
84,32768,57,1,256,8,0,forced,56,57,1,0
84,32768,57,1,288,5,2,forced,56,57,1,0
84,32768,57,1,324,2,4,none,57,56,0,1
84,32768,57,1,384,7,1,forced,56,57,1,0
84,32768,57,1,432,4,3,none,57,56,0,1
84,32768,57,1,486,1,5,forced,56,57,1,0
84,32768,57,1,512,9,0,forced,56,57,1,0
84,32768,57,1,576,6,2,none,57,56,0,1
84,32768,57,1,648,3,4,forced,56,57,1,0
84,32768,57,1,729,0,6,forced,56,57,1,0
84,32768,57,1,768,8,1,none,57,56,0,1
84,32768,57,1,864,5,3,forced,56,57,1,0
84,32768,57,1,972,2,5,forced,56,57,1,0
84,32768,57,1,1024,10,0,none,57,56,0,1
84,32768,57,1,1152,7,2,forced,56,57,1,0
84,32768,57,1,1296,4,4,forced,56,57,1,0
84,32768,57,1,1458,1,6,none,57,56,0,1
84,32768,57,1,1536,9,1,forced,56,57,1,0
84,32768,57,1,1728,6,3,forced,56,57,1,0
84,32768,57,1,1944,3,5,none,57,56,0,1
84,32768,57,1,2048,11,0,forced,56,57,1,0
84,32768,57,1,2187,0,7,forced,56,57,1,0
84,32768,57,1,2304,8,2,forced,56,57,1,0
84,32768,57,1,2592,5,4,none,57,56,0,1
84,32768,57,1,2916,2,6,forced,56,57,1,0
84,32768,57,1,3072,10,1,forced,56,57,1,0
84,32768,57,1,3456,7,3,none,57,56,0,1
84,32768,57,1,3888,4,5,forced,56,57,1,0
84,32768,57,1,4096,12,0,forced,56,57,1,0
84,32768,57,1,4374,1,7,forced,56,57,1,0
84,32768,57,1,4608,9,2,none,57,56,0,1
84,32768,57,1,5184,6,4,forced,56,57,1,0
84,32768,57,1,5832,3,6,forced,56,57,1,0
84,32768,57,1,6144,11,1,none,57,56,0,1
84,32768,57,1,6561,0,8,none,57,56,0,1
84,32768,57,1,6912,8,3,forced,56,57,1,0
84,32768,57,1,7776,5,5,forced,56,57,1,0
84,32768,57,1,8192,13,0,none,57,56,0,1
84,32768,57,1,8748,2,7,none,57,56,0,1
84,32768,57,1,9216,10,2,flexible,57,57,0,0
84,32768,57,1,10368,7,4,forced,56,57,1,0
84,32768,57,1,11664,4,6,none,57,56,0,1
84,32768,57,1,12288,12,1,forced,56,57,1,0
84,32768,57,1,13122,1,8,forced,56,57,1,0
84,32768,57,1,13824,9,3,forced,56,57,1,0
84,32768,57,1,15552,6,5,none,57,56,0,1
84,32768,57,1,16384,14,0,forced,56,57,1,0
84,32768,57,1,17496,3,7,forced,56,57,1,0
84,32768,57,1,18432,11,2,flexible,57,57,0,0
84,32768,57,1,19683,0,9,forced,56,57,1,0
84,32768,57,1,20736,8,4,none,57,56,0,1
84,32768,57,1,23328,5,6,forced,56,57,1,0
84,32768,57,1,24576,13,1,forced,56,57,1,0
84,32768,57,1,26244,2,8,forced,56,57,1,0
84,32768,57,1,27648,10,3,flexible,57,57,0,0
84,32768,57,1,31104,7,5,forced,56,57,1,0
84,32768,57,1,32768,15,0,forced,56,57,1,0
85,34992,58,1,1,0,0,forced,57,58,1,0
85,34992,58,1,2,1,0,none,58,57,0,1
85,34992,58,1,3,0,1,forced,57,58,1,0
85,34992,58,1,4,2,0,forced,57,58,1,0
85,34992,58,1,6,1,1,forced,57,58,1,0
85,34992,58,1,8,3,0,forced,57,58,1,0
85,34992,58,1,9,0,2,none,58,57,0,1
85,34992,58,1,12,2,1,none,58,57,0,1
85,34992,58,1,16,4,0,none,58,57,0,1
85,34992,58,1,18,1,2,forced,57,58,1,0
85,34992,58,1,24,3,1,forced,57,58,1,0
85,34992,58,1,27,0,3,forced,57,58,1,0
85,34992,58,1,32,5,0,forced,57,58,1,0
85,34992,58,1,36,2,2,forced,57,58,1,0
85,34992,58,1,48,4,1,forced,57,58,1,0
85,34992,58,1,54,1,3,none,58,57,0,1
85,34992,58,1,64,6,0,forced,57,58,1,0
85,34992,58,1,72,3,2,none,58,57,0,1
85,34992,58,1,81,0,4,forced,57,58,1,0
85,34992,58,1,96,5,1,none,58,57,0,1
85,34992,58,1,108,2,3,forced,57,58,1,0
85,34992,58,1,128,7,0,none,58,57,0,1
85,34992,58,1,144,4,2,forced,57,58,1,0
85,34992,58,1,162,1,4,forced,57,58,1,0
85,34992,58,1,192,6,1,forced,57,58,1,0
85,34992,58,1,216,3,3,forced,57,58,1,0
85,34992,58,1,243,0,5,none,58,57,0,1
85,34992,58,1,256,8,0,forced,57,58,1,0
85,34992,58,1,288,5,2,forced,57,58,1,0
85,34992,58,1,324,2,4,none,58,57,0,1
85,34992,58,1,384,7,1,forced,57,58,1,0
85,34992,58,1,432,4,3,none,58,57,0,1
85,34992,58,1,486,1,5,forced,57,58,1,0
85,34992,58,1,512,9,0,forced,57,58,1,0
85,34992,58,1,576,6,2,none,58,57,0,1
85,34992,58,1,648,3,4,forced,57,58,1,0
85,34992,58,1,729,0,6,forced,57,58,1,0
85,34992,58,1,768,8,1,none,58,57,0,1
85,34992,58,1,864,5,3,forced,57,58,1,0
85,34992,58,1,972,2,5,forced,57,58,1,0
85,34992,58,1,1024,10,0,none,58,57,0,1
85,34992,58,1,1152,7,2,forced,57,58,1,0
85,34992,58,1,1296,4,4,forced,57,58,1,0
85,34992,58,1,1458,1,6,none,58,57,0,1
85,34992,58,1,1536,9,1,forced,57,58,1,0
85,34992,58,1,1728,6,3,forced,57,58,1,0
85,34992,58,1,1944,3,5,none,58,57,0,1
85,34992,58,1,2048,11,0,forced,57,58,1,0
85,34992,58,1,2187,0,7,forced,57,58,1,0
85,34992,58,1,2304,8,2,forced,57,58,1,0
85,34992,58,1,2592,5,4,none,58,57,0,1
85,34992,58,1,2916,2,6,forced,57,58,1,0
85,34992,58,1,3072,10,1,forced,57,58,1,0
85,34992,58,1,3456,7,3,none,58,57,0,1
85,34992,58,1,3888,4,5,forced,57,58,1,0
85,34992,58,1,4096,12,0,forced,57,58,1,0
85,34992,58,1,4374,1,7,forced,57,58,1,0
85,34992,58,1,4608,9,2,none,58,57,0,1
85,34992,58,1,5184,6,4,forced,57,58,1,0
85,34992,58,1,5832,3,6,forced,57,58,1,0
85,34992,58,1,6144,11,1,none,58,57,0,1
85,34992,58,1,6561,0,8,none,58,57,0,1
85,34992,58,1,6912,8,3,forced,57,58,1,0
85,34992,58,1,7776,5,5,forced,57,58,1,0
85,34992,58,1,8192,13,0,none,58,57,0,1
85,34992,58,1,8748,2,7,none,58,57,0,1
85,34992,58,1,9216,10,2,flexible,58,58,0,0
85,34992,58,1,10368,7,4,forced,57,58,1,0
85,34992,58,1,11664,4,6,none,58,57,0,1
85,34992,58,1,12288,12,1,forced,57,58,1,0
85,34992,58,1,13122,1,8,forced,57,58,1,0
85,34992,58,1,13824,9,3,forced,57,58,1,0
85,34992,58,1,15552,6,5,none,58,57,0,1
85,34992,58,1,16384,14,0,forced,57,58,1,0
85,34992,58,1,17496,3,7,forced,57,58,1,0
85,34992,58,1,18432,11,2,flexible,58,58,0,0
85,34992,58,1,19683,0,9,forced,57,58,1,0
85,34992,58,1,20736,8,4,none,58,57,0,1
85,34992,58,1,23328,5,6,forced,57,58,1,0
85,34992,58,1,24576,13,1,forced,57,58,1,0
85,34992,58,1,26244,2,8,forced,57,58,1,0
85,34992,58,1,27648,10,3,flexible,58,58,0,0
85,34992,58,1,31104,7,5,forced,57,58,1,0
85,34992,58,1,32768,15,0,forced,57,58,1,0
85,34992,58,1,34992,4,7,forced,57,58,1,0
86,36864,58,0,1,0,0,forced,57,58,1,0
86,36864,58,0,2,1,0,flexible,58,58,0,0
86,36864,58,0,3,0,1,flexible,58,58,0,0
86,36864,58,0,4,2,0,flexible,58,58,0,0
86,36864,58,0,6,1,1,forced,57,58,1,0
86,36864,58,0,8,3,0,forced,57,58,1,0
86,36864,58,0,9,0,2,flexible,58,58,0,0
86,36864,58,0,12,2,1,flexible,58,58,0,0
86,36864,58,0,16,4,0,flexible,58,58,0,0
86,36864,58,0,18,1,2,flexible,58,58,0,0
86,36864,58,0,24,3,1,flexible,58,58,0,0
86,36864,58,0,27,0,3,forced,57,58,1,0
86,36864,58,0,32,5,0,flexible,58,58,0,0
86,36864,58,0,36,2,2,forced,57,58,1,0
86,36864,58,0,48,4,1,forced,57,58,1,0
86,36864,58,0,54,1,3,flexible,58,58,0,0
86,36864,58,0,64,6,0,forced,57,58,1,0
86,36864,58,0,72,3,2,flexible,58,58,0,0
86,36864,58,0,81,0,4,flexible,58,58,0,0
86,36864,58,0,96,5,1,flexible,58,58,0,0
86,36864,58,0,108,2,3,flexible,58,58,0,0
86,36864,58,0,128,7,0,flexible,58,58,0,0
86,36864,58,0,144,4,2,flexible,58,58,0,0
86,36864,58,0,162,1,4,forced,57,58,1,0
86,36864,58,0,192,6,1,flexible,58,58,0,0
86,36864,58,0,216,3,3,forced,57,58,1,0
86,36864,58,0,243,0,5,flexible,58,58,0,0
86,36864,58,0,256,8,0,flexible,58,58,0,0
86,36864,58,0,288,5,2,forced,57,58,1,0
86,36864,58,0,324,2,4,flexible,58,58,0,0
86,36864,58,0,384,7,1,forced,57,58,1,0
86,36864,58,0,432,4,3,flexible,58,58,0,0
86,36864,58,0,486,1,5,flexible,58,58,0,0
86,36864,58,0,512,9,0,flexible,58,58,0,0
86,36864,58,0,576,6,2,flexible,58,58,0,0
86,36864,58,0,648,3,4,flexible,58,58,0,0
86,36864,58,0,729,0,6,forced,57,58,1,0
86,36864,58,0,768,8,1,flexible,58,58,0,0
86,36864,58,0,864,5,3,flexible,58,58,0,0
86,36864,58,0,972,2,5,forced,57,58,1,0
86,36864,58,0,1024,10,0,flexible,58,58,0,0
86,36864,58,0,1152,7,2,flexible,58,58,0,0
86,36864,58,0,1296,4,4,forced,57,58,1,0
86,36864,58,0,1458,1,6,flexible,58,58,0,0
86,36864,58,0,1536,9,1,flexible,58,58,0,0
86,36864,58,0,1728,6,3,forced,57,58,1,0
86,36864,58,0,1944,3,5,flexible,58,58,0,0
86,36864,58,0,2048,11,0,flexible,58,58,0,0
86,36864,58,0,2187,0,7,flexible,58,58,0,0
86,36864,58,0,2304,8,2,flexible,58,58,0,0
86,36864,58,0,2592,5,4,flexible,58,58,0,0
86,36864,58,0,2916,2,6,flexible,58,58,0,0
86,36864,58,0,3072,10,1,flexible,58,58,0,0
86,36864,58,0,3456,7,3,flexible,58,58,0,0
86,36864,58,0,3888,4,5,flexible,58,58,0,0
86,36864,58,0,4096,12,0,flexible,58,58,0,0
86,36864,58,0,4374,1,7,forced,57,58,1,0
86,36864,58,0,4608,9,2,flexible,58,58,0,0
86,36864,58,0,5184,6,4,flexible,58,58,0,0
86,36864,58,0,5832,3,6,forced,57,58,1,0
86,36864,58,0,6144,11,1,flexible,58,58,0,0
86,36864,58,0,6561,0,8,flexible,58,58,0,0
86,36864,58,0,6912,8,3,flexible,58,58,0,0
86,36864,58,0,7776,5,5,flexible,58,58,0,0
86,36864,58,0,8192,13,0,flexible,58,58,0,0
86,36864,58,0,8748,2,7,flexible,58,58,0,0
86,36864,58,0,9216,10,2,flexible,58,58,0,0
86,36864,58,0,10368,7,4,flexible,58,58,0,0
86,36864,58,0,11664,4,6,flexible,58,58,0,0
86,36864,58,0,12288,12,1,flexible,58,58,0,0
86,36864,58,0,13122,1,8,flexible,58,58,0,0
86,36864,58,0,13824,9,3,forced,57,58,1,0
86,36864,58,0,15552,6,5,flexible,58,58,0,0
86,36864,58,0,16384,14,0,flexible,58,58,0,0
86,36864,58,0,17496,3,7,flexible,58,58,0,0
86,36864,58,0,18432,11,2,flexible,58,58,0,0
86,36864,58,0,19683,0,9,forced,57,58,1,0
86,36864,58,0,20736,8,4,flexible,58,58,0,0
86,36864,58,0,23328,5,6,flexible,58,58,0,0
86,36864,58,0,24576,13,1,flexible,58,58,0,0
86,36864,58,0,26244,2,8,forced,57,58,1,0
86,36864,58,0,27648,10,3,flexible,58,58,0,0
86,36864,58,0,31104,7,5,flexible,58,58,0,0
86,36864,58,0,32768,15,0,forced,57,58,1,0
86,36864,58,0,34992,4,7,forced,57,58,1,0
86,36864,58,0,36864,12,2,flexible,58,58,0,0
87,39366,59,1,1,0,0,forced,58,59,1,0
87,39366,59,1,2,1,0,forced,58,59,1,0
87,39366,59,1,3,0,1,none,59,58,0,1
87,39366,59,1,4,2,0,none,59,58,0,1
87,39366,59,1,6,1,1,forced,58,59,1,0
87,39366,59,1,8,3,0,forced,58,59,1,0
87,39366,59,1,9,0,2,forced,58,59,1,0
87,39366,59,1,12,2,1,forced,58,59,1,0
87,39366,59,1,16,4,0,forced,58,59,1,0
87,39366,59,1,18,1,2,none,59,58,0,1
87,39366,59,1,24,3,1,none,59,58,0,1
87,39366,59,1,27,0,3,forced,58,59,1,0
87,39366,59,1,32,5,0,none,59,58,0,1
87,39366,59,1,36,2,2,forced,58,59,1,0
87,39366,59,1,48,4,1,forced,58,59,1,0
87,39366,59,1,54,1,3,forced,58,59,1,0
87,39366,59,1,64,6,0,forced,58,59,1,0
87,39366,59,1,72,3,2,forced,58,59,1,0
87,39366,59,1,81,0,4,none,59,58,0,1
87,39366,59,1,96,5,1,forced,58,59,1,0
87,39366,59,1,108,2,3,none,59,58,0,1
87,39366,59,1,128,7,0,forced,58,59,1,0
87,39366,59,1,144,4,2,none,59,58,0,1
87,39366,59,1,162,1,4,forced,58,59,1,0
87,39366,59,1,192,6,1,none,59,58,0,1
87,39366,59,1,216,3,3,forced,58,59,1,0
87,39366,59,1,243,0,5,forced,58,59,1,0
87,39366,59,1,256,8,0,none,59,58,0,1
87,39366,59,1,288,5,2,forced,58,59,1,0
87,39366,59,1,324,2,4,forced,58,59,1,0
87,39366,59,1,384,7,1,forced,58,59,1,0
87,39366,59,1,432,4,3,forced,58,59,1,0
87,39366,59,1,486,1,5,none,59,58,0,1
87,39366,59,1,512,9,0,forced,58,59,1,0
87,39366,59,1,576,6,2,forced,58,59,1,0
87,39366,59,1,648,3,4,none,59,58,0,1
87,39366,59,1,729,0,6,forced,58,59,1,0
87,39366,59,1,768,8,1,forced,58,59,1,0
87,39366,59,1,864,5,3,none,59,58,0,1
87,39366,59,1,972,2,5,forced,58,59,1,0
87,39366,59,1,1024,10,0,forced,58,59,1,0
87,39366,59,1,1152,7,2,none,59,58,0,1
87,39366,59,1,1296,4,4,forced,58,59,1,0
87,39366,59,1,1458,1,6,forced,58,59,1,0
87,39366,59,1,1536,9,1,none,59,58,0,1
87,39366,59,1,1728,6,3,forced,58,59,1,0
87,39366,59,1,1944,3,5,forced,58,59,1,0
87,39366,59,1,2048,11,0,none,59,58,0,1
87,39366,59,1,2187,0,7,none,59,58,0,1
87,39366,59,1,2304,8,2,forced,58,59,1,0
87,39366,59,1,2592,5,4,forced,58,59,1,0
87,39366,59,1,2916,2,6,none,59,58,0,1
87,39366,59,1,3072,10,1,forced,58,59,1,0
87,39366,59,1,3456,7,3,forced,58,59,1,0
87,39366,59,1,3888,4,5,none,59,58,0,1
87,39366,59,1,4096,12,0,forced,58,59,1,0
87,39366,59,1,4374,1,7,forced,58,59,1,0
87,39366,59,1,4608,9,2,forced,58,59,1,0
87,39366,59,1,5184,6,4,none,59,58,0,1
87,39366,59,1,5832,3,6,forced,58,59,1,0
87,39366,59,1,6144,11,1,forced,58,59,1,0
87,39366,59,1,6561,0,8,forced,58,59,1,0
87,39366,59,1,6912,8,3,none,59,58,0,1
87,39366,59,1,7776,5,5,forced,58,59,1,0
87,39366,59,1,8192,13,0,flexible,59,59,0,0
87,39366,59,1,8748,2,7,forced,58,59,1,0
87,39366,59,1,9216,10,2,none,59,58,0,1
87,39366,59,1,10368,7,4,flexible,59,59,0,0
87,39366,59,1,11664,4,6,forced,58,59,1,0
87,39366,59,1,12288,12,1,none,59,58,0,1
87,39366,59,1,13122,1,8,none,59,58,0,1
87,39366,59,1,13824,9,3,forced,58,59,1,0
87,39366,59,1,15552,6,5,forced,58,59,1,0
87,39366,59,1,16384,14,0,flexible,59,59,0,0
87,39366,59,1,17496,3,7,none,59,58,0,1
87,39366,59,1,18432,11,2,forced,58,59,1,0
87,39366,59,1,19683,0,9,forced,58,59,1,0
87,39366,59,1,20736,8,4,flexible,59,59,0,0
87,39366,59,1,23328,5,6,none,59,58,0,1
87,39366,59,1,24576,13,1,flexible,59,59,0,0
87,39366,59,1,26244,2,8,forced,58,59,1,0
87,39366,59,1,27648,10,3,forced,58,59,1,0
87,39366,59,1,31104,7,5,flexible,59,59,0,0
87,39366,59,1,32768,15,0,forced,58,59,1,0
87,39366,59,1,34992,4,7,forced,58,59,1,0
87,39366,59,1,36864,12,2,forced,58,59,1,0
87,39366,59,1,39366,1,9,forced,58,59,1,0
88,41472,59,0,1,0,0,flexible,59,59,0,0
88,41472,59,0,2,1,0,flexible,59,59,0,0
88,41472,59,0,3,0,1,flexible,59,59,0,0
88,41472,59,0,4,2,0,flexible,59,59,0,0
88,41472,59,0,6,1,1,flexible,59,59,0,0
88,41472,59,0,8,3,0,flexible,59,59,0,0
88,41472,59,0,9,0,2,flexible,59,59,0,0
88,41472,59,0,12,2,1,flexible,59,59,0,0
88,41472,59,0,16,4,0,flexible,59,59,0,0
88,41472,59,0,18,1,2,flexible,59,59,0,0
88,41472,59,0,24,3,1,flexible,59,59,0,0
88,41472,59,0,27,0,3,flexible,59,59,0,0
88,41472,59,0,32,5,0,flexible,59,59,0,0
88,41472,59,0,36,2,2,flexible,59,59,0,0
88,41472,59,0,48,4,1,flexible,59,59,0,0
88,41472,59,0,54,1,3,flexible,59,59,0,0
88,41472,59,0,64,6,0,flexible,59,59,0,0
88,41472,59,0,72,3,2,flexible,59,59,0,0
88,41472,59,0,81,0,4,flexible,59,59,0,0
88,41472,59,0,96,5,1,flexible,59,59,0,0
88,41472,59,0,108,2,3,flexible,59,59,0,0
88,41472,59,0,128,7,0,flexible,59,59,0,0
88,41472,59,0,144,4,2,flexible,59,59,0,0
88,41472,59,0,162,1,4,flexible,59,59,0,0
88,41472,59,0,192,6,1,flexible,59,59,0,0
88,41472,59,0,216,3,3,flexible,59,59,0,0
88,41472,59,0,243,0,5,flexible,59,59,0,0
88,41472,59,0,256,8,0,flexible,59,59,0,0
88,41472,59,0,288,5,2,flexible,59,59,0,0
88,41472,59,0,324,2,4,flexible,59,59,0,0
88,41472,59,0,384,7,1,flexible,59,59,0,0
88,41472,59,0,432,4,3,flexible,59,59,0,0
88,41472,59,0,486,1,5,flexible,59,59,0,0
88,41472,59,0,512,9,0,flexible,59,59,0,0
88,41472,59,0,576,6,2,flexible,59,59,0,0
88,41472,59,0,648,3,4,flexible,59,59,0,0
88,41472,59,0,729,0,6,flexible,59,59,0,0
88,41472,59,0,768,8,1,flexible,59,59,0,0
88,41472,59,0,864,5,3,flexible,59,59,0,0
88,41472,59,0,972,2,5,flexible,59,59,0,0
88,41472,59,0,1024,10,0,flexible,59,59,0,0
88,41472,59,0,1152,7,2,flexible,59,59,0,0
88,41472,59,0,1296,4,4,flexible,59,59,0,0
88,41472,59,0,1458,1,6,flexible,59,59,0,0
88,41472,59,0,1536,9,1,flexible,59,59,0,0
88,41472,59,0,1728,6,3,flexible,59,59,0,0
88,41472,59,0,1944,3,5,flexible,59,59,0,0
88,41472,59,0,2048,11,0,flexible,59,59,0,0
88,41472,59,0,2187,0,7,flexible,59,59,0,0
88,41472,59,0,2304,8,2,flexible,59,59,0,0
88,41472,59,0,2592,5,4,flexible,59,59,0,0
88,41472,59,0,2916,2,6,flexible,59,59,0,0
88,41472,59,0,3072,10,1,flexible,59,59,0,0
88,41472,59,0,3456,7,3,flexible,59,59,0,0
88,41472,59,0,3888,4,5,flexible,59,59,0,0
88,41472,59,0,4096,12,0,flexible,59,59,0,0
88,41472,59,0,4374,1,7,flexible,59,59,0,0
88,41472,59,0,4608,9,2,flexible,59,59,0,0
88,41472,59,0,5184,6,4,flexible,59,59,0,0
88,41472,59,0,5832,3,6,flexible,59,59,0,0
88,41472,59,0,6144,11,1,flexible,59,59,0,0
88,41472,59,0,6561,0,8,flexible,59,59,0,0
88,41472,59,0,6912,8,3,flexible,59,59,0,0
88,41472,59,0,7776,5,5,flexible,59,59,0,0
88,41472,59,0,8192,13,0,flexible,59,59,0,0
88,41472,59,0,8748,2,7,flexible,59,59,0,0
88,41472,59,0,9216,10,2,flexible,59,59,0,0
88,41472,59,0,10368,7,4,flexible,59,59,0,0
88,41472,59,0,11664,4,6,flexible,59,59,0,0
88,41472,59,0,12288,12,1,flexible,59,59,0,0
88,41472,59,0,13122,1,8,flexible,59,59,0,0
88,41472,59,0,13824,9,3,flexible,59,59,0,0
88,41472,59,0,15552,6,5,flexible,59,59,0,0
88,41472,59,0,16384,14,0,flexible,59,59,0,0
88,41472,59,0,17496,3,7,flexible,59,59,0,0
88,41472,59,0,18432,11,2,flexible,59,59,0,0
88,41472,59,0,19683,0,9,flexible,59,59,0,0
88,41472,59,0,20736,8,4,flexible,59,59,0,0
88,41472,59,0,23328,5,6,flexible,59,59,0,0
88,41472,59,0,24576,13,1,flexible,59,59,0,0
88,41472,59,0,26244,2,8,flexible,59,59,0,0
88,41472,59,0,27648,10,3,flexible,59,59,0,0
88,41472,59,0,31104,7,5,flexible,59,59,0,0
88,41472,59,0,32768,15,0,forced,58,59,1,0
88,41472,59,0,34992,4,7,flexible,59,59,0,0
88,41472,59,0,36864,12,2,flexible,59,59,0,0
88,41472,59,0,39366,1,9,flexible,59,59,0,0
88,41472,59,0,41472,9,4,flexible,59,59,0,0
89,46656,60,1,1,0,0,forced,59,60,1,0
89,46656,60,1,2,1,0,flexible,60,60,0,0
89,46656,60,1,3,0,1,flexible,60,60,0,0
89,46656,60,1,4,2,0,flexible,60,60,0,0
89,46656,60,1,6,1,1,forced,59,60,1,0
89,46656,60,1,8,3,0,forced,59,60,1,0
89,46656,60,1,9,0,2,flexible,60,60,0,0
89,46656,60,1,12,2,1,flexible,60,60,0,0
89,46656,60,1,16,4,0,flexible,60,60,0,0
89,46656,60,1,18,1,2,flexible,60,60,0,0
89,46656,60,1,24,3,1,flexible,60,60,0,0
89,46656,60,1,27,0,3,forced,59,60,1,0
89,46656,60,1,32,5,0,flexible,60,60,0,0
89,46656,60,1,36,2,2,forced,59,60,1,0
89,46656,60,1,48,4,1,forced,59,60,1,0
89,46656,60,1,54,1,3,flexible,60,60,0,0
89,46656,60,1,64,6,0,forced,59,60,1,0
89,46656,60,1,72,3,2,flexible,60,60,0,0
89,46656,60,1,81,0,4,flexible,60,60,0,0
89,46656,60,1,96,5,1,flexible,60,60,0,0
89,46656,60,1,108,2,3,flexible,60,60,0,0
89,46656,60,1,128,7,0,flexible,60,60,0,0
89,46656,60,1,144,4,2,flexible,60,60,0,0
89,46656,60,1,162,1,4,forced,59,60,1,0
89,46656,60,1,192,6,1,flexible,60,60,0,0
89,46656,60,1,216,3,3,forced,59,60,1,0
89,46656,60,1,243,0,5,flexible,60,60,0,0
89,46656,60,1,256,8,0,flexible,60,60,0,0
89,46656,60,1,288,5,2,forced,59,60,1,0
89,46656,60,1,324,2,4,flexible,60,60,0,0
89,46656,60,1,384,7,1,forced,59,60,1,0
89,46656,60,1,432,4,3,flexible,60,60,0,0
89,46656,60,1,486,1,5,flexible,60,60,0,0
89,46656,60,1,512,9,0,forced,59,60,1,0
89,46656,60,1,576,6,2,flexible,60,60,0,0
89,46656,60,1,648,3,4,flexible,60,60,0,0
89,46656,60,1,729,0,6,forced,59,60,1,0
89,46656,60,1,768,8,1,flexible,60,60,0,0
89,46656,60,1,864,5,3,flexible,60,60,0,0
89,46656,60,1,972,2,5,forced,59,60,1,0
89,46656,60,1,1024,10,0,flexible,60,60,0,0
89,46656,60,1,1152,7,2,flexible,60,60,0,0
89,46656,60,1,1296,4,4,forced,59,60,1,0
89,46656,60,1,1458,1,6,flexible,60,60,0,0
89,46656,60,1,1536,9,1,flexible,60,60,0,0
89,46656,60,1,1728,6,3,forced,59,60,1,0
89,46656,60,1,1944,3,5,flexible,60,60,0,0
89,46656,60,1,2048,11,0,flexible,60,60,0,0
89,46656,60,1,2187,0,7,flexible,60,60,0,0
89,46656,60,1,2304,8,2,forced,59,60,1,0
89,46656,60,1,2592,5,4,flexible,60,60,0,0
89,46656,60,1,2916,2,6,flexible,60,60,0,0
89,46656,60,1,3072,10,1,flexible,60,60,0,0
89,46656,60,1,3456,7,3,flexible,60,60,0,0
89,46656,60,1,3888,4,5,flexible,60,60,0,0
89,46656,60,1,4096,12,0,flexible,60,60,0,0
89,46656,60,1,4374,1,7,flexible,60,60,0,0
89,46656,60,1,4608,9,2,flexible,60,60,0,0
89,46656,60,1,5184,6,4,flexible,60,60,0,0
89,46656,60,1,5832,3,6,forced,59,60,1,0
89,46656,60,1,6144,11,1,flexible,60,60,0,0
89,46656,60,1,6561,0,8,flexible,60,60,0,0
89,46656,60,1,6912,8,3,flexible,60,60,0,0
89,46656,60,1,7776,5,5,forced,59,60,1,0
89,46656,60,1,8192,13,0,flexible,60,60,0,0
89,46656,60,1,8748,2,7,flexible,60,60,0,0
89,46656,60,1,9216,10,2,flexible,60,60,0,0
89,46656,60,1,10368,7,4,forced,59,60,1,0
89,46656,60,1,11664,4,6,flexible,60,60,0,0
89,46656,60,1,12288,12,1,flexible,60,60,0,0
89,46656,60,1,13122,1,8,flexible,60,60,0,0
89,46656,60,1,13824,9,3,flexible,60,60,0,0
89,46656,60,1,15552,6,5,flexible,60,60,0,0
89,46656,60,1,16384,14,0,flexible,60,60,0,0
89,46656,60,1,17496,3,7,flexible,60,60,0,0
89,46656,60,1,18432,11,2,flexible,60,60,0,0
89,46656,60,1,19683,0,9,forced,59,60,1,0
89,46656,60,1,20736,8,4,flexible,60,60,0,0
89,46656,60,1,23328,5,6,flexible,60,60,0,0
89,46656,60,1,24576,13,1,flexible,60,60,0,0
89,46656,60,1,26244,2,8,flexible,60,60,0,0
89,46656,60,1,27648,10,3,flexible,60,60,0,0
89,46656,60,1,31104,7,5,flexible,60,60,0,0
89,46656,60,1,32768,15,0,forced,59,60,1,0
89,46656,60,1,34992,4,7,forced,59,60,1,0
89,46656,60,1,36864,12,2,flexible,60,60,0,0
89,46656,60,1,39366,1,9,flexible,60,60,0,0
89,46656,60,1,41472,9,4,flexible,60,60,0,0
89,46656,60,1,46656,6,6,forced,59,60,1,0
90,49152,61,1,1,0,0,forced,60,61,1,0
90,49152,61,1,2,1,0,flexible,61,61,0,0
90,49152,61,1,3,0,1,flexible,61,61,0,0
90,49152,61,1,4,2,0,flexible,61,61,0,0
90,49152,61,1,6,1,1,forced,60,61,1,0
90,49152,61,1,8,3,0,forced,60,61,1,0
90,49152,61,1,9,0,2,flexible,61,61,0,0
90,49152,61,1,12,2,1,flexible,61,61,0,0
90,49152,61,1,16,4,0,flexible,61,61,0,0
90,49152,61,1,18,1,2,flexible,61,61,0,0
90,49152,61,1,24,3,1,flexible,61,61,0,0
90,49152,61,1,27,0,3,forced,60,61,1,0
90,49152,61,1,32,5,0,flexible,61,61,0,0
90,49152,61,1,36,2,2,forced,60,61,1,0
90,49152,61,1,48,4,1,forced,60,61,1,0
90,49152,61,1,54,1,3,flexible,61,61,0,0
90,49152,61,1,64,6,0,forced,60,61,1,0
90,49152,61,1,72,3,2,flexible,61,61,0,0
90,49152,61,1,81,0,4,flexible,61,61,0,0
90,49152,61,1,96,5,1,flexible,61,61,0,0
90,49152,61,1,108,2,3,flexible,61,61,0,0
90,49152,61,1,128,7,0,flexible,61,61,0,0
90,49152,61,1,144,4,2,flexible,61,61,0,0
90,49152,61,1,162,1,4,forced,60,61,1,0
90,49152,61,1,192,6,1,flexible,61,61,0,0
90,49152,61,1,216,3,3,forced,60,61,1,0
90,49152,61,1,243,0,5,flexible,61,61,0,0
90,49152,61,1,256,8,0,flexible,61,61,0,0
90,49152,61,1,288,5,2,forced,60,61,1,0
90,49152,61,1,324,2,4,flexible,61,61,0,0
90,49152,61,1,384,7,1,forced,60,61,1,0
90,49152,61,1,432,4,3,flexible,61,61,0,0
90,49152,61,1,486,1,5,flexible,61,61,0,0
90,49152,61,1,512,9,0,forced,60,61,1,0
90,49152,61,1,576,6,2,flexible,61,61,0,0
90,49152,61,1,648,3,4,flexible,61,61,0,0
90,49152,61,1,729,0,6,forced,60,61,1,0
90,49152,61,1,768,8,1,flexible,61,61,0,0
90,49152,61,1,864,5,3,flexible,61,61,0,0
90,49152,61,1,972,2,5,forced,60,61,1,0
90,49152,61,1,1024,10,0,flexible,61,61,0,0
90,49152,61,1,1152,7,2,flexible,61,61,0,0
90,49152,61,1,1296,4,4,forced,60,61,1,0
90,49152,61,1,1458,1,6,flexible,61,61,0,0
90,49152,61,1,1536,9,1,flexible,61,61,0,0
90,49152,61,1,1728,6,3,forced,60,61,1,0
90,49152,61,1,1944,3,5,flexible,61,61,0,0
90,49152,61,1,2048,11,0,flexible,61,61,0,0
90,49152,61,1,2187,0,7,flexible,61,61,0,0
90,49152,61,1,2304,8,2,forced,60,61,1,0
90,49152,61,1,2592,5,4,flexible,61,61,0,0
90,49152,61,1,2916,2,6,flexible,61,61,0,0
90,49152,61,1,3072,10,1,forced,60,61,1,0
90,49152,61,1,3456,7,3,flexible,61,61,0,0
90,49152,61,1,3888,4,5,flexible,61,61,0,0
90,49152,61,1,4096,12,0,forced,60,61,1,0
90,49152,61,1,4374,1,7,flexible,61,61,0,0
90,49152,61,1,4608,9,2,flexible,61,61,0,0
90,49152,61,1,5184,6,4,flexible,61,61,0,0
90,49152,61,1,5832,3,6,forced,60,61,1,0
90,49152,61,1,6144,11,1,flexible,61,61,0,0
90,49152,61,1,6561,0,8,flexible,61,61,0,0
90,49152,61,1,6912,8,3,flexible,61,61,0,0
90,49152,61,1,7776,5,5,forced,60,61,1,0
90,49152,61,1,8192,13,0,forced,60,61,1,0
90,49152,61,1,8748,2,7,flexible,61,61,0,0
90,49152,61,1,9216,10,2,flexible,61,61,0,0
90,49152,61,1,10368,7,4,forced,60,61,1,0
90,49152,61,1,11664,4,6,flexible,61,61,0,0
90,49152,61,1,12288,12,1,none,61,60,0,1
90,49152,61,1,13122,1,8,flexible,61,61,0,0
90,49152,61,1,13824,9,3,flexible,61,61,0,0
90,49152,61,1,15552,6,5,flexible,61,61,0,0
90,49152,61,1,16384,14,0,none,61,60,0,1
90,49152,61,1,17496,3,7,flexible,61,61,0,0
90,49152,61,1,18432,11,2,forced,60,61,1,0
90,49152,61,1,19683,0,9,forced,60,61,1,0
90,49152,61,1,20736,8,4,flexible,61,61,0,0
90,49152,61,1,23328,5,6,flexible,61,61,0,0
90,49152,61,1,24576,13,1,forced,60,61,1,0
90,49152,61,1,26244,2,8,flexible,61,61,0,0
90,49152,61,1,27648,10,3,flexible,61,61,0,0
90,49152,61,1,31104,7,5,flexible,61,61,0,0
90,49152,61,1,32768,15,0,forced,60,61,1,0
90,49152,61,1,34992,4,7,forced,60,61,1,0
90,49152,61,1,36864,12,2,forced,60,61,1,0
90,49152,61,1,39366,1,9,flexible,61,61,0,0
90,49152,61,1,41472,9,4,flexible,61,61,0,0
90,49152,61,1,46656,6,6,forced,60,61,1,0
90,49152,61,1,49152,14,1,forced,60,61,1,0
91,52488,62,1,1,0,0,forced,61,62,1,0
91,52488,62,1,2,1,0,forced,61,62,1,0
91,52488,62,1,3,0,1,none,62,61,0,1
91,52488,62,1,4,2,0,none,62,61,0,1
91,52488,62,1,6,1,1,forced,61,62,1,0
91,52488,62,1,8,3,0,forced,61,62,1,0
91,52488,62,1,9,0,2,forced,61,62,1,0
91,52488,62,1,12,2,1,forced,61,62,1,0
91,52488,62,1,16,4,0,forced,61,62,1,0
91,52488,62,1,18,1,2,none,62,61,0,1
91,52488,62,1,24,3,1,none,62,61,0,1
91,52488,62,1,27,0,3,forced,61,62,1,0
91,52488,62,1,32,5,0,none,62,61,0,1
91,52488,62,1,36,2,2,forced,61,62,1,0
91,52488,62,1,48,4,1,forced,61,62,1,0
91,52488,62,1,54,1,3,forced,61,62,1,0
91,52488,62,1,64,6,0,forced,61,62,1,0
91,52488,62,1,72,3,2,forced,61,62,1,0
91,52488,62,1,81,0,4,none,62,61,0,1
91,52488,62,1,96,5,1,forced,61,62,1,0
91,52488,62,1,108,2,3,none,62,61,0,1
91,52488,62,1,128,7,0,forced,61,62,1,0
91,52488,62,1,144,4,2,none,62,61,0,1
91,52488,62,1,162,1,4,forced,61,62,1,0
91,52488,62,1,192,6,1,none,62,61,0,1
91,52488,62,1,216,3,3,forced,61,62,1,0
91,52488,62,1,243,0,5,forced,61,62,1,0
91,52488,62,1,256,8,0,none,62,61,0,1
91,52488,62,1,288,5,2,forced,61,62,1,0
91,52488,62,1,324,2,4,forced,61,62,1,0
91,52488,62,1,384,7,1,forced,61,62,1,0
91,52488,62,1,432,4,3,forced,61,62,1,0
91,52488,62,1,486,1,5,none,62,61,0,1
91,52488,62,1,512,9,0,forced,61,62,1,0
91,52488,62,1,576,6,2,forced,61,62,1,0
91,52488,62,1,648,3,4,none,62,61,0,1
91,52488,62,1,729,0,6,forced,61,62,1,0
91,52488,62,1,768,8,1,forced,61,62,1,0
91,52488,62,1,864,5,3,none,62,61,0,1
91,52488,62,1,972,2,5,forced,61,62,1,0
91,52488,62,1,1024,10,0,forced,61,62,1,0
91,52488,62,1,1152,7,2,none,62,61,0,1
91,52488,62,1,1296,4,4,forced,61,62,1,0
91,52488,62,1,1458,1,6,forced,61,62,1,0
91,52488,62,1,1536,9,1,none,62,61,0,1
91,52488,62,1,1728,6,3,forced,61,62,1,0
91,52488,62,1,1944,3,5,forced,61,62,1,0
91,52488,62,1,2048,11,0,none,62,61,0,1
91,52488,62,1,2187,0,7,none,62,61,0,1
91,52488,62,1,2304,8,2,forced,61,62,1,0
91,52488,62,1,2592,5,4,forced,61,62,1,0
91,52488,62,1,2916,2,6,none,62,61,0,1
91,52488,62,1,3072,10,1,forced,61,62,1,0
91,52488,62,1,3456,7,3,forced,61,62,1,0
91,52488,62,1,3888,4,5,none,62,61,0,1
91,52488,62,1,4096,12,0,forced,61,62,1,0
91,52488,62,1,4374,1,7,forced,61,62,1,0
91,52488,62,1,4608,9,2,forced,61,62,1,0
91,52488,62,1,5184,6,4,none,62,61,0,1
91,52488,62,1,5832,3,6,forced,61,62,1,0
91,52488,62,1,6144,11,1,forced,61,62,1,0
91,52488,62,1,6561,0,8,forced,61,62,1,0
91,52488,62,1,6912,8,3,none,62,61,0,1
91,52488,62,1,7776,5,5,forced,61,62,1,0
91,52488,62,1,8192,13,0,forced,61,62,1,0
91,52488,62,1,8748,2,7,forced,61,62,1,0
91,52488,62,1,9216,10,2,none,62,61,0,1
91,52488,62,1,10368,7,4,forced,61,62,1,0
91,52488,62,1,11664,4,6,forced,61,62,1,0
91,52488,62,1,12288,12,1,none,62,61,0,1
91,52488,62,1,13122,1,8,none,62,61,0,1
91,52488,62,1,13824,9,3,flexible,62,62,0,0
91,52488,62,1,15552,6,5,forced,61,62,1,0
91,52488,62,1,16384,14,0,none,62,61,0,1
91,52488,62,1,17496,3,7,none,62,61,0,1
91,52488,62,1,18432,11,2,forced,61,62,1,0
91,52488,62,1,19683,0,9,forced,61,62,1,0
91,52488,62,1,20736,8,4,forced,61,62,1,0
91,52488,62,1,23328,5,6,none,62,61,0,1
91,52488,62,1,24576,13,1,forced,61,62,1,0
91,52488,62,1,26244,2,8,forced,61,62,1,0
91,52488,62,1,27648,10,3,flexible,62,62,0,0
91,52488,62,1,31104,7,5,none,62,61,0,1
91,52488,62,1,32768,15,0,forced,61,62,1,0
91,52488,62,1,34992,4,7,forced,61,62,1,0
91,52488,62,1,36864,12,2,forced,61,62,1,0
91,52488,62,1,39366,1,9,forced,61,62,1,0
91,52488,62,1,41472,9,4,flexible,62,62,0,0
91,52488,62,1,46656,6,6,forced,61,62,1,0
91,52488,62,1,49152,14,1,forced,61,62,1,0
91,52488,62,1,52488,3,8,forced,61,62,1,0
92,55296,62,0,1,0,0,forced,61,62,1,0
92,55296,62,0,2,1,0,forced,61,62,1,0
92,55296,62,0,3,0,1,none,62,61,0,1
92,55296,62,0,4,2,0,none,62,61,0,1
92,55296,62,0,6,1,1,forced,61,62,1,0
92,55296,62,0,8,3,0,forced,61,62,1,0
92,55296,62,0,9,0,2,forced,61,62,1,0
92,55296,62,0,12,2,1,forced,61,62,1,0
92,55296,62,0,16,4,0,forced,61,62,1,0
92,55296,62,0,18,1,2,none,62,61,0,1
92,55296,62,0,24,3,1,none,62,61,0,1
92,55296,62,0,27,0,3,forced,61,62,1,0
92,55296,62,0,32,5,0,none,62,61,0,1
92,55296,62,0,36,2,2,forced,61,62,1,0
92,55296,62,0,48,4,1,forced,61,62,1,0
92,55296,62,0,54,1,3,forced,61,62,1,0
92,55296,62,0,64,6,0,forced,61,62,1,0
92,55296,62,0,72,3,2,forced,61,62,1,0
92,55296,62,0,81,0,4,none,62,61,0,1
92,55296,62,0,96,5,1,forced,61,62,1,0
92,55296,62,0,108,2,3,none,62,61,0,1
92,55296,62,0,128,7,0,forced,61,62,1,0
92,55296,62,0,144,4,2,none,62,61,0,1
92,55296,62,0,162,1,4,forced,61,62,1,0
92,55296,62,0,192,6,1,none,62,61,0,1
92,55296,62,0,216,3,3,forced,61,62,1,0
92,55296,62,0,243,0,5,forced,61,62,1,0
92,55296,62,0,256,8,0,none,62,61,0,1
92,55296,62,0,288,5,2,forced,61,62,1,0
92,55296,62,0,324,2,4,forced,61,62,1,0
92,55296,62,0,384,7,1,forced,61,62,1,0
92,55296,62,0,432,4,3,forced,61,62,1,0
92,55296,62,0,486,1,5,none,62,61,0,1
92,55296,62,0,512,9,0,forced,61,62,1,0
92,55296,62,0,576,6,2,forced,61,62,1,0
92,55296,62,0,648,3,4,none,62,61,0,1
92,55296,62,0,729,0,6,forced,61,62,1,0
92,55296,62,0,768,8,1,forced,61,62,1,0
92,55296,62,0,864,5,3,none,62,61,0,1
92,55296,62,0,972,2,5,forced,61,62,1,0
92,55296,62,0,1024,10,0,flexible,62,62,0,0
92,55296,62,0,1152,7,2,none,62,61,0,1
92,55296,62,0,1296,4,4,forced,61,62,1,0
92,55296,62,0,1458,1,6,forced,61,62,1,0
92,55296,62,0,1536,9,1,none,62,61,0,1
92,55296,62,0,1728,6,3,forced,61,62,1,0
92,55296,62,0,1944,3,5,forced,61,62,1,0
92,55296,62,0,2048,11,0,flexible,62,62,0,0
92,55296,62,0,2187,0,7,none,62,61,0,1
92,55296,62,0,2304,8,2,forced,61,62,1,0
92,55296,62,0,2592,5,4,forced,61,62,1,0
92,55296,62,0,2916,2,6,none,62,61,0,1
92,55296,62,0,3072,10,1,flexible,62,62,0,0
92,55296,62,0,3456,7,3,forced,61,62,1,0
92,55296,62,0,3888,4,5,none,62,61,0,1
92,55296,62,0,4096,12,0,flexible,62,62,0,0
92,55296,62,0,4374,1,7,forced,61,62,1,0
92,55296,62,0,4608,9,2,forced,61,62,1,0
92,55296,62,0,5184,6,4,none,62,61,0,1
92,55296,62,0,5832,3,6,forced,61,62,1,0
92,55296,62,0,6144,11,1,flexible,62,62,0,0
92,55296,62,0,6561,0,8,forced,61,62,1,0
92,55296,62,0,6912,8,3,none,62,61,0,1
92,55296,62,0,7776,5,5,forced,61,62,1,0
92,55296,62,0,8192,13,0,forced,61,62,1,0
92,55296,62,0,8748,2,7,forced,61,62,1,0
92,55296,62,0,9216,10,2,flexible,62,62,0,0
92,55296,62,0,10368,7,4,forced,61,62,1,0
92,55296,62,0,11664,4,6,forced,61,62,1,0
92,55296,62,0,12288,12,1,flexible,62,62,0,0
92,55296,62,0,13122,1,8,none,62,61,0,1
92,55296,62,0,13824,9,3,flexible,62,62,0,0
92,55296,62,0,15552,6,5,forced,61,62,1,0
92,55296,62,0,16384,14,0,flexible,62,62,0,0
92,55296,62,0,17496,3,7,none,62,61,0,1
92,55296,62,0,18432,11,2,flexible,62,62,0,0
92,55296,62,0,19683,0,9,forced,61,62,1,0
92,55296,62,0,20736,8,4,forced,61,62,1,0
92,55296,62,0,23328,5,6,none,62,61,0,1
92,55296,62,0,24576,13,1,flexible,62,62,0,0
92,55296,62,0,26244,2,8,forced,61,62,1,0
92,55296,62,0,27648,10,3,flexible,62,62,0,0
92,55296,62,0,31104,7,5,none,62,61,0,1
92,55296,62,0,32768,15,0,flexible,62,62,0,0
92,55296,62,0,34992,4,7,forced,61,62,1,0
92,55296,62,0,36864,12,2,flexible,62,62,0,0
92,55296,62,0,39366,1,9,forced,61,62,1,0
92,55296,62,0,41472,9,4,flexible,62,62,0,0
92,55296,62,0,46656,6,6,forced,61,62,1,0
92,55296,62,0,49152,14,1,flexible,62,62,0,0
92,55296,62,0,52488,3,8,forced,61,62,1,0
92,55296,62,0,55296,11,3,flexible,62,62,0,0
93,59049,62,0,1,0,0,flexible,62,62,0,0
93,59049,62,0,2,1,0,flexible,62,62,0,0
93,59049,62,0,3,0,1,flexible,62,62,0,0
93,59049,62,0,4,2,0,flexible,62,62,0,0
93,59049,62,0,6,1,1,flexible,62,62,0,0
93,59049,62,0,8,3,0,flexible,62,62,0,0
93,59049,62,0,9,0,2,flexible,62,62,0,0
93,59049,62,0,12,2,1,flexible,62,62,0,0
93,59049,62,0,16,4,0,flexible,62,62,0,0
93,59049,62,0,18,1,2,flexible,62,62,0,0
93,59049,62,0,24,3,1,flexible,62,62,0,0
93,59049,62,0,27,0,3,flexible,62,62,0,0
93,59049,62,0,32,5,0,flexible,62,62,0,0
93,59049,62,0,36,2,2,flexible,62,62,0,0
93,59049,62,0,48,4,1,flexible,62,62,0,0
93,59049,62,0,54,1,3,flexible,62,62,0,0
93,59049,62,0,64,6,0,flexible,62,62,0,0
93,59049,62,0,72,3,2,flexible,62,62,0,0
93,59049,62,0,81,0,4,flexible,62,62,0,0
93,59049,62,0,96,5,1,flexible,62,62,0,0
93,59049,62,0,108,2,3,flexible,62,62,0,0
93,59049,62,0,128,7,0,flexible,62,62,0,0
93,59049,62,0,144,4,2,flexible,62,62,0,0
93,59049,62,0,162,1,4,flexible,62,62,0,0
93,59049,62,0,192,6,1,flexible,62,62,0,0
93,59049,62,0,216,3,3,flexible,62,62,0,0
93,59049,62,0,243,0,5,flexible,62,62,0,0
93,59049,62,0,256,8,0,flexible,62,62,0,0
93,59049,62,0,288,5,2,flexible,62,62,0,0
93,59049,62,0,324,2,4,flexible,62,62,0,0
93,59049,62,0,384,7,1,flexible,62,62,0,0
93,59049,62,0,432,4,3,flexible,62,62,0,0
93,59049,62,0,486,1,5,flexible,62,62,0,0
93,59049,62,0,512,9,0,flexible,62,62,0,0
93,59049,62,0,576,6,2,flexible,62,62,0,0
93,59049,62,0,648,3,4,flexible,62,62,0,0
93,59049,62,0,729,0,6,flexible,62,62,0,0
93,59049,62,0,768,8,1,flexible,62,62,0,0
93,59049,62,0,864,5,3,flexible,62,62,0,0
93,59049,62,0,972,2,5,flexible,62,62,0,0
93,59049,62,0,1024,10,0,flexible,62,62,0,0
93,59049,62,0,1152,7,2,flexible,62,62,0,0
93,59049,62,0,1296,4,4,flexible,62,62,0,0
93,59049,62,0,1458,1,6,flexible,62,62,0,0
93,59049,62,0,1536,9,1,flexible,62,62,0,0
93,59049,62,0,1728,6,3,flexible,62,62,0,0
93,59049,62,0,1944,3,5,flexible,62,62,0,0
93,59049,62,0,2048,11,0,flexible,62,62,0,0
93,59049,62,0,2187,0,7,flexible,62,62,0,0
93,59049,62,0,2304,8,2,flexible,62,62,0,0
93,59049,62,0,2592,5,4,flexible,62,62,0,0
93,59049,62,0,2916,2,6,flexible,62,62,0,0
93,59049,62,0,3072,10,1,flexible,62,62,0,0
93,59049,62,0,3456,7,3,flexible,62,62,0,0
93,59049,62,0,3888,4,5,flexible,62,62,0,0
93,59049,62,0,4096,12,0,flexible,62,62,0,0
93,59049,62,0,4374,1,7,flexible,62,62,0,0
93,59049,62,0,4608,9,2,flexible,62,62,0,0
93,59049,62,0,5184,6,4,flexible,62,62,0,0
93,59049,62,0,5832,3,6,flexible,62,62,0,0
93,59049,62,0,6144,11,1,flexible,62,62,0,0
93,59049,62,0,6561,0,8,flexible,62,62,0,0
93,59049,62,0,6912,8,3,flexible,62,62,0,0
93,59049,62,0,7776,5,5,flexible,62,62,0,0
93,59049,62,0,8192,13,0,flexible,62,62,0,0
93,59049,62,0,8748,2,7,flexible,62,62,0,0
93,59049,62,0,9216,10,2,flexible,62,62,0,0
93,59049,62,0,10368,7,4,flexible,62,62,0,0
93,59049,62,0,11664,4,6,flexible,62,62,0,0
93,59049,62,0,12288,12,1,flexible,62,62,0,0
93,59049,62,0,13122,1,8,flexible,62,62,0,0
93,59049,62,0,13824,9,3,flexible,62,62,0,0
93,59049,62,0,15552,6,5,flexible,62,62,0,0
93,59049,62,0,16384,14,0,flexible,62,62,0,0
93,59049,62,0,17496,3,7,flexible,62,62,0,0
93,59049,62,0,18432,11,2,flexible,62,62,0,0
93,59049,62,0,19683,0,9,flexible,62,62,0,0
93,59049,62,0,20736,8,4,flexible,62,62,0,0
93,59049,62,0,23328,5,6,flexible,62,62,0,0
93,59049,62,0,24576,13,1,flexible,62,62,0,0
93,59049,62,0,26244,2,8,flexible,62,62,0,0
93,59049,62,0,27648,10,3,flexible,62,62,0,0
93,59049,62,0,31104,7,5,flexible,62,62,0,0
93,59049,62,0,32768,15,0,flexible,62,62,0,0
93,59049,62,0,34992,4,7,flexible,62,62,0,0
93,59049,62,0,36864,12,2,flexible,62,62,0,0
93,59049,62,0,39366,1,9,flexible,62,62,0,0
93,59049,62,0,41472,9,4,flexible,62,62,0,0
93,59049,62,0,46656,6,6,flexible,62,62,0,0
93,59049,62,0,49152,14,1,flexible,62,62,0,0
93,59049,62,0,52488,3,8,flexible,62,62,0,0
93,59049,62,0,55296,11,3,flexible,62,62,0,0
93,59049,62,0,59049,0,10,flexible,62,62,0,0
94,62208,63,1,1,0,0,forced,62,63,1,0
94,62208,63,1,2,1,0,flexible,63,63,0,0
94,62208,63,1,3,0,1,flexible,63,63,0,0
94,62208,63,1,4,2,0,flexible,63,63,0,0
94,62208,63,1,6,1,1,forced,62,63,1,0
94,62208,63,1,8,3,0,forced,62,63,1,0
94,62208,63,1,9,0,2,flexible,63,63,0,0
94,62208,63,1,12,2,1,flexible,63,63,0,0
94,62208,63,1,16,4,0,flexible,63,63,0,0
94,62208,63,1,18,1,2,flexible,63,63,0,0
94,62208,63,1,24,3,1,flexible,63,63,0,0
94,62208,63,1,27,0,3,forced,62,63,1,0
94,62208,63,1,32,5,0,flexible,63,63,0,0
94,62208,63,1,36,2,2,forced,62,63,1,0
94,62208,63,1,48,4,1,forced,62,63,1,0
94,62208,63,1,54,1,3,flexible,63,63,0,0
94,62208,63,1,64,6,0,forced,62,63,1,0
94,62208,63,1,72,3,2,flexible,63,63,0,0
94,62208,63,1,81,0,4,flexible,63,63,0,0
94,62208,63,1,96,5,1,flexible,63,63,0,0
94,62208,63,1,108,2,3,flexible,63,63,0,0
94,62208,63,1,128,7,0,flexible,63,63,0,0
94,62208,63,1,144,4,2,flexible,63,63,0,0
94,62208,63,1,162,1,4,forced,62,63,1,0
94,62208,63,1,192,6,1,flexible,63,63,0,0
94,62208,63,1,216,3,3,forced,62,63,1,0
94,62208,63,1,243,0,5,flexible,63,63,0,0
94,62208,63,1,256,8,0,flexible,63,63,0,0
94,62208,63,1,288,5,2,forced,62,63,1,0
94,62208,63,1,324,2,4,flexible,63,63,0,0
94,62208,63,1,384,7,1,forced,62,63,1,0
94,62208,63,1,432,4,3,flexible,63,63,0,0
94,62208,63,1,486,1,5,flexible,63,63,0,0
94,62208,63,1,512,9,0,forced,62,63,1,0
94,62208,63,1,576,6,2,flexible,63,63,0,0
94,62208,63,1,648,3,4,flexible,63,63,0,0
94,62208,63,1,729,0,6,forced,62,63,1,0
94,62208,63,1,768,8,1,flexible,63,63,0,0
94,62208,63,1,864,5,3,flexible,63,63,0,0
94,62208,63,1,972,2,5,forced,62,63,1,0
94,62208,63,1,1024,10,0,flexible,63,63,0,0
94,62208,63,1,1152,7,2,flexible,63,63,0,0
94,62208,63,1,1296,4,4,forced,62,63,1,0
94,62208,63,1,1458,1,6,flexible,63,63,0,0
94,62208,63,1,1536,9,1,flexible,63,63,0,0
94,62208,63,1,1728,6,3,forced,62,63,1,0
94,62208,63,1,1944,3,5,flexible,63,63,0,0
94,62208,63,1,2048,11,0,flexible,63,63,0,0
94,62208,63,1,2187,0,7,flexible,63,63,0,0
94,62208,63,1,2304,8,2,forced,62,63,1,0
94,62208,63,1,2592,5,4,flexible,63,63,0,0
94,62208,63,1,2916,2,6,flexible,63,63,0,0
94,62208,63,1,3072,10,1,forced,62,63,1,0
94,62208,63,1,3456,7,3,flexible,63,63,0,0
94,62208,63,1,3888,4,5,flexible,63,63,0,0
94,62208,63,1,4096,12,0,flexible,63,63,0,0
94,62208,63,1,4374,1,7,forced,62,63,1,0
94,62208,63,1,4608,9,2,flexible,63,63,0,0
94,62208,63,1,5184,6,4,flexible,63,63,0,0
94,62208,63,1,5832,3,6,forced,62,63,1,0
94,62208,63,1,6144,11,1,flexible,63,63,0,0
94,62208,63,1,6561,0,8,flexible,63,63,0,0
94,62208,63,1,6912,8,3,flexible,63,63,0,0
94,62208,63,1,7776,5,5,forced,62,63,1,0
94,62208,63,1,8192,13,0,flexible,63,63,0,0
94,62208,63,1,8748,2,7,flexible,63,63,0,0
94,62208,63,1,9216,10,2,flexible,63,63,0,0
94,62208,63,1,10368,7,4,forced,62,63,1,0
94,62208,63,1,11664,4,6,flexible,63,63,0,0
94,62208,63,1,12288,12,1,flexible,63,63,0,0
94,62208,63,1,13122,1,8,flexible,63,63,0,0
94,62208,63,1,13824,9,3,flexible,63,63,0,0
94,62208,63,1,15552,6,5,flexible,63,63,0,0
94,62208,63,1,16384,14,0,flexible,63,63,0,0
94,62208,63,1,17496,3,7,flexible,63,63,0,0
94,62208,63,1,18432,11,2,flexible,63,63,0,0
94,62208,63,1,19683,0,9,flexible,63,63,0,0
94,62208,63,1,20736,8,4,flexible,63,63,0,0
94,62208,63,1,23328,5,6,flexible,63,63,0,0
94,62208,63,1,24576,13,1,forced,62,63,1,0
94,62208,63,1,26244,2,8,forced,62,63,1,0
94,62208,63,1,27648,10,3,flexible,63,63,0,0
94,62208,63,1,31104,7,5,flexible,63,63,0,0
94,62208,63,1,32768,15,0,flexible,63,63,0,0
94,62208,63,1,34992,4,7,flexible,63,63,0,0
94,62208,63,1,36864,12,2,flexible,63,63,0,0
94,62208,63,1,39366,1,9,flexible,63,63,0,0
94,62208,63,1,41472,9,4,flexible,63,63,0,0
94,62208,63,1,46656,6,6,forced,62,63,1,0
94,62208,63,1,49152,14,1,flexible,63,63,0,0
94,62208,63,1,52488,3,8,flexible,63,63,0,0
94,62208,63,1,55296,11,3,flexible,63,63,0,0
94,62208,63,1,59049,0,10,flexible,63,63,0,0
94,62208,63,1,62208,8,5,forced,62,63,1,0
95,65536,64,1,1,0,0,forced,63,64,1,0
95,65536,64,1,2,1,0,flexible,64,64,0,0
95,65536,64,1,3,0,1,flexible,64,64,0,0
95,65536,64,1,4,2,0,flexible,64,64,0,0
95,65536,64,1,6,1,1,forced,63,64,1,0
95,65536,64,1,8,3,0,forced,63,64,1,0
95,65536,64,1,9,0,2,flexible,64,64,0,0
95,65536,64,1,12,2,1,flexible,64,64,0,0
95,65536,64,1,16,4,0,flexible,64,64,0,0
95,65536,64,1,18,1,2,flexible,64,64,0,0
95,65536,64,1,24,3,1,flexible,64,64,0,0
95,65536,64,1,27,0,3,forced,63,64,1,0
95,65536,64,1,32,5,0,flexible,64,64,0,0
95,65536,64,1,36,2,2,forced,63,64,1,0
95,65536,64,1,48,4,1,forced,63,64,1,0
95,65536,64,1,54,1,3,flexible,64,64,0,0
95,65536,64,1,64,6,0,forced,63,64,1,0
95,65536,64,1,72,3,2,flexible,64,64,0,0
95,65536,64,1,81,0,4,flexible,64,64,0,0
95,65536,64,1,96,5,1,flexible,64,64,0,0
95,65536,64,1,108,2,3,flexible,64,64,0,0
95,65536,64,1,128,7,0,flexible,64,64,0,0
95,65536,64,1,144,4,2,flexible,64,64,0,0
95,65536,64,1,162,1,4,forced,63,64,1,0
95,65536,64,1,192,6,1,flexible,64,64,0,0
95,65536,64,1,216,3,3,forced,63,64,1,0
95,65536,64,1,243,0,5,flexible,64,64,0,0
95,65536,64,1,256,8,0,flexible,64,64,0,0
95,65536,64,1,288,5,2,forced,63,64,1,0
95,65536,64,1,324,2,4,flexible,64,64,0,0
95,65536,64,1,384,7,1,forced,63,64,1,0
95,65536,64,1,432,4,3,flexible,64,64,0,0
95,65536,64,1,486,1,5,flexible,64,64,0,0
95,65536,64,1,512,9,0,forced,63,64,1,0
95,65536,64,1,576,6,2,flexible,64,64,0,0
95,65536,64,1,648,3,4,flexible,64,64,0,0
95,65536,64,1,729,0,6,forced,63,64,1,0
95,65536,64,1,768,8,1,flexible,64,64,0,0
95,65536,64,1,864,5,3,flexible,64,64,0,0
95,65536,64,1,972,2,5,forced,63,64,1,0
95,65536,64,1,1024,10,0,flexible,64,64,0,0
95,65536,64,1,1152,7,2,flexible,64,64,0,0
95,65536,64,1,1296,4,4,forced,63,64,1,0
95,65536,64,1,1458,1,6,flexible,64,64,0,0
95,65536,64,1,1536,9,1,flexible,64,64,0,0
95,65536,64,1,1728,6,3,forced,63,64,1,0
95,65536,64,1,1944,3,5,flexible,64,64,0,0
95,65536,64,1,2048,11,0,flexible,64,64,0,0
95,65536,64,1,2187,0,7,flexible,64,64,0,0
95,65536,64,1,2304,8,2,forced,63,64,1,0
95,65536,64,1,2592,5,4,flexible,64,64,0,0
95,65536,64,1,2916,2,6,flexible,64,64,0,0
95,65536,64,1,3072,10,1,forced,63,64,1,0
95,65536,64,1,3456,7,3,flexible,64,64,0,0
95,65536,64,1,3888,4,5,flexible,64,64,0,0
95,65536,64,1,4096,12,0,flexible,64,64,0,0
95,65536,64,1,4374,1,7,forced,63,64,1,0
95,65536,64,1,4608,9,2,flexible,64,64,0,0
95,65536,64,1,5184,6,4,flexible,64,64,0,0
95,65536,64,1,5832,3,6,forced,63,64,1,0
95,65536,64,1,6144,11,1,flexible,64,64,0,0
95,65536,64,1,6561,0,8,flexible,64,64,0,0
95,65536,64,1,6912,8,3,flexible,64,64,0,0
95,65536,64,1,7776,5,5,forced,63,64,1,0
95,65536,64,1,8192,13,0,flexible,64,64,0,0
95,65536,64,1,8748,2,7,flexible,64,64,0,0
95,65536,64,1,9216,10,2,flexible,64,64,0,0
95,65536,64,1,10368,7,4,forced,63,64,1,0
95,65536,64,1,11664,4,6,flexible,64,64,0,0
95,65536,64,1,12288,12,1,flexible,64,64,0,0
95,65536,64,1,13122,1,8,flexible,64,64,0,0
95,65536,64,1,13824,9,3,flexible,64,64,0,0
95,65536,64,1,15552,6,5,flexible,64,64,0,0
95,65536,64,1,16384,14,0,flexible,64,64,0,0
95,65536,64,1,17496,3,7,flexible,64,64,0,0
95,65536,64,1,18432,11,2,flexible,64,64,0,0
95,65536,64,1,19683,0,9,flexible,64,64,0,0
95,65536,64,1,20736,8,4,flexible,64,64,0,0
95,65536,64,1,23328,5,6,flexible,64,64,0,0
95,65536,64,1,24576,13,1,forced,63,64,1,0
95,65536,64,1,26244,2,8,forced,63,64,1,0
95,65536,64,1,27648,10,3,flexible,64,64,0,0
95,65536,64,1,31104,7,5,flexible,64,64,0,0
95,65536,64,1,32768,15,0,flexible,64,64,0,0
95,65536,64,1,34992,4,7,flexible,64,64,0,0
95,65536,64,1,36864,12,2,flexible,64,64,0,0
95,65536,64,1,39366,1,9,flexible,64,64,0,0
95,65536,64,1,41472,9,4,flexible,64,64,0,0
95,65536,64,1,46656,6,6,forced,63,64,1,0
95,65536,64,1,49152,14,1,flexible,64,64,0,0
95,65536,64,1,52488,3,8,flexible,64,64,0,0
95,65536,64,1,55296,11,3,flexible,64,64,0,0
95,65536,64,1,59049,0,10,flexible,64,64,0,0
95,65536,64,1,62208,8,5,forced,63,64,1,0
95,65536,64,1,65536,16,0,forced,63,64,1,0
96,69984,65,1,1,0,0,forced,64,65,1,0
96,69984,65,1,2,1,0,forced,64,65,1,0
96,69984,65,1,3,0,1,none,65,64,0,1
96,69984,65,1,4,2,0,none,65,64,0,1
96,69984,65,1,6,1,1,forced,64,65,1,0
96,69984,65,1,8,3,0,forced,64,65,1,0
96,69984,65,1,9,0,2,forced,64,65,1,0
96,69984,65,1,12,2,1,forced,64,65,1,0
96,69984,65,1,16,4,0,forced,64,65,1,0
96,69984,65,1,18,1,2,none,65,64,0,1
96,69984,65,1,24,3,1,none,65,64,0,1
96,69984,65,1,27,0,3,forced,64,65,1,0
96,69984,65,1,32,5,0,none,65,64,0,1
96,69984,65,1,36,2,2,forced,64,65,1,0
96,69984,65,1,48,4,1,forced,64,65,1,0
96,69984,65,1,54,1,3,forced,64,65,1,0
96,69984,65,1,64,6,0,forced,64,65,1,0
96,69984,65,1,72,3,2,forced,64,65,1,0
96,69984,65,1,81,0,4,none,65,64,0,1
96,69984,65,1,96,5,1,forced,64,65,1,0
96,69984,65,1,108,2,3,none,65,64,0,1
96,69984,65,1,128,7,0,forced,64,65,1,0
96,69984,65,1,144,4,2,none,65,64,0,1
96,69984,65,1,162,1,4,forced,64,65,1,0
96,69984,65,1,192,6,1,none,65,64,0,1
96,69984,65,1,216,3,3,forced,64,65,1,0
96,69984,65,1,243,0,5,forced,64,65,1,0
96,69984,65,1,256,8,0,none,65,64,0,1
96,69984,65,1,288,5,2,forced,64,65,1,0
96,69984,65,1,324,2,4,forced,64,65,1,0
96,69984,65,1,384,7,1,forced,64,65,1,0
96,69984,65,1,432,4,3,forced,64,65,1,0
96,69984,65,1,486,1,5,none,65,64,0,1
96,69984,65,1,512,9,0,forced,64,65,1,0
96,69984,65,1,576,6,2,forced,64,65,1,0
96,69984,65,1,648,3,4,none,65,64,0,1
96,69984,65,1,729,0,6,forced,64,65,1,0
96,69984,65,1,768,8,1,forced,64,65,1,0
96,69984,65,1,864,5,3,none,65,64,0,1
96,69984,65,1,972,2,5,forced,64,65,1,0
96,69984,65,1,1024,10,0,forced,64,65,1,0
96,69984,65,1,1152,7,2,none,65,64,0,1
96,69984,65,1,1296,4,4,forced,64,65,1,0
96,69984,65,1,1458,1,6,forced,64,65,1,0
96,69984,65,1,1536,9,1,none,65,64,0,1
96,69984,65,1,1728,6,3,forced,64,65,1,0
96,69984,65,1,1944,3,5,forced,64,65,1,0
96,69984,65,1,2048,11,0,none,65,64,0,1
96,69984,65,1,2187,0,7,none,65,64,0,1
96,69984,65,1,2304,8,2,forced,64,65,1,0
96,69984,65,1,2592,5,4,forced,64,65,1,0
96,69984,65,1,2916,2,6,none,65,64,0,1
96,69984,65,1,3072,10,1,forced,64,65,1,0
96,69984,65,1,3456,7,3,forced,64,65,1,0
96,69984,65,1,3888,4,5,none,65,64,0,1
96,69984,65,1,4096,12,0,forced,64,65,1,0
96,69984,65,1,4374,1,7,forced,64,65,1,0
96,69984,65,1,4608,9,2,forced,64,65,1,0
96,69984,65,1,5184,6,4,none,65,64,0,1
96,69984,65,1,5832,3,6,forced,64,65,1,0
96,69984,65,1,6144,11,1,forced,64,65,1,0
96,69984,65,1,6561,0,8,forced,64,65,1,0
96,69984,65,1,6912,8,3,none,65,64,0,1
96,69984,65,1,7776,5,5,forced,64,65,1,0
96,69984,65,1,8192,13,0,forced,64,65,1,0
96,69984,65,1,8748,2,7,forced,64,65,1,0
96,69984,65,1,9216,10,2,none,65,64,0,1
96,69984,65,1,10368,7,4,forced,64,65,1,0
96,69984,65,1,11664,4,6,forced,64,65,1,0
96,69984,65,1,12288,12,1,none,65,64,0,1
96,69984,65,1,13122,1,8,none,65,64,0,1
96,69984,65,1,13824,9,3,forced,64,65,1,0
96,69984,65,1,15552,6,5,forced,64,65,1,0
96,69984,65,1,16384,14,0,none,65,64,0,1
96,69984,65,1,17496,3,7,none,65,64,0,1
96,69984,65,1,18432,11,2,flexible,65,65,0,0
96,69984,65,1,19683,0,9,flexible,65,65,0,0
96,69984,65,1,20736,8,4,forced,64,65,1,0
96,69984,65,1,23328,5,6,none,65,64,0,1
96,69984,65,1,24576,13,1,forced,64,65,1,0
96,69984,65,1,26244,2,8,forced,64,65,1,0
96,69984,65,1,27648,10,3,forced,64,65,1,0
96,69984,65,1,31104,7,5,none,65,64,0,1
96,69984,65,1,32768,15,0,forced,64,65,1,0
96,69984,65,1,34992,4,7,forced,64,65,1,0
96,69984,65,1,36864,12,2,flexible,65,65,0,0
96,69984,65,1,39366,1,9,flexible,65,65,0,0
96,69984,65,1,41472,9,4,none,65,64,0,1
96,69984,65,1,46656,6,6,forced,64,65,1,0
96,69984,65,1,49152,14,1,forced,64,65,1,0
96,69984,65,1,52488,3,8,forced,64,65,1,0
96,69984,65,1,55296,11,3,flexible,65,65,0,0
96,69984,65,1,59049,0,10,flexible,65,65,0,0
96,69984,65,1,62208,8,5,forced,64,65,1,0
96,69984,65,1,65536,16,0,forced,64,65,1,0
96,69984,65,1,69984,5,7,forced,64,65,1,0
97,73728,65,0,1,0,0,flexible,65,65,0,0
97,73728,65,0,2,1,0,flexible,65,65,0,0
97,73728,65,0,3,0,1,flexible,65,65,0,0
97,73728,65,0,4,2,0,flexible,65,65,0,0
97,73728,65,0,6,1,1,flexible,65,65,0,0
97,73728,65,0,8,3,0,flexible,65,65,0,0
97,73728,65,0,9,0,2,flexible,65,65,0,0
97,73728,65,0,12,2,1,flexible,65,65,0,0
97,73728,65,0,16,4,0,flexible,65,65,0,0
97,73728,65,0,18,1,2,flexible,65,65,0,0
97,73728,65,0,24,3,1,flexible,65,65,0,0
97,73728,65,0,27,0,3,flexible,65,65,0,0
97,73728,65,0,32,5,0,flexible,65,65,0,0
97,73728,65,0,36,2,2,flexible,65,65,0,0
97,73728,65,0,48,4,1,flexible,65,65,0,0
97,73728,65,0,54,1,3,flexible,65,65,0,0
97,73728,65,0,64,6,0,flexible,65,65,0,0
97,73728,65,0,72,3,2,flexible,65,65,0,0
97,73728,65,0,81,0,4,flexible,65,65,0,0
97,73728,65,0,96,5,1,flexible,65,65,0,0
97,73728,65,0,108,2,3,flexible,65,65,0,0
97,73728,65,0,128,7,0,flexible,65,65,0,0
97,73728,65,0,144,4,2,flexible,65,65,0,0
97,73728,65,0,162,1,4,flexible,65,65,0,0
97,73728,65,0,192,6,1,flexible,65,65,0,0
97,73728,65,0,216,3,3,flexible,65,65,0,0
97,73728,65,0,243,0,5,flexible,65,65,0,0
97,73728,65,0,256,8,0,flexible,65,65,0,0
97,73728,65,0,288,5,2,flexible,65,65,0,0
97,73728,65,0,324,2,4,flexible,65,65,0,0
97,73728,65,0,384,7,1,flexible,65,65,0,0
97,73728,65,0,432,4,3,flexible,65,65,0,0
97,73728,65,0,486,1,5,flexible,65,65,0,0
97,73728,65,0,512,9,0,flexible,65,65,0,0
97,73728,65,0,576,6,2,flexible,65,65,0,0
97,73728,65,0,648,3,4,flexible,65,65,0,0
97,73728,65,0,729,0,6,flexible,65,65,0,0
97,73728,65,0,768,8,1,flexible,65,65,0,0
97,73728,65,0,864,5,3,flexible,65,65,0,0
97,73728,65,0,972,2,5,flexible,65,65,0,0
97,73728,65,0,1024,10,0,flexible,65,65,0,0
97,73728,65,0,1152,7,2,flexible,65,65,0,0
97,73728,65,0,1296,4,4,flexible,65,65,0,0
97,73728,65,0,1458,1,6,flexible,65,65,0,0
97,73728,65,0,1536,9,1,flexible,65,65,0,0
97,73728,65,0,1728,6,3,flexible,65,65,0,0
97,73728,65,0,1944,3,5,flexible,65,65,0,0
97,73728,65,0,2048,11,0,flexible,65,65,0,0
97,73728,65,0,2187,0,7,flexible,65,65,0,0
97,73728,65,0,2304,8,2,flexible,65,65,0,0
97,73728,65,0,2592,5,4,flexible,65,65,0,0
97,73728,65,0,2916,2,6,flexible,65,65,0,0
97,73728,65,0,3072,10,1,flexible,65,65,0,0
97,73728,65,0,3456,7,3,flexible,65,65,0,0
97,73728,65,0,3888,4,5,flexible,65,65,0,0
97,73728,65,0,4096,12,0,flexible,65,65,0,0
97,73728,65,0,4374,1,7,flexible,65,65,0,0
97,73728,65,0,4608,9,2,flexible,65,65,0,0
97,73728,65,0,5184,6,4,flexible,65,65,0,0
97,73728,65,0,5832,3,6,flexible,65,65,0,0
97,73728,65,0,6144,11,1,flexible,65,65,0,0
97,73728,65,0,6561,0,8,flexible,65,65,0,0
97,73728,65,0,6912,8,3,flexible,65,65,0,0
97,73728,65,0,7776,5,5,flexible,65,65,0,0
97,73728,65,0,8192,13,0,flexible,65,65,0,0
97,73728,65,0,8748,2,7,flexible,65,65,0,0
97,73728,65,0,9216,10,2,flexible,65,65,0,0
97,73728,65,0,10368,7,4,flexible,65,65,0,0
97,73728,65,0,11664,4,6,flexible,65,65,0,0
97,73728,65,0,12288,12,1,flexible,65,65,0,0
97,73728,65,0,13122,1,8,flexible,65,65,0,0
97,73728,65,0,13824,9,3,flexible,65,65,0,0
97,73728,65,0,15552,6,5,flexible,65,65,0,0
97,73728,65,0,16384,14,0,flexible,65,65,0,0
97,73728,65,0,17496,3,7,flexible,65,65,0,0
97,73728,65,0,18432,11,2,flexible,65,65,0,0
97,73728,65,0,19683,0,9,flexible,65,65,0,0
97,73728,65,0,20736,8,4,flexible,65,65,0,0
97,73728,65,0,23328,5,6,flexible,65,65,0,0
97,73728,65,0,24576,13,1,flexible,65,65,0,0
97,73728,65,0,26244,2,8,flexible,65,65,0,0
97,73728,65,0,27648,10,3,flexible,65,65,0,0
97,73728,65,0,31104,7,5,flexible,65,65,0,0
97,73728,65,0,32768,15,0,flexible,65,65,0,0
97,73728,65,0,34992,4,7,flexible,65,65,0,0
97,73728,65,0,36864,12,2,flexible,65,65,0,0
97,73728,65,0,39366,1,9,flexible,65,65,0,0
97,73728,65,0,41472,9,4,flexible,65,65,0,0
97,73728,65,0,46656,6,6,flexible,65,65,0,0
97,73728,65,0,49152,14,1,flexible,65,65,0,0
97,73728,65,0,52488,3,8,flexible,65,65,0,0
97,73728,65,0,55296,11,3,flexible,65,65,0,0
97,73728,65,0,59049,0,10,flexible,65,65,0,0
97,73728,65,0,62208,8,5,flexible,65,65,0,0
97,73728,65,0,65536,16,0,forced,64,65,1,0
97,73728,65,0,69984,5,7,flexible,65,65,0,0
97,73728,65,0,73728,13,2,flexible,65,65,0,0
98,78732,66,1,1,0,0,flexible,66,66,0,0
98,78732,66,1,2,1,0,flexible,66,66,0,0
98,78732,66,1,3,0,1,flexible,66,66,0,0
98,78732,66,1,4,2,0,forced,65,66,1,0
98,78732,66,1,6,1,1,flexible,66,66,0,0
98,78732,66,1,8,3,0,flexible,66,66,0,0
98,78732,66,1,9,0,2,flexible,66,66,0,0
98,78732,66,1,12,2,1,flexible,66,66,0,0
98,78732,66,1,16,4,0,flexible,66,66,0,0
98,78732,66,1,18,1,2,forced,65,66,1,0
98,78732,66,1,24,3,1,forced,65,66,1,0
98,78732,66,1,27,0,3,flexible,66,66,0,0
98,78732,66,1,32,5,0,forced,65,66,1,0
98,78732,66,1,36,2,2,flexible,66,66,0,0
98,78732,66,1,48,4,1,flexible,66,66,0,0
98,78732,66,1,54,1,3,flexible,66,66,0,0
98,78732,66,1,64,6,0,flexible,66,66,0,0
98,78732,66,1,72,3,2,flexible,66,66,0,0
98,78732,66,1,81,0,4,forced,65,66,1,0
98,78732,66,1,96,5,1,flexible,66,66,0,0
98,78732,66,1,108,2,3,forced,65,66,1,0
98,78732,66,1,128,7,0,flexible,66,66,0,0
98,78732,66,1,144,4,2,forced,65,66,1,0
98,78732,66,1,162,1,4,flexible,66,66,0,0
98,78732,66,1,192,6,1,forced,65,66,1,0
98,78732,66,1,216,3,3,flexible,66,66,0,0
98,78732,66,1,243,0,5,flexible,66,66,0,0
98,78732,66,1,256,8,0,forced,65,66,1,0
98,78732,66,1,288,5,2,flexible,66,66,0,0
98,78732,66,1,324,2,4,flexible,66,66,0,0
98,78732,66,1,384,7,1,flexible,66,66,0,0
98,78732,66,1,432,4,3,flexible,66,66,0,0
98,78732,66,1,486,1,5,forced,65,66,1,0
98,78732,66,1,512,9,0,flexible,66,66,0,0
98,78732,66,1,576,6,2,flexible,66,66,0,0
98,78732,66,1,648,3,4,forced,65,66,1,0
98,78732,66,1,729,0,6,flexible,66,66,0,0
98,78732,66,1,768,8,1,flexible,66,66,0,0
98,78732,66,1,864,5,3,forced,65,66,1,0
98,78732,66,1,972,2,5,flexible,66,66,0,0
98,78732,66,1,1024,10,0,flexible,66,66,0,0
98,78732,66,1,1152,7,2,forced,65,66,1,0
98,78732,66,1,1296,4,4,flexible,66,66,0,0
98,78732,66,1,1458,1,6,flexible,66,66,0,0
98,78732,66,1,1536,9,1,forced,65,66,1,0
98,78732,66,1,1728,6,3,flexible,66,66,0,0
98,78732,66,1,1944,3,5,flexible,66,66,0,0
98,78732,66,1,2048,11,0,forced,65,66,1,0
98,78732,66,1,2187,0,7,forced,65,66,1,0
98,78732,66,1,2304,8,2,flexible,66,66,0,0
98,78732,66,1,2592,5,4,flexible,66,66,0,0
98,78732,66,1,2916,2,6,forced,65,66,1,0
98,78732,66,1,3072,10,1,flexible,66,66,0,0
98,78732,66,1,3456,7,3,flexible,66,66,0,0
98,78732,66,1,3888,4,5,forced,65,66,1,0
98,78732,66,1,4096,12,0,flexible,66,66,0,0
98,78732,66,1,4374,1,7,flexible,66,66,0,0
98,78732,66,1,4608,9,2,flexible,66,66,0,0
98,78732,66,1,5184,6,4,forced,65,66,1,0
98,78732,66,1,5832,3,6,flexible,66,66,0,0
98,78732,66,1,6144,11,1,flexible,66,66,0,0
98,78732,66,1,6561,0,8,flexible,66,66,0,0
98,78732,66,1,6912,8,3,forced,65,66,1,0
98,78732,66,1,7776,5,5,flexible,66,66,0,0
98,78732,66,1,8192,13,0,flexible,66,66,0,0
98,78732,66,1,8748,2,7,flexible,66,66,0,0
98,78732,66,1,9216,10,2,forced,65,66,1,0
98,78732,66,1,10368,7,4,flexible,66,66,0,0
98,78732,66,1,11664,4,6,flexible,66,66,0,0
98,78732,66,1,12288,12,1,forced,65,66,1,0
98,78732,66,1,13122,1,8,forced,65,66,1,0
98,78732,66,1,13824,9,3,flexible,66,66,0,0
98,78732,66,1,15552,6,5,flexible,66,66,0,0
98,78732,66,1,16384,14,0,flexible,66,66,0,0
98,78732,66,1,17496,3,7,forced,65,66,1,0
98,78732,66,1,18432,11,2,flexible,66,66,0,0
98,78732,66,1,19683,0,9,flexible,66,66,0,0
98,78732,66,1,20736,8,4,flexible,66,66,0,0
98,78732,66,1,23328,5,6,flexible,66,66,0,0
98,78732,66,1,24576,13,1,flexible,66,66,0,0
98,78732,66,1,26244,2,8,flexible,66,66,0,0
98,78732,66,1,27648,10,3,flexible,66,66,0,0
98,78732,66,1,31104,7,5,forced,65,66,1,0
98,78732,66,1,32768,15,0,flexible,66,66,0,0
98,78732,66,1,34992,4,7,flexible,66,66,0,0
98,78732,66,1,36864,12,2,flexible,66,66,0,0
98,78732,66,1,39366,1,9,flexible,66,66,0,0
98,78732,66,1,41472,9,4,flexible,66,66,0,0
98,78732,66,1,46656,6,6,flexible,66,66,0,0
98,78732,66,1,49152,14,1,flexible,66,66,0,0
98,78732,66,1,52488,3,8,flexible,66,66,0,0
98,78732,66,1,55296,11,3,forced,65,66,1,0
98,78732,66,1,59049,0,10,forced,65,66,1,0
98,78732,66,1,62208,8,5,flexible,66,66,0,0
98,78732,66,1,65536,16,0,forced,65,66,1,0
98,78732,66,1,69984,5,7,flexible,66,66,0,0
98,78732,66,1,73728,13,2,forced,65,66,1,0
98,78732,66,1,78732,2,9,forced,65,66,1,0
99,82944,67,1,1,0,0,forced,66,67,1,0
99,82944,67,1,2,1,0,none,67,66,0,1
99,82944,67,1,3,0,1,forced,66,67,1,0
99,82944,67,1,4,2,0,forced,66,67,1,0
99,82944,67,1,6,1,1,forced,66,67,1,0
99,82944,67,1,8,3,0,forced,66,67,1,0
99,82944,67,1,9,0,2,none,67,66,0,1
99,82944,67,1,12,2,1,none,67,66,0,1
99,82944,67,1,16,4,0,none,67,66,0,1
99,82944,67,1,18,1,2,forced,66,67,1,0
99,82944,67,1,24,3,1,forced,66,67,1,0
99,82944,67,1,27,0,3,forced,66,67,1,0
99,82944,67,1,32,5,0,forced,66,67,1,0
99,82944,67,1,36,2,2,forced,66,67,1,0
99,82944,67,1,48,4,1,forced,66,67,1,0
99,82944,67,1,54,1,3,none,67,66,0,1
99,82944,67,1,64,6,0,forced,66,67,1,0
99,82944,67,1,72,3,2,none,67,66,0,1
99,82944,67,1,81,0,4,forced,66,67,1,0
99,82944,67,1,96,5,1,none,67,66,0,1
99,82944,67,1,108,2,3,forced,66,67,1,0
99,82944,67,1,128,7,0,none,67,66,0,1
99,82944,67,1,144,4,2,forced,66,67,1,0
99,82944,67,1,162,1,4,forced,66,67,1,0
99,82944,67,1,192,6,1,forced,66,67,1,0
99,82944,67,1,216,3,3,forced,66,67,1,0
99,82944,67,1,243,0,5,none,67,66,0,1
99,82944,67,1,256,8,0,forced,66,67,1,0
99,82944,67,1,288,5,2,forced,66,67,1,0
99,82944,67,1,324,2,4,none,67,66,0,1
99,82944,67,1,384,7,1,forced,66,67,1,0
99,82944,67,1,432,4,3,none,67,66,0,1
99,82944,67,1,486,1,5,forced,66,67,1,0
99,82944,67,1,512,9,0,forced,66,67,1,0
99,82944,67,1,576,6,2,none,67,66,0,1
99,82944,67,1,648,3,4,forced,66,67,1,0
99,82944,67,1,729,0,6,forced,66,67,1,0
99,82944,67,1,768,8,1,none,67,66,0,1
99,82944,67,1,864,5,3,forced,66,67,1,0
99,82944,67,1,972,2,5,forced,66,67,1,0
99,82944,67,1,1024,10,0,none,67,66,0,1
99,82944,67,1,1152,7,2,forced,66,67,1,0
99,82944,67,1,1296,4,4,forced,66,67,1,0
99,82944,67,1,1458,1,6,none,67,66,0,1
99,82944,67,1,1536,9,1,forced,66,67,1,0
99,82944,67,1,1728,6,3,forced,66,67,1,0
99,82944,67,1,1944,3,5,none,67,66,0,1
99,82944,67,1,2048,11,0,forced,66,67,1,0
99,82944,67,1,2187,0,7,forced,66,67,1,0
99,82944,67,1,2304,8,2,forced,66,67,1,0
99,82944,67,1,2592,5,4,none,67,66,0,1
99,82944,67,1,2916,2,6,forced,66,67,1,0
99,82944,67,1,3072,10,1,forced,66,67,1,0
99,82944,67,1,3456,7,3,none,67,66,0,1
99,82944,67,1,3888,4,5,forced,66,67,1,0
99,82944,67,1,4096,12,0,forced,66,67,1,0
99,82944,67,1,4374,1,7,forced,66,67,1,0
99,82944,67,1,4608,9,2,none,67,66,0,1
99,82944,67,1,5184,6,4,forced,66,67,1,0
99,82944,67,1,5832,3,6,forced,66,67,1,0
99,82944,67,1,6144,11,1,none,67,66,0,1
99,82944,67,1,6561,0,8,none,67,66,0,1
99,82944,67,1,6912,8,3,forced,66,67,1,0
99,82944,67,1,7776,5,5,forced,66,67,1,0
99,82944,67,1,8192,13,0,none,67,66,0,1
99,82944,67,1,8748,2,7,none,67,66,0,1
99,82944,67,1,9216,10,2,forced,66,67,1,0
99,82944,67,1,10368,7,4,forced,66,67,1,0
99,82944,67,1,11664,4,6,none,67,66,0,1
99,82944,67,1,12288,12,1,forced,66,67,1,0
99,82944,67,1,13122,1,8,forced,66,67,1,0
99,82944,67,1,13824,9,3,forced,66,67,1,0
99,82944,67,1,15552,6,5,none,67,66,0,1
99,82944,67,1,16384,14,0,forced,66,67,1,0
99,82944,67,1,17496,3,7,forced,66,67,1,0
99,82944,67,1,18432,11,2,forced,66,67,1,0
99,82944,67,1,19683,0,9,forced,66,67,1,0
99,82944,67,1,20736,8,4,none,67,66,0,1
99,82944,67,1,23328,5,6,flexible,67,67,0,0
99,82944,67,1,24576,13,1,forced,66,67,1,0
99,82944,67,1,26244,2,8,forced,66,67,1,0
99,82944,67,1,27648,10,3,none,67,66,0,1
99,82944,67,1,31104,7,5,forced,66,67,1,0
99,82944,67,1,32768,15,0,forced,66,67,1,0
99,82944,67,1,34992,4,7,forced,66,67,1,0
99,82944,67,1,36864,12,2,none,67,66,0,1
99,82944,67,1,39366,1,9,none,67,66,0,1
99,82944,67,1,41472,9,4,forced,66,67,1,0
99,82944,67,1,46656,6,6,flexible,67,67,0,0
99,82944,67,1,49152,14,1,none,67,66,0,1
99,82944,67,1,52488,3,8,none,67,66,0,1
99,82944,67,1,55296,11,3,forced,66,67,1,0
99,82944,67,1,59049,0,10,forced,66,67,1,0
99,82944,67,1,62208,8,5,forced,66,67,1,0
99,82944,67,1,65536,16,0,forced,66,67,1,0
99,82944,67,1,69984,5,7,flexible,67,67,0,0
99,82944,67,1,73728,13,2,forced,66,67,1,0
99,82944,67,1,78732,2,9,forced,66,67,1,0
99,82944,67,1,82944,10,4,forced,66,67,1,0
100,93312,67,0,1,0,0,flexible,67,67,0,0
100,93312,67,0,2,1,0,flexible,67,67,0,0
100,93312,67,0,3,0,1,flexible,67,67,0,0
100,93312,67,0,4,2,0,flexible,67,67,0,0
100,93312,67,0,6,1,1,flexible,67,67,0,0
100,93312,67,0,8,3,0,flexible,67,67,0,0
100,93312,67,0,9,0,2,flexible,67,67,0,0
100,93312,67,0,12,2,1,flexible,67,67,0,0
100,93312,67,0,16,4,0,flexible,67,67,0,0
100,93312,67,0,18,1,2,flexible,67,67,0,0
100,93312,67,0,24,3,1,flexible,67,67,0,0
100,93312,67,0,27,0,3,flexible,67,67,0,0
100,93312,67,0,32,5,0,flexible,67,67,0,0
100,93312,67,0,36,2,2,flexible,67,67,0,0
100,93312,67,0,48,4,1,flexible,67,67,0,0
100,93312,67,0,54,1,3,flexible,67,67,0,0
100,93312,67,0,64,6,0,flexible,67,67,0,0
100,93312,67,0,72,3,2,flexible,67,67,0,0
100,93312,67,0,81,0,4,flexible,67,67,0,0
100,93312,67,0,96,5,1,flexible,67,67,0,0
100,93312,67,0,108,2,3,flexible,67,67,0,0
100,93312,67,0,128,7,0,flexible,67,67,0,0
100,93312,67,0,144,4,2,flexible,67,67,0,0
100,93312,67,0,162,1,4,flexible,67,67,0,0
100,93312,67,0,192,6,1,flexible,67,67,0,0
100,93312,67,0,216,3,3,flexible,67,67,0,0
100,93312,67,0,243,0,5,flexible,67,67,0,0
100,93312,67,0,256,8,0,flexible,67,67,0,0
100,93312,67,0,288,5,2,flexible,67,67,0,0
100,93312,67,0,324,2,4,flexible,67,67,0,0
100,93312,67,0,384,7,1,flexible,67,67,0,0
100,93312,67,0,432,4,3,flexible,67,67,0,0
100,93312,67,0,486,1,5,flexible,67,67,0,0
100,93312,67,0,512,9,0,flexible,67,67,0,0
100,93312,67,0,576,6,2,flexible,67,67,0,0
100,93312,67,0,648,3,4,flexible,67,67,0,0
100,93312,67,0,729,0,6,flexible,67,67,0,0
100,93312,67,0,768,8,1,flexible,67,67,0,0
100,93312,67,0,864,5,3,flexible,67,67,0,0
100,93312,67,0,972,2,5,flexible,67,67,0,0
100,93312,67,0,1024,10,0,flexible,67,67,0,0
100,93312,67,0,1152,7,2,flexible,67,67,0,0
100,93312,67,0,1296,4,4,flexible,67,67,0,0
100,93312,67,0,1458,1,6,flexible,67,67,0,0
100,93312,67,0,1536,9,1,flexible,67,67,0,0
100,93312,67,0,1728,6,3,flexible,67,67,0,0
100,93312,67,0,1944,3,5,flexible,67,67,0,0
100,93312,67,0,2048,11,0,flexible,67,67,0,0
100,93312,67,0,2187,0,7,flexible,67,67,0,0
100,93312,67,0,2304,8,2,flexible,67,67,0,0
100,93312,67,0,2592,5,4,flexible,67,67,0,0
100,93312,67,0,2916,2,6,flexible,67,67,0,0
100,93312,67,0,3072,10,1,flexible,67,67,0,0
100,93312,67,0,3456,7,3,flexible,67,67,0,0
100,93312,67,0,3888,4,5,flexible,67,67,0,0
100,93312,67,0,4096,12,0,flexible,67,67,0,0
100,93312,67,0,4374,1,7,flexible,67,67,0,0
100,93312,67,0,4608,9,2,flexible,67,67,0,0
100,93312,67,0,5184,6,4,flexible,67,67,0,0
100,93312,67,0,5832,3,6,flexible,67,67,0,0
100,93312,67,0,6144,11,1,flexible,67,67,0,0
100,93312,67,0,6561,0,8,flexible,67,67,0,0
100,93312,67,0,6912,8,3,flexible,67,67,0,0
100,93312,67,0,7776,5,5,flexible,67,67,0,0
100,93312,67,0,8192,13,0,flexible,67,67,0,0
100,93312,67,0,8748,2,7,flexible,67,67,0,0
100,93312,67,0,9216,10,2,flexible,67,67,0,0
100,93312,67,0,10368,7,4,flexible,67,67,0,0
100,93312,67,0,11664,4,6,flexible,67,67,0,0
100,93312,67,0,12288,12,1,flexible,67,67,0,0
100,93312,67,0,13122,1,8,flexible,67,67,0,0
100,93312,67,0,13824,9,3,flexible,67,67,0,0
100,93312,67,0,15552,6,5,flexible,67,67,0,0
100,93312,67,0,16384,14,0,flexible,67,67,0,0
100,93312,67,0,17496,3,7,flexible,67,67,0,0
100,93312,67,0,18432,11,2,flexible,67,67,0,0
100,93312,67,0,19683,0,9,flexible,67,67,0,0
100,93312,67,0,20736,8,4,flexible,67,67,0,0
100,93312,67,0,23328,5,6,flexible,67,67,0,0
100,93312,67,0,24576,13,1,flexible,67,67,0,0
100,93312,67,0,26244,2,8,flexible,67,67,0,0
100,93312,67,0,27648,10,3,flexible,67,67,0,0
100,93312,67,0,31104,7,5,flexible,67,67,0,0
100,93312,67,0,32768,15,0,flexible,67,67,0,0
100,93312,67,0,34992,4,7,flexible,67,67,0,0
100,93312,67,0,36864,12,2,flexible,67,67,0,0
100,93312,67,0,39366,1,9,flexible,67,67,0,0
100,93312,67,0,41472,9,4,flexible,67,67,0,0
100,93312,67,0,46656,6,6,flexible,67,67,0,0
100,93312,67,0,49152,14,1,flexible,67,67,0,0
100,93312,67,0,52488,3,8,flexible,67,67,0,0
100,93312,67,0,55296,11,3,flexible,67,67,0,0
100,93312,67,0,59049,0,10,flexible,67,67,0,0
100,93312,67,0,62208,8,5,flexible,67,67,0,0
100,93312,67,0,65536,16,0,forced,66,67,1,0
100,93312,67,0,69984,5,7,flexible,67,67,0,0
100,93312,67,0,73728,13,2,flexible,67,67,0,0
100,93312,67,0,78732,2,9,flexible,67,67,0,0
100,93312,67,0,82944,10,4,flexible,67,67,0,0
100,93312,67,0,93312,7,6,flexible,67,67,0,0
101,98304,68,1,1,0,0,flexible,68,68,0,0
101,98304,68,1,2,1,0,flexible,68,68,0,0
101,98304,68,1,3,0,1,flexible,68,68,0,0
101,98304,68,1,4,2,0,flexible,68,68,0,0
101,98304,68,1,6,1,1,flexible,68,68,0,0
101,98304,68,1,8,3,0,flexible,68,68,0,0
101,98304,68,1,9,0,2,forced,67,68,1,0
101,98304,68,1,12,2,1,forced,67,68,1,0
101,98304,68,1,16,4,0,forced,67,68,1,0
101,98304,68,1,18,1,2,flexible,68,68,0,0
101,98304,68,1,24,3,1,flexible,68,68,0,0
101,98304,68,1,27,0,3,flexible,68,68,0,0
101,98304,68,1,32,5,0,flexible,68,68,0,0
101,98304,68,1,36,2,2,flexible,68,68,0,0
101,98304,68,1,48,4,1,flexible,68,68,0,0
101,98304,68,1,54,1,3,forced,67,68,1,0
101,98304,68,1,64,6,0,flexible,68,68,0,0
101,98304,68,1,72,3,2,forced,67,68,1,0
101,98304,68,1,81,0,4,flexible,68,68,0,0
101,98304,68,1,96,5,1,forced,67,68,1,0
101,98304,68,1,108,2,3,flexible,68,68,0,0
101,98304,68,1,128,7,0,forced,67,68,1,0
101,98304,68,1,144,4,2,flexible,68,68,0,0
101,98304,68,1,162,1,4,flexible,68,68,0,0
101,98304,68,1,192,6,1,flexible,68,68,0,0
101,98304,68,1,216,3,3,flexible,68,68,0,0
101,98304,68,1,243,0,5,forced,67,68,1,0
101,98304,68,1,256,8,0,flexible,68,68,0,0
101,98304,68,1,288,5,2,flexible,68,68,0,0
101,98304,68,1,324,2,4,forced,67,68,1,0
101,98304,68,1,384,7,1,flexible,68,68,0,0
101,98304,68,1,432,4,3,forced,67,68,1,0
101,98304,68,1,486,1,5,flexible,68,68,0,0
101,98304,68,1,512,9,0,flexible,68,68,0,0
101,98304,68,1,576,6,2,forced,67,68,1,0
101,98304,68,1,648,3,4,flexible,68,68,0,0
101,98304,68,1,729,0,6,flexible,68,68,0,0
101,98304,68,1,768,8,1,forced,67,68,1,0
101,98304,68,1,864,5,3,flexible,68,68,0,0
101,98304,68,1,972,2,5,flexible,68,68,0,0
101,98304,68,1,1024,10,0,forced,67,68,1,0
101,98304,68,1,1152,7,2,flexible,68,68,0,0
101,98304,68,1,1296,4,4,flexible,68,68,0,0
101,98304,68,1,1458,1,6,flexible,68,68,0,0
101,98304,68,1,1536,9,1,flexible,68,68,0,0
101,98304,68,1,1728,6,3,flexible,68,68,0,0
101,98304,68,1,1944,3,5,forced,67,68,1,0
101,98304,68,1,2048,11,0,flexible,68,68,0,0
101,98304,68,1,2187,0,7,flexible,68,68,0,0
101,98304,68,1,2304,8,2,flexible,68,68,0,0
101,98304,68,1,2592,5,4,forced,67,68,1,0
101,98304,68,1,2916,2,6,flexible,68,68,0,0
101,98304,68,1,3072,10,1,flexible,68,68,0,0
101,98304,68,1,3456,7,3,forced,67,68,1,0
101,98304,68,1,3888,4,5,flexible,68,68,0,0
101,98304,68,1,4096,12,0,flexible,68,68,0,0
101,98304,68,1,4374,1,7,flexible,68,68,0,0
101,98304,68,1,4608,9,2,forced,67,68,1,0
101,98304,68,1,5184,6,4,flexible,68,68,0,0
101,98304,68,1,5832,3,6,flexible,68,68,0,0
101,98304,68,1,6144,11,1,forced,67,68,1,0
101,98304,68,1,6561,0,8,forced,67,68,1,0
101,98304,68,1,6912,8,3,flexible,68,68,0,0
101,98304,68,1,7776,5,5,flexible,68,68,0,0
101,98304,68,1,8192,13,0,forced,67,68,1,0
101,98304,68,1,8748,2,7,flexible,68,68,0,0
101,98304,68,1,9216,10,2,flexible,68,68,0,0
101,98304,68,1,10368,7,4,flexible,68,68,0,0
101,98304,68,1,11664,4,6,forced,67,68,1,0
101,98304,68,1,12288,12,1,flexible,68,68,0,0
101,98304,68,1,13122,1,8,flexible,68,68,0,0
101,98304,68,1,13824,9,3,flexible,68,68,0,0
101,98304,68,1,15552,6,5,forced,67,68,1,0
101,98304,68,1,16384,14,0,forced,67,68,1,0
101,98304,68,1,17496,3,7,flexible,68,68,0,0
101,98304,68,1,18432,11,2,flexible,68,68,0,0
101,98304,68,1,19683,0,9,flexible,68,68,0,0
101,98304,68,1,20736,8,4,forced,67,68,1,0
101,98304,68,1,23328,5,6,flexible,68,68,0,0
101,98304,68,1,24576,13,1,none,68,67,0,1
101,98304,68,1,26244,2,8,flexible,68,68,0,0
101,98304,68,1,27648,10,3,flexible,68,68,0,0
101,98304,68,1,31104,7,5,flexible,68,68,0,0
101,98304,68,1,32768,15,0,none,68,67,0,1
101,98304,68,1,34992,4,7,flexible,68,68,0,0
101,98304,68,1,36864,12,2,forced,67,68,1,0
101,98304,68,1,39366,1,9,flexible,68,68,0,0
101,98304,68,1,41472,9,4,flexible,68,68,0,0
101,98304,68,1,46656,6,6,flexible,68,68,0,0
101,98304,68,1,49152,14,1,forced,67,68,1,0
101,98304,68,1,52488,3,8,flexible,68,68,0,0
101,98304,68,1,55296,11,3,flexible,68,68,0,0
101,98304,68,1,59049,0,10,flexible,68,68,0,0
101,98304,68,1,62208,8,5,flexible,68,68,0,0
101,98304,68,1,65536,16,0,forced,67,68,1,0
101,98304,68,1,69984,5,7,forced,67,68,1,0
101,98304,68,1,73728,13,2,forced,67,68,1,0
101,98304,68,1,78732,2,9,flexible,68,68,0,0
101,98304,68,1,82944,10,4,flexible,68,68,0,0
101,98304,68,1,93312,7,6,forced,67,68,1,0
101,98304,68,1,98304,15,1,forced,67,68,1,0
102,104976,69,1,1,0,0,flexible,69,69,0,0
102,104976,69,1,2,1,0,flexible,69,69,0,0
102,104976,69,1,3,0,1,flexible,69,69,0,0
102,104976,69,1,4,2,0,forced,68,69,1,0
102,104976,69,1,6,1,1,none,69,68,0,1
102,104976,69,1,8,3,0,none,69,68,0,1
102,104976,69,1,9,0,2,forced,68,69,1,0
102,104976,69,1,12,2,1,forced,68,69,1,0
102,104976,69,1,16,4,0,forced,68,69,1,0
102,104976,69,1,18,1,2,forced,68,69,1,0
102,104976,69,1,24,3,1,forced,68,69,1,0
102,104976,69,1,27,0,3,none,69,68,0,1
102,104976,69,1,32,5,0,forced,68,69,1,0
102,104976,69,1,36,2,2,none,69,68,0,1
102,104976,69,1,48,4,1,none,69,68,0,1
102,104976,69,1,54,1,3,forced,68,69,1,0
102,104976,69,1,64,6,0,none,69,68,0,1
102,104976,69,1,72,3,2,forced,68,69,1,0
102,104976,69,1,81,0,4,forced,68,69,1,0
102,104976,69,1,96,5,1,forced,68,69,1,0
102,104976,69,1,108,2,3,forced,68,69,1,0
102,104976,69,1,128,7,0,forced,68,69,1,0
102,104976,69,1,144,4,2,forced,68,69,1,0
102,104976,69,1,162,1,4,none,69,68,0,1
102,104976,69,1,192,6,1,forced,68,69,1,0
102,104976,69,1,216,3,3,none,69,68,0,1
102,104976,69,1,243,0,5,forced,68,69,1,0
102,104976,69,1,256,8,0,forced,68,69,1,0
102,104976,69,1,288,5,2,none,69,68,0,1
102,104976,69,1,324,2,4,forced,68,69,1,0
102,104976,69,1,384,7,1,none,69,68,0,1
102,104976,69,1,432,4,3,forced,68,69,1,0
102,104976,69,1,486,1,5,forced,68,69,1,0
102,104976,69,1,512,9,0,none,69,68,0,1
102,104976,69,1,576,6,2,forced,68,69,1,0
102,104976,69,1,648,3,4,forced,68,69,1,0
102,104976,69,1,729,0,6,none,69,68,0,1
102,104976,69,1,768,8,1,forced,68,69,1,0
102,104976,69,1,864,5,3,forced,68,69,1,0
102,104976,69,1,972,2,5,none,69,68,0,1
102,104976,69,1,1024,10,0,forced,68,69,1,0
102,104976,69,1,1152,7,2,forced,68,69,1,0
102,104976,69,1,1296,4,4,none,69,68,0,1
102,104976,69,1,1458,1,6,forced,68,69,1,0
102,104976,69,1,1536,9,1,forced,68,69,1,0
102,104976,69,1,1728,6,3,none,69,68,0,1
102,104976,69,1,1944,3,5,forced,68,69,1,0
102,104976,69,1,2048,11,0,forced,68,69,1,0
102,104976,69,1,2187,0,7,forced,68,69,1,0
102,104976,69,1,2304,8,2,none,69,68,0,1
102,104976,69,1,2592,5,4,forced,68,69,1,0
102,104976,69,1,2916,2,6,forced,68,69,1,0
102,104976,69,1,3072,10,1,none,69,68,0,1
102,104976,69,1,3456,7,3,forced,68,69,1,0
102,104976,69,1,3888,4,5,forced,68,69,1,0
102,104976,69,1,4096,12,0,none,69,68,0,1
102,104976,69,1,4374,1,7,none,69,68,0,1
102,104976,69,1,4608,9,2,forced,68,69,1,0
102,104976,69,1,5184,6,4,forced,68,69,1,0
102,104976,69,1,5832,3,6,none,69,68,0,1
102,104976,69,1,6144,11,1,forced,68,69,1,0
102,104976,69,1,6561,0,8,forced,68,69,1,0
102,104976,69,1,6912,8,3,forced,68,69,1,0
102,104976,69,1,7776,5,5,none,69,68,0,1
102,104976,69,1,8192,13,0,forced,68,69,1,0
102,104976,69,1,8748,2,7,forced,68,69,1,0
102,104976,69,1,9216,10,2,forced,68,69,1,0
102,104976,69,1,10368,7,4,none,69,68,0,1
102,104976,69,1,11664,4,6,forced,68,69,1,0
102,104976,69,1,12288,12,1,forced,68,69,1,0
102,104976,69,1,13122,1,8,forced,68,69,1,0
102,104976,69,1,13824,9,3,none,69,68,0,1
102,104976,69,1,15552,6,5,forced,68,69,1,0
102,104976,69,1,16384,14,0,forced,68,69,1,0
102,104976,69,1,17496,3,7,forced,68,69,1,0
102,104976,69,1,18432,11,2,none,69,68,0,1
102,104976,69,1,19683,0,9,none,69,68,0,1
102,104976,69,1,20736,8,4,forced,68,69,1,0
102,104976,69,1,23328,5,6,forced,68,69,1,0
102,104976,69,1,24576,13,1,none,69,68,0,1
102,104976,69,1,26244,2,8,none,69,68,0,1
102,104976,69,1,27648,10,3,flexible,69,69,0,0
102,104976,69,1,31104,7,5,forced,68,69,1,0
102,104976,69,1,32768,15,0,none,69,68,0,1
102,104976,69,1,34992,4,7,none,69,68,0,1
102,104976,69,1,36864,12,2,forced,68,69,1,0
102,104976,69,1,39366,1,9,forced,68,69,1,0
102,104976,69,1,41472,9,4,forced,68,69,1,0
102,104976,69,1,46656,6,6,none,69,68,0,1
102,104976,69,1,49152,14,1,forced,68,69,1,0
102,104976,69,1,52488,3,8,forced,68,69,1,0
102,104976,69,1,55296,11,3,flexible,69,69,0,0
102,104976,69,1,59049,0,10,forced,68,69,1,0
102,104976,69,1,62208,8,5,none,69,68,0,1
102,104976,69,1,65536,16,0,forced,68,69,1,0
102,104976,69,1,69984,5,7,forced,68,69,1,0
102,104976,69,1,73728,13,2,forced,68,69,1,0
102,104976,69,1,78732,2,9,forced,68,69,1,0
102,104976,69,1,82944,10,4,flexible,69,69,0,0
102,104976,69,1,93312,7,6,forced,68,69,1,0
102,104976,69,1,98304,15,1,forced,68,69,1,0
102,104976,69,1,104976,4,8,forced,68,69,1,0
103,110592,69,0,1,0,0,flexible,69,69,0,0
103,110592,69,0,2,1,0,flexible,69,69,0,0
103,110592,69,0,3,0,1,flexible,69,69,0,0
103,110592,69,0,4,2,0,forced,68,69,1,0
103,110592,69,0,6,1,1,flexible,69,69,0,0
103,110592,69,0,8,3,0,flexible,69,69,0,0
103,110592,69,0,9,0,2,flexible,69,69,0,0
103,110592,69,0,12,2,1,flexible,69,69,0,0
103,110592,69,0,16,4,0,flexible,69,69,0,0
103,110592,69,0,18,1,2,forced,68,69,1,0
103,110592,69,0,24,3,1,forced,68,69,1,0
103,110592,69,0,27,0,3,flexible,69,69,0,0
103,110592,69,0,32,5,0,forced,68,69,1,0
103,110592,69,0,36,2,2,flexible,69,69,0,0
103,110592,69,0,48,4,1,flexible,69,69,0,0
103,110592,69,0,54,1,3,flexible,69,69,0,0
103,110592,69,0,64,6,0,flexible,69,69,0,0
103,110592,69,0,72,3,2,flexible,69,69,0,0
103,110592,69,0,81,0,4,forced,68,69,1,0
103,110592,69,0,96,5,1,flexible,69,69,0,0
103,110592,69,0,108,2,3,forced,68,69,1,0
103,110592,69,0,128,7,0,flexible,69,69,0,0
103,110592,69,0,144,4,2,forced,68,69,1,0
103,110592,69,0,162,1,4,flexible,69,69,0,0
103,110592,69,0,192,6,1,forced,68,69,1,0
103,110592,69,0,216,3,3,flexible,69,69,0,0
103,110592,69,0,243,0,5,flexible,69,69,0,0
103,110592,69,0,256,8,0,forced,68,69,1,0
103,110592,69,0,288,5,2,flexible,69,69,0,0
103,110592,69,0,324,2,4,flexible,69,69,0,0
103,110592,69,0,384,7,1,flexible,69,69,0,0
103,110592,69,0,432,4,3,flexible,69,69,0,0
103,110592,69,0,486,1,5,forced,68,69,1,0
103,110592,69,0,512,9,0,flexible,69,69,0,0
103,110592,69,0,576,6,2,flexible,69,69,0,0
103,110592,69,0,648,3,4,forced,68,69,1,0
103,110592,69,0,729,0,6,flexible,69,69,0,0
103,110592,69,0,768,8,1,flexible,69,69,0,0
103,110592,69,0,864,5,3,forced,68,69,1,0
103,110592,69,0,972,2,5,flexible,69,69,0,0
103,110592,69,0,1024,10,0,flexible,69,69,0,0
103,110592,69,0,1152,7,2,forced,68,69,1,0
103,110592,69,0,1296,4,4,flexible,69,69,0,0
103,110592,69,0,1458,1,6,flexible,69,69,0,0
103,110592,69,0,1536,9,1,forced,68,69,1,0
103,110592,69,0,1728,6,3,flexible,69,69,0,0
103,110592,69,0,1944,3,5,flexible,69,69,0,0
103,110592,69,0,2048,11,0,flexible,69,69,0,0
103,110592,69,0,2187,0,7,forced,68,69,1,0
103,110592,69,0,2304,8,2,flexible,69,69,0,0
103,110592,69,0,2592,5,4,flexible,69,69,0,0
103,110592,69,0,2916,2,6,forced,68,69,1,0
103,110592,69,0,3072,10,1,flexible,69,69,0,0
103,110592,69,0,3456,7,3,flexible,69,69,0,0
103,110592,69,0,3888,4,5,forced,68,69,1,0
103,110592,69,0,4096,12,0,flexible,69,69,0,0
103,110592,69,0,4374,1,7,flexible,69,69,0,0
103,110592,69,0,4608,9,2,flexible,69,69,0,0
103,110592,69,0,5184,6,4,forced,68,69,1,0
103,110592,69,0,5832,3,6,flexible,69,69,0,0
103,110592,69,0,6144,11,1,flexible,69,69,0,0
103,110592,69,0,6561,0,8,flexible,69,69,0,0
103,110592,69,0,6912,8,3,forced,68,69,1,0
103,110592,69,0,7776,5,5,flexible,69,69,0,0
103,110592,69,0,8192,13,0,flexible,69,69,0,0
103,110592,69,0,8748,2,7,flexible,69,69,0,0
103,110592,69,0,9216,10,2,forced,68,69,1,0
103,110592,69,0,10368,7,4,flexible,69,69,0,0
103,110592,69,0,11664,4,6,flexible,69,69,0,0
103,110592,69,0,12288,12,1,flexible,69,69,0,0
103,110592,69,0,13122,1,8,forced,68,69,1,0
103,110592,69,0,13824,9,3,flexible,69,69,0,0
103,110592,69,0,15552,6,5,flexible,69,69,0,0
103,110592,69,0,16384,14,0,forced,68,69,1,0
103,110592,69,0,17496,3,7,forced,68,69,1,0
103,110592,69,0,18432,11,2,flexible,69,69,0,0
103,110592,69,0,19683,0,9,flexible,69,69,0,0
103,110592,69,0,20736,8,4,flexible,69,69,0,0
103,110592,69,0,23328,5,6,forced,68,69,1,0
103,110592,69,0,24576,13,1,flexible,69,69,0,0
103,110592,69,0,26244,2,8,flexible,69,69,0,0
103,110592,69,0,27648,10,3,flexible,69,69,0,0
103,110592,69,0,31104,7,5,flexible,69,69,0,0
103,110592,69,0,32768,15,0,flexible,69,69,0,0
103,110592,69,0,34992,4,7,flexible,69,69,0,0
103,110592,69,0,36864,12,2,flexible,69,69,0,0
103,110592,69,0,39366,1,9,flexible,69,69,0,0
103,110592,69,0,41472,9,4,forced,68,69,1,0
103,110592,69,0,46656,6,6,flexible,69,69,0,0
103,110592,69,0,49152,14,1,flexible,69,69,0,0
103,110592,69,0,52488,3,8,flexible,69,69,0,0
103,110592,69,0,55296,11,3,flexible,69,69,0,0
103,110592,69,0,59049,0,10,forced,68,69,1,0
103,110592,69,0,62208,8,5,flexible,69,69,0,0
103,110592,69,0,65536,16,0,flexible,69,69,0,0
103,110592,69,0,69984,5,7,flexible,69,69,0,0
103,110592,69,0,73728,13,2,flexible,69,69,0,0
103,110592,69,0,78732,2,9,forced,68,69,1,0
103,110592,69,0,82944,10,4,flexible,69,69,0,0
103,110592,69,0,93312,7,6,flexible,69,69,0,0
103,110592,69,0,98304,15,1,flexible,69,69,0,0
103,110592,69,0,104976,4,8,forced,68,69,1,0
103,110592,69,0,110592,12,3,flexible,69,69,0,0
104,118098,70,1,1,0,0,forced,69,70,1,0
104,118098,70,1,2,1,0,none,70,69,0,1
104,118098,70,1,3,0,1,forced,69,70,1,0
104,118098,70,1,4,2,0,forced,69,70,1,0
104,118098,70,1,6,1,1,forced,69,70,1,0
104,118098,70,1,8,3,0,forced,69,70,1,0
104,118098,70,1,9,0,2,none,70,69,0,1
104,118098,70,1,12,2,1,none,70,69,0,1
104,118098,70,1,16,4,0,none,70,69,0,1
104,118098,70,1,18,1,2,forced,69,70,1,0
104,118098,70,1,24,3,1,forced,69,70,1,0
104,118098,70,1,27,0,3,forced,69,70,1,0
104,118098,70,1,32,5,0,forced,69,70,1,0
104,118098,70,1,36,2,2,forced,69,70,1,0
104,118098,70,1,48,4,1,forced,69,70,1,0
104,118098,70,1,54,1,3,none,70,69,0,1
104,118098,70,1,64,6,0,forced,69,70,1,0
104,118098,70,1,72,3,2,none,70,69,0,1
104,118098,70,1,81,0,4,forced,69,70,1,0
104,118098,70,1,96,5,1,none,70,69,0,1
104,118098,70,1,108,2,3,forced,69,70,1,0
104,118098,70,1,128,7,0,none,70,69,0,1
104,118098,70,1,144,4,2,forced,69,70,1,0
104,118098,70,1,162,1,4,forced,69,70,1,0
104,118098,70,1,192,6,1,forced,69,70,1,0
104,118098,70,1,216,3,3,forced,69,70,1,0
104,118098,70,1,243,0,5,none,70,69,0,1
104,118098,70,1,256,8,0,forced,69,70,1,0
104,118098,70,1,288,5,2,forced,69,70,1,0
104,118098,70,1,324,2,4,none,70,69,0,1
104,118098,70,1,384,7,1,forced,69,70,1,0
104,118098,70,1,432,4,3,none,70,69,0,1
104,118098,70,1,486,1,5,forced,69,70,1,0
104,118098,70,1,512,9,0,forced,69,70,1,0
104,118098,70,1,576,6,2,none,70,69,0,1
104,118098,70,1,648,3,4,forced,69,70,1,0
104,118098,70,1,729,0,6,forced,69,70,1,0
104,118098,70,1,768,8,1,none,70,69,0,1
104,118098,70,1,864,5,3,forced,69,70,1,0
104,118098,70,1,972,2,5,forced,69,70,1,0
104,118098,70,1,1024,10,0,none,70,69,0,1
104,118098,70,1,1152,7,2,forced,69,70,1,0
104,118098,70,1,1296,4,4,forced,69,70,1,0
104,118098,70,1,1458,1,6,none,70,69,0,1
104,118098,70,1,1536,9,1,forced,69,70,1,0
104,118098,70,1,1728,6,3,forced,69,70,1,0
104,118098,70,1,1944,3,5,none,70,69,0,1
104,118098,70,1,2048,11,0,forced,69,70,1,0
104,118098,70,1,2187,0,7,forced,69,70,1,0
104,118098,70,1,2304,8,2,forced,69,70,1,0
104,118098,70,1,2592,5,4,none,70,69,0,1
104,118098,70,1,2916,2,6,forced,69,70,1,0
104,118098,70,1,3072,10,1,forced,69,70,1,0
104,118098,70,1,3456,7,3,none,70,69,0,1
104,118098,70,1,3888,4,5,forced,69,70,1,0
104,118098,70,1,4096,12,0,flexible,70,70,0,0
104,118098,70,1,4374,1,7,forced,69,70,1,0
104,118098,70,1,4608,9,2,none,70,69,0,1
104,118098,70,1,5184,6,4,forced,69,70,1,0
104,118098,70,1,5832,3,6,forced,69,70,1,0
104,118098,70,1,6144,11,1,none,70,69,0,1
104,118098,70,1,6561,0,8,none,70,69,0,1
104,118098,70,1,6912,8,3,forced,69,70,1,0
104,118098,70,1,7776,5,5,forced,69,70,1,0
104,118098,70,1,8192,13,0,flexible,70,70,0,0
104,118098,70,1,8748,2,7,none,70,69,0,1
104,118098,70,1,9216,10,2,forced,69,70,1,0
104,118098,70,1,10368,7,4,forced,69,70,1,0
104,118098,70,1,11664,4,6,none,70,69,0,1
104,118098,70,1,12288,12,1,flexible,70,70,0,0
104,118098,70,1,13122,1,8,forced,69,70,1,0
104,118098,70,1,13824,9,3,forced,69,70,1,0
104,118098,70,1,15552,6,5,none,70,69,0,1
104,118098,70,1,16384,14,0,forced,69,70,1,0
104,118098,70,1,17496,3,7,forced,69,70,1,0
104,118098,70,1,18432,11,2,forced,69,70,1,0
104,118098,70,1,19683,0,9,forced,69,70,1,0
104,118098,70,1,20736,8,4,none,70,69,0,1
104,118098,70,1,23328,5,6,forced,69,70,1,0
104,118098,70,1,24576,13,1,flexible,70,70,0,0
104,118098,70,1,26244,2,8,forced,69,70,1,0
104,118098,70,1,27648,10,3,none,70,69,0,1
104,118098,70,1,31104,7,5,flexible,70,70,0,0
104,118098,70,1,32768,15,0,flexible,70,70,0,0
104,118098,70,1,34992,4,7,forced,69,70,1,0
104,118098,70,1,36864,12,2,none,70,69,0,1
104,118098,70,1,39366,1,9,none,70,69,0,1
104,118098,70,1,41472,9,4,forced,69,70,1,0
104,118098,70,1,46656,6,6,forced,69,70,1,0
104,118098,70,1,49152,14,1,flexible,70,70,0,0
104,118098,70,1,52488,3,8,none,70,69,0,1
104,118098,70,1,55296,11,3,forced,69,70,1,0
104,118098,70,1,59049,0,10,forced,69,70,1,0
104,118098,70,1,62208,8,5,flexible,70,70,0,0
104,118098,70,1,65536,16,0,flexible,70,70,0,0
104,118098,70,1,69984,5,7,none,70,69,0,1
104,118098,70,1,73728,13,2,flexible,70,70,0,0
104,118098,70,1,78732,2,9,forced,69,70,1,0
104,118098,70,1,82944,10,4,forced,69,70,1,0
104,118098,70,1,93312,7,6,flexible,70,70,0,0
104,118098,70,1,98304,15,1,flexible,70,70,0,0
104,118098,70,1,104976,4,8,forced,69,70,1,0
104,118098,70,1,110592,12,3,forced,69,70,1,0
104,118098,70,1,118098,1,10,forced,69,70,1,0
105,124416,70,0,1,0,0,flexible,70,70,0,0
105,124416,70,0,2,1,0,flexible,70,70,0,0
105,124416,70,0,3,0,1,flexible,70,70,0,0
105,124416,70,0,4,2,0,flexible,70,70,0,0
105,124416,70,0,6,1,1,flexible,70,70,0,0
105,124416,70,0,8,3,0,flexible,70,70,0,0
105,124416,70,0,9,0,2,flexible,70,70,0,0
105,124416,70,0,12,2,1,flexible,70,70,0,0
105,124416,70,0,16,4,0,flexible,70,70,0,0
105,124416,70,0,18,1,2,flexible,70,70,0,0
105,124416,70,0,24,3,1,flexible,70,70,0,0
105,124416,70,0,27,0,3,flexible,70,70,0,0
105,124416,70,0,32,5,0,flexible,70,70,0,0
105,124416,70,0,36,2,2,flexible,70,70,0,0
105,124416,70,0,48,4,1,flexible,70,70,0,0
105,124416,70,0,54,1,3,flexible,70,70,0,0
105,124416,70,0,64,6,0,flexible,70,70,0,0
105,124416,70,0,72,3,2,flexible,70,70,0,0
105,124416,70,0,81,0,4,flexible,70,70,0,0
105,124416,70,0,96,5,1,flexible,70,70,0,0
105,124416,70,0,108,2,3,flexible,70,70,0,0
105,124416,70,0,128,7,0,flexible,70,70,0,0
105,124416,70,0,144,4,2,flexible,70,70,0,0
105,124416,70,0,162,1,4,flexible,70,70,0,0
105,124416,70,0,192,6,1,flexible,70,70,0,0
105,124416,70,0,216,3,3,flexible,70,70,0,0
105,124416,70,0,243,0,5,flexible,70,70,0,0
105,124416,70,0,256,8,0,flexible,70,70,0,0
105,124416,70,0,288,5,2,flexible,70,70,0,0
105,124416,70,0,324,2,4,flexible,70,70,0,0
105,124416,70,0,384,7,1,flexible,70,70,0,0
105,124416,70,0,432,4,3,flexible,70,70,0,0
105,124416,70,0,486,1,5,flexible,70,70,0,0
105,124416,70,0,512,9,0,flexible,70,70,0,0
105,124416,70,0,576,6,2,flexible,70,70,0,0
105,124416,70,0,648,3,4,flexible,70,70,0,0
105,124416,70,0,729,0,6,flexible,70,70,0,0
105,124416,70,0,768,8,1,flexible,70,70,0,0
105,124416,70,0,864,5,3,flexible,70,70,0,0
105,124416,70,0,972,2,5,flexible,70,70,0,0
105,124416,70,0,1024,10,0,flexible,70,70,0,0
105,124416,70,0,1152,7,2,flexible,70,70,0,0
105,124416,70,0,1296,4,4,flexible,70,70,0,0
105,124416,70,0,1458,1,6,flexible,70,70,0,0
105,124416,70,0,1536,9,1,flexible,70,70,0,0
105,124416,70,0,1728,6,3,flexible,70,70,0,0
105,124416,70,0,1944,3,5,flexible,70,70,0,0
105,124416,70,0,2048,11,0,flexible,70,70,0,0
105,124416,70,0,2187,0,7,flexible,70,70,0,0
105,124416,70,0,2304,8,2,flexible,70,70,0,0
105,124416,70,0,2592,5,4,flexible,70,70,0,0
105,124416,70,0,2916,2,6,flexible,70,70,0,0
105,124416,70,0,3072,10,1,flexible,70,70,0,0
105,124416,70,0,3456,7,3,flexible,70,70,0,0
105,124416,70,0,3888,4,5,flexible,70,70,0,0
105,124416,70,0,4096,12,0,flexible,70,70,0,0
105,124416,70,0,4374,1,7,flexible,70,70,0,0
105,124416,70,0,4608,9,2,flexible,70,70,0,0
105,124416,70,0,5184,6,4,flexible,70,70,0,0
105,124416,70,0,5832,3,6,flexible,70,70,0,0
105,124416,70,0,6144,11,1,flexible,70,70,0,0
105,124416,70,0,6561,0,8,flexible,70,70,0,0
105,124416,70,0,6912,8,3,flexible,70,70,0,0
105,124416,70,0,7776,5,5,flexible,70,70,0,0
105,124416,70,0,8192,13,0,flexible,70,70,0,0
105,124416,70,0,8748,2,7,flexible,70,70,0,0
105,124416,70,0,9216,10,2,flexible,70,70,0,0
105,124416,70,0,10368,7,4,flexible,70,70,0,0
105,124416,70,0,11664,4,6,flexible,70,70,0,0
105,124416,70,0,12288,12,1,flexible,70,70,0,0
105,124416,70,0,13122,1,8,flexible,70,70,0,0
105,124416,70,0,13824,9,3,flexible,70,70,0,0
105,124416,70,0,15552,6,5,flexible,70,70,0,0
105,124416,70,0,16384,14,0,flexible,70,70,0,0
105,124416,70,0,17496,3,7,flexible,70,70,0,0
105,124416,70,0,18432,11,2,flexible,70,70,0,0
105,124416,70,0,19683,0,9,flexible,70,70,0,0
105,124416,70,0,20736,8,4,flexible,70,70,0,0
105,124416,70,0,23328,5,6,flexible,70,70,0,0
105,124416,70,0,24576,13,1,flexible,70,70,0,0
105,124416,70,0,26244,2,8,flexible,70,70,0,0
105,124416,70,0,27648,10,3,flexible,70,70,0,0
105,124416,70,0,31104,7,5,flexible,70,70,0,0
105,124416,70,0,32768,15,0,flexible,70,70,0,0
105,124416,70,0,34992,4,7,flexible,70,70,0,0
105,124416,70,0,36864,12,2,flexible,70,70,0,0
105,124416,70,0,39366,1,9,flexible,70,70,0,0
105,124416,70,0,41472,9,4,flexible,70,70,0,0
105,124416,70,0,46656,6,6,flexible,70,70,0,0
105,124416,70,0,49152,14,1,flexible,70,70,0,0
105,124416,70,0,52488,3,8,flexible,70,70,0,0
105,124416,70,0,55296,11,3,flexible,70,70,0,0
105,124416,70,0,59049,0,10,flexible,70,70,0,0
105,124416,70,0,62208,8,5,flexible,70,70,0,0
105,124416,70,0,65536,16,0,flexible,70,70,0,0
105,124416,70,0,69984,5,7,flexible,70,70,0,0
105,124416,70,0,73728,13,2,flexible,70,70,0,0
105,124416,70,0,78732,2,9,flexible,70,70,0,0
105,124416,70,0,82944,10,4,flexible,70,70,0,0
105,124416,70,0,93312,7,6,flexible,70,70,0,0
105,124416,70,0,98304,15,1,flexible,70,70,0,0
105,124416,70,0,104976,4,8,flexible,70,70,0,0
105,124416,70,0,110592,12,3,flexible,70,70,0,0
105,124416,70,0,118098,1,10,flexible,70,70,0,0
105,124416,70,0,124416,9,5,flexible,70,70,0,0
106,131072,71,1,1,0,0,flexible,71,71,0,0
106,131072,71,1,2,1,0,flexible,71,71,0,0
106,131072,71,1,3,0,1,flexible,71,71,0,0
106,131072,71,1,4,2,0,flexible,71,71,0,0
106,131072,71,1,6,1,1,flexible,71,71,0,0
106,131072,71,1,8,3,0,flexible,71,71,0,0
106,131072,71,1,9,0,2,flexible,71,71,0,0
106,131072,71,1,12,2,1,flexible,71,71,0,0
106,131072,71,1,16,4,0,flexible,71,71,0,0
106,131072,71,1,18,1,2,flexible,71,71,0,0
106,131072,71,1,24,3,1,flexible,71,71,0,0
106,131072,71,1,27,0,3,flexible,71,71,0,0
106,131072,71,1,32,5,0,flexible,71,71,0,0
106,131072,71,1,36,2,2,flexible,71,71,0,0
106,131072,71,1,48,4,1,flexible,71,71,0,0
106,131072,71,1,54,1,3,flexible,71,71,0,0
106,131072,71,1,64,6,0,flexible,71,71,0,0
106,131072,71,1,72,3,2,flexible,71,71,0,0
106,131072,71,1,81,0,4,flexible,71,71,0,0
106,131072,71,1,96,5,1,flexible,71,71,0,0
106,131072,71,1,108,2,3,flexible,71,71,0,0
106,131072,71,1,128,7,0,flexible,71,71,0,0
106,131072,71,1,144,4,2,flexible,71,71,0,0
106,131072,71,1,162,1,4,flexible,71,71,0,0
106,131072,71,1,192,6,1,flexible,71,71,0,0
106,131072,71,1,216,3,3,flexible,71,71,0,0
106,131072,71,1,243,0,5,flexible,71,71,0,0
106,131072,71,1,256,8,0,flexible,71,71,0,0
106,131072,71,1,288,5,2,flexible,71,71,0,0
106,131072,71,1,324,2,4,flexible,71,71,0,0
106,131072,71,1,384,7,1,flexible,71,71,0,0
106,131072,71,1,432,4,3,flexible,71,71,0,0
106,131072,71,1,486,1,5,flexible,71,71,0,0
106,131072,71,1,512,9,0,flexible,71,71,0,0
106,131072,71,1,576,6,2,flexible,71,71,0,0
106,131072,71,1,648,3,4,flexible,71,71,0,0
106,131072,71,1,729,0,6,flexible,71,71,0,0
106,131072,71,1,768,8,1,flexible,71,71,0,0
106,131072,71,1,864,5,3,flexible,71,71,0,0
106,131072,71,1,972,2,5,flexible,71,71,0,0
106,131072,71,1,1024,10,0,flexible,71,71,0,0
106,131072,71,1,1152,7,2,flexible,71,71,0,0
106,131072,71,1,1296,4,4,flexible,71,71,0,0
106,131072,71,1,1458,1,6,flexible,71,71,0,0
106,131072,71,1,1536,9,1,flexible,71,71,0,0
106,131072,71,1,1728,6,3,flexible,71,71,0,0
106,131072,71,1,1944,3,5,flexible,71,71,0,0
106,131072,71,1,2048,11,0,flexible,71,71,0,0
106,131072,71,1,2187,0,7,flexible,71,71,0,0
106,131072,71,1,2304,8,2,flexible,71,71,0,0
106,131072,71,1,2592,5,4,flexible,71,71,0,0
106,131072,71,1,2916,2,6,flexible,71,71,0,0
106,131072,71,1,3072,10,1,flexible,71,71,0,0
106,131072,71,1,3456,7,3,flexible,71,71,0,0
106,131072,71,1,3888,4,5,flexible,71,71,0,0
106,131072,71,1,4096,12,0,flexible,71,71,0,0
106,131072,71,1,4374,1,7,flexible,71,71,0,0
106,131072,71,1,4608,9,2,flexible,71,71,0,0
106,131072,71,1,5184,6,4,flexible,71,71,0,0
106,131072,71,1,5832,3,6,flexible,71,71,0,0
106,131072,71,1,6144,11,1,flexible,71,71,0,0
106,131072,71,1,6561,0,8,flexible,71,71,0,0
106,131072,71,1,6912,8,3,flexible,71,71,0,0
106,131072,71,1,7776,5,5,flexible,71,71,0,0
106,131072,71,1,8192,13,0,flexible,71,71,0,0
106,131072,71,1,8748,2,7,flexible,71,71,0,0
106,131072,71,1,9216,10,2,flexible,71,71,0,0
106,131072,71,1,10368,7,4,flexible,71,71,0,0
106,131072,71,1,11664,4,6,flexible,71,71,0,0
106,131072,71,1,12288,12,1,flexible,71,71,0,0
106,131072,71,1,13122,1,8,flexible,71,71,0,0
106,131072,71,1,13824,9,3,flexible,71,71,0,0
106,131072,71,1,15552,6,5,flexible,71,71,0,0
106,131072,71,1,16384,14,0,flexible,71,71,0,0
106,131072,71,1,17496,3,7,flexible,71,71,0,0
106,131072,71,1,18432,11,2,flexible,71,71,0,0
106,131072,71,1,19683,0,9,flexible,71,71,0,0
106,131072,71,1,20736,8,4,flexible,71,71,0,0
106,131072,71,1,23328,5,6,flexible,71,71,0,0
106,131072,71,1,24576,13,1,flexible,71,71,0,0
106,131072,71,1,26244,2,8,flexible,71,71,0,0
106,131072,71,1,27648,10,3,flexible,71,71,0,0
106,131072,71,1,31104,7,5,flexible,71,71,0,0
106,131072,71,1,32768,15,0,flexible,71,71,0,0
106,131072,71,1,34992,4,7,flexible,71,71,0,0
106,131072,71,1,36864,12,2,flexible,71,71,0,0
106,131072,71,1,39366,1,9,flexible,71,71,0,0
106,131072,71,1,41472,9,4,flexible,71,71,0,0
106,131072,71,1,46656,6,6,flexible,71,71,0,0
106,131072,71,1,49152,14,1,flexible,71,71,0,0
106,131072,71,1,52488,3,8,flexible,71,71,0,0
106,131072,71,1,55296,11,3,flexible,71,71,0,0
106,131072,71,1,59049,0,10,flexible,71,71,0,0
106,131072,71,1,62208,8,5,flexible,71,71,0,0
106,131072,71,1,65536,16,0,flexible,71,71,0,0
106,131072,71,1,69984,5,7,flexible,71,71,0,0
106,131072,71,1,73728,13,2,flexible,71,71,0,0
106,131072,71,1,78732,2,9,flexible,71,71,0,0
106,131072,71,1,82944,10,4,flexible,71,71,0,0
106,131072,71,1,93312,7,6,flexible,71,71,0,0
106,131072,71,1,98304,15,1,flexible,71,71,0,0
106,131072,71,1,104976,4,8,flexible,71,71,0,0
106,131072,71,1,110592,12,3,flexible,71,71,0,0
106,131072,71,1,118098,1,10,flexible,71,71,0,0
106,131072,71,1,124416,9,5,flexible,71,71,0,0
106,131072,71,1,131072,17,0,forced,70,71,1,0
107,139968,72,1,1,0,0,flexible,72,72,0,0
107,139968,72,1,2,1,0,flexible,72,72,0,0
107,139968,72,1,3,0,1,flexible,72,72,0,0
107,139968,72,1,4,2,0,forced,71,72,1,0
107,139968,72,1,6,1,1,flexible,72,72,0,0
107,139968,72,1,8,3,0,flexible,72,72,0,0
107,139968,72,1,9,0,2,flexible,72,72,0,0
107,139968,72,1,12,2,1,flexible,72,72,0,0
107,139968,72,1,16,4,0,flexible,72,72,0,0
107,139968,72,1,18,1,2,forced,71,72,1,0
107,139968,72,1,24,3,1,forced,71,72,1,0
107,139968,72,1,27,0,3,flexible,72,72,0,0
107,139968,72,1,32,5,0,forced,71,72,1,0
107,139968,72,1,36,2,2,flexible,72,72,0,0
107,139968,72,1,48,4,1,flexible,72,72,0,0
107,139968,72,1,54,1,3,flexible,72,72,0,0
107,139968,72,1,64,6,0,flexible,72,72,0,0
107,139968,72,1,72,3,2,flexible,72,72,0,0
107,139968,72,1,81,0,4,forced,71,72,1,0
107,139968,72,1,96,5,1,flexible,72,72,0,0
107,139968,72,1,108,2,3,forced,71,72,1,0
107,139968,72,1,128,7,0,flexible,72,72,0,0
107,139968,72,1,144,4,2,forced,71,72,1,0
107,139968,72,1,162,1,4,flexible,72,72,0,0
107,139968,72,1,192,6,1,forced,71,72,1,0
107,139968,72,1,216,3,3,flexible,72,72,0,0
107,139968,72,1,243,0,5,flexible,72,72,0,0
107,139968,72,1,256,8,0,forced,71,72,1,0
107,139968,72,1,288,5,2,flexible,72,72,0,0
107,139968,72,1,324,2,4,flexible,72,72,0,0
107,139968,72,1,384,7,1,flexible,72,72,0,0
107,139968,72,1,432,4,3,flexible,72,72,0,0
107,139968,72,1,486,1,5,forced,71,72,1,0
107,139968,72,1,512,9,0,flexible,72,72,0,0
107,139968,72,1,576,6,2,flexible,72,72,0,0
107,139968,72,1,648,3,4,forced,71,72,1,0
107,139968,72,1,729,0,6,flexible,72,72,0,0
107,139968,72,1,768,8,1,flexible,72,72,0,0
107,139968,72,1,864,5,3,forced,71,72,1,0
107,139968,72,1,972,2,5,flexible,72,72,0,0
107,139968,72,1,1024,10,0,flexible,72,72,0,0
107,139968,72,1,1152,7,2,forced,71,72,1,0
107,139968,72,1,1296,4,4,flexible,72,72,0,0
107,139968,72,1,1458,1,6,flexible,72,72,0,0
107,139968,72,1,1536,9,1,forced,71,72,1,0
107,139968,72,1,1728,6,3,flexible,72,72,0,0
107,139968,72,1,1944,3,5,flexible,72,72,0,0
107,139968,72,1,2048,11,0,forced,71,72,1,0
107,139968,72,1,2187,0,7,forced,71,72,1,0
107,139968,72,1,2304,8,2,flexible,72,72,0,0
107,139968,72,1,2592,5,4,flexible,72,72,0,0
107,139968,72,1,2916,2,6,forced,71,72,1,0
107,139968,72,1,3072,10,1,flexible,72,72,0,0
107,139968,72,1,3456,7,3,flexible,72,72,0,0
107,139968,72,1,3888,4,5,forced,71,72,1,0
107,139968,72,1,4096,12,0,flexible,72,72,0,0
107,139968,72,1,4374,1,7,flexible,72,72,0,0
107,139968,72,1,4608,9,2,flexible,72,72,0,0
107,139968,72,1,5184,6,4,forced,71,72,1,0
107,139968,72,1,5832,3,6,flexible,72,72,0,0
107,139968,72,1,6144,11,1,flexible,72,72,0,0
107,139968,72,1,6561,0,8,flexible,72,72,0,0
107,139968,72,1,6912,8,3,forced,71,72,1,0
107,139968,72,1,7776,5,5,flexible,72,72,0,0
107,139968,72,1,8192,13,0,flexible,72,72,0,0
107,139968,72,1,8748,2,7,flexible,72,72,0,0
107,139968,72,1,9216,10,2,forced,71,72,1,0
107,139968,72,1,10368,7,4,flexible,72,72,0,0
107,139968,72,1,11664,4,6,flexible,72,72,0,0
107,139968,72,1,12288,12,1,flexible,72,72,0,0
107,139968,72,1,13122,1,8,flexible,72,72,0,0
107,139968,72,1,13824,9,3,flexible,72,72,0,0
107,139968,72,1,15552,6,5,flexible,72,72,0,0
107,139968,72,1,16384,14,0,forced,71,72,1,0
107,139968,72,1,17496,3,7,forced,71,72,1,0
107,139968,72,1,18432,11,2,flexible,72,72,0,0
107,139968,72,1,19683,0,9,flexible,72,72,0,0
107,139968,72,1,20736,8,4,flexible,72,72,0,0
107,139968,72,1,23328,5,6,forced,71,72,1,0
107,139968,72,1,24576,13,1,flexible,72,72,0,0
107,139968,72,1,26244,2,8,flexible,72,72,0,0
107,139968,72,1,27648,10,3,flexible,72,72,0,0
107,139968,72,1,31104,7,5,forced,71,72,1,0
107,139968,72,1,32768,15,0,flexible,72,72,0,0
107,139968,72,1,34992,4,7,flexible,72,72,0,0
107,139968,72,1,36864,12,2,flexible,72,72,0,0
107,139968,72,1,39366,1,9,flexible,72,72,0,0
107,139968,72,1,41472,9,4,flexible,72,72,0,0
107,139968,72,1,46656,6,6,flexible,72,72,0,0
107,139968,72,1,49152,14,1,flexible,72,72,0,0
107,139968,72,1,52488,3,8,flexible,72,72,0,0
107,139968,72,1,55296,11,3,forced,71,72,1,0
107,139968,72,1,59049,0,10,forced,71,72,1,0
107,139968,72,1,62208,8,5,flexible,72,72,0,0
107,139968,72,1,65536,16,0,flexible,72,72,0,0
107,139968,72,1,69984,5,7,flexible,72,72,0,0
107,139968,72,1,73728,13,2,flexible,72,72,0,0
107,139968,72,1,78732,2,9,flexible,72,72,0,0
107,139968,72,1,82944,10,4,flexible,72,72,0,0
107,139968,72,1,93312,7,6,flexible,72,72,0,0
107,139968,72,1,98304,15,1,flexible,72,72,0,0
107,139968,72,1,104976,4,8,forced,71,72,1,0
107,139968,72,1,110592,12,3,flexible,72,72,0,0
107,139968,72,1,118098,1,10,flexible,72,72,0,0
107,139968,72,1,124416,9,5,flexible,72,72,0,0
107,139968,72,1,131072,17,0,forced,71,72,1,0
107,139968,72,1,139968,6,7,forced,71,72,1,0
108,147456,73,1,1,0,0,forced,72,73,1,0
108,147456,73,1,2,1,0,none,73,72,0,1
108,147456,73,1,3,0,1,forced,72,73,1,0
108,147456,73,1,4,2,0,forced,72,73,1,0
108,147456,73,1,6,1,1,forced,72,73,1,0
108,147456,73,1,8,3,0,forced,72,73,1,0
108,147456,73,1,9,0,2,none,73,72,0,1
108,147456,73,1,12,2,1,none,73,72,0,1
108,147456,73,1,16,4,0,none,73,72,0,1
108,147456,73,1,18,1,2,forced,72,73,1,0
108,147456,73,1,24,3,1,forced,72,73,1,0
108,147456,73,1,27,0,3,forced,72,73,1,0
108,147456,73,1,32,5,0,forced,72,73,1,0
108,147456,73,1,36,2,2,forced,72,73,1,0
108,147456,73,1,48,4,1,forced,72,73,1,0
108,147456,73,1,54,1,3,none,73,72,0,1
108,147456,73,1,64,6,0,forced,72,73,1,0
108,147456,73,1,72,3,2,none,73,72,0,1
108,147456,73,1,81,0,4,forced,72,73,1,0
108,147456,73,1,96,5,1,none,73,72,0,1
108,147456,73,1,108,2,3,forced,72,73,1,0
108,147456,73,1,128,7,0,none,73,72,0,1
108,147456,73,1,144,4,2,forced,72,73,1,0
108,147456,73,1,162,1,4,forced,72,73,1,0
108,147456,73,1,192,6,1,forced,72,73,1,0
108,147456,73,1,216,3,3,forced,72,73,1,0
108,147456,73,1,243,0,5,none,73,72,0,1
108,147456,73,1,256,8,0,forced,72,73,1,0
108,147456,73,1,288,5,2,forced,72,73,1,0
108,147456,73,1,324,2,4,none,73,72,0,1
108,147456,73,1,384,7,1,forced,72,73,1,0
108,147456,73,1,432,4,3,none,73,72,0,1
108,147456,73,1,486,1,5,forced,72,73,1,0
108,147456,73,1,512,9,0,forced,72,73,1,0
108,147456,73,1,576,6,2,none,73,72,0,1
108,147456,73,1,648,3,4,forced,72,73,1,0
108,147456,73,1,729,0,6,forced,72,73,1,0
108,147456,73,1,768,8,1,none,73,72,0,1
108,147456,73,1,864,5,3,forced,72,73,1,0
108,147456,73,1,972,2,5,forced,72,73,1,0
108,147456,73,1,1024,10,0,none,73,72,0,1
108,147456,73,1,1152,7,2,forced,72,73,1,0
108,147456,73,1,1296,4,4,forced,72,73,1,0
108,147456,73,1,1458,1,6,none,73,72,0,1
108,147456,73,1,1536,9,1,forced,72,73,1,0
108,147456,73,1,1728,6,3,forced,72,73,1,0
108,147456,73,1,1944,3,5,none,73,72,0,1
108,147456,73,1,2048,11,0,forced,72,73,1,0
108,147456,73,1,2187,0,7,forced,72,73,1,0
108,147456,73,1,2304,8,2,forced,72,73,1,0
108,147456,73,1,2592,5,4,none,73,72,0,1
108,147456,73,1,2916,2,6,forced,72,73,1,0
108,147456,73,1,3072,10,1,forced,72,73,1,0
108,147456,73,1,3456,7,3,none,73,72,0,1
108,147456,73,1,3888,4,5,forced,72,73,1,0
108,147456,73,1,4096,12,0,forced,72,73,1,0
108,147456,73,1,4374,1,7,forced,72,73,1,0
108,147456,73,1,4608,9,2,none,73,72,0,1
108,147456,73,1,5184,6,4,forced,72,73,1,0
108,147456,73,1,5832,3,6,forced,72,73,1,0
108,147456,73,1,6144,11,1,none,73,72,0,1
108,147456,73,1,6561,0,8,none,73,72,0,1
108,147456,73,1,6912,8,3,forced,72,73,1,0
108,147456,73,1,7776,5,5,forced,72,73,1,0
108,147456,73,1,8192,13,0,none,73,72,0,1
108,147456,73,1,8748,2,7,none,73,72,0,1
108,147456,73,1,9216,10,2,forced,72,73,1,0
108,147456,73,1,10368,7,4,forced,72,73,1,0
108,147456,73,1,11664,4,6,none,73,72,0,1
108,147456,73,1,12288,12,1,forced,72,73,1,0
108,147456,73,1,13122,1,8,forced,72,73,1,0
108,147456,73,1,13824,9,3,forced,72,73,1,0
108,147456,73,1,15552,6,5,none,73,72,0,1
108,147456,73,1,16384,14,0,forced,72,73,1,0
108,147456,73,1,17496,3,7,forced,72,73,1,0
108,147456,73,1,18432,11,2,forced,72,73,1,0
108,147456,73,1,19683,0,9,forced,72,73,1,0
108,147456,73,1,20736,8,4,none,73,72,0,1
108,147456,73,1,23328,5,6,forced,72,73,1,0
108,147456,73,1,24576,13,1,forced,72,73,1,0
108,147456,73,1,26244,2,8,forced,72,73,1,0
108,147456,73,1,27648,10,3,none,73,72,0,1
108,147456,73,1,31104,7,5,forced,72,73,1,0
108,147456,73,1,32768,15,0,flexible,73,73,0,0
108,147456,73,1,34992,4,7,forced,72,73,1,0
108,147456,73,1,36864,12,2,none,73,72,0,1
108,147456,73,1,39366,1,9,none,73,72,0,1
108,147456,73,1,41472,9,4,flexible,73,73,0,0
108,147456,73,1,46656,6,6,forced,72,73,1,0
108,147456,73,1,49152,14,1,none,73,72,0,1
108,147456,73,1,52488,3,8,none,73,72,0,1
108,147456,73,1,55296,11,3,forced,72,73,1,0
108,147456,73,1,59049,0,10,forced,72,73,1,0
108,147456,73,1,62208,8,5,forced,72,73,1,0
108,147456,73,1,65536,16,0,flexible,73,73,0,0
108,147456,73,1,69984,5,7,none,73,72,0,1
108,147456,73,1,73728,13,2,forced,72,73,1,0
108,147456,73,1,78732,2,9,forced,72,73,1,0
108,147456,73,1,82944,10,4,flexible,73,73,0,0
108,147456,73,1,93312,7,6,none,73,72,0,1
108,147456,73,1,98304,15,1,flexible,73,73,0,0
108,147456,73,1,104976,4,8,forced,72,73,1,0
108,147456,73,1,110592,12,3,forced,72,73,1,0
108,147456,73,1,118098,1,10,forced,72,73,1,0
108,147456,73,1,124416,9,5,flexible,73,73,0,0
108,147456,73,1,131072,17,0,forced,72,73,1,0
108,147456,73,1,139968,6,7,forced,72,73,1,0
108,147456,73,1,147456,14,2,forced,72,73,1,0
109,157464,74,1,1,0,0,forced,73,74,1,0
109,157464,74,1,2,1,0,none,74,73,0,1
109,157464,74,1,3,0,1,forced,73,74,1,0
109,157464,74,1,4,2,0,forced,73,74,1,0
109,157464,74,1,6,1,1,forced,73,74,1,0
109,157464,74,1,8,3,0,forced,73,74,1,0
109,157464,74,1,9,0,2,none,74,73,0,1
109,157464,74,1,12,2,1,none,74,73,0,1
109,157464,74,1,16,4,0,none,74,73,0,1
109,157464,74,1,18,1,2,forced,73,74,1,0
109,157464,74,1,24,3,1,forced,73,74,1,0
109,157464,74,1,27,0,3,forced,73,74,1,0
109,157464,74,1,32,5,0,forced,73,74,1,0
109,157464,74,1,36,2,2,forced,73,74,1,0
109,157464,74,1,48,4,1,forced,73,74,1,0
109,157464,74,1,54,1,3,none,74,73,0,1
109,157464,74,1,64,6,0,forced,73,74,1,0
109,157464,74,1,72,3,2,none,74,73,0,1
109,157464,74,1,81,0,4,forced,73,74,1,0
109,157464,74,1,96,5,1,none,74,73,0,1
109,157464,74,1,108,2,3,forced,73,74,1,0
109,157464,74,1,128,7,0,none,74,73,0,1
109,157464,74,1,144,4,2,forced,73,74,1,0
109,157464,74,1,162,1,4,forced,73,74,1,0
109,157464,74,1,192,6,1,forced,73,74,1,0
109,157464,74,1,216,3,3,forced,73,74,1,0
109,157464,74,1,243,0,5,none,74,73,0,1
109,157464,74,1,256,8,0,forced,73,74,1,0
109,157464,74,1,288,5,2,forced,73,74,1,0
109,157464,74,1,324,2,4,none,74,73,0,1
109,157464,74,1,384,7,1,forced,73,74,1,0
109,157464,74,1,432,4,3,none,74,73,0,1
109,157464,74,1,486,1,5,forced,73,74,1,0
109,157464,74,1,512,9,0,forced,73,74,1,0
109,157464,74,1,576,6,2,none,74,73,0,1
109,157464,74,1,648,3,4,forced,73,74,1,0
109,157464,74,1,729,0,6,forced,73,74,1,0
109,157464,74,1,768,8,1,none,74,73,0,1
109,157464,74,1,864,5,3,forced,73,74,1,0
109,157464,74,1,972,2,5,forced,73,74,1,0
109,157464,74,1,1024,10,0,none,74,73,0,1
109,157464,74,1,1152,7,2,forced,73,74,1,0
109,157464,74,1,1296,4,4,forced,73,74,1,0
109,157464,74,1,1458,1,6,none,74,73,0,1
109,157464,74,1,1536,9,1,forced,73,74,1,0
109,157464,74,1,1728,6,3,forced,73,74,1,0
109,157464,74,1,1944,3,5,none,74,73,0,1
109,157464,74,1,2048,11,0,forced,73,74,1,0
109,157464,74,1,2187,0,7,forced,73,74,1,0
109,157464,74,1,2304,8,2,forced,73,74,1,0
109,157464,74,1,2592,5,4,none,74,73,0,1
109,157464,74,1,2916,2,6,forced,73,74,1,0
109,157464,74,1,3072,10,1,forced,73,74,1,0
109,157464,74,1,3456,7,3,none,74,73,0,1
109,157464,74,1,3888,4,5,forced,73,74,1,0
109,157464,74,1,4096,12,0,forced,73,74,1,0
109,157464,74,1,4374,1,7,forced,73,74,1,0
109,157464,74,1,4608,9,2,none,74,73,0,1
109,157464,74,1,5184,6,4,forced,73,74,1,0
109,157464,74,1,5832,3,6,forced,73,74,1,0
109,157464,74,1,6144,11,1,none,74,73,0,1
109,157464,74,1,6561,0,8,none,74,73,0,1
109,157464,74,1,6912,8,3,forced,73,74,1,0
109,157464,74,1,7776,5,5,forced,73,74,1,0
109,157464,74,1,8192,13,0,none,74,73,0,1
109,157464,74,1,8748,2,7,none,74,73,0,1
109,157464,74,1,9216,10,2,forced,73,74,1,0
109,157464,74,1,10368,7,4,forced,73,74,1,0
109,157464,74,1,11664,4,6,none,74,73,0,1
109,157464,74,1,12288,12,1,forced,73,74,1,0
109,157464,74,1,13122,1,8,forced,73,74,1,0
109,157464,74,1,13824,9,3,forced,73,74,1,0
109,157464,74,1,15552,6,5,none,74,73,0,1
109,157464,74,1,16384,14,0,forced,73,74,1,0
109,157464,74,1,17496,3,7,forced,73,74,1,0
109,157464,74,1,18432,11,2,forced,73,74,1,0
109,157464,74,1,19683,0,9,forced,73,74,1,0
109,157464,74,1,20736,8,4,none,74,73,0,1
109,157464,74,1,23328,5,6,forced,73,74,1,0
109,157464,74,1,24576,13,1,forced,73,74,1,0
109,157464,74,1,26244,2,8,forced,73,74,1,0
109,157464,74,1,27648,10,3,none,74,73,0,1
109,157464,74,1,31104,7,5,forced,73,74,1,0
109,157464,74,1,32768,15,0,flexible,74,74,0,0
109,157464,74,1,34992,4,7,forced,73,74,1,0
109,157464,74,1,36864,12,2,none,74,73,0,1
109,157464,74,1,39366,1,9,none,74,73,0,1
109,157464,74,1,41472,9,4,flexible,74,74,0,0
109,157464,74,1,46656,6,6,forced,73,74,1,0
109,157464,74,1,49152,14,1,none,74,73,0,1
109,157464,74,1,52488,3,8,none,74,73,0,1
109,157464,74,1,55296,11,3,forced,73,74,1,0
109,157464,74,1,59049,0,10,forced,73,74,1,0
109,157464,74,1,62208,8,5,forced,73,74,1,0
109,157464,74,1,65536,16,0,flexible,74,74,0,0
109,157464,74,1,69984,5,7,none,74,73,0,1
109,157464,74,1,73728,13,2,forced,73,74,1,0
109,157464,74,1,78732,2,9,forced,73,74,1,0
109,157464,74,1,82944,10,4,flexible,74,74,0,0
109,157464,74,1,93312,7,6,none,74,73,0,1
109,157464,74,1,98304,15,1,flexible,74,74,0,0
109,157464,74,1,104976,4,8,forced,73,74,1,0
109,157464,74,1,110592,12,3,forced,73,74,1,0
109,157464,74,1,118098,1,10,forced,73,74,1,0
109,157464,74,1,124416,9,5,flexible,74,74,0,0
109,157464,74,1,131072,17,0,forced,73,74,1,0
109,157464,74,1,139968,6,7,forced,73,74,1,0
109,157464,74,1,147456,14,2,forced,73,74,1,0
109,157464,74,1,157464,3,9,forced,73,74,1,0
110,165888,74,0,1,0,0,forced,73,74,1,0
110,165888,74,0,2,1,0,flexible,74,74,0,0
110,165888,74,0,3,0,1,flexible,74,74,0,0
110,165888,74,0,4,2,0,flexible,74,74,0,0
110,165888,74,0,6,1,1,forced,73,74,1,0
110,165888,74,0,8,3,0,forced,73,74,1,0
110,165888,74,0,9,0,2,flexible,74,74,0,0
110,165888,74,0,12,2,1,flexible,74,74,0,0
110,165888,74,0,16,4,0,flexible,74,74,0,0
110,165888,74,0,18,1,2,flexible,74,74,0,0
110,165888,74,0,24,3,1,flexible,74,74,0,0
110,165888,74,0,27,0,3,forced,73,74,1,0
110,165888,74,0,32,5,0,flexible,74,74,0,0
110,165888,74,0,36,2,2,forced,73,74,1,0
110,165888,74,0,48,4,1,forced,73,74,1,0
110,165888,74,0,54,1,3,flexible,74,74,0,0
110,165888,74,0,64,6,0,forced,73,74,1,0
110,165888,74,0,72,3,2,flexible,74,74,0,0
110,165888,74,0,81,0,4,flexible,74,74,0,0
110,165888,74,0,96,5,1,flexible,74,74,0,0
110,165888,74,0,108,2,3,flexible,74,74,0,0
110,165888,74,0,128,7,0,flexible,74,74,0,0
110,165888,74,0,144,4,2,flexible,74,74,0,0
110,165888,74,0,162,1,4,forced,73,74,1,0
110,165888,74,0,192,6,1,flexible,74,74,0,0
110,165888,74,0,216,3,3,forced,73,74,1,0
110,165888,74,0,243,0,5,flexible,74,74,0,0
110,165888,74,0,256,8,0,flexible,74,74,0,0
110,165888,74,0,288,5,2,forced,73,74,1,0
110,165888,74,0,324,2,4,flexible,74,74,0,0
110,165888,74,0,384,7,1,forced,73,74,1,0
110,165888,74,0,432,4,3,flexible,74,74,0,0
110,165888,74,0,486,1,5,flexible,74,74,0,0
110,165888,74,0,512,9,0,flexible,74,74,0,0
110,165888,74,0,576,6,2,flexible,74,74,0,0
110,165888,74,0,648,3,4,flexible,74,74,0,0
110,165888,74,0,729,0,6,forced,73,74,1,0
110,165888,74,0,768,8,1,flexible,74,74,0,0
110,165888,74,0,864,5,3,flexible,74,74,0,0
110,165888,74,0,972,2,5,forced,73,74,1,0
110,165888,74,0,1024,10,0,flexible,74,74,0,0
110,165888,74,0,1152,7,2,flexible,74,74,0,0
110,165888,74,0,1296,4,4,forced,73,74,1,0
110,165888,74,0,1458,1,6,flexible,74,74,0,0
110,165888,74,0,1536,9,1,flexible,74,74,0,0
110,165888,74,0,1728,6,3,forced,73,74,1,0
110,165888,74,0,1944,3,5,flexible,74,74,0,0
110,165888,74,0,2048,11,0,flexible,74,74,0,0
110,165888,74,0,2187,0,7,flexible,74,74,0,0
110,165888,74,0,2304,8,2,flexible,74,74,0,0
110,165888,74,0,2592,5,4,flexible,74,74,0,0
110,165888,74,0,2916,2,6,flexible,74,74,0,0
110,165888,74,0,3072,10,1,forced,73,74,1,0
110,165888,74,0,3456,7,3,flexible,74,74,0,0
110,165888,74,0,3888,4,5,flexible,74,74,0,0
110,165888,74,0,4096,12,0,flexible,74,74,0,0
110,165888,74,0,4374,1,7,forced,73,74,1,0
110,165888,74,0,4608,9,2,flexible,74,74,0,0
110,165888,74,0,5184,6,4,flexible,74,74,0,0
110,165888,74,0,5832,3,6,forced,73,74,1,0
110,165888,74,0,6144,11,1,flexible,74,74,0,0
110,165888,74,0,6561,0,8,flexible,74,74,0,0
110,165888,74,0,6912,8,3,flexible,74,74,0,0
110,165888,74,0,7776,5,5,flexible,74,74,0,0
110,165888,74,0,8192,13,0,flexible,74,74,0,0
110,165888,74,0,8748,2,7,flexible,74,74,0,0
110,165888,74,0,9216,10,2,flexible,74,74,0,0
110,165888,74,0,10368,7,4,flexible,74,74,0,0
110,165888,74,0,11664,4,6,flexible,74,74,0,0
110,165888,74,0,12288,12,1,flexible,74,74,0,0
110,165888,74,0,13122,1,8,flexible,74,74,0,0
110,165888,74,0,13824,9,3,forced,73,74,1,0
110,165888,74,0,15552,6,5,flexible,74,74,0,0
110,165888,74,0,16384,14,0,flexible,74,74,0,0
110,165888,74,0,17496,3,7,flexible,74,74,0,0
110,165888,74,0,18432,11,2,flexible,74,74,0,0
110,165888,74,0,19683,0,9,flexible,74,74,0,0
110,165888,74,0,20736,8,4,flexible,74,74,0,0
110,165888,74,0,23328,5,6,flexible,74,74,0,0
110,165888,74,0,24576,13,1,forced,73,74,1,0
110,165888,74,0,26244,2,8,flexible,74,74,0,0
110,165888,74,0,27648,10,3,flexible,74,74,0,0
110,165888,74,0,31104,7,5,flexible,74,74,0,0
110,165888,74,0,32768,15,0,flexible,74,74,0,0
110,165888,74,0,34992,4,7,flexible,74,74,0,0
110,165888,74,0,36864,12,2,flexible,74,74,0,0
110,165888,74,0,39366,1,9,flexible,74,74,0,0
110,165888,74,0,41472,9,4,flexible,74,74,0,0
110,165888,74,0,46656,6,6,flexible,74,74,0,0
110,165888,74,0,49152,14,1,flexible,74,74,0,0
110,165888,74,0,52488,3,8,flexible,74,74,0,0
110,165888,74,0,55296,11,3,flexible,74,74,0,0
110,165888,74,0,59049,0,10,flexible,74,74,0,0
110,165888,74,0,62208,8,5,forced,73,74,1,0
110,165888,74,0,65536,16,0,flexible,74,74,0,0
110,165888,74,0,69984,5,7,flexible,74,74,0,0
110,165888,74,0,73728,13,2,flexible,74,74,0,0
110,165888,74,0,78732,2,9,flexible,74,74,0,0
110,165888,74,0,82944,10,4,flexible,74,74,0,0
110,165888,74,0,93312,7,6,flexible,74,74,0,0
110,165888,74,0,98304,15,1,flexible,74,74,0,0
110,165888,74,0,104976,4,8,flexible,74,74,0,0
110,165888,74,0,110592,12,3,flexible,74,74,0,0
110,165888,74,0,118098,1,10,forced,73,74,1,0
110,165888,74,0,124416,9,5,flexible,74,74,0,0
110,165888,74,0,131072,17,0,forced,73,74,1,0
110,165888,74,0,139968,6,7,flexible,74,74,0,0
110,165888,74,0,147456,14,2,forced,73,74,1,0
110,165888,74,0,157464,3,9,forced,73,74,1,0
110,165888,74,0,165888,11,4,flexible,74,74,0,0
111,177147,75,1,1,0,0,forced,74,75,1,0
111,177147,75,1,2,1,0,forced,74,75,1,0
111,177147,75,1,3,0,1,none,75,74,0,1
111,177147,75,1,4,2,0,none,75,74,0,1
111,177147,75,1,6,1,1,forced,74,75,1,0
111,177147,75,1,8,3,0,forced,74,75,1,0
111,177147,75,1,9,0,2,forced,74,75,1,0
111,177147,75,1,12,2,1,forced,74,75,1,0
111,177147,75,1,16,4,0,forced,74,75,1,0
111,177147,75,1,18,1,2,none,75,74,0,1
111,177147,75,1,24,3,1,none,75,74,0,1
111,177147,75,1,27,0,3,forced,74,75,1,0
111,177147,75,1,32,5,0,none,75,74,0,1
111,177147,75,1,36,2,2,forced,74,75,1,0
111,177147,75,1,48,4,1,forced,74,75,1,0
111,177147,75,1,54,1,3,forced,74,75,1,0
111,177147,75,1,64,6,0,forced,74,75,1,0
111,177147,75,1,72,3,2,forced,74,75,1,0
111,177147,75,1,81,0,4,none,75,74,0,1
111,177147,75,1,96,5,1,forced,74,75,1,0
111,177147,75,1,108,2,3,none,75,74,0,1
111,177147,75,1,128,7,0,forced,74,75,1,0
111,177147,75,1,144,4,2,none,75,74,0,1
111,177147,75,1,162,1,4,forced,74,75,1,0
111,177147,75,1,192,6,1,none,75,74,0,1
111,177147,75,1,216,3,3,forced,74,75,1,0
111,177147,75,1,243,0,5,forced,74,75,1,0
111,177147,75,1,256,8,0,none,75,74,0,1
111,177147,75,1,288,5,2,forced,74,75,1,0
111,177147,75,1,324,2,4,forced,74,75,1,0
111,177147,75,1,384,7,1,forced,74,75,1,0
111,177147,75,1,432,4,3,forced,74,75,1,0
111,177147,75,1,486,1,5,none,75,74,0,1
111,177147,75,1,512,9,0,forced,74,75,1,0
111,177147,75,1,576,6,2,forced,74,75,1,0
111,177147,75,1,648,3,4,none,75,74,0,1
111,177147,75,1,729,0,6,forced,74,75,1,0
111,177147,75,1,768,8,1,forced,74,75,1,0
111,177147,75,1,864,5,3,none,75,74,0,1
111,177147,75,1,972,2,5,forced,74,75,1,0
111,177147,75,1,1024,10,0,forced,74,75,1,0
111,177147,75,1,1152,7,2,none,75,74,0,1
111,177147,75,1,1296,4,4,forced,74,75,1,0
111,177147,75,1,1458,1,6,forced,74,75,1,0
111,177147,75,1,1536,9,1,none,75,74,0,1
111,177147,75,1,1728,6,3,forced,74,75,1,0
111,177147,75,1,1944,3,5,forced,74,75,1,0
111,177147,75,1,2048,11,0,none,75,74,0,1
111,177147,75,1,2187,0,7,none,75,74,0,1
111,177147,75,1,2304,8,2,forced,74,75,1,0
111,177147,75,1,2592,5,4,forced,74,75,1,0
111,177147,75,1,2916,2,6,none,75,74,0,1
111,177147,75,1,3072,10,1,forced,74,75,1,0
111,177147,75,1,3456,7,3,forced,74,75,1,0
111,177147,75,1,3888,4,5,none,75,74,0,1
111,177147,75,1,4096,12,0,forced,74,75,1,0
111,177147,75,1,4374,1,7,forced,74,75,1,0
111,177147,75,1,4608,9,2,forced,74,75,1,0
111,177147,75,1,5184,6,4,none,75,74,0,1
111,177147,75,1,5832,3,6,forced,74,75,1,0
111,177147,75,1,6144,11,1,forced,74,75,1,0
111,177147,75,1,6561,0,8,forced,74,75,1,0
111,177147,75,1,6912,8,3,none,75,74,0,1
111,177147,75,1,7776,5,5,forced,74,75,1,0
111,177147,75,1,8192,13,0,forced,74,75,1,0
111,177147,75,1,8748,2,7,forced,74,75,1,0
111,177147,75,1,9216,10,2,none,75,74,0,1
111,177147,75,1,10368,7,4,forced,74,75,1,0
111,177147,75,1,11664,4,6,forced,74,75,1,0
111,177147,75,1,12288,12,1,none,75,74,0,1
111,177147,75,1,13122,1,8,none,75,74,0,1
111,177147,75,1,13824,9,3,forced,74,75,1,0
111,177147,75,1,15552,6,5,forced,74,75,1,0
111,177147,75,1,16384,14,0,none,75,74,0,1
111,177147,75,1,17496,3,7,none,75,74,0,1
111,177147,75,1,18432,11,2,forced,74,75,1,0
111,177147,75,1,19683,0,9,forced,74,75,1,0
111,177147,75,1,20736,8,4,forced,74,75,1,0
111,177147,75,1,23328,5,6,none,75,74,0,1
111,177147,75,1,24576,13,1,forced,74,75,1,0
111,177147,75,1,26244,2,8,forced,74,75,1,0
111,177147,75,1,27648,10,3,forced,74,75,1,0
111,177147,75,1,31104,7,5,none,75,74,0,1
111,177147,75,1,32768,15,0,forced,74,75,1,0
111,177147,75,1,34992,4,7,forced,74,75,1,0
111,177147,75,1,36864,12,2,forced,74,75,1,0
111,177147,75,1,39366,1,9,forced,74,75,1,0
111,177147,75,1,41472,9,4,none,75,74,0,1
111,177147,75,1,46656,6,6,flexible,75,75,0,0
111,177147,75,1,49152,14,1,forced,74,75,1,0
111,177147,75,1,52488,3,8,forced,74,75,1,0
111,177147,75,1,55296,11,3,none,75,74,0,1
111,177147,75,1,59049,0,10,none,75,74,0,1
111,177147,75,1,62208,8,5,forced,74,75,1,0
111,177147,75,1,65536,16,0,forced,74,75,1,0
111,177147,75,1,69984,5,7,forced,74,75,1,0
111,177147,75,1,73728,13,2,none,75,74,0,1
111,177147,75,1,78732,2,9,none,75,74,0,1
111,177147,75,1,82944,10,4,forced,74,75,1,0
111,177147,75,1,93312,7,6,flexible,75,75,0,0
111,177147,75,1,98304,15,1,none,75,74,0,1
111,177147,75,1,104976,4,8,none,75,74,0,1
111,177147,75,1,110592,12,3,forced,74,75,1,0
111,177147,75,1,118098,1,10,forced,74,75,1,0
111,177147,75,1,124416,9,5,forced,74,75,1,0
111,177147,75,1,131072,17,0,forced,74,75,1,0
111,177147,75,1,139968,6,7,flexible,75,75,0,0
111,177147,75,1,147456,14,2,forced,74,75,1,0
111,177147,75,1,157464,3,9,forced,74,75,1,0
111,177147,75,1,165888,11,4,forced,74,75,1,0
111,177147,75,1,177147,0,11,forced,74,75,1,0
112,186624,75,0,1,0,0,flexible,75,75,0,0
112,186624,75,0,2,1,0,flexible,75,75,0,0
112,186624,75,0,3,0,1,flexible,75,75,0,0
112,186624,75,0,4,2,0,flexible,75,75,0,0
112,186624,75,0,6,1,1,flexible,75,75,0,0
112,186624,75,0,8,3,0,flexible,75,75,0,0
112,186624,75,0,9,0,2,flexible,75,75,0,0
112,186624,75,0,12,2,1,flexible,75,75,0,0
112,186624,75,0,16,4,0,flexible,75,75,0,0
112,186624,75,0,18,1,2,flexible,75,75,0,0
112,186624,75,0,24,3,1,flexible,75,75,0,0
112,186624,75,0,27,0,3,flexible,75,75,0,0
112,186624,75,0,32,5,0,flexible,75,75,0,0
112,186624,75,0,36,2,2,flexible,75,75,0,0
112,186624,75,0,48,4,1,flexible,75,75,0,0
112,186624,75,0,54,1,3,flexible,75,75,0,0
112,186624,75,0,64,6,0,flexible,75,75,0,0
112,186624,75,0,72,3,2,flexible,75,75,0,0
112,186624,75,0,81,0,4,flexible,75,75,0,0
112,186624,75,0,96,5,1,flexible,75,75,0,0
112,186624,75,0,108,2,3,flexible,75,75,0,0
112,186624,75,0,128,7,0,flexible,75,75,0,0
112,186624,75,0,144,4,2,flexible,75,75,0,0
112,186624,75,0,162,1,4,flexible,75,75,0,0
112,186624,75,0,192,6,1,flexible,75,75,0,0
112,186624,75,0,216,3,3,flexible,75,75,0,0
112,186624,75,0,243,0,5,flexible,75,75,0,0
112,186624,75,0,256,8,0,flexible,75,75,0,0
112,186624,75,0,288,5,2,flexible,75,75,0,0
112,186624,75,0,324,2,4,flexible,75,75,0,0
112,186624,75,0,384,7,1,flexible,75,75,0,0
112,186624,75,0,432,4,3,flexible,75,75,0,0
112,186624,75,0,486,1,5,flexible,75,75,0,0
112,186624,75,0,512,9,0,flexible,75,75,0,0
112,186624,75,0,576,6,2,flexible,75,75,0,0
112,186624,75,0,648,3,4,flexible,75,75,0,0
112,186624,75,0,729,0,6,flexible,75,75,0,0
112,186624,75,0,768,8,1,flexible,75,75,0,0
112,186624,75,0,864,5,3,flexible,75,75,0,0
112,186624,75,0,972,2,5,flexible,75,75,0,0
112,186624,75,0,1024,10,0,flexible,75,75,0,0
112,186624,75,0,1152,7,2,flexible,75,75,0,0
112,186624,75,0,1296,4,4,flexible,75,75,0,0
112,186624,75,0,1458,1,6,flexible,75,75,0,0
112,186624,75,0,1536,9,1,flexible,75,75,0,0
112,186624,75,0,1728,6,3,flexible,75,75,0,0
112,186624,75,0,1944,3,5,flexible,75,75,0,0
112,186624,75,0,2048,11,0,flexible,75,75,0,0
112,186624,75,0,2187,0,7,flexible,75,75,0,0
112,186624,75,0,2304,8,2,flexible,75,75,0,0
112,186624,75,0,2592,5,4,flexible,75,75,0,0
112,186624,75,0,2916,2,6,flexible,75,75,0,0
112,186624,75,0,3072,10,1,flexible,75,75,0,0
112,186624,75,0,3456,7,3,flexible,75,75,0,0
112,186624,75,0,3888,4,5,flexible,75,75,0,0
112,186624,75,0,4096,12,0,flexible,75,75,0,0
112,186624,75,0,4374,1,7,flexible,75,75,0,0
112,186624,75,0,4608,9,2,flexible,75,75,0,0
112,186624,75,0,5184,6,4,flexible,75,75,0,0
112,186624,75,0,5832,3,6,flexible,75,75,0,0
112,186624,75,0,6144,11,1,flexible,75,75,0,0
112,186624,75,0,6561,0,8,flexible,75,75,0,0
112,186624,75,0,6912,8,3,flexible,75,75,0,0
112,186624,75,0,7776,5,5,flexible,75,75,0,0
112,186624,75,0,8192,13,0,flexible,75,75,0,0
112,186624,75,0,8748,2,7,flexible,75,75,0,0
112,186624,75,0,9216,10,2,flexible,75,75,0,0
112,186624,75,0,10368,7,4,flexible,75,75,0,0
112,186624,75,0,11664,4,6,flexible,75,75,0,0
112,186624,75,0,12288,12,1,flexible,75,75,0,0
112,186624,75,0,13122,1,8,flexible,75,75,0,0
112,186624,75,0,13824,9,3,flexible,75,75,0,0
112,186624,75,0,15552,6,5,flexible,75,75,0,0
112,186624,75,0,16384,14,0,flexible,75,75,0,0
112,186624,75,0,17496,3,7,flexible,75,75,0,0
112,186624,75,0,18432,11,2,flexible,75,75,0,0
112,186624,75,0,19683,0,9,flexible,75,75,0,0
112,186624,75,0,20736,8,4,flexible,75,75,0,0
112,186624,75,0,23328,5,6,flexible,75,75,0,0
112,186624,75,0,24576,13,1,flexible,75,75,0,0
112,186624,75,0,26244,2,8,flexible,75,75,0,0
112,186624,75,0,27648,10,3,flexible,75,75,0,0
112,186624,75,0,31104,7,5,flexible,75,75,0,0
112,186624,75,0,32768,15,0,flexible,75,75,0,0
112,186624,75,0,34992,4,7,flexible,75,75,0,0
112,186624,75,0,36864,12,2,flexible,75,75,0,0
112,186624,75,0,39366,1,9,flexible,75,75,0,0
112,186624,75,0,41472,9,4,flexible,75,75,0,0
112,186624,75,0,46656,6,6,flexible,75,75,0,0
112,186624,75,0,49152,14,1,flexible,75,75,0,0
112,186624,75,0,52488,3,8,flexible,75,75,0,0
112,186624,75,0,55296,11,3,flexible,75,75,0,0
112,186624,75,0,59049,0,10,flexible,75,75,0,0
112,186624,75,0,62208,8,5,flexible,75,75,0,0
112,186624,75,0,65536,16,0,flexible,75,75,0,0
112,186624,75,0,69984,5,7,flexible,75,75,0,0
112,186624,75,0,73728,13,2,flexible,75,75,0,0
112,186624,75,0,78732,2,9,flexible,75,75,0,0
112,186624,75,0,82944,10,4,flexible,75,75,0,0
112,186624,75,0,93312,7,6,flexible,75,75,0,0
112,186624,75,0,98304,15,1,flexible,75,75,0,0
112,186624,75,0,104976,4,8,flexible,75,75,0,0
112,186624,75,0,110592,12,3,flexible,75,75,0,0
112,186624,75,0,118098,1,10,flexible,75,75,0,0
112,186624,75,0,124416,9,5,flexible,75,75,0,0
112,186624,75,0,131072,17,0,forced,74,75,1,0
112,186624,75,0,139968,6,7,flexible,75,75,0,0
112,186624,75,0,147456,14,2,flexible,75,75,0,0
112,186624,75,0,157464,3,9,flexible,75,75,0,0
112,186624,75,0,165888,11,4,flexible,75,75,0,0
112,186624,75,0,177147,0,11,flexible,75,75,0,0
112,186624,75,0,186624,8,6,flexible,75,75,0,0
113,196608,76,1,1,0,0,flexible,76,76,0,0
113,196608,76,1,2,1,0,flexible,76,76,0,0
113,196608,76,1,3,0,1,flexible,76,76,0,0
113,196608,76,1,4,2,0,forced,75,76,1,0
113,196608,76,1,6,1,1,flexible,76,76,0,0
113,196608,76,1,8,3,0,flexible,76,76,0,0
113,196608,76,1,9,0,2,flexible,76,76,0,0
113,196608,76,1,12,2,1,flexible,76,76,0,0
113,196608,76,1,16,4,0,flexible,76,76,0,0
113,196608,76,1,18,1,2,forced,75,76,1,0
113,196608,76,1,24,3,1,forced,75,76,1,0
113,196608,76,1,27,0,3,flexible,76,76,0,0
113,196608,76,1,32,5,0,forced,75,76,1,0
113,196608,76,1,36,2,2,flexible,76,76,0,0
113,196608,76,1,48,4,1,flexible,76,76,0,0
113,196608,76,1,54,1,3,flexible,76,76,0,0
113,196608,76,1,64,6,0,flexible,76,76,0,0
113,196608,76,1,72,3,2,flexible,76,76,0,0
113,196608,76,1,81,0,4,forced,75,76,1,0
113,196608,76,1,96,5,1,flexible,76,76,0,0
113,196608,76,1,108,2,3,forced,75,76,1,0
113,196608,76,1,128,7,0,flexible,76,76,0,0
113,196608,76,1,144,4,2,forced,75,76,1,0
113,196608,76,1,162,1,4,flexible,76,76,0,0
113,196608,76,1,192,6,1,forced,75,76,1,0
113,196608,76,1,216,3,3,flexible,76,76,0,0
113,196608,76,1,243,0,5,flexible,76,76,0,0
113,196608,76,1,256,8,0,forced,75,76,1,0
113,196608,76,1,288,5,2,flexible,76,76,0,0
113,196608,76,1,324,2,4,flexible,76,76,0,0
113,196608,76,1,384,7,1,flexible,76,76,0,0
113,196608,76,1,432,4,3,flexible,76,76,0,0
113,196608,76,1,486,1,5,forced,75,76,1,0
113,196608,76,1,512,9,0,flexible,76,76,0,0
113,196608,76,1,576,6,2,flexible,76,76,0,0
113,196608,76,1,648,3,4,forced,75,76,1,0
113,196608,76,1,729,0,6,flexible,76,76,0,0
113,196608,76,1,768,8,1,flexible,76,76,0,0
113,196608,76,1,864,5,3,forced,75,76,1,0
113,196608,76,1,972,2,5,flexible,76,76,0,0
113,196608,76,1,1024,10,0,flexible,76,76,0,0
113,196608,76,1,1152,7,2,forced,75,76,1,0
113,196608,76,1,1296,4,4,flexible,76,76,0,0
113,196608,76,1,1458,1,6,flexible,76,76,0,0
113,196608,76,1,1536,9,1,forced,75,76,1,0
113,196608,76,1,1728,6,3,flexible,76,76,0,0
113,196608,76,1,1944,3,5,flexible,76,76,0,0
113,196608,76,1,2048,11,0,forced,75,76,1,0
113,196608,76,1,2187,0,7,forced,75,76,1,0
113,196608,76,1,2304,8,2,flexible,76,76,0,0
113,196608,76,1,2592,5,4,flexible,76,76,0,0
113,196608,76,1,2916,2,6,forced,75,76,1,0
113,196608,76,1,3072,10,1,flexible,76,76,0,0
113,196608,76,1,3456,7,3,flexible,76,76,0,0
113,196608,76,1,3888,4,5,forced,75,76,1,0
113,196608,76,1,4096,12,0,flexible,76,76,0,0
113,196608,76,1,4374,1,7,flexible,76,76,0,0
113,196608,76,1,4608,9,2,flexible,76,76,0,0
113,196608,76,1,5184,6,4,forced,75,76,1,0
113,196608,76,1,5832,3,6,flexible,76,76,0,0
113,196608,76,1,6144,11,1,flexible,76,76,0,0
113,196608,76,1,6561,0,8,flexible,76,76,0,0
113,196608,76,1,6912,8,3,forced,75,76,1,0
113,196608,76,1,7776,5,5,flexible,76,76,0,0
113,196608,76,1,8192,13,0,flexible,76,76,0,0
113,196608,76,1,8748,2,7,flexible,76,76,0,0
113,196608,76,1,9216,10,2,forced,75,76,1,0
113,196608,76,1,10368,7,4,flexible,76,76,0,0
113,196608,76,1,11664,4,6,flexible,76,76,0,0
113,196608,76,1,12288,12,1,forced,75,76,1,0
113,196608,76,1,13122,1,8,forced,75,76,1,0
113,196608,76,1,13824,9,3,flexible,76,76,0,0
113,196608,76,1,15552,6,5,flexible,76,76,0,0
113,196608,76,1,16384,14,0,forced,75,76,1,0
113,196608,76,1,17496,3,7,forced,75,76,1,0
113,196608,76,1,18432,11,2,flexible,76,76,0,0
113,196608,76,1,19683,0,9,flexible,76,76,0,0
113,196608,76,1,20736,8,4,flexible,76,76,0,0
113,196608,76,1,23328,5,6,forced,75,76,1,0
113,196608,76,1,24576,13,1,flexible,76,76,0,0
113,196608,76,1,26244,2,8,flexible,76,76,0,0
113,196608,76,1,27648,10,3,flexible,76,76,0,0
113,196608,76,1,31104,7,5,forced,75,76,1,0
113,196608,76,1,32768,15,0,forced,75,76,1,0
113,196608,76,1,34992,4,7,flexible,76,76,0,0
113,196608,76,1,36864,12,2,flexible,76,76,0,0
113,196608,76,1,39366,1,9,flexible,76,76,0,0
113,196608,76,1,41472,9,4,forced,75,76,1,0
113,196608,76,1,46656,6,6,flexible,76,76,0,0
113,196608,76,1,49152,14,1,none,76,75,0,1
113,196608,76,1,52488,3,8,flexible,76,76,0,0
113,196608,76,1,55296,11,3,flexible,76,76,0,0
113,196608,76,1,59049,0,10,flexible,76,76,0,0
113,196608,76,1,62208,8,5,flexible,76,76,0,0
113,196608,76,1,65536,16,0,none,76,75,0,1
113,196608,76,1,69984,5,7,flexible,76,76,0,0
113,196608,76,1,73728,13,2,forced,75,76,1,0
113,196608,76,1,78732,2,9,forced,75,76,1,0
113,196608,76,1,82944,10,4,flexible,76,76,0,0
113,196608,76,1,93312,7,6,flexible,76,76,0,0
113,196608,76,1,98304,15,1,forced,75,76,1,0
113,196608,76,1,104976,4,8,flexible,76,76,0,0
113,196608,76,1,110592,12,3,flexible,76,76,0,0
113,196608,76,1,118098,1,10,flexible,76,76,0,0
113,196608,76,1,124416,9,5,flexible,76,76,0,0
113,196608,76,1,131072,17,0,forced,75,76,1,0
113,196608,76,1,139968,6,7,forced,75,76,1,0
113,196608,76,1,147456,14,2,forced,75,76,1,0
113,196608,76,1,157464,3,9,flexible,76,76,0,0
113,196608,76,1,165888,11,4,flexible,76,76,0,0
113,196608,76,1,177147,0,11,flexible,76,76,0,0
113,196608,76,1,186624,8,6,forced,75,76,1,0
113,196608,76,1,196608,16,1,forced,75,76,1,0
114,209952,77,1,1,0,0,forced,76,77,1,0
114,209952,77,1,2,1,0,none,77,76,0,1
114,209952,77,1,3,0,1,forced,76,77,1,0
114,209952,77,1,4,2,0,forced,76,77,1,0
114,209952,77,1,6,1,1,forced,76,77,1,0
114,209952,77,1,8,3,0,forced,76,77,1,0
114,209952,77,1,9,0,2,none,77,76,0,1
114,209952,77,1,12,2,1,none,77,76,0,1
114,209952,77,1,16,4,0,none,77,76,0,1
114,209952,77,1,18,1,2,forced,76,77,1,0
114,209952,77,1,24,3,1,forced,76,77,1,0
114,209952,77,1,27,0,3,forced,76,77,1,0
114,209952,77,1,32,5,0,forced,76,77,1,0
114,209952,77,1,36,2,2,forced,76,77,1,0
114,209952,77,1,48,4,1,forced,76,77,1,0
114,209952,77,1,54,1,3,none,77,76,0,1
114,209952,77,1,64,6,0,forced,76,77,1,0
114,209952,77,1,72,3,2,none,77,76,0,1
114,209952,77,1,81,0,4,forced,76,77,1,0
114,209952,77,1,96,5,1,none,77,76,0,1
114,209952,77,1,108,2,3,forced,76,77,1,0
114,209952,77,1,128,7,0,none,77,76,0,1
114,209952,77,1,144,4,2,forced,76,77,1,0
114,209952,77,1,162,1,4,forced,76,77,1,0
114,209952,77,1,192,6,1,forced,76,77,1,0
114,209952,77,1,216,3,3,forced,76,77,1,0
114,209952,77,1,243,0,5,none,77,76,0,1
114,209952,77,1,256,8,0,forced,76,77,1,0
114,209952,77,1,288,5,2,forced,76,77,1,0
114,209952,77,1,324,2,4,none,77,76,0,1
114,209952,77,1,384,7,1,forced,76,77,1,0
114,209952,77,1,432,4,3,none,77,76,0,1
114,209952,77,1,486,1,5,forced,76,77,1,0
114,209952,77,1,512,9,0,forced,76,77,1,0
114,209952,77,1,576,6,2,none,77,76,0,1
114,209952,77,1,648,3,4,forced,76,77,1,0
114,209952,77,1,729,0,6,forced,76,77,1,0
114,209952,77,1,768,8,1,none,77,76,0,1
114,209952,77,1,864,5,3,forced,76,77,1,0
114,209952,77,1,972,2,5,forced,76,77,1,0
114,209952,77,1,1024,10,0,none,77,76,0,1
114,209952,77,1,1152,7,2,forced,76,77,1,0
114,209952,77,1,1296,4,4,forced,76,77,1,0
114,209952,77,1,1458,1,6,none,77,76,0,1
114,209952,77,1,1536,9,1,forced,76,77,1,0
114,209952,77,1,1728,6,3,forced,76,77,1,0
114,209952,77,1,1944,3,5,none,77,76,0,1
114,209952,77,1,2048,11,0,forced,76,77,1,0
114,209952,77,1,2187,0,7,forced,76,77,1,0
114,209952,77,1,2304,8,2,forced,76,77,1,0
114,209952,77,1,2592,5,4,none,77,76,0,1
114,209952,77,1,2916,2,6,forced,76,77,1,0
114,209952,77,1,3072,10,1,forced,76,77,1,0
114,209952,77,1,3456,7,3,none,77,76,0,1
114,209952,77,1,3888,4,5,forced,76,77,1,0
114,209952,77,1,4096,12,0,forced,76,77,1,0
114,209952,77,1,4374,1,7,forced,76,77,1,0
114,209952,77,1,4608,9,2,none,77,76,0,1
114,209952,77,1,5184,6,4,forced,76,77,1,0
114,209952,77,1,5832,3,6,forced,76,77,1,0
114,209952,77,1,6144,11,1,none,77,76,0,1
114,209952,77,1,6561,0,8,none,77,76,0,1
114,209952,77,1,6912,8,3,forced,76,77,1,0
114,209952,77,1,7776,5,5,forced,76,77,1,0
114,209952,77,1,8192,13,0,none,77,76,0,1
114,209952,77,1,8748,2,7,none,77,76,0,1
114,209952,77,1,9216,10,2,forced,76,77,1,0
114,209952,77,1,10368,7,4,forced,76,77,1,0
114,209952,77,1,11664,4,6,none,77,76,0,1
114,209952,77,1,12288,12,1,forced,76,77,1,0
114,209952,77,1,13122,1,8,forced,76,77,1,0
114,209952,77,1,13824,9,3,forced,76,77,1,0
114,209952,77,1,15552,6,5,none,77,76,0,1
114,209952,77,1,16384,14,0,forced,76,77,1,0
114,209952,77,1,17496,3,7,forced,76,77,1,0
114,209952,77,1,18432,11,2,forced,76,77,1,0
114,209952,77,1,19683,0,9,forced,76,77,1,0
114,209952,77,1,20736,8,4,none,77,76,0,1
114,209952,77,1,23328,5,6,forced,76,77,1,0
114,209952,77,1,24576,13,1,forced,76,77,1,0
114,209952,77,1,26244,2,8,forced,76,77,1,0
114,209952,77,1,27648,10,3,none,77,76,0,1
114,209952,77,1,31104,7,5,forced,76,77,1,0
114,209952,77,1,32768,15,0,forced,76,77,1,0
114,209952,77,1,34992,4,7,forced,76,77,1,0
114,209952,77,1,36864,12,2,none,77,76,0,1
114,209952,77,1,39366,1,9,none,77,76,0,1
114,209952,77,1,41472,9,4,forced,76,77,1,0
114,209952,77,1,46656,6,6,forced,76,77,1,0
114,209952,77,1,49152,14,1,none,77,76,0,1
114,209952,77,1,52488,3,8,none,77,76,0,1
114,209952,77,1,55296,11,3,flexible,77,77,0,0
114,209952,77,1,59049,0,10,flexible,77,77,0,0
114,209952,77,1,62208,8,5,forced,76,77,1,0
114,209952,77,1,65536,16,0,none,77,76,0,1
114,209952,77,1,69984,5,7,none,77,76,0,1
114,209952,77,1,73728,13,2,forced,76,77,1,0
114,209952,77,1,78732,2,9,forced,76,77,1,0
114,209952,77,1,82944,10,4,forced,76,77,1,0
114,209952,77,1,93312,7,6,none,77,76,0,1
114,209952,77,1,98304,15,1,forced,76,77,1,0
114,209952,77,1,104976,4,8,forced,76,77,1,0
114,209952,77,1,110592,12,3,flexible,77,77,0,0
114,209952,77,1,118098,1,10,flexible,77,77,0,0
114,209952,77,1,124416,9,5,none,77,76,0,1
114,209952,77,1,131072,17,0,forced,76,77,1,0
114,209952,77,1,139968,6,7,forced,76,77,1,0
114,209952,77,1,147456,14,2,forced,76,77,1,0
114,209952,77,1,157464,3,9,forced,76,77,1,0
114,209952,77,1,165888,11,4,flexible,77,77,0,0
114,209952,77,1,177147,0,11,flexible,77,77,0,0
114,209952,77,1,186624,8,6,forced,76,77,1,0
114,209952,77,1,196608,16,1,forced,76,77,1,0
114,209952,77,1,209952,5,8,forced,76,77,1,0
115,221184,77,0,1,0,0,forced,76,77,1,0
115,221184,77,0,2,1,0,flexible,77,77,0,0
115,221184,77,0,3,0,1,flexible,77,77,0,0
115,221184,77,0,4,2,0,flexible,77,77,0,0
115,221184,77,0,6,1,1,forced,76,77,1,0
115,221184,77,0,8,3,0,forced,76,77,1,0
115,221184,77,0,9,0,2,flexible,77,77,0,0
115,221184,77,0,12,2,1,flexible,77,77,0,0
115,221184,77,0,16,4,0,flexible,77,77,0,0
115,221184,77,0,18,1,2,flexible,77,77,0,0
115,221184,77,0,24,3,1,flexible,77,77,0,0
115,221184,77,0,27,0,3,forced,76,77,1,0
115,221184,77,0,32,5,0,flexible,77,77,0,0
115,221184,77,0,36,2,2,forced,76,77,1,0
115,221184,77,0,48,4,1,forced,76,77,1,0
115,221184,77,0,54,1,3,flexible,77,77,0,0
115,221184,77,0,64,6,0,forced,76,77,1,0
115,221184,77,0,72,3,2,flexible,77,77,0,0
115,221184,77,0,81,0,4,flexible,77,77,0,0
115,221184,77,0,96,5,1,flexible,77,77,0,0
115,221184,77,0,108,2,3,flexible,77,77,0,0
115,221184,77,0,128,7,0,flexible,77,77,0,0
115,221184,77,0,144,4,2,flexible,77,77,0,0
115,221184,77,0,162,1,4,forced,76,77,1,0
115,221184,77,0,192,6,1,flexible,77,77,0,0
115,221184,77,0,216,3,3,forced,76,77,1,0
115,221184,77,0,243,0,5,flexible,77,77,0,0
115,221184,77,0,256,8,0,flexible,77,77,0,0
115,221184,77,0,288,5,2,forced,76,77,1,0
115,221184,77,0,324,2,4,flexible,77,77,0,0
115,221184,77,0,384,7,1,forced,76,77,1,0
115,221184,77,0,432,4,3,flexible,77,77,0,0
115,221184,77,0,486,1,5,flexible,77,77,0,0
115,221184,77,0,512,9,0,forced,76,77,1,0
115,221184,77,0,576,6,2,flexible,77,77,0,0
115,221184,77,0,648,3,4,flexible,77,77,0,0
115,221184,77,0,729,0,6,forced,76,77,1,0
115,221184,77,0,768,8,1,flexible,77,77,0,0
115,221184,77,0,864,5,3,flexible,77,77,0,0
115,221184,77,0,972,2,5,forced,76,77,1,0
115,221184,77,0,1024,10,0,flexible,77,77,0,0
115,221184,77,0,1152,7,2,flexible,77,77,0,0
115,221184,77,0,1296,4,4,forced,76,77,1,0
115,221184,77,0,1458,1,6,flexible,77,77,0,0
115,221184,77,0,1536,9,1,flexible,77,77,0,0
115,221184,77,0,1728,6,3,forced,76,77,1,0
115,221184,77,0,1944,3,5,flexible,77,77,0,0
115,221184,77,0,2048,11,0,flexible,77,77,0,0
115,221184,77,0,2187,0,7,flexible,77,77,0,0
115,221184,77,0,2304,8,2,forced,76,77,1,0
115,221184,77,0,2592,5,4,flexible,77,77,0,0
115,221184,77,0,2916,2,6,flexible,77,77,0,0
115,221184,77,0,3072,10,1,forced,76,77,1,0
115,221184,77,0,3456,7,3,flexible,77,77,0,0
115,221184,77,0,3888,4,5,flexible,77,77,0,0
115,221184,77,0,4096,12,0,flexible,77,77,0,0
115,221184,77,0,4374,1,7,forced,76,77,1,0
115,221184,77,0,4608,9,2,flexible,77,77,0,0
115,221184,77,0,5184,6,4,flexible,77,77,0,0
115,221184,77,0,5832,3,6,forced,76,77,1,0
115,221184,77,0,6144,11,1,flexible,77,77,0,0
115,221184,77,0,6561,0,8,flexible,77,77,0,0
115,221184,77,0,6912,8,3,flexible,77,77,0,0
115,221184,77,0,7776,5,5,forced,76,77,1,0
115,221184,77,0,8192,13,0,flexible,77,77,0,0
115,221184,77,0,8748,2,7,flexible,77,77,0,0
115,221184,77,0,9216,10,2,flexible,77,77,0,0
115,221184,77,0,10368,7,4,forced,76,77,1,0
115,221184,77,0,11664,4,6,flexible,77,77,0,0
115,221184,77,0,12288,12,1,flexible,77,77,0,0
115,221184,77,0,13122,1,8,flexible,77,77,0,0
115,221184,77,0,13824,9,3,forced,76,77,1,0
115,221184,77,0,15552,6,5,flexible,77,77,0,0
115,221184,77,0,16384,14,0,flexible,77,77,0,0
115,221184,77,0,17496,3,7,flexible,77,77,0,0
115,221184,77,0,18432,11,2,forced,76,77,1,0
115,221184,77,0,19683,0,9,forced,76,77,1,0
115,221184,77,0,20736,8,4,flexible,77,77,0,0
115,221184,77,0,23328,5,6,flexible,77,77,0,0
115,221184,77,0,24576,13,1,flexible,77,77,0,0
115,221184,77,0,26244,2,8,forced,76,77,1,0
115,221184,77,0,27648,10,3,flexible,77,77,0,0
115,221184,77,0,31104,7,5,flexible,77,77,0,0
115,221184,77,0,32768,15,0,forced,76,77,1,0
115,221184,77,0,34992,4,7,forced,76,77,1,0
115,221184,77,0,36864,12,2,flexible,77,77,0,0
115,221184,77,0,39366,1,9,flexible,77,77,0,0
115,221184,77,0,41472,9,4,flexible,77,77,0,0
115,221184,77,0,46656,6,6,forced,76,77,1,0
115,221184,77,0,49152,14,1,flexible,77,77,0,0
115,221184,77,0,52488,3,8,flexible,77,77,0,0
115,221184,77,0,55296,11,3,flexible,77,77,0,0
115,221184,77,0,59049,0,10,flexible,77,77,0,0
115,221184,77,0,62208,8,5,flexible,77,77,0,0
115,221184,77,0,65536,16,0,flexible,77,77,0,0
115,221184,77,0,69984,5,7,flexible,77,77,0,0
115,221184,77,0,73728,13,2,flexible,77,77,0,0
115,221184,77,0,78732,2,9,flexible,77,77,0,0
115,221184,77,0,82944,10,4,forced,76,77,1,0
115,221184,77,0,93312,7,6,flexible,77,77,0,0
115,221184,77,0,98304,15,1,flexible,77,77,0,0
115,221184,77,0,104976,4,8,flexible,77,77,0,0
115,221184,77,0,110592,12,3,flexible,77,77,0,0
115,221184,77,0,118098,1,10,flexible,77,77,0,0
115,221184,77,0,124416,9,5,flexible,77,77,0,0
115,221184,77,0,131072,17,0,flexible,77,77,0,0
115,221184,77,0,139968,6,7,flexible,77,77,0,0
115,221184,77,0,147456,14,2,flexible,77,77,0,0
115,221184,77,0,157464,3,9,forced,76,77,1,0
115,221184,77,0,165888,11,4,flexible,77,77,0,0
115,221184,77,0,177147,0,11,flexible,77,77,0,0
115,221184,77,0,186624,8,6,flexible,77,77,0,0
115,221184,77,0,196608,16,1,flexible,77,77,0,0
115,221184,77,0,209952,5,8,forced,76,77,1,0
115,221184,77,0,221184,13,3,flexible,77,77,0,0
116,236196,78,1,1,0,0,forced,77,78,1,0
116,236196,78,1,2,1,0,forced,77,78,1,0
116,236196,78,1,3,0,1,none,78,77,0,1
116,236196,78,1,4,2,0,none,78,77,0,1
116,236196,78,1,6,1,1,forced,77,78,1,0
116,236196,78,1,8,3,0,forced,77,78,1,0
116,236196,78,1,9,0,2,forced,77,78,1,0
116,236196,78,1,12,2,1,forced,77,78,1,0
116,236196,78,1,16,4,0,forced,77,78,1,0
116,236196,78,1,18,1,2,none,78,77,0,1
116,236196,78,1,24,3,1,none,78,77,0,1
116,236196,78,1,27,0,3,forced,77,78,1,0
116,236196,78,1,32,5,0,none,78,77,0,1
116,236196,78,1,36,2,2,forced,77,78,1,0
116,236196,78,1,48,4,1,forced,77,78,1,0
116,236196,78,1,54,1,3,forced,77,78,1,0
116,236196,78,1,64,6,0,forced,77,78,1,0
116,236196,78,1,72,3,2,forced,77,78,1,0
116,236196,78,1,81,0,4,none,78,77,0,1
116,236196,78,1,96,5,1,forced,77,78,1,0
116,236196,78,1,108,2,3,none,78,77,0,1
116,236196,78,1,128,7,0,forced,77,78,1,0
116,236196,78,1,144,4,2,none,78,77,0,1
116,236196,78,1,162,1,4,forced,77,78,1,0
116,236196,78,1,192,6,1,none,78,77,0,1
116,236196,78,1,216,3,3,forced,77,78,1,0
116,236196,78,1,243,0,5,forced,77,78,1,0
116,236196,78,1,256,8,0,none,78,77,0,1
116,236196,78,1,288,5,2,forced,77,78,1,0
116,236196,78,1,324,2,4,forced,77,78,1,0
116,236196,78,1,384,7,1,forced,77,78,1,0
116,236196,78,1,432,4,3,forced,77,78,1,0
116,236196,78,1,486,1,5,none,78,77,0,1
116,236196,78,1,512,9,0,forced,77,78,1,0
116,236196,78,1,576,6,2,forced,77,78,1,0
116,236196,78,1,648,3,4,none,78,77,0,1
116,236196,78,1,729,0,6,forced,77,78,1,0
116,236196,78,1,768,8,1,forced,77,78,1,0
116,236196,78,1,864,5,3,none,78,77,0,1
116,236196,78,1,972,2,5,forced,77,78,1,0
116,236196,78,1,1024,10,0,forced,77,78,1,0
116,236196,78,1,1152,7,2,none,78,77,0,1
116,236196,78,1,1296,4,4,forced,77,78,1,0
116,236196,78,1,1458,1,6,forced,77,78,1,0
116,236196,78,1,1536,9,1,none,78,77,0,1
116,236196,78,1,1728,6,3,forced,77,78,1,0
116,236196,78,1,1944,3,5,forced,77,78,1,0
116,236196,78,1,2048,11,0,none,78,77,0,1
116,236196,78,1,2187,0,7,none,78,77,0,1
116,236196,78,1,2304,8,2,forced,77,78,1,0
116,236196,78,1,2592,5,4,forced,77,78,1,0
116,236196,78,1,2916,2,6,none,78,77,0,1
116,236196,78,1,3072,10,1,forced,77,78,1,0
116,236196,78,1,3456,7,3,forced,77,78,1,0
116,236196,78,1,3888,4,5,none,78,77,0,1
116,236196,78,1,4096,12,0,forced,77,78,1,0
116,236196,78,1,4374,1,7,forced,77,78,1,0
116,236196,78,1,4608,9,2,forced,77,78,1,0
116,236196,78,1,5184,6,4,none,78,77,0,1
116,236196,78,1,5832,3,6,forced,77,78,1,0
116,236196,78,1,6144,11,1,forced,77,78,1,0
116,236196,78,1,6561,0,8,forced,77,78,1,0
116,236196,78,1,6912,8,3,none,78,77,0,1
116,236196,78,1,7776,5,5,forced,77,78,1,0
116,236196,78,1,8192,13,0,flexible,78,78,0,0
116,236196,78,1,8748,2,7,forced,77,78,1,0
116,236196,78,1,9216,10,2,none,78,77,0,1
116,236196,78,1,10368,7,4,forced,77,78,1,0
116,236196,78,1,11664,4,6,forced,77,78,1,0
116,236196,78,1,12288,12,1,none,78,77,0,1
116,236196,78,1,13122,1,8,none,78,77,0,1
116,236196,78,1,13824,9,3,forced,77,78,1,0
116,236196,78,1,15552,6,5,forced,77,78,1,0
116,236196,78,1,16384,14,0,flexible,78,78,0,0
116,236196,78,1,17496,3,7,none,78,77,0,1
116,236196,78,1,18432,11,2,forced,77,78,1,0
116,236196,78,1,19683,0,9,forced,77,78,1,0
116,236196,78,1,20736,8,4,forced,77,78,1,0
116,236196,78,1,23328,5,6,none,78,77,0,1
116,236196,78,1,24576,13,1,flexible,78,78,0,0
116,236196,78,1,26244,2,8,forced,77,78,1,0
116,236196,78,1,27648,10,3,forced,77,78,1,0
116,236196,78,1,31104,7,5,none,78,77,0,1
116,236196,78,1,32768,15,0,forced,77,78,1,0
116,236196,78,1,34992,4,7,forced,77,78,1,0
116,236196,78,1,36864,12,2,forced,77,78,1,0
116,236196,78,1,39366,1,9,forced,77,78,1,0
116,236196,78,1,41472,9,4,none,78,77,0,1
116,236196,78,1,46656,6,6,forced,77,78,1,0
116,236196,78,1,49152,14,1,flexible,78,78,0,0
116,236196,78,1,52488,3,8,forced,77,78,1,0
116,236196,78,1,55296,11,3,none,78,77,0,1
116,236196,78,1,59049,0,10,none,78,77,0,1
116,236196,78,1,62208,8,5,flexible,78,78,0,0
116,236196,78,1,65536,16,0,flexible,78,78,0,0
116,236196,78,1,69984,5,7,forced,77,78,1,0
116,236196,78,1,73728,13,2,none,78,77,0,1
116,236196,78,1,78732,2,9,none,78,77,0,1
116,236196,78,1,82944,10,4,forced,77,78,1,0
116,236196,78,1,93312,7,6,forced,77,78,1,0
116,236196,78,1,98304,15,1,flexible,78,78,0,0
116,236196,78,1,104976,4,8,none,78,77,0,1
116,236196,78,1,110592,12,3,forced,77,78,1,0
116,236196,78,1,118098,1,10,forced,77,78,1,0
116,236196,78,1,124416,9,5,flexible,78,78,0,0
116,236196,78,1,131072,17,0,flexible,78,78,0,0
116,236196,78,1,139968,6,7,none,78,77,0,1
116,236196,78,1,147456,14,2,flexible,78,78,0,0
116,236196,78,1,157464,3,9,forced,77,78,1,0
116,236196,78,1,165888,11,4,forced,77,78,1,0
116,236196,78,1,177147,0,11,forced,77,78,1,0
116,236196,78,1,186624,8,6,flexible,78,78,0,0
116,236196,78,1,196608,16,1,flexible,78,78,0,0
116,236196,78,1,209952,5,8,forced,77,78,1,0
116,236196,78,1,221184,13,3,forced,77,78,1,0
116,236196,78,1,236196,2,10,forced,77,78,1,0
117,248832,78,0,1,0,0,flexible,78,78,0,0
117,248832,78,0,2,1,0,flexible,78,78,0,0
117,248832,78,0,3,0,1,flexible,78,78,0,0
117,248832,78,0,4,2,0,flexible,78,78,0,0
117,248832,78,0,6,1,1,flexible,78,78,0,0
117,248832,78,0,8,3,0,flexible,78,78,0,0
117,248832,78,0,9,0,2,flexible,78,78,0,0
117,248832,78,0,12,2,1,flexible,78,78,0,0
117,248832,78,0,16,4,0,flexible,78,78,0,0
117,248832,78,0,18,1,2,flexible,78,78,0,0
117,248832,78,0,24,3,1,flexible,78,78,0,0
117,248832,78,0,27,0,3,flexible,78,78,0,0
117,248832,78,0,32,5,0,flexible,78,78,0,0
117,248832,78,0,36,2,2,flexible,78,78,0,0
117,248832,78,0,48,4,1,flexible,78,78,0,0
117,248832,78,0,54,1,3,flexible,78,78,0,0
117,248832,78,0,64,6,0,flexible,78,78,0,0
117,248832,78,0,72,3,2,flexible,78,78,0,0
117,248832,78,0,81,0,4,flexible,78,78,0,0
117,248832,78,0,96,5,1,flexible,78,78,0,0
117,248832,78,0,108,2,3,flexible,78,78,0,0
117,248832,78,0,128,7,0,flexible,78,78,0,0
117,248832,78,0,144,4,2,flexible,78,78,0,0
117,248832,78,0,162,1,4,flexible,78,78,0,0
117,248832,78,0,192,6,1,flexible,78,78,0,0
117,248832,78,0,216,3,3,flexible,78,78,0,0
117,248832,78,0,243,0,5,flexible,78,78,0,0
117,248832,78,0,256,8,0,flexible,78,78,0,0
117,248832,78,0,288,5,2,flexible,78,78,0,0
117,248832,78,0,324,2,4,flexible,78,78,0,0
117,248832,78,0,384,7,1,flexible,78,78,0,0
117,248832,78,0,432,4,3,flexible,78,78,0,0
117,248832,78,0,486,1,5,flexible,78,78,0,0
117,248832,78,0,512,9,0,flexible,78,78,0,0
117,248832,78,0,576,6,2,flexible,78,78,0,0
117,248832,78,0,648,3,4,flexible,78,78,0,0
117,248832,78,0,729,0,6,flexible,78,78,0,0
117,248832,78,0,768,8,1,flexible,78,78,0,0
117,248832,78,0,864,5,3,flexible,78,78,0,0
117,248832,78,0,972,2,5,flexible,78,78,0,0
117,248832,78,0,1024,10,0,flexible,78,78,0,0
117,248832,78,0,1152,7,2,flexible,78,78,0,0
117,248832,78,0,1296,4,4,flexible,78,78,0,0
117,248832,78,0,1458,1,6,flexible,78,78,0,0
117,248832,78,0,1536,9,1,flexible,78,78,0,0
117,248832,78,0,1728,6,3,flexible,78,78,0,0
117,248832,78,0,1944,3,5,flexible,78,78,0,0
117,248832,78,0,2048,11,0,flexible,78,78,0,0
117,248832,78,0,2187,0,7,flexible,78,78,0,0
117,248832,78,0,2304,8,2,flexible,78,78,0,0
117,248832,78,0,2592,5,4,flexible,78,78,0,0
117,248832,78,0,2916,2,6,flexible,78,78,0,0
117,248832,78,0,3072,10,1,flexible,78,78,0,0
117,248832,78,0,3456,7,3,flexible,78,78,0,0
117,248832,78,0,3888,4,5,flexible,78,78,0,0
117,248832,78,0,4096,12,0,flexible,78,78,0,0
117,248832,78,0,4374,1,7,flexible,78,78,0,0
117,248832,78,0,4608,9,2,flexible,78,78,0,0
117,248832,78,0,5184,6,4,flexible,78,78,0,0
117,248832,78,0,5832,3,6,flexible,78,78,0,0
117,248832,78,0,6144,11,1,flexible,78,78,0,0
117,248832,78,0,6561,0,8,flexible,78,78,0,0
117,248832,78,0,6912,8,3,flexible,78,78,0,0
117,248832,78,0,7776,5,5,flexible,78,78,0,0
117,248832,78,0,8192,13,0,flexible,78,78,0,0
117,248832,78,0,8748,2,7,flexible,78,78,0,0
117,248832,78,0,9216,10,2,flexible,78,78,0,0
117,248832,78,0,10368,7,4,flexible,78,78,0,0
117,248832,78,0,11664,4,6,flexible,78,78,0,0
117,248832,78,0,12288,12,1,flexible,78,78,0,0
117,248832,78,0,13122,1,8,flexible,78,78,0,0
117,248832,78,0,13824,9,3,flexible,78,78,0,0
117,248832,78,0,15552,6,5,flexible,78,78,0,0
117,248832,78,0,16384,14,0,flexible,78,78,0,0
117,248832,78,0,17496,3,7,flexible,78,78,0,0
117,248832,78,0,18432,11,2,flexible,78,78,0,0
117,248832,78,0,19683,0,9,flexible,78,78,0,0
117,248832,78,0,20736,8,4,flexible,78,78,0,0
117,248832,78,0,23328,5,6,flexible,78,78,0,0
117,248832,78,0,24576,13,1,flexible,78,78,0,0
117,248832,78,0,26244,2,8,flexible,78,78,0,0
117,248832,78,0,27648,10,3,flexible,78,78,0,0
117,248832,78,0,31104,7,5,flexible,78,78,0,0
117,248832,78,0,32768,15,0,flexible,78,78,0,0
117,248832,78,0,34992,4,7,flexible,78,78,0,0
117,248832,78,0,36864,12,2,flexible,78,78,0,0
117,248832,78,0,39366,1,9,flexible,78,78,0,0
117,248832,78,0,41472,9,4,flexible,78,78,0,0
117,248832,78,0,46656,6,6,flexible,78,78,0,0
117,248832,78,0,49152,14,1,flexible,78,78,0,0
117,248832,78,0,52488,3,8,flexible,78,78,0,0
117,248832,78,0,55296,11,3,flexible,78,78,0,0
117,248832,78,0,59049,0,10,flexible,78,78,0,0
117,248832,78,0,62208,8,5,flexible,78,78,0,0
117,248832,78,0,65536,16,0,flexible,78,78,0,0
117,248832,78,0,69984,5,7,flexible,78,78,0,0
117,248832,78,0,73728,13,2,flexible,78,78,0,0
117,248832,78,0,78732,2,9,flexible,78,78,0,0
117,248832,78,0,82944,10,4,flexible,78,78,0,0
117,248832,78,0,93312,7,6,flexible,78,78,0,0
117,248832,78,0,98304,15,1,flexible,78,78,0,0
117,248832,78,0,104976,4,8,flexible,78,78,0,0
117,248832,78,0,110592,12,3,flexible,78,78,0,0
117,248832,78,0,118098,1,10,flexible,78,78,0,0
117,248832,78,0,124416,9,5,flexible,78,78,0,0
117,248832,78,0,131072,17,0,flexible,78,78,0,0
117,248832,78,0,139968,6,7,flexible,78,78,0,0
117,248832,78,0,147456,14,2,flexible,78,78,0,0
117,248832,78,0,157464,3,9,flexible,78,78,0,0
117,248832,78,0,165888,11,4,flexible,78,78,0,0
117,248832,78,0,177147,0,11,flexible,78,78,0,0
117,248832,78,0,186624,8,6,flexible,78,78,0,0
117,248832,78,0,196608,16,1,flexible,78,78,0,0
117,248832,78,0,209952,5,8,flexible,78,78,0,0
117,248832,78,0,221184,13,3,flexible,78,78,0,0
117,248832,78,0,236196,2,10,flexible,78,78,0,0
117,248832,78,0,248832,10,5,flexible,78,78,0,0
118,262144,79,1,1,0,0,flexible,79,79,0,0
118,262144,79,1,2,1,0,flexible,79,79,0,0
118,262144,79,1,3,0,1,flexible,79,79,0,0
118,262144,79,1,4,2,0,flexible,79,79,0,0
118,262144,79,1,6,1,1,flexible,79,79,0,0
118,262144,79,1,8,3,0,flexible,79,79,0,0
118,262144,79,1,9,0,2,flexible,79,79,0,0
118,262144,79,1,12,2,1,flexible,79,79,0,0
118,262144,79,1,16,4,0,flexible,79,79,0,0
118,262144,79,1,18,1,2,flexible,79,79,0,0
118,262144,79,1,24,3,1,flexible,79,79,0,0
118,262144,79,1,27,0,3,flexible,79,79,0,0
118,262144,79,1,32,5,0,flexible,79,79,0,0
118,262144,79,1,36,2,2,flexible,79,79,0,0
118,262144,79,1,48,4,1,flexible,79,79,0,0
118,262144,79,1,54,1,3,flexible,79,79,0,0
118,262144,79,1,64,6,0,flexible,79,79,0,0
118,262144,79,1,72,3,2,flexible,79,79,0,0
118,262144,79,1,81,0,4,flexible,79,79,0,0
118,262144,79,1,96,5,1,flexible,79,79,0,0
118,262144,79,1,108,2,3,flexible,79,79,0,0
118,262144,79,1,128,7,0,flexible,79,79,0,0
118,262144,79,1,144,4,2,flexible,79,79,0,0
118,262144,79,1,162,1,4,flexible,79,79,0,0
118,262144,79,1,192,6,1,flexible,79,79,0,0
118,262144,79,1,216,3,3,flexible,79,79,0,0
118,262144,79,1,243,0,5,flexible,79,79,0,0
118,262144,79,1,256,8,0,flexible,79,79,0,0
118,262144,79,1,288,5,2,flexible,79,79,0,0
118,262144,79,1,324,2,4,flexible,79,79,0,0
118,262144,79,1,384,7,1,flexible,79,79,0,0
118,262144,79,1,432,4,3,flexible,79,79,0,0
118,262144,79,1,486,1,5,flexible,79,79,0,0
118,262144,79,1,512,9,0,flexible,79,79,0,0
118,262144,79,1,576,6,2,flexible,79,79,0,0
118,262144,79,1,648,3,4,flexible,79,79,0,0
118,262144,79,1,729,0,6,flexible,79,79,0,0
118,262144,79,1,768,8,1,flexible,79,79,0,0
118,262144,79,1,864,5,3,flexible,79,79,0,0
118,262144,79,1,972,2,5,flexible,79,79,0,0
118,262144,79,1,1024,10,0,flexible,79,79,0,0
118,262144,79,1,1152,7,2,flexible,79,79,0,0
118,262144,79,1,1296,4,4,flexible,79,79,0,0
118,262144,79,1,1458,1,6,flexible,79,79,0,0
118,262144,79,1,1536,9,1,flexible,79,79,0,0
118,262144,79,1,1728,6,3,flexible,79,79,0,0
118,262144,79,1,1944,3,5,flexible,79,79,0,0
118,262144,79,1,2048,11,0,flexible,79,79,0,0
118,262144,79,1,2187,0,7,flexible,79,79,0,0
118,262144,79,1,2304,8,2,flexible,79,79,0,0
118,262144,79,1,2592,5,4,flexible,79,79,0,0
118,262144,79,1,2916,2,6,flexible,79,79,0,0
118,262144,79,1,3072,10,1,flexible,79,79,0,0
118,262144,79,1,3456,7,3,flexible,79,79,0,0
118,262144,79,1,3888,4,5,flexible,79,79,0,0
118,262144,79,1,4096,12,0,flexible,79,79,0,0
118,262144,79,1,4374,1,7,flexible,79,79,0,0
118,262144,79,1,4608,9,2,flexible,79,79,0,0
118,262144,79,1,5184,6,4,flexible,79,79,0,0
118,262144,79,1,5832,3,6,flexible,79,79,0,0
118,262144,79,1,6144,11,1,flexible,79,79,0,0
118,262144,79,1,6561,0,8,flexible,79,79,0,0
118,262144,79,1,6912,8,3,flexible,79,79,0,0
118,262144,79,1,7776,5,5,flexible,79,79,0,0
118,262144,79,1,8192,13,0,flexible,79,79,0,0
118,262144,79,1,8748,2,7,flexible,79,79,0,0
118,262144,79,1,9216,10,2,flexible,79,79,0,0
118,262144,79,1,10368,7,4,flexible,79,79,0,0
118,262144,79,1,11664,4,6,flexible,79,79,0,0
118,262144,79,1,12288,12,1,flexible,79,79,0,0
118,262144,79,1,13122,1,8,flexible,79,79,0,0
118,262144,79,1,13824,9,3,flexible,79,79,0,0
118,262144,79,1,15552,6,5,flexible,79,79,0,0
118,262144,79,1,16384,14,0,flexible,79,79,0,0
118,262144,79,1,17496,3,7,flexible,79,79,0,0
118,262144,79,1,18432,11,2,flexible,79,79,0,0
118,262144,79,1,19683,0,9,flexible,79,79,0,0
118,262144,79,1,20736,8,4,flexible,79,79,0,0
118,262144,79,1,23328,5,6,flexible,79,79,0,0
118,262144,79,1,24576,13,1,flexible,79,79,0,0
118,262144,79,1,26244,2,8,flexible,79,79,0,0
118,262144,79,1,27648,10,3,flexible,79,79,0,0
118,262144,79,1,31104,7,5,flexible,79,79,0,0
118,262144,79,1,32768,15,0,flexible,79,79,0,0
118,262144,79,1,34992,4,7,flexible,79,79,0,0
118,262144,79,1,36864,12,2,flexible,79,79,0,0
118,262144,79,1,39366,1,9,flexible,79,79,0,0
118,262144,79,1,41472,9,4,flexible,79,79,0,0
118,262144,79,1,46656,6,6,flexible,79,79,0,0
118,262144,79,1,49152,14,1,flexible,79,79,0,0
118,262144,79,1,52488,3,8,flexible,79,79,0,0
118,262144,79,1,55296,11,3,flexible,79,79,0,0
118,262144,79,1,59049,0,10,flexible,79,79,0,0
118,262144,79,1,62208,8,5,flexible,79,79,0,0
118,262144,79,1,65536,16,0,flexible,79,79,0,0
118,262144,79,1,69984,5,7,flexible,79,79,0,0
118,262144,79,1,73728,13,2,flexible,79,79,0,0
118,262144,79,1,78732,2,9,flexible,79,79,0,0
118,262144,79,1,82944,10,4,flexible,79,79,0,0
118,262144,79,1,93312,7,6,flexible,79,79,0,0
118,262144,79,1,98304,15,1,flexible,79,79,0,0
118,262144,79,1,104976,4,8,flexible,79,79,0,0
118,262144,79,1,110592,12,3,flexible,79,79,0,0
118,262144,79,1,118098,1,10,flexible,79,79,0,0
118,262144,79,1,124416,9,5,flexible,79,79,0,0
118,262144,79,1,131072,17,0,flexible,79,79,0,0
118,262144,79,1,139968,6,7,flexible,79,79,0,0
118,262144,79,1,147456,14,2,flexible,79,79,0,0
118,262144,79,1,157464,3,9,flexible,79,79,0,0
118,262144,79,1,165888,11,4,flexible,79,79,0,0
118,262144,79,1,177147,0,11,flexible,79,79,0,0
118,262144,79,1,186624,8,6,flexible,79,79,0,0
118,262144,79,1,196608,16,1,flexible,79,79,0,0
118,262144,79,1,209952,5,8,flexible,79,79,0,0
118,262144,79,1,221184,13,3,flexible,79,79,0,0
118,262144,79,1,236196,2,10,flexible,79,79,0,0
118,262144,79,1,248832,10,5,flexible,79,79,0,0
118,262144,79,1,262144,18,0,forced,78,79,1,0
119,279936,80,1,1,0,0,forced,79,80,1,0
119,279936,80,1,2,1,0,flexible,80,80,0,0
119,279936,80,1,3,0,1,flexible,80,80,0,0
119,279936,80,1,4,2,0,flexible,80,80,0,0
119,279936,80,1,6,1,1,forced,79,80,1,0
119,279936,80,1,8,3,0,forced,79,80,1,0
119,279936,80,1,9,0,2,flexible,80,80,0,0
119,279936,80,1,12,2,1,flexible,80,80,0,0
119,279936,80,1,16,4,0,flexible,80,80,0,0
119,279936,80,1,18,1,2,flexible,80,80,0,0
119,279936,80,1,24,3,1,flexible,80,80,0,0
119,279936,80,1,27,0,3,forced,79,80,1,0
119,279936,80,1,32,5,0,flexible,80,80,0,0
119,279936,80,1,36,2,2,forced,79,80,1,0
119,279936,80,1,48,4,1,forced,79,80,1,0
119,279936,80,1,54,1,3,flexible,80,80,0,0
119,279936,80,1,64,6,0,forced,79,80,1,0
119,279936,80,1,72,3,2,flexible,80,80,0,0
119,279936,80,1,81,0,4,flexible,80,80,0,0
119,279936,80,1,96,5,1,flexible,80,80,0,0
119,279936,80,1,108,2,3,flexible,80,80,0,0
119,279936,80,1,128,7,0,flexible,80,80,0,0
119,279936,80,1,144,4,2,flexible,80,80,0,0
119,279936,80,1,162,1,4,forced,79,80,1,0
119,279936,80,1,192,6,1,flexible,80,80,0,0
119,279936,80,1,216,3,3,forced,79,80,1,0
119,279936,80,1,243,0,5,flexible,80,80,0,0
119,279936,80,1,256,8,0,flexible,80,80,0,0
119,279936,80,1,288,5,2,forced,79,80,1,0
119,279936,80,1,324,2,4,flexible,80,80,0,0
119,279936,80,1,384,7,1,forced,79,80,1,0
119,279936,80,1,432,4,3,flexible,80,80,0,0
119,279936,80,1,486,1,5,flexible,80,80,0,0
119,279936,80,1,512,9,0,forced,79,80,1,0
119,279936,80,1,576,6,2,flexible,80,80,0,0
119,279936,80,1,648,3,4,flexible,80,80,0,0
119,279936,80,1,729,0,6,forced,79,80,1,0
119,279936,80,1,768,8,1,flexible,80,80,0,0
119,279936,80,1,864,5,3,flexible,80,80,0,0
119,279936,80,1,972,2,5,forced,79,80,1,0
119,279936,80,1,1024,10,0,flexible,80,80,0,0
119,279936,80,1,1152,7,2,flexible,80,80,0,0
119,279936,80,1,1296,4,4,forced,79,80,1,0
119,279936,80,1,1458,1,6,flexible,80,80,0,0
119,279936,80,1,1536,9,1,flexible,80,80,0,0
119,279936,80,1,1728,6,3,forced,79,80,1,0
119,279936,80,1,1944,3,5,flexible,80,80,0,0
119,279936,80,1,2048,11,0,flexible,80,80,0,0
119,279936,80,1,2187,0,7,flexible,80,80,0,0
119,279936,80,1,2304,8,2,forced,79,80,1,0
119,279936,80,1,2592,5,4,flexible,80,80,0,0
119,279936,80,1,2916,2,6,flexible,80,80,0,0
119,279936,80,1,3072,10,1,forced,79,80,1,0
119,279936,80,1,3456,7,3,flexible,80,80,0,0
119,279936,80,1,3888,4,5,flexible,80,80,0,0
119,279936,80,1,4096,12,0,forced,79,80,1,0
119,279936,80,1,4374,1,7,flexible,80,80,0,0
119,279936,80,1,4608,9,2,flexible,80,80,0,0
119,279936,80,1,5184,6,4,flexible,80,80,0,0
119,279936,80,1,5832,3,6,forced,79,80,1,0
119,279936,80,1,6144,11,1,flexible,80,80,0,0
119,279936,80,1,6561,0,8,flexible,80,80,0,0
119,279936,80,1,6912,8,3,flexible,80,80,0,0
119,279936,80,1,7776,5,5,forced,79,80,1,0
119,279936,80,1,8192,13,0,flexible,80,80,0,0
119,279936,80,1,8748,2,7,flexible,80,80,0,0
119,279936,80,1,9216,10,2,flexible,80,80,0,0
119,279936,80,1,10368,7,4,forced,79,80,1,0
119,279936,80,1,11664,4,6,flexible,80,80,0,0
119,279936,80,1,12288,12,1,flexible,80,80,0,0
119,279936,80,1,13122,1,8,flexible,80,80,0,0
119,279936,80,1,13824,9,3,forced,79,80,1,0
119,279936,80,1,15552,6,5,flexible,80,80,0,0
119,279936,80,1,16384,14,0,flexible,80,80,0,0
119,279936,80,1,17496,3,7,flexible,80,80,0,0
119,279936,80,1,18432,11,2,forced,79,80,1,0
119,279936,80,1,19683,0,9,forced,79,80,1,0
119,279936,80,1,20736,8,4,flexible,80,80,0,0
119,279936,80,1,23328,5,6,flexible,80,80,0,0
119,279936,80,1,24576,13,1,flexible,80,80,0,0
119,279936,80,1,26244,2,8,flexible,80,80,0,0
119,279936,80,1,27648,10,3,flexible,80,80,0,0
119,279936,80,1,31104,7,5,flexible,80,80,0,0
119,279936,80,1,32768,15,0,forced,79,80,1,0
119,279936,80,1,34992,4,7,forced,79,80,1,0
119,279936,80,1,36864,12,2,flexible,80,80,0,0
119,279936,80,1,39366,1,9,flexible,80,80,0,0
119,279936,80,1,41472,9,4,flexible,80,80,0,0
119,279936,80,1,46656,6,6,forced,79,80,1,0
119,279936,80,1,49152,14,1,flexible,80,80,0,0
119,279936,80,1,52488,3,8,flexible,80,80,0,0
119,279936,80,1,55296,11,3,flexible,80,80,0,0
119,279936,80,1,59049,0,10,flexible,80,80,0,0
119,279936,80,1,62208,8,5,forced,79,80,1,0
119,279936,80,1,65536,16,0,flexible,80,80,0,0
119,279936,80,1,69984,5,7,flexible,80,80,0,0
119,279936,80,1,73728,13,2,flexible,80,80,0,0
119,279936,80,1,78732,2,9,flexible,80,80,0,0
119,279936,80,1,82944,10,4,flexible,80,80,0,0
119,279936,80,1,93312,7,6,flexible,80,80,0,0
119,279936,80,1,98304,15,1,flexible,80,80,0,0
119,279936,80,1,104976,4,8,flexible,80,80,0,0
119,279936,80,1,110592,12,3,forced,79,80,1,0
119,279936,80,1,118098,1,10,flexible,80,80,0,0
119,279936,80,1,124416,9,5,flexible,80,80,0,0
119,279936,80,1,131072,17,0,flexible,80,80,0,0
119,279936,80,1,139968,6,7,flexible,80,80,0,0
119,279936,80,1,147456,14,2,flexible,80,80,0,0
119,279936,80,1,157464,3,9,flexible,80,80,0,0
119,279936,80,1,165888,11,4,flexible,80,80,0,0
119,279936,80,1,177147,0,11,flexible,80,80,0,0
119,279936,80,1,186624,8,6,flexible,80,80,0,0
119,279936,80,1,196608,16,1,flexible,80,80,0,0
119,279936,80,1,209952,5,8,forced,79,80,1,0
119,279936,80,1,221184,13,3,flexible,80,80,0,0
119,279936,80,1,236196,2,10,flexible,80,80,0,0
119,279936,80,1,248832,10,5,flexible,80,80,0,0
119,279936,80,1,262144,18,0,forced,79,80,1,0
119,279936,80,1,279936,7,7,forced,79,80,1,0
120,294912,81,1,1,0,0,forced,80,81,1,0
120,294912,81,1,2,1,0,forced,80,81,1,0
120,294912,81,1,3,0,1,none,81,80,0,1
120,294912,81,1,4,2,0,none,81,80,0,1
120,294912,81,1,6,1,1,forced,80,81,1,0
120,294912,81,1,8,3,0,forced,80,81,1,0
120,294912,81,1,9,0,2,forced,80,81,1,0
120,294912,81,1,12,2,1,forced,80,81,1,0
120,294912,81,1,16,4,0,forced,80,81,1,0
120,294912,81,1,18,1,2,none,81,80,0,1
120,294912,81,1,24,3,1,none,81,80,0,1
120,294912,81,1,27,0,3,forced,80,81,1,0
120,294912,81,1,32,5,0,none,81,80,0,1
120,294912,81,1,36,2,2,forced,80,81,1,0
120,294912,81,1,48,4,1,forced,80,81,1,0
120,294912,81,1,54,1,3,forced,80,81,1,0
120,294912,81,1,64,6,0,forced,80,81,1,0
120,294912,81,1,72,3,2,forced,80,81,1,0
120,294912,81,1,81,0,4,none,81,80,0,1
120,294912,81,1,96,5,1,forced,80,81,1,0
120,294912,81,1,108,2,3,none,81,80,0,1
120,294912,81,1,128,7,0,forced,80,81,1,0
120,294912,81,1,144,4,2,none,81,80,0,1
120,294912,81,1,162,1,4,forced,80,81,1,0
120,294912,81,1,192,6,1,none,81,80,0,1
120,294912,81,1,216,3,3,forced,80,81,1,0
120,294912,81,1,243,0,5,forced,80,81,1,0
120,294912,81,1,256,8,0,none,81,80,0,1
120,294912,81,1,288,5,2,forced,80,81,1,0
120,294912,81,1,324,2,4,forced,80,81,1,0
120,294912,81,1,384,7,1,forced,80,81,1,0
120,294912,81,1,432,4,3,forced,80,81,1,0
120,294912,81,1,486,1,5,none,81,80,0,1
120,294912,81,1,512,9,0,forced,80,81,1,0
120,294912,81,1,576,6,2,forced,80,81,1,0
120,294912,81,1,648,3,4,none,81,80,0,1
120,294912,81,1,729,0,6,forced,80,81,1,0
120,294912,81,1,768,8,1,forced,80,81,1,0
120,294912,81,1,864,5,3,none,81,80,0,1
120,294912,81,1,972,2,5,forced,80,81,1,0
120,294912,81,1,1024,10,0,forced,80,81,1,0
120,294912,81,1,1152,7,2,none,81,80,0,1
120,294912,81,1,1296,4,4,forced,80,81,1,0
120,294912,81,1,1458,1,6,forced,80,81,1,0
120,294912,81,1,1536,9,1,none,81,80,0,1
120,294912,81,1,1728,6,3,forced,80,81,1,0
120,294912,81,1,1944,3,5,forced,80,81,1,0
120,294912,81,1,2048,11,0,none,81,80,0,1
120,294912,81,1,2187,0,7,none,81,80,0,1
120,294912,81,1,2304,8,2,forced,80,81,1,0
120,294912,81,1,2592,5,4,forced,80,81,1,0
120,294912,81,1,2916,2,6,none,81,80,0,1
120,294912,81,1,3072,10,1,forced,80,81,1,0
120,294912,81,1,3456,7,3,forced,80,81,1,0
120,294912,81,1,3888,4,5,none,81,80,0,1
120,294912,81,1,4096,12,0,forced,80,81,1,0
120,294912,81,1,4374,1,7,forced,80,81,1,0
120,294912,81,1,4608,9,2,forced,80,81,1,0
120,294912,81,1,5184,6,4,none,81,80,0,1
120,294912,81,1,5832,3,6,forced,80,81,1,0
120,294912,81,1,6144,11,1,forced,80,81,1,0
120,294912,81,1,6561,0,8,forced,80,81,1,0
120,294912,81,1,6912,8,3,none,81,80,0,1
120,294912,81,1,7776,5,5,forced,80,81,1,0
120,294912,81,1,8192,13,0,forced,80,81,1,0
120,294912,81,1,8748,2,7,forced,80,81,1,0
120,294912,81,1,9216,10,2,none,81,80,0,1
120,294912,81,1,10368,7,4,forced,80,81,1,0
120,294912,81,1,11664,4,6,forced,80,81,1,0
120,294912,81,1,12288,12,1,none,81,80,0,1
120,294912,81,1,13122,1,8,none,81,80,0,1
120,294912,81,1,13824,9,3,forced,80,81,1,0
120,294912,81,1,15552,6,5,forced,80,81,1,0
120,294912,81,1,16384,14,0,none,81,80,0,1
120,294912,81,1,17496,3,7,none,81,80,0,1
120,294912,81,1,18432,11,2,forced,80,81,1,0
120,294912,81,1,19683,0,9,forced,80,81,1,0
120,294912,81,1,20736,8,4,forced,80,81,1,0
120,294912,81,1,23328,5,6,none,81,80,0,1
120,294912,81,1,24576,13,1,forced,80,81,1,0
120,294912,81,1,26244,2,8,forced,80,81,1,0
120,294912,81,1,27648,10,3,forced,80,81,1,0
120,294912,81,1,31104,7,5,none,81,80,0,1
120,294912,81,1,32768,15,0,forced,80,81,1,0
120,294912,81,1,34992,4,7,forced,80,81,1,0
120,294912,81,1,36864,12,2,forced,80,81,1,0
120,294912,81,1,39366,1,9,forced,80,81,1,0
120,294912,81,1,41472,9,4,none,81,80,0,1
120,294912,81,1,46656,6,6,forced,80,81,1,0
120,294912,81,1,49152,14,1,forced,80,81,1,0
120,294912,81,1,52488,3,8,forced,80,81,1,0
120,294912,81,1,55296,11,3,none,81,80,0,1
120,294912,81,1,59049,0,10,none,81,80,0,1
120,294912,81,1,62208,8,5,forced,80,81,1,0
120,294912,81,1,65536,16,0,flexible,81,81,0,0
120,294912,81,1,69984,5,7,forced,80,81,1,0
120,294912,81,1,73728,13,2,none,81,80,0,1
120,294912,81,1,78732,2,9,none,81,80,0,1
120,294912,81,1,82944,10,4,flexible,81,81,0,0
120,294912,81,1,93312,7,6,forced,80,81,1,0
120,294912,81,1,98304,15,1,none,81,80,0,1
120,294912,81,1,104976,4,8,none,81,80,0,1
120,294912,81,1,110592,12,3,forced,80,81,1,0
120,294912,81,1,118098,1,10,forced,80,81,1,0
120,294912,81,1,124416,9,5,forced,80,81,1,0
120,294912,81,1,131072,17,0,flexible,81,81,0,0
120,294912,81,1,139968,6,7,none,81,80,0,1
120,294912,81,1,147456,14,2,forced,80,81,1,0
120,294912,81,1,157464,3,9,forced,80,81,1,0
120,294912,81,1,165888,11,4,flexible,81,81,0,0
120,294912,81,1,177147,0,11,forced,80,81,1,0
120,294912,81,1,186624,8,6,none,81,80,0,1
120,294912,81,1,196608,16,1,flexible,81,81,0,0
120,294912,81,1,209952,5,8,forced,80,81,1,0
120,294912,81,1,221184,13,3,forced,80,81,1,0
120,294912,81,1,236196,2,10,forced,80,81,1,0
120,294912,81,1,248832,10,5,flexible,81,81,0,0
120,294912,81,1,262144,18,0,forced,80,81,1,0
120,294912,81,1,279936,7,7,forced,80,81,1,0
120,294912,81,1,294912,15,2,forced,80,81,1,0
121,314928,82,1,1,0,0,forced,81,82,1,0
121,314928,82,1,2,1,0,forced,81,82,1,0
121,314928,82,1,3,0,1,none,82,81,0,1
121,314928,82,1,4,2,0,none,82,81,0,1
121,314928,82,1,6,1,1,forced,81,82,1,0
121,314928,82,1,8,3,0,forced,81,82,1,0
121,314928,82,1,9,0,2,forced,81,82,1,0
121,314928,82,1,12,2,1,forced,81,82,1,0
121,314928,82,1,16,4,0,forced,81,82,1,0
121,314928,82,1,18,1,2,none,82,81,0,1
121,314928,82,1,24,3,1,none,82,81,0,1
121,314928,82,1,27,0,3,forced,81,82,1,0
121,314928,82,1,32,5,0,none,82,81,0,1
121,314928,82,1,36,2,2,forced,81,82,1,0
121,314928,82,1,48,4,1,forced,81,82,1,0
121,314928,82,1,54,1,3,forced,81,82,1,0
121,314928,82,1,64,6,0,forced,81,82,1,0
121,314928,82,1,72,3,2,forced,81,82,1,0
121,314928,82,1,81,0,4,none,82,81,0,1
121,314928,82,1,96,5,1,forced,81,82,1,0
121,314928,82,1,108,2,3,none,82,81,0,1
121,314928,82,1,128,7,0,forced,81,82,1,0
121,314928,82,1,144,4,2,none,82,81,0,1
121,314928,82,1,162,1,4,forced,81,82,1,0
121,314928,82,1,192,6,1,none,82,81,0,1
121,314928,82,1,216,3,3,forced,81,82,1,0
121,314928,82,1,243,0,5,forced,81,82,1,0
121,314928,82,1,256,8,0,none,82,81,0,1
121,314928,82,1,288,5,2,forced,81,82,1,0
121,314928,82,1,324,2,4,forced,81,82,1,0
121,314928,82,1,384,7,1,forced,81,82,1,0
121,314928,82,1,432,4,3,forced,81,82,1,0
121,314928,82,1,486,1,5,none,82,81,0,1
121,314928,82,1,512,9,0,forced,81,82,1,0
121,314928,82,1,576,6,2,forced,81,82,1,0
121,314928,82,1,648,3,4,none,82,81,0,1
121,314928,82,1,729,0,6,forced,81,82,1,0
121,314928,82,1,768,8,1,forced,81,82,1,0
121,314928,82,1,864,5,3,none,82,81,0,1
121,314928,82,1,972,2,5,forced,81,82,1,0
121,314928,82,1,1024,10,0,forced,81,82,1,0
121,314928,82,1,1152,7,2,none,82,81,0,1
121,314928,82,1,1296,4,4,forced,81,82,1,0
121,314928,82,1,1458,1,6,forced,81,82,1,0
121,314928,82,1,1536,9,1,none,82,81,0,1
121,314928,82,1,1728,6,3,forced,81,82,1,0
121,314928,82,1,1944,3,5,forced,81,82,1,0
121,314928,82,1,2048,11,0,none,82,81,0,1
121,314928,82,1,2187,0,7,none,82,81,0,1
121,314928,82,1,2304,8,2,forced,81,82,1,0
121,314928,82,1,2592,5,4,forced,81,82,1,0
121,314928,82,1,2916,2,6,none,82,81,0,1
121,314928,82,1,3072,10,1,forced,81,82,1,0
121,314928,82,1,3456,7,3,forced,81,82,1,0
121,314928,82,1,3888,4,5,none,82,81,0,1
121,314928,82,1,4096,12,0,forced,81,82,1,0
121,314928,82,1,4374,1,7,forced,81,82,1,0
121,314928,82,1,4608,9,2,forced,81,82,1,0
121,314928,82,1,5184,6,4,none,82,81,0,1
121,314928,82,1,5832,3,6,forced,81,82,1,0
121,314928,82,1,6144,11,1,forced,81,82,1,0
121,314928,82,1,6561,0,8,forced,81,82,1,0
121,314928,82,1,6912,8,3,none,82,81,0,1
121,314928,82,1,7776,5,5,forced,81,82,1,0
121,314928,82,1,8192,13,0,forced,81,82,1,0
121,314928,82,1,8748,2,7,forced,81,82,1,0
121,314928,82,1,9216,10,2,none,82,81,0,1
121,314928,82,1,10368,7,4,forced,81,82,1,0
121,314928,82,1,11664,4,6,forced,81,82,1,0
121,314928,82,1,12288,12,1,none,82,81,0,1
121,314928,82,1,13122,1,8,none,82,81,0,1
121,314928,82,1,13824,9,3,forced,81,82,1,0
121,314928,82,1,15552,6,5,forced,81,82,1,0
121,314928,82,1,16384,14,0,none,82,81,0,1
121,314928,82,1,17496,3,7,none,82,81,0,1
121,314928,82,1,18432,11,2,forced,81,82,1,0
121,314928,82,1,19683,0,9,forced,81,82,1,0
121,314928,82,1,20736,8,4,forced,81,82,1,0
121,314928,82,1,23328,5,6,none,82,81,0,1
121,314928,82,1,24576,13,1,forced,81,82,1,0
121,314928,82,1,26244,2,8,forced,81,82,1,0
121,314928,82,1,27648,10,3,forced,81,82,1,0
121,314928,82,1,31104,7,5,none,82,81,0,1
121,314928,82,1,32768,15,0,forced,81,82,1,0
121,314928,82,1,34992,4,7,forced,81,82,1,0
121,314928,82,1,36864,12,2,forced,81,82,1,0
121,314928,82,1,39366,1,9,forced,81,82,1,0
121,314928,82,1,41472,9,4,none,82,81,0,1
121,314928,82,1,46656,6,6,forced,81,82,1,0
121,314928,82,1,49152,14,1,forced,81,82,1,0
121,314928,82,1,52488,3,8,forced,81,82,1,0
121,314928,82,1,55296,11,3,none,82,81,0,1
121,314928,82,1,59049,0,10,none,82,81,0,1
121,314928,82,1,62208,8,5,forced,81,82,1,0
121,314928,82,1,65536,16,0,flexible,82,82,0,0
121,314928,82,1,69984,5,7,forced,81,82,1,0
121,314928,82,1,73728,13,2,none,82,81,0,1
121,314928,82,1,78732,2,9,none,82,81,0,1
121,314928,82,1,82944,10,4,flexible,82,82,0,0
121,314928,82,1,93312,7,6,forced,81,82,1,0
121,314928,82,1,98304,15,1,none,82,81,0,1
121,314928,82,1,104976,4,8,none,82,81,0,1
121,314928,82,1,110592,12,3,forced,81,82,1,0
121,314928,82,1,118098,1,10,forced,81,82,1,0
121,314928,82,1,124416,9,5,forced,81,82,1,0
121,314928,82,1,131072,17,0,flexible,82,82,0,0
121,314928,82,1,139968,6,7,none,82,81,0,1
121,314928,82,1,147456,14,2,forced,81,82,1,0
121,314928,82,1,157464,3,9,forced,81,82,1,0
121,314928,82,1,165888,11,4,flexible,82,82,0,0
121,314928,82,1,177147,0,11,forced,81,82,1,0
121,314928,82,1,186624,8,6,none,82,81,0,1
121,314928,82,1,196608,16,1,flexible,82,82,0,0
121,314928,82,1,209952,5,8,forced,81,82,1,0
121,314928,82,1,221184,13,3,forced,81,82,1,0
121,314928,82,1,236196,2,10,forced,81,82,1,0
121,314928,82,1,248832,10,5,flexible,82,82,0,0
121,314928,82,1,262144,18,0,forced,81,82,1,0
121,314928,82,1,279936,7,7,forced,81,82,1,0
121,314928,82,1,294912,15,2,forced,81,82,1,0
121,314928,82,1,314928,4,9,forced,81,82,1,0
122,331776,82,0,1,0,0,flexible,82,82,0,0
122,331776,82,0,2,1,0,flexible,82,82,0,0
122,331776,82,0,3,0,1,flexible,82,82,0,0
122,331776,82,0,4,2,0,flexible,82,82,0,0
122,331776,82,0,6,1,1,flexible,82,82,0,0
122,331776,82,0,8,3,0,flexible,82,82,0,0
122,331776,82,0,9,0,2,forced,81,82,1,0
122,331776,82,0,12,2,1,forced,81,82,1,0
122,331776,82,0,16,4,0,forced,81,82,1,0
122,331776,82,0,18,1,2,flexible,82,82,0,0
122,331776,82,0,24,3,1,flexible,82,82,0,0
122,331776,82,0,27,0,3,flexible,82,82,0,0
122,331776,82,0,32,5,0,flexible,82,82,0,0
122,331776,82,0,36,2,2,flexible,82,82,0,0
122,331776,82,0,48,4,1,flexible,82,82,0,0
122,331776,82,0,54,1,3,forced,81,82,1,0
122,331776,82,0,64,6,0,flexible,82,82,0,0
122,331776,82,0,72,3,2,forced,81,82,1,0
122,331776,82,0,81,0,4,flexible,82,82,0,0
122,331776,82,0,96,5,1,forced,81,82,1,0
122,331776,82,0,108,2,3,flexible,82,82,0,0
122,331776,82,0,128,7,0,forced,81,82,1,0
122,331776,82,0,144,4,2,flexible,82,82,0,0
122,331776,82,0,162,1,4,flexible,82,82,0,0
122,331776,82,0,192,6,1,flexible,82,82,0,0
122,331776,82,0,216,3,3,flexible,82,82,0,0
122,331776,82,0,243,0,5,forced,81,82,1,0
122,331776,82,0,256,8,0,flexible,82,82,0,0
122,331776,82,0,288,5,2,flexible,82,82,0,0
122,331776,82,0,324,2,4,forced,81,82,1,0
122,331776,82,0,384,7,1,flexible,82,82,0,0
122,331776,82,0,432,4,3,forced,81,82,1,0
122,331776,82,0,486,1,5,flexible,82,82,0,0
122,331776,82,0,512,9,0,flexible,82,82,0,0
122,331776,82,0,576,6,2,forced,81,82,1,0
122,331776,82,0,648,3,4,flexible,82,82,0,0
122,331776,82,0,729,0,6,flexible,82,82,0,0
122,331776,82,0,768,8,1,forced,81,82,1,0
122,331776,82,0,864,5,3,flexible,82,82,0,0
122,331776,82,0,972,2,5,flexible,82,82,0,0
122,331776,82,0,1024,10,0,flexible,82,82,0,0
122,331776,82,0,1152,7,2,flexible,82,82,0,0
122,331776,82,0,1296,4,4,flexible,82,82,0,0
122,331776,82,0,1458,1,6,forced,81,82,1,0
122,331776,82,0,1536,9,1,flexible,82,82,0,0
122,331776,82,0,1728,6,3,flexible,82,82,0,0
122,331776,82,0,1944,3,5,forced,81,82,1,0
122,331776,82,0,2048,11,0,flexible,82,82,0,0
122,331776,82,0,2187,0,7,flexible,82,82,0,0
122,331776,82,0,2304,8,2,flexible,82,82,0,0
122,331776,82,0,2592,5,4,forced,81,82,1,0
122,331776,82,0,2916,2,6,flexible,82,82,0,0
122,331776,82,0,3072,10,1,flexible,82,82,0,0
122,331776,82,0,3456,7,3,forced,81,82,1,0
122,331776,82,0,3888,4,5,flexible,82,82,0,0
122,331776,82,0,4096,12,0,flexible,82,82,0,0
122,331776,82,0,4374,1,7,flexible,82,82,0,0
122,331776,82,0,4608,9,2,flexible,82,82,0,0
122,331776,82,0,5184,6,4,flexible,82,82,0,0
122,331776,82,0,5832,3,6,flexible,82,82,0,0
122,331776,82,0,6144,11,1,forced,81,82,1,0
122,331776,82,0,6561,0,8,forced,81,82,1,0
122,331776,82,0,6912,8,3,flexible,82,82,0,0
122,331776,82,0,7776,5,5,flexible,82,82,0,0
122,331776,82,0,8192,13,0,flexible,82,82,0,0
122,331776,82,0,8748,2,7,forced,81,82,1,0
122,331776,82,0,9216,10,2,flexible,82,82,0,0
122,331776,82,0,10368,7,4,flexible,82,82,0,0
122,331776,82,0,11664,4,6,forced,81,82,1,0
122,331776,82,0,12288,12,1,flexible,82,82,0,0
122,331776,82,0,13122,1,8,flexible,82,82,0,0
122,331776,82,0,13824,9,3,flexible,82,82,0,0
122,331776,82,0,15552,6,5,forced,81,82,1,0
122,331776,82,0,16384,14,0,flexible,82,82,0,0
122,331776,82,0,17496,3,7,flexible,82,82,0,0
122,331776,82,0,18432,11,2,flexible,82,82,0,0
122,331776,82,0,19683,0,9,flexible,82,82,0,0
122,331776,82,0,20736,8,4,flexible,82,82,0,0
122,331776,82,0,23328,5,6,flexible,82,82,0,0
122,331776,82,0,24576,13,1,flexible,82,82,0,0
122,331776,82,0,26244,2,8,flexible,82,82,0,0
122,331776,82,0,27648,10,3,forced,81,82,1,0
122,331776,82,0,31104,7,5,flexible,82,82,0,0
122,331776,82,0,32768,15,0,flexible,82,82,0,0
122,331776,82,0,34992,4,7,flexible,82,82,0,0
122,331776,82,0,36864,12,2,flexible,82,82,0,0
122,331776,82,0,39366,1,9,forced,81,82,1,0
122,331776,82,0,41472,9,4,flexible,82,82,0,0
122,331776,82,0,46656,6,6,flexible,82,82,0,0
122,331776,82,0,49152,14,1,forced,81,82,1,0
122,331776,82,0,52488,3,8,forced,81,82,1,0
122,331776,82,0,55296,11,3,flexible,82,82,0,0
122,331776,82,0,59049,0,10,flexible,82,82,0,0
122,331776,82,0,62208,8,5,flexible,82,82,0,0
122,331776,82,0,65536,16,0,flexible,82,82,0,0
122,331776,82,0,69984,5,7,flexible,82,82,0,0
122,331776,82,0,73728,13,2,flexible,82,82,0,0
122,331776,82,0,78732,2,9,flexible,82,82,0,0
122,331776,82,0,82944,10,4,flexible,82,82,0,0
122,331776,82,0,93312,7,6,flexible,82,82,0,0
122,331776,82,0,98304,15,1,flexible,82,82,0,0
122,331776,82,0,104976,4,8,flexible,82,82,0,0
122,331776,82,0,110592,12,3,flexible,82,82,0,0
122,331776,82,0,118098,1,10,flexible,82,82,0,0
122,331776,82,0,124416,9,5,forced,81,82,1,0
122,331776,82,0,131072,17,0,flexible,82,82,0,0
122,331776,82,0,139968,6,7,flexible,82,82,0,0
122,331776,82,0,147456,14,2,flexible,82,82,0,0
122,331776,82,0,157464,3,9,flexible,82,82,0,0
122,331776,82,0,165888,11,4,flexible,82,82,0,0
122,331776,82,0,177147,0,11,forced,81,82,1,0
122,331776,82,0,186624,8,6,flexible,82,82,0,0
122,331776,82,0,196608,16,1,flexible,82,82,0,0
122,331776,82,0,209952,5,8,flexible,82,82,0,0
122,331776,82,0,221184,13,3,flexible,82,82,0,0
122,331776,82,0,236196,2,10,forced,81,82,1,0
122,331776,82,0,248832,10,5,flexible,82,82,0,0
122,331776,82,0,262144,18,0,forced,81,82,1,0
122,331776,82,0,279936,7,7,flexible,82,82,0,0
122,331776,82,0,294912,15,2,forced,81,82,1,0
122,331776,82,0,314928,4,9,forced,81,82,1,0
122,331776,82,0,331776,12,4,flexible,82,82,0,0
123,354294,83,1,1,0,0,flexible,83,83,0,0
123,354294,83,1,2,1,0,flexible,83,83,0,0
123,354294,83,1,3,0,1,flexible,83,83,0,0
123,354294,83,1,4,2,0,forced,82,83,1,0
123,354294,83,1,6,1,1,none,83,82,0,1
123,354294,83,1,8,3,0,none,83,82,0,1
123,354294,83,1,9,0,2,forced,82,83,1,0
123,354294,83,1,12,2,1,forced,82,83,1,0
123,354294,83,1,16,4,0,forced,82,83,1,0
123,354294,83,1,18,1,2,forced,82,83,1,0
123,354294,83,1,24,3,1,forced,82,83,1,0
123,354294,83,1,27,0,3,none,83,82,0,1
123,354294,83,1,32,5,0,forced,82,83,1,0
123,354294,83,1,36,2,2,none,83,82,0,1
123,354294,83,1,48,4,1,none,83,82,0,1
123,354294,83,1,54,1,3,forced,82,83,1,0
123,354294,83,1,64,6,0,none,83,82,0,1
123,354294,83,1,72,3,2,forced,82,83,1,0
123,354294,83,1,81,0,4,forced,82,83,1,0
123,354294,83,1,96,5,1,forced,82,83,1,0
123,354294,83,1,108,2,3,forced,82,83,1,0
123,354294,83,1,128,7,0,forced,82,83,1,0
123,354294,83,1,144,4,2,forced,82,83,1,0
123,354294,83,1,162,1,4,none,83,82,0,1
123,354294,83,1,192,6,1,forced,82,83,1,0
123,354294,83,1,216,3,3,none,83,82,0,1
123,354294,83,1,243,0,5,forced,82,83,1,0
123,354294,83,1,256,8,0,forced,82,83,1,0
123,354294,83,1,288,5,2,none,83,82,0,1
123,354294,83,1,324,2,4,forced,82,83,1,0
123,354294,83,1,384,7,1,none,83,82,0,1
123,354294,83,1,432,4,3,forced,82,83,1,0
123,354294,83,1,486,1,5,forced,82,83,1,0
123,354294,83,1,512,9,0,none,83,82,0,1
123,354294,83,1,576,6,2,forced,82,83,1,0
123,354294,83,1,648,3,4,forced,82,83,1,0
123,354294,83,1,729,0,6,none,83,82,0,1
123,354294,83,1,768,8,1,forced,82,83,1,0
123,354294,83,1,864,5,3,forced,82,83,1,0
123,354294,83,1,972,2,5,none,83,82,0,1
123,354294,83,1,1024,10,0,forced,82,83,1,0
123,354294,83,1,1152,7,2,forced,82,83,1,0
123,354294,83,1,1296,4,4,none,83,82,0,1
123,354294,83,1,1458,1,6,forced,82,83,1,0
123,354294,83,1,1536,9,1,forced,82,83,1,0
123,354294,83,1,1728,6,3,none,83,82,0,1
123,354294,83,1,1944,3,5,forced,82,83,1,0
123,354294,83,1,2048,11,0,forced,82,83,1,0
123,354294,83,1,2187,0,7,forced,82,83,1,0
123,354294,83,1,2304,8,2,none,83,82,0,1
123,354294,83,1,2592,5,4,forced,82,83,1,0
123,354294,83,1,2916,2,6,forced,82,83,1,0
123,354294,83,1,3072,10,1,none,83,82,0,1
123,354294,83,1,3456,7,3,forced,82,83,1,0
123,354294,83,1,3888,4,5,forced,82,83,1,0
123,354294,83,1,4096,12,0,none,83,82,0,1
123,354294,83,1,4374,1,7,none,83,82,0,1
123,354294,83,1,4608,9,2,forced,82,83,1,0
123,354294,83,1,5184,6,4,forced,82,83,1,0
123,354294,83,1,5832,3,6,none,83,82,0,1
123,354294,83,1,6144,11,1,forced,82,83,1,0
123,354294,83,1,6561,0,8,forced,82,83,1,0
123,354294,83,1,6912,8,3,forced,82,83,1,0
123,354294,83,1,7776,5,5,none,83,82,0,1
123,354294,83,1,8192,13,0,forced,82,83,1,0
123,354294,83,1,8748,2,7,forced,82,83,1,0
123,354294,83,1,9216,10,2,forced,82,83,1,0
123,354294,83,1,10368,7,4,none,83,82,0,1
123,354294,83,1,11664,4,6,forced,82,83,1,0
123,354294,83,1,12288,12,1,forced,82,83,1,0
123,354294,83,1,13122,1,8,forced,82,83,1,0
123,354294,83,1,13824,9,3,none,83,82,0,1
123,354294,83,1,15552,6,5,forced,82,83,1,0
123,354294,83,1,16384,14,0,forced,82,83,1,0
123,354294,83,1,17496,3,7,forced,82,83,1,0
123,354294,83,1,18432,11,2,none,83,82,0,1
123,354294,83,1,19683,0,9,none,83,82,0,1
123,354294,83,1,20736,8,4,forced,82,83,1,0
123,354294,83,1,23328,5,6,forced,82,83,1,0
123,354294,83,1,24576,13,1,none,83,82,0,1
123,354294,83,1,26244,2,8,none,83,82,0,1
123,354294,83,1,27648,10,3,forced,82,83,1,0
123,354294,83,1,31104,7,5,forced,82,83,1,0
123,354294,83,1,32768,15,0,none,83,82,0,1
123,354294,83,1,34992,4,7,none,83,82,0,1
123,354294,83,1,36864,12,2,forced,82,83,1,0
123,354294,83,1,39366,1,9,forced,82,83,1,0
123,354294,83,1,41472,9,4,forced,82,83,1,0
123,354294,83,1,46656,6,6,none,83,82,0,1
123,354294,83,1,49152,14,1,forced,82,83,1,0
123,354294,83,1,52488,3,8,forced,82,83,1,0
123,354294,83,1,55296,11,3,forced,82,83,1,0
123,354294,83,1,59049,0,10,forced,82,83,1,0
123,354294,83,1,62208,8,5,none,83,82,0,1
123,354294,83,1,65536,16,0,forced,82,83,1,0
123,354294,83,1,69984,5,7,forced,82,83,1,0
123,354294,83,1,73728,13,2,forced,82,83,1,0
123,354294,83,1,78732,2,9,forced,82,83,1,0
123,354294,83,1,82944,10,4,none,83,82,0,1
123,354294,83,1,93312,7,6,flexible,83,83,0,0
123,354294,83,1,98304,15,1,forced,82,83,1,0
123,354294,83,1,104976,4,8,forced,82,83,1,0
123,354294,83,1,110592,12,3,none,83,82,0,1
123,354294,83,1,118098,1,10,none,83,82,0,1
123,354294,83,1,124416,9,5,forced,82,83,1,0
123,354294,83,1,131072,17,0,forced,82,83,1,0
123,354294,83,1,139968,6,7,forced,82,83,1,0
123,354294,83,1,147456,14,2,none,83,82,0,1
123,354294,83,1,157464,3,9,none,83,82,0,1
123,354294,83,1,165888,11,4,forced,82,83,1,0
123,354294,83,1,177147,0,11,forced,82,83,1,0
123,354294,83,1,186624,8,6,flexible,83,83,0,0
123,354294,83,1,196608,16,1,none,83,82,0,1
123,354294,83,1,209952,5,8,none,83,82,0,1
123,354294,83,1,221184,13,3,forced,82,83,1,0
123,354294,83,1,236196,2,10,forced,82,83,1,0
123,354294,83,1,248832,10,5,forced,82,83,1,0
123,354294,83,1,262144,18,0,forced,82,83,1,0
123,354294,83,1,279936,7,7,flexible,83,83,0,0
123,354294,83,1,294912,15,2,forced,82,83,1,0
123,354294,83,1,314928,4,9,forced,82,83,1,0
123,354294,83,1,331776,12,4,forced,82,83,1,0
123,354294,83,1,354294,1,11,forced,82,83,1,0
124,373248,83,0,1,0,0,flexible,83,83,0,0
124,373248,83,0,2,1,0,flexible,83,83,0,0
124,373248,83,0,3,0,1,flexible,83,83,0,0
124,373248,83,0,4,2,0,flexible,83,83,0,0
124,373248,83,0,6,1,1,flexible,83,83,0,0
124,373248,83,0,8,3,0,flexible,83,83,0,0
124,373248,83,0,9,0,2,flexible,83,83,0,0
124,373248,83,0,12,2,1,flexible,83,83,0,0
124,373248,83,0,16,4,0,flexible,83,83,0,0
124,373248,83,0,18,1,2,flexible,83,83,0,0
124,373248,83,0,24,3,1,flexible,83,83,0,0
124,373248,83,0,27,0,3,flexible,83,83,0,0
124,373248,83,0,32,5,0,flexible,83,83,0,0
124,373248,83,0,36,2,2,flexible,83,83,0,0
124,373248,83,0,48,4,1,flexible,83,83,0,0
124,373248,83,0,54,1,3,flexible,83,83,0,0
124,373248,83,0,64,6,0,flexible,83,83,0,0
124,373248,83,0,72,3,2,flexible,83,83,0,0
124,373248,83,0,81,0,4,flexible,83,83,0,0
124,373248,83,0,96,5,1,flexible,83,83,0,0
124,373248,83,0,108,2,3,flexible,83,83,0,0
124,373248,83,0,128,7,0,flexible,83,83,0,0
124,373248,83,0,144,4,2,flexible,83,83,0,0
124,373248,83,0,162,1,4,flexible,83,83,0,0
124,373248,83,0,192,6,1,flexible,83,83,0,0
124,373248,83,0,216,3,3,flexible,83,83,0,0
124,373248,83,0,243,0,5,flexible,83,83,0,0
124,373248,83,0,256,8,0,flexible,83,83,0,0
124,373248,83,0,288,5,2,flexible,83,83,0,0
124,373248,83,0,324,2,4,flexible,83,83,0,0
124,373248,83,0,384,7,1,flexible,83,83,0,0
124,373248,83,0,432,4,3,flexible,83,83,0,0
124,373248,83,0,486,1,5,flexible,83,83,0,0
124,373248,83,0,512,9,0,flexible,83,83,0,0
124,373248,83,0,576,6,2,flexible,83,83,0,0
124,373248,83,0,648,3,4,flexible,83,83,0,0
124,373248,83,0,729,0,6,flexible,83,83,0,0
124,373248,83,0,768,8,1,flexible,83,83,0,0
124,373248,83,0,864,5,3,flexible,83,83,0,0
124,373248,83,0,972,2,5,flexible,83,83,0,0
124,373248,83,0,1024,10,0,flexible,83,83,0,0
124,373248,83,0,1152,7,2,flexible,83,83,0,0
124,373248,83,0,1296,4,4,flexible,83,83,0,0
124,373248,83,0,1458,1,6,flexible,83,83,0,0
124,373248,83,0,1536,9,1,flexible,83,83,0,0
124,373248,83,0,1728,6,3,flexible,83,83,0,0
124,373248,83,0,1944,3,5,flexible,83,83,0,0
124,373248,83,0,2048,11,0,flexible,83,83,0,0
124,373248,83,0,2187,0,7,flexible,83,83,0,0
124,373248,83,0,2304,8,2,flexible,83,83,0,0
124,373248,83,0,2592,5,4,flexible,83,83,0,0
124,373248,83,0,2916,2,6,flexible,83,83,0,0
124,373248,83,0,3072,10,1,flexible,83,83,0,0
124,373248,83,0,3456,7,3,flexible,83,83,0,0
124,373248,83,0,3888,4,5,flexible,83,83,0,0
124,373248,83,0,4096,12,0,flexible,83,83,0,0
124,373248,83,0,4374,1,7,flexible,83,83,0,0
124,373248,83,0,4608,9,2,flexible,83,83,0,0
124,373248,83,0,5184,6,4,flexible,83,83,0,0
124,373248,83,0,5832,3,6,flexible,83,83,0,0
124,373248,83,0,6144,11,1,flexible,83,83,0,0
124,373248,83,0,6561,0,8,flexible,83,83,0,0
124,373248,83,0,6912,8,3,flexible,83,83,0,0
124,373248,83,0,7776,5,5,flexible,83,83,0,0
124,373248,83,0,8192,13,0,flexible,83,83,0,0
124,373248,83,0,8748,2,7,flexible,83,83,0,0
124,373248,83,0,9216,10,2,flexible,83,83,0,0
124,373248,83,0,10368,7,4,flexible,83,83,0,0
124,373248,83,0,11664,4,6,flexible,83,83,0,0
124,373248,83,0,12288,12,1,flexible,83,83,0,0
124,373248,83,0,13122,1,8,flexible,83,83,0,0
124,373248,83,0,13824,9,3,flexible,83,83,0,0
124,373248,83,0,15552,6,5,flexible,83,83,0,0
124,373248,83,0,16384,14,0,flexible,83,83,0,0
124,373248,83,0,17496,3,7,flexible,83,83,0,0
124,373248,83,0,18432,11,2,flexible,83,83,0,0
124,373248,83,0,19683,0,9,flexible,83,83,0,0
124,373248,83,0,20736,8,4,flexible,83,83,0,0
124,373248,83,0,23328,5,6,flexible,83,83,0,0
124,373248,83,0,24576,13,1,flexible,83,83,0,0
124,373248,83,0,26244,2,8,flexible,83,83,0,0
124,373248,83,0,27648,10,3,flexible,83,83,0,0
124,373248,83,0,31104,7,5,flexible,83,83,0,0
124,373248,83,0,32768,15,0,flexible,83,83,0,0
124,373248,83,0,34992,4,7,flexible,83,83,0,0
124,373248,83,0,36864,12,2,flexible,83,83,0,0
124,373248,83,0,39366,1,9,flexible,83,83,0,0
124,373248,83,0,41472,9,4,flexible,83,83,0,0
124,373248,83,0,46656,6,6,flexible,83,83,0,0
124,373248,83,0,49152,14,1,flexible,83,83,0,0
124,373248,83,0,52488,3,8,flexible,83,83,0,0
124,373248,83,0,55296,11,3,flexible,83,83,0,0
124,373248,83,0,59049,0,10,flexible,83,83,0,0
124,373248,83,0,62208,8,5,flexible,83,83,0,0
124,373248,83,0,65536,16,0,flexible,83,83,0,0
124,373248,83,0,69984,5,7,flexible,83,83,0,0
124,373248,83,0,73728,13,2,flexible,83,83,0,0
124,373248,83,0,78732,2,9,flexible,83,83,0,0
124,373248,83,0,82944,10,4,flexible,83,83,0,0
124,373248,83,0,93312,7,6,flexible,83,83,0,0
124,373248,83,0,98304,15,1,flexible,83,83,0,0
124,373248,83,0,104976,4,8,flexible,83,83,0,0
124,373248,83,0,110592,12,3,flexible,83,83,0,0
124,373248,83,0,118098,1,10,flexible,83,83,0,0
124,373248,83,0,124416,9,5,flexible,83,83,0,0
124,373248,83,0,131072,17,0,flexible,83,83,0,0
124,373248,83,0,139968,6,7,flexible,83,83,0,0
124,373248,83,0,147456,14,2,flexible,83,83,0,0
124,373248,83,0,157464,3,9,flexible,83,83,0,0
124,373248,83,0,165888,11,4,flexible,83,83,0,0
124,373248,83,0,177147,0,11,flexible,83,83,0,0
124,373248,83,0,186624,8,6,flexible,83,83,0,0
124,373248,83,0,196608,16,1,flexible,83,83,0,0
124,373248,83,0,209952,5,8,flexible,83,83,0,0
124,373248,83,0,221184,13,3,flexible,83,83,0,0
124,373248,83,0,236196,2,10,flexible,83,83,0,0
124,373248,83,0,248832,10,5,flexible,83,83,0,0
124,373248,83,0,262144,18,0,forced,82,83,1,0
124,373248,83,0,279936,7,7,flexible,83,83,0,0
124,373248,83,0,294912,15,2,flexible,83,83,0,0
124,373248,83,0,314928,4,9,flexible,83,83,0,0
124,373248,83,0,331776,12,4,flexible,83,83,0,0
124,373248,83,0,354294,1,11,flexible,83,83,0,0
124,373248,83,0,373248,9,6,flexible,83,83,0,0
125,393216,84,1,1,0,0,forced,83,84,1,0
125,393216,84,1,2,1,0,flexible,84,84,0,0
125,393216,84,1,3,0,1,flexible,84,84,0,0
125,393216,84,1,4,2,0,flexible,84,84,0,0
125,393216,84,1,6,1,1,forced,83,84,1,0
125,393216,84,1,8,3,0,forced,83,84,1,0
125,393216,84,1,9,0,2,flexible,84,84,0,0
125,393216,84,1,12,2,1,flexible,84,84,0,0
125,393216,84,1,16,4,0,flexible,84,84,0,0
125,393216,84,1,18,1,2,flexible,84,84,0,0
125,393216,84,1,24,3,1,flexible,84,84,0,0
125,393216,84,1,27,0,3,forced,83,84,1,0
125,393216,84,1,32,5,0,flexible,84,84,0,0
125,393216,84,1,36,2,2,forced,83,84,1,0
125,393216,84,1,48,4,1,forced,83,84,1,0
125,393216,84,1,54,1,3,flexible,84,84,0,0
125,393216,84,1,64,6,0,forced,83,84,1,0
125,393216,84,1,72,3,2,flexible,84,84,0,0
125,393216,84,1,81,0,4,flexible,84,84,0,0
125,393216,84,1,96,5,1,flexible,84,84,0,0
125,393216,84,1,108,2,3,flexible,84,84,0,0
125,393216,84,1,128,7,0,flexible,84,84,0,0
125,393216,84,1,144,4,2,flexible,84,84,0,0
125,393216,84,1,162,1,4,forced,83,84,1,0
125,393216,84,1,192,6,1,flexible,84,84,0,0
125,393216,84,1,216,3,3,forced,83,84,1,0
125,393216,84,1,243,0,5,flexible,84,84,0,0
125,393216,84,1,256,8,0,flexible,84,84,0,0
125,393216,84,1,288,5,2,forced,83,84,1,0
125,393216,84,1,324,2,4,flexible,84,84,0,0
125,393216,84,1,384,7,1,forced,83,84,1,0
125,393216,84,1,432,4,3,flexible,84,84,0,0
125,393216,84,1,486,1,5,flexible,84,84,0,0
125,393216,84,1,512,9,0,forced,83,84,1,0
125,393216,84,1,576,6,2,flexible,84,84,0,0
125,393216,84,1,648,3,4,flexible,84,84,0,0
125,393216,84,1,729,0,6,forced,83,84,1,0
125,393216,84,1,768,8,1,flexible,84,84,0,0
125,393216,84,1,864,5,3,flexible,84,84,0,0
125,393216,84,1,972,2,5,forced,83,84,1,0
125,393216,84,1,1024,10,0,flexible,84,84,0,0
125,393216,84,1,1152,7,2,flexible,84,84,0,0
125,393216,84,1,1296,4,4,forced,83,84,1,0
125,393216,84,1,1458,1,6,flexible,84,84,0,0
125,393216,84,1,1536,9,1,flexible,84,84,0,0
125,393216,84,1,1728,6,3,forced,83,84,1,0
125,393216,84,1,1944,3,5,flexible,84,84,0,0
125,393216,84,1,2048,11,0,flexible,84,84,0,0
125,393216,84,1,2187,0,7,flexible,84,84,0,0
125,393216,84,1,2304,8,2,forced,83,84,1,0
125,393216,84,1,2592,5,4,flexible,84,84,0,0
125,393216,84,1,2916,2,6,flexible,84,84,0,0
125,393216,84,1,3072,10,1,forced,83,84,1,0
125,393216,84,1,3456,7,3,flexible,84,84,0,0
125,393216,84,1,3888,4,5,flexible,84,84,0,0
125,393216,84,1,4096,12,0,forced,83,84,1,0
125,393216,84,1,4374,1,7,forced,83,84,1,0
125,393216,84,1,4608,9,2,flexible,84,84,0,0
125,393216,84,1,5184,6,4,flexible,84,84,0,0
125,393216,84,1,5832,3,6,forced,83,84,1,0
125,393216,84,1,6144,11,1,flexible,84,84,0,0
125,393216,84,1,6561,0,8,flexible,84,84,0,0
125,393216,84,1,6912,8,3,flexible,84,84,0,0
125,393216,84,1,7776,5,5,forced,83,84,1,0
125,393216,84,1,8192,13,0,flexible,84,84,0,0
125,393216,84,1,8748,2,7,flexible,84,84,0,0
125,393216,84,1,9216,10,2,flexible,84,84,0,0
125,393216,84,1,10368,7,4,forced,83,84,1,0
125,393216,84,1,11664,4,6,flexible,84,84,0,0
125,393216,84,1,12288,12,1,flexible,84,84,0,0
125,393216,84,1,13122,1,8,flexible,84,84,0,0
125,393216,84,1,13824,9,3,forced,83,84,1,0
125,393216,84,1,15552,6,5,flexible,84,84,0,0
125,393216,84,1,16384,14,0,flexible,84,84,0,0
125,393216,84,1,17496,3,7,flexible,84,84,0,0
125,393216,84,1,18432,11,2,forced,83,84,1,0
125,393216,84,1,19683,0,9,flexible,84,84,0,0
125,393216,84,1,20736,8,4,flexible,84,84,0,0
125,393216,84,1,23328,5,6,flexible,84,84,0,0
125,393216,84,1,24576,13,1,forced,83,84,1,0
125,393216,84,1,26244,2,8,forced,83,84,1,0
125,393216,84,1,27648,10,3,flexible,84,84,0,0
125,393216,84,1,31104,7,5,flexible,84,84,0,0
125,393216,84,1,32768,15,0,forced,83,84,1,0
125,393216,84,1,34992,4,7,flexible,84,84,0,0
125,393216,84,1,36864,12,2,flexible,84,84,0,0
125,393216,84,1,39366,1,9,flexible,84,84,0,0
125,393216,84,1,41472,9,4,flexible,84,84,0,0
125,393216,84,1,46656,6,6,forced,83,84,1,0
125,393216,84,1,49152,14,1,flexible,84,84,0,0
125,393216,84,1,52488,3,8,flexible,84,84,0,0
125,393216,84,1,55296,11,3,flexible,84,84,0,0
125,393216,84,1,59049,0,10,flexible,84,84,0,0
125,393216,84,1,62208,8,5,forced,83,84,1,0
125,393216,84,1,65536,16,0,forced,83,84,1,0
125,393216,84,1,69984,5,7,flexible,84,84,0,0
125,393216,84,1,73728,13,2,flexible,84,84,0,0
125,393216,84,1,78732,2,9,flexible,84,84,0,0
125,393216,84,1,82944,10,4,forced,83,84,1,0
125,393216,84,1,93312,7,6,flexible,84,84,0,0
125,393216,84,1,98304,15,1,none,84,83,0,1
125,393216,84,1,104976,4,8,flexible,84,84,0,0
125,393216,84,1,110592,12,3,flexible,84,84,0,0
125,393216,84,1,118098,1,10,flexible,84,84,0,0
125,393216,84,1,124416,9,5,flexible,84,84,0,0
125,393216,84,1,131072,17,0,none,84,83,0,1
125,393216,84,1,139968,6,7,flexible,84,84,0,0
125,393216,84,1,147456,14,2,forced,83,84,1,0
125,393216,84,1,157464,3,9,flexible,84,84,0,0
125,393216,84,1,165888,11,4,flexible,84,84,0,0
125,393216,84,1,177147,0,11,flexible,84,84,0,0
125,393216,84,1,186624,8,6,flexible,84,84,0,0
125,393216,84,1,196608,16,1,forced,83,84,1,0
125,393216,84,1,209952,5,8,flexible,84,84,0,0
125,393216,84,1,221184,13,3,flexible,84,84,0,0
125,393216,84,1,236196,2,10,flexible,84,84,0,0
125,393216,84,1,248832,10,5,flexible,84,84,0,0
125,393216,84,1,262144,18,0,forced,83,84,1,0
125,393216,84,1,279936,7,7,forced,83,84,1,0
125,393216,84,1,294912,15,2,forced,83,84,1,0
125,393216,84,1,314928,4,9,flexible,84,84,0,0
125,393216,84,1,331776,12,4,flexible,84,84,0,0
125,393216,84,1,354294,1,11,flexible,84,84,0,0
125,393216,84,1,373248,9,6,forced,83,84,1,0
125,393216,84,1,393216,17,1,forced,83,84,1,0
126,419904,85,1,1,0,0,forced,84,85,1,0
126,419904,85,1,2,1,0,forced,84,85,1,0
126,419904,85,1,3,0,1,none,85,84,0,1
126,419904,85,1,4,2,0,none,85,84,0,1
126,419904,85,1,6,1,1,forced,84,85,1,0
126,419904,85,1,8,3,0,forced,84,85,1,0
126,419904,85,1,9,0,2,forced,84,85,1,0
126,419904,85,1,12,2,1,forced,84,85,1,0
126,419904,85,1,16,4,0,forced,84,85,1,0
126,419904,85,1,18,1,2,none,85,84,0,1
126,419904,85,1,24,3,1,none,85,84,0,1
126,419904,85,1,27,0,3,forced,84,85,1,0
126,419904,85,1,32,5,0,none,85,84,0,1
126,419904,85,1,36,2,2,forced,84,85,1,0
126,419904,85,1,48,4,1,forced,84,85,1,0
126,419904,85,1,54,1,3,forced,84,85,1,0
126,419904,85,1,64,6,0,forced,84,85,1,0
126,419904,85,1,72,3,2,forced,84,85,1,0
126,419904,85,1,81,0,4,none,85,84,0,1
126,419904,85,1,96,5,1,forced,84,85,1,0
126,419904,85,1,108,2,3,none,85,84,0,1
126,419904,85,1,128,7,0,forced,84,85,1,0
126,419904,85,1,144,4,2,none,85,84,0,1
126,419904,85,1,162,1,4,forced,84,85,1,0
126,419904,85,1,192,6,1,none,85,84,0,1
126,419904,85,1,216,3,3,forced,84,85,1,0
126,419904,85,1,243,0,5,forced,84,85,1,0
126,419904,85,1,256,8,0,none,85,84,0,1
126,419904,85,1,288,5,2,forced,84,85,1,0
126,419904,85,1,324,2,4,forced,84,85,1,0
126,419904,85,1,384,7,1,forced,84,85,1,0
126,419904,85,1,432,4,3,forced,84,85,1,0
126,419904,85,1,486,1,5,none,85,84,0,1
126,419904,85,1,512,9,0,forced,84,85,1,0
126,419904,85,1,576,6,2,forced,84,85,1,0
126,419904,85,1,648,3,4,none,85,84,0,1
126,419904,85,1,729,0,6,forced,84,85,1,0
126,419904,85,1,768,8,1,forced,84,85,1,0
126,419904,85,1,864,5,3,none,85,84,0,1
126,419904,85,1,972,2,5,forced,84,85,1,0
126,419904,85,1,1024,10,0,forced,84,85,1,0
126,419904,85,1,1152,7,2,none,85,84,0,1
126,419904,85,1,1296,4,4,forced,84,85,1,0
126,419904,85,1,1458,1,6,forced,84,85,1,0
126,419904,85,1,1536,9,1,none,85,84,0,1
126,419904,85,1,1728,6,3,forced,84,85,1,0
126,419904,85,1,1944,3,5,forced,84,85,1,0
126,419904,85,1,2048,11,0,none,85,84,0,1
126,419904,85,1,2187,0,7,none,85,84,0,1
126,419904,85,1,2304,8,2,forced,84,85,1,0
126,419904,85,1,2592,5,4,forced,84,85,1,0
126,419904,85,1,2916,2,6,none,85,84,0,1
126,419904,85,1,3072,10,1,forced,84,85,1,0
126,419904,85,1,3456,7,3,forced,84,85,1,0
126,419904,85,1,3888,4,5,none,85,84,0,1
126,419904,85,1,4096,12,0,forced,84,85,1,0
126,419904,85,1,4374,1,7,forced,84,85,1,0
126,419904,85,1,4608,9,2,forced,84,85,1,0
126,419904,85,1,5184,6,4,none,85,84,0,1
126,419904,85,1,5832,3,6,forced,84,85,1,0
126,419904,85,1,6144,11,1,forced,84,85,1,0
126,419904,85,1,6561,0,8,forced,84,85,1,0
126,419904,85,1,6912,8,3,none,85,84,0,1
126,419904,85,1,7776,5,5,forced,84,85,1,0
126,419904,85,1,8192,13,0,forced,84,85,1,0
126,419904,85,1,8748,2,7,forced,84,85,1,0
126,419904,85,1,9216,10,2,none,85,84,0,1
126,419904,85,1,10368,7,4,forced,84,85,1,0
126,419904,85,1,11664,4,6,forced,84,85,1,0
126,419904,85,1,12288,12,1,none,85,84,0,1
126,419904,85,1,13122,1,8,none,85,84,0,1
126,419904,85,1,13824,9,3,forced,84,85,1,0
126,419904,85,1,15552,6,5,forced,84,85,1,0
126,419904,85,1,16384,14,0,none,85,84,0,1
126,419904,85,1,17496,3,7,none,85,84,0,1
126,419904,85,1,18432,11,2,forced,84,85,1,0
126,419904,85,1,19683,0,9,flexible,85,85,0,0
126,419904,85,1,20736,8,4,forced,84,85,1,0
126,419904,85,1,23328,5,6,none,85,84,0,1
126,419904,85,1,24576,13,1,forced,84,85,1,0
126,419904,85,1,26244,2,8,forced,84,85,1,0
126,419904,85,1,27648,10,3,forced,84,85,1,0
126,419904,85,1,31104,7,5,none,85,84,0,1
126,419904,85,1,32768,15,0,forced,84,85,1,0
126,419904,85,1,34992,4,7,forced,84,85,1,0
126,419904,85,1,36864,12,2,forced,84,85,1,0
126,419904,85,1,39366,1,9,flexible,85,85,0,0
126,419904,85,1,41472,9,4,none,85,84,0,1
126,419904,85,1,46656,6,6,forced,84,85,1,0
126,419904,85,1,49152,14,1,forced,84,85,1,0
126,419904,85,1,52488,3,8,forced,84,85,1,0
126,419904,85,1,55296,11,3,none,85,84,0,1
126,419904,85,1,59049,0,10,flexible,85,85,0,0
126,419904,85,1,62208,8,5,forced,84,85,1,0
126,419904,85,1,65536,16,0,forced,84,85,1,0
126,419904,85,1,69984,5,7,forced,84,85,1,0
126,419904,85,1,73728,13,2,none,85,84,0,1
126,419904,85,1,78732,2,9,none,85,84,0,1
126,419904,85,1,82944,10,4,forced,84,85,1,0
126,419904,85,1,93312,7,6,forced,84,85,1,0
126,419904,85,1,98304,15,1,none,85,84,0,1
126,419904,85,1,104976,4,8,none,85,84,0,1
126,419904,85,1,110592,12,3,flexible,85,85,0,0
126,419904,85,1,118098,1,10,flexible,85,85,0,0
126,419904,85,1,124416,9,5,forced,84,85,1,0
126,419904,85,1,131072,17,0,none,85,84,0,1
126,419904,85,1,139968,6,7,none,85,84,0,1
126,419904,85,1,147456,14,2,forced,84,85,1,0
126,419904,85,1,157464,3,9,forced,84,85,1,0
126,419904,85,1,165888,11,4,forced,84,85,1,0
126,419904,85,1,177147,0,11,forced,84,85,1,0
126,419904,85,1,186624,8,6,none,85,84,0,1
126,419904,85,1,196608,16,1,forced,84,85,1,0
126,419904,85,1,209952,5,8,forced,84,85,1,0
126,419904,85,1,221184,13,3,flexible,85,85,0,0
126,419904,85,1,236196,2,10,flexible,85,85,0,0
126,419904,85,1,248832,10,5,none,85,84,0,1
126,419904,85,1,262144,18,0,forced,84,85,1,0
126,419904,85,1,279936,7,7,forced,84,85,1,0
126,419904,85,1,294912,15,2,forced,84,85,1,0
126,419904,85,1,314928,4,9,forced,84,85,1,0
126,419904,85,1,331776,12,4,flexible,85,85,0,0
126,419904,85,1,354294,1,11,flexible,85,85,0,0
126,419904,85,1,373248,9,6,forced,84,85,1,0
126,419904,85,1,393216,17,1,forced,84,85,1,0
126,419904,85,1,419904,6,8,forced,84,85,1,0
127,442368,85,0,1,0,0,flexible,85,85,0,0
127,442368,85,0,2,1,0,flexible,85,85,0,0
127,442368,85,0,3,0,1,flexible,85,85,0,0
127,442368,85,0,4,2,0,flexible,85,85,0,0
127,442368,85,0,6,1,1,flexible,85,85,0,0
127,442368,85,0,8,3,0,flexible,85,85,0,0
127,442368,85,0,9,0,2,forced,84,85,1,0
127,442368,85,0,12,2,1,forced,84,85,1,0
127,442368,85,0,16,4,0,forced,84,85,1,0
127,442368,85,0,18,1,2,flexible,85,85,0,0
127,442368,85,0,24,3,1,flexible,85,85,0,0
127,442368,85,0,27,0,3,flexible,85,85,0,0
127,442368,85,0,32,5,0,flexible,85,85,0,0
127,442368,85,0,36,2,2,flexible,85,85,0,0
127,442368,85,0,48,4,1,flexible,85,85,0,0
127,442368,85,0,54,1,3,forced,84,85,1,0
127,442368,85,0,64,6,0,flexible,85,85,0,0
127,442368,85,0,72,3,2,forced,84,85,1,0
127,442368,85,0,81,0,4,flexible,85,85,0,0
127,442368,85,0,96,5,1,forced,84,85,1,0
127,442368,85,0,108,2,3,flexible,85,85,0,0
127,442368,85,0,128,7,0,forced,84,85,1,0
127,442368,85,0,144,4,2,flexible,85,85,0,0
127,442368,85,0,162,1,4,flexible,85,85,0,0
127,442368,85,0,192,6,1,flexible,85,85,0,0
127,442368,85,0,216,3,3,flexible,85,85,0,0
127,442368,85,0,243,0,5,forced,84,85,1,0
127,442368,85,0,256,8,0,flexible,85,85,0,0
127,442368,85,0,288,5,2,flexible,85,85,0,0
127,442368,85,0,324,2,4,forced,84,85,1,0
127,442368,85,0,384,7,1,flexible,85,85,0,0
127,442368,85,0,432,4,3,forced,84,85,1,0
127,442368,85,0,486,1,5,flexible,85,85,0,0
127,442368,85,0,512,9,0,flexible,85,85,0,0
127,442368,85,0,576,6,2,forced,84,85,1,0
127,442368,85,0,648,3,4,flexible,85,85,0,0
127,442368,85,0,729,0,6,flexible,85,85,0,0
127,442368,85,0,768,8,1,forced,84,85,1,0
127,442368,85,0,864,5,3,flexible,85,85,0,0
127,442368,85,0,972,2,5,flexible,85,85,0,0
127,442368,85,0,1024,10,0,forced,84,85,1,0
127,442368,85,0,1152,7,2,flexible,85,85,0,0
127,442368,85,0,1296,4,4,flexible,85,85,0,0
127,442368,85,0,1458,1,6,forced,84,85,1,0
127,442368,85,0,1536,9,1,flexible,85,85,0,0
127,442368,85,0,1728,6,3,flexible,85,85,0,0
127,442368,85,0,1944,3,5,forced,84,85,1,0
127,442368,85,0,2048,11,0,flexible,85,85,0,0
127,442368,85,0,2187,0,7,flexible,85,85,0,0
127,442368,85,0,2304,8,2,flexible,85,85,0,0
127,442368,85,0,2592,5,4,forced,84,85,1,0
127,442368,85,0,2916,2,6,flexible,85,85,0,0
127,442368,85,0,3072,10,1,flexible,85,85,0,0
127,442368,85,0,3456,7,3,forced,84,85,1,0
127,442368,85,0,3888,4,5,flexible,85,85,0,0
127,442368,85,0,4096,12,0,flexible,85,85,0,0
127,442368,85,0,4374,1,7,flexible,85,85,0,0
127,442368,85,0,4608,9,2,forced,84,85,1,0
127,442368,85,0,5184,6,4,flexible,85,85,0,0
127,442368,85,0,5832,3,6,flexible,85,85,0,0
127,442368,85,0,6144,11,1,forced,84,85,1,0
127,442368,85,0,6561,0,8,forced,84,85,1,0
127,442368,85,0,6912,8,3,flexible,85,85,0,0
127,442368,85,0,7776,5,5,flexible,85,85,0,0
127,442368,85,0,8192,13,0,flexible,85,85,0,0
127,442368,85,0,8748,2,7,forced,84,85,1,0
127,442368,85,0,9216,10,2,flexible,85,85,0,0
127,442368,85,0,10368,7,4,flexible,85,85,0,0
127,442368,85,0,11664,4,6,forced,84,85,1,0
127,442368,85,0,12288,12,1,flexible,85,85,0,0
127,442368,85,0,13122,1,8,flexible,85,85,0,0
127,442368,85,0,13824,9,3,flexible,85,85,0,0
127,442368,85,0,15552,6,5,forced,84,85,1,0
127,442368,85,0,16384,14,0,flexible,85,85,0,0
127,442368,85,0,17496,3,7,flexible,85,85,0,0
127,442368,85,0,18432,11,2,flexible,85,85,0,0
127,442368,85,0,19683,0,9,flexible,85,85,0,0
127,442368,85,0,20736,8,4,forced,84,85,1,0
127,442368,85,0,23328,5,6,flexible,85,85,0,0
127,442368,85,0,24576,13,1,flexible,85,85,0,0
127,442368,85,0,26244,2,8,flexible,85,85,0,0
127,442368,85,0,27648,10,3,forced,84,85,1,0
127,442368,85,0,31104,7,5,flexible,85,85,0,0
127,442368,85,0,32768,15,0,flexible,85,85,0,0
127,442368,85,0,34992,4,7,flexible,85,85,0,0
127,442368,85,0,36864,12,2,forced,84,85,1,0
127,442368,85,0,39366,1,9,flexible,85,85,0,0
127,442368,85,0,41472,9,4,flexible,85,85,0,0
127,442368,85,0,46656,6,6,flexible,85,85,0,0
127,442368,85,0,49152,14,1,flexible,85,85,0,0
127,442368,85,0,52488,3,8,forced,84,85,1,0
127,442368,85,0,55296,11,3,flexible,85,85,0,0
127,442368,85,0,59049,0,10,flexible,85,85,0,0
127,442368,85,0,62208,8,5,flexible,85,85,0,0
127,442368,85,0,65536,16,0,forced,84,85,1,0
127,442368,85,0,69984,5,7,forced,84,85,1,0
127,442368,85,0,73728,13,2,flexible,85,85,0,0
127,442368,85,0,78732,2,9,flexible,85,85,0,0
127,442368,85,0,82944,10,4,flexible,85,85,0,0
127,442368,85,0,93312,7,6,forced,84,85,1,0
127,442368,85,0,98304,15,1,flexible,85,85,0,0
127,442368,85,0,104976,4,8,flexible,85,85,0,0
127,442368,85,0,110592,12,3,flexible,85,85,0,0
127,442368,85,0,118098,1,10,flexible,85,85,0,0
127,442368,85,0,124416,9,5,flexible,85,85,0,0
127,442368,85,0,131072,17,0,flexible,85,85,0,0
127,442368,85,0,139968,6,7,flexible,85,85,0,0
127,442368,85,0,147456,14,2,flexible,85,85,0,0
127,442368,85,0,157464,3,9,flexible,85,85,0,0
127,442368,85,0,165888,11,4,forced,84,85,1,0
127,442368,85,0,177147,0,11,forced,84,85,1,0
127,442368,85,0,186624,8,6,flexible,85,85,0,0
127,442368,85,0,196608,16,1,flexible,85,85,0,0
127,442368,85,0,209952,5,8,flexible,85,85,0,0
127,442368,85,0,221184,13,3,flexible,85,85,0,0
127,442368,85,0,236196,2,10,flexible,85,85,0,0
127,442368,85,0,248832,10,5,flexible,85,85,0,0
127,442368,85,0,262144,18,0,flexible,85,85,0,0
127,442368,85,0,279936,7,7,flexible,85,85,0,0
127,442368,85,0,294912,15,2,flexible,85,85,0,0
127,442368,85,0,314928,4,9,forced,84,85,1,0
127,442368,85,0,331776,12,4,flexible,85,85,0,0
127,442368,85,0,354294,1,11,flexible,85,85,0,0
127,442368,85,0,373248,9,6,flexible,85,85,0,0
127,442368,85,0,393216,17,1,flexible,85,85,0,0
127,442368,85,0,419904,6,8,forced,84,85,1,0
127,442368,85,0,442368,14,3,flexible,85,85,0,0
128,472392,86,1,1,0,0,flexible,86,86,0,0
128,472392,86,1,2,1,0,flexible,86,86,0,0
128,472392,86,1,3,0,1,flexible,86,86,0,0
128,472392,86,1,4,2,0,forced,85,86,1,0
128,472392,86,1,6,1,1,none,86,85,0,1
128,472392,86,1,8,3,0,none,86,85,0,1
128,472392,86,1,9,0,2,forced,85,86,1,0
128,472392,86,1,12,2,1,forced,85,86,1,0
128,472392,86,1,16,4,0,forced,85,86,1,0
128,472392,86,1,18,1,2,forced,85,86,1,0
128,472392,86,1,24,3,1,forced,85,86,1,0
128,472392,86,1,27,0,3,none,86,85,0,1
128,472392,86,1,32,5,0,forced,85,86,1,0
128,472392,86,1,36,2,2,none,86,85,0,1
128,472392,86,1,48,4,1,none,86,85,0,1
128,472392,86,1,54,1,3,forced,85,86,1,0
128,472392,86,1,64,6,0,none,86,85,0,1
128,472392,86,1,72,3,2,forced,85,86,1,0
128,472392,86,1,81,0,4,forced,85,86,1,0
128,472392,86,1,96,5,1,forced,85,86,1,0
128,472392,86,1,108,2,3,forced,85,86,1,0
128,472392,86,1,128,7,0,forced,85,86,1,0
128,472392,86,1,144,4,2,forced,85,86,1,0
128,472392,86,1,162,1,4,none,86,85,0,1
128,472392,86,1,192,6,1,forced,85,86,1,0
128,472392,86,1,216,3,3,none,86,85,0,1
128,472392,86,1,243,0,5,forced,85,86,1,0
128,472392,86,1,256,8,0,forced,85,86,1,0
128,472392,86,1,288,5,2,none,86,85,0,1
128,472392,86,1,324,2,4,forced,85,86,1,0
128,472392,86,1,384,7,1,none,86,85,0,1
128,472392,86,1,432,4,3,forced,85,86,1,0
128,472392,86,1,486,1,5,forced,85,86,1,0
128,472392,86,1,512,9,0,none,86,85,0,1
128,472392,86,1,576,6,2,forced,85,86,1,0
128,472392,86,1,648,3,4,forced,85,86,1,0
128,472392,86,1,729,0,6,none,86,85,0,1
128,472392,86,1,768,8,1,forced,85,86,1,0
128,472392,86,1,864,5,3,forced,85,86,1,0
128,472392,86,1,972,2,5,none,86,85,0,1
128,472392,86,1,1024,10,0,forced,85,86,1,0
128,472392,86,1,1152,7,2,forced,85,86,1,0
128,472392,86,1,1296,4,4,none,86,85,0,1
128,472392,86,1,1458,1,6,forced,85,86,1,0
128,472392,86,1,1536,9,1,forced,85,86,1,0
128,472392,86,1,1728,6,3,none,86,85,0,1
128,472392,86,1,1944,3,5,forced,85,86,1,0
128,472392,86,1,2048,11,0,forced,85,86,1,0
128,472392,86,1,2187,0,7,forced,85,86,1,0
128,472392,86,1,2304,8,2,none,86,85,0,1
128,472392,86,1,2592,5,4,forced,85,86,1,0
128,472392,86,1,2916,2,6,forced,85,86,1,0
128,472392,86,1,3072,10,1,none,86,85,0,1
128,472392,86,1,3456,7,3,forced,85,86,1,0
128,472392,86,1,3888,4,5,forced,85,86,1,0
128,472392,86,1,4096,12,0,none,86,85,0,1
128,472392,86,1,4374,1,7,none,86,85,0,1
128,472392,86,1,4608,9,2,forced,85,86,1,0
128,472392,86,1,5184,6,4,forced,85,86,1,0
128,472392,86,1,5832,3,6,none,86,85,0,1
128,472392,86,1,6144,11,1,forced,85,86,1,0
128,472392,86,1,6561,0,8,forced,85,86,1,0
128,472392,86,1,6912,8,3,forced,85,86,1,0
128,472392,86,1,7776,5,5,none,86,85,0,1
128,472392,86,1,8192,13,0,forced,85,86,1,0
128,472392,86,1,8748,2,7,forced,85,86,1,0
128,472392,86,1,9216,10,2,forced,85,86,1,0
128,472392,86,1,10368,7,4,none,86,85,0,1
128,472392,86,1,11664,4,6,forced,85,86,1,0
128,472392,86,1,12288,12,1,forced,85,86,1,0
128,472392,86,1,13122,1,8,forced,85,86,1,0
128,472392,86,1,13824,9,3,none,86,85,0,1
128,472392,86,1,15552,6,5,forced,85,86,1,0
128,472392,86,1,16384,14,0,flexible,86,86,0,0
128,472392,86,1,17496,3,7,forced,85,86,1,0
128,472392,86,1,18432,11,2,none,86,85,0,1
128,472392,86,1,19683,0,9,none,86,85,0,1
128,472392,86,1,20736,8,4,forced,85,86,1,0
128,472392,86,1,23328,5,6,forced,85,86,1,0
128,472392,86,1,24576,13,1,none,86,85,0,1
128,472392,86,1,26244,2,8,none,86,85,0,1
128,472392,86,1,27648,10,3,forced,85,86,1,0
128,472392,86,1,31104,7,5,forced,85,86,1,0
128,472392,86,1,32768,15,0,flexible,86,86,0,0
128,472392,86,1,34992,4,7,none,86,85,0,1
128,472392,86,1,36864,12,2,forced,85,86,1,0
128,472392,86,1,39366,1,9,forced,85,86,1,0
128,472392,86,1,41472,9,4,forced,85,86,1,0
128,472392,86,1,46656,6,6,none,86,85,0,1
128,472392,86,1,49152,14,1,flexible,86,86,0,0
128,472392,86,1,52488,3,8,forced,85,86,1,0
128,472392,86,1,55296,11,3,forced,85,86,1,0
128,472392,86,1,59049,0,10,forced,85,86,1,0
128,472392,86,1,62208,8,5,none,86,85,0,1
128,472392,86,1,65536,16,0,forced,85,86,1,0
128,472392,86,1,69984,5,7,forced,85,86,1,0
128,472392,86,1,73728,13,2,forced,85,86,1,0
128,472392,86,1,78732,2,9,forced,85,86,1,0
128,472392,86,1,82944,10,4,none,86,85,0,1
128,472392,86,1,93312,7,6,forced,85,86,1,0
128,472392,86,1,98304,15,1,flexible,86,86,0,0
128,472392,86,1,104976,4,8,forced,85,86,1,0
128,472392,86,1,110592,12,3,none,86,85,0,1
128,472392,86,1,118098,1,10,none,86,85,0,1
128,472392,86,1,124416,9,5,flexible,86,86,0,0
128,472392,86,1,131072,17,0,flexible,86,86,0,0
128,472392,86,1,139968,6,7,forced,85,86,1,0
128,472392,86,1,147456,14,2,none,86,85,0,1
128,472392,86,1,157464,3,9,none,86,85,0,1
128,472392,86,1,165888,11,4,forced,85,86,1,0
128,472392,86,1,177147,0,11,forced,85,86,1,0
128,472392,86,1,186624,8,6,forced,85,86,1,0
128,472392,86,1,196608,16,1,flexible,86,86,0,0
128,472392,86,1,209952,5,8,none,86,85,0,1
128,472392,86,1,221184,13,3,forced,85,86,1,0
128,472392,86,1,236196,2,10,forced,85,86,1,0
128,472392,86,1,248832,10,5,flexible,86,86,0,0
128,472392,86,1,262144,18,0,flexible,86,86,0,0
128,472392,86,1,279936,7,7,none,86,85,0,1
128,472392,86,1,294912,15,2,flexible,86,86,0,0
128,472392,86,1,314928,4,9,forced,85,86,1,0
128,472392,86,1,331776,12,4,forced,85,86,1,0
128,472392,86,1,354294,1,11,forced,85,86,1,0
128,472392,86,1,373248,9,6,flexible,86,86,0,0
128,472392,86,1,393216,17,1,flexible,86,86,0,0
128,472392,86,1,419904,6,8,forced,85,86,1,0
128,472392,86,1,442368,14,3,forced,85,86,1,0
128,472392,86,1,472392,3,10,forced,85,86,1,0
129,497664,86,0,1,0,0,flexible,86,86,0,0
129,497664,86,0,2,1,0,flexible,86,86,0,0
129,497664,86,0,3,0,1,flexible,86,86,0,0
129,497664,86,0,4,2,0,flexible,86,86,0,0
129,497664,86,0,6,1,1,flexible,86,86,0,0
129,497664,86,0,8,3,0,flexible,86,86,0,0
129,497664,86,0,9,0,2,flexible,86,86,0,0
129,497664,86,0,12,2,1,flexible,86,86,0,0
129,497664,86,0,16,4,0,flexible,86,86,0,0
129,497664,86,0,18,1,2,flexible,86,86,0,0
129,497664,86,0,24,3,1,flexible,86,86,0,0
129,497664,86,0,27,0,3,flexible,86,86,0,0
129,497664,86,0,32,5,0,flexible,86,86,0,0
129,497664,86,0,36,2,2,flexible,86,86,0,0
129,497664,86,0,48,4,1,flexible,86,86,0,0
129,497664,86,0,54,1,3,flexible,86,86,0,0
129,497664,86,0,64,6,0,flexible,86,86,0,0
129,497664,86,0,72,3,2,flexible,86,86,0,0
129,497664,86,0,81,0,4,flexible,86,86,0,0
129,497664,86,0,96,5,1,flexible,86,86,0,0
129,497664,86,0,108,2,3,flexible,86,86,0,0
129,497664,86,0,128,7,0,flexible,86,86,0,0
129,497664,86,0,144,4,2,flexible,86,86,0,0
129,497664,86,0,162,1,4,flexible,86,86,0,0
129,497664,86,0,192,6,1,flexible,86,86,0,0
129,497664,86,0,216,3,3,flexible,86,86,0,0
129,497664,86,0,243,0,5,flexible,86,86,0,0
129,497664,86,0,256,8,0,flexible,86,86,0,0
129,497664,86,0,288,5,2,flexible,86,86,0,0
129,497664,86,0,324,2,4,flexible,86,86,0,0
129,497664,86,0,384,7,1,flexible,86,86,0,0
129,497664,86,0,432,4,3,flexible,86,86,0,0
129,497664,86,0,486,1,5,flexible,86,86,0,0
129,497664,86,0,512,9,0,flexible,86,86,0,0
129,497664,86,0,576,6,2,flexible,86,86,0,0
129,497664,86,0,648,3,4,flexible,86,86,0,0
129,497664,86,0,729,0,6,flexible,86,86,0,0
129,497664,86,0,768,8,1,flexible,86,86,0,0
129,497664,86,0,864,5,3,flexible,86,86,0,0
129,497664,86,0,972,2,5,flexible,86,86,0,0
129,497664,86,0,1024,10,0,flexible,86,86,0,0
129,497664,86,0,1152,7,2,flexible,86,86,0,0
129,497664,86,0,1296,4,4,flexible,86,86,0,0
129,497664,86,0,1458,1,6,flexible,86,86,0,0
129,497664,86,0,1536,9,1,flexible,86,86,0,0
129,497664,86,0,1728,6,3,flexible,86,86,0,0
129,497664,86,0,1944,3,5,flexible,86,86,0,0
129,497664,86,0,2048,11,0,flexible,86,86,0,0
129,497664,86,0,2187,0,7,flexible,86,86,0,0
129,497664,86,0,2304,8,2,flexible,86,86,0,0
129,497664,86,0,2592,5,4,flexible,86,86,0,0
129,497664,86,0,2916,2,6,flexible,86,86,0,0
129,497664,86,0,3072,10,1,flexible,86,86,0,0
129,497664,86,0,3456,7,3,flexible,86,86,0,0
129,497664,86,0,3888,4,5,flexible,86,86,0,0
129,497664,86,0,4096,12,0,flexible,86,86,0,0
129,497664,86,0,4374,1,7,flexible,86,86,0,0
129,497664,86,0,4608,9,2,flexible,86,86,0,0
129,497664,86,0,5184,6,4,flexible,86,86,0,0
129,497664,86,0,5832,3,6,flexible,86,86,0,0
129,497664,86,0,6144,11,1,flexible,86,86,0,0
129,497664,86,0,6561,0,8,flexible,86,86,0,0
129,497664,86,0,6912,8,3,flexible,86,86,0,0
129,497664,86,0,7776,5,5,flexible,86,86,0,0
129,497664,86,0,8192,13,0,flexible,86,86,0,0
129,497664,86,0,8748,2,7,flexible,86,86,0,0
129,497664,86,0,9216,10,2,flexible,86,86,0,0
129,497664,86,0,10368,7,4,flexible,86,86,0,0
129,497664,86,0,11664,4,6,flexible,86,86,0,0
129,497664,86,0,12288,12,1,flexible,86,86,0,0
129,497664,86,0,13122,1,8,flexible,86,86,0,0
129,497664,86,0,13824,9,3,flexible,86,86,0,0
129,497664,86,0,15552,6,5,flexible,86,86,0,0
129,497664,86,0,16384,14,0,flexible,86,86,0,0
129,497664,86,0,17496,3,7,flexible,86,86,0,0
129,497664,86,0,18432,11,2,flexible,86,86,0,0
129,497664,86,0,19683,0,9,flexible,86,86,0,0
129,497664,86,0,20736,8,4,flexible,86,86,0,0
129,497664,86,0,23328,5,6,flexible,86,86,0,0
129,497664,86,0,24576,13,1,flexible,86,86,0,0
129,497664,86,0,26244,2,8,flexible,86,86,0,0
129,497664,86,0,27648,10,3,flexible,86,86,0,0
129,497664,86,0,31104,7,5,flexible,86,86,0,0
129,497664,86,0,32768,15,0,flexible,86,86,0,0
129,497664,86,0,34992,4,7,flexible,86,86,0,0
129,497664,86,0,36864,12,2,flexible,86,86,0,0
129,497664,86,0,39366,1,9,flexible,86,86,0,0
129,497664,86,0,41472,9,4,flexible,86,86,0,0
129,497664,86,0,46656,6,6,flexible,86,86,0,0
129,497664,86,0,49152,14,1,flexible,86,86,0,0
129,497664,86,0,52488,3,8,flexible,86,86,0,0
129,497664,86,0,55296,11,3,flexible,86,86,0,0
129,497664,86,0,59049,0,10,flexible,86,86,0,0
129,497664,86,0,62208,8,5,flexible,86,86,0,0
129,497664,86,0,65536,16,0,flexible,86,86,0,0
129,497664,86,0,69984,5,7,flexible,86,86,0,0
129,497664,86,0,73728,13,2,flexible,86,86,0,0
129,497664,86,0,78732,2,9,flexible,86,86,0,0
129,497664,86,0,82944,10,4,flexible,86,86,0,0
129,497664,86,0,93312,7,6,flexible,86,86,0,0
129,497664,86,0,98304,15,1,flexible,86,86,0,0
129,497664,86,0,104976,4,8,flexible,86,86,0,0
129,497664,86,0,110592,12,3,flexible,86,86,0,0
129,497664,86,0,118098,1,10,flexible,86,86,0,0
129,497664,86,0,124416,9,5,flexible,86,86,0,0
129,497664,86,0,131072,17,0,flexible,86,86,0,0
129,497664,86,0,139968,6,7,flexible,86,86,0,0
129,497664,86,0,147456,14,2,flexible,86,86,0,0
129,497664,86,0,157464,3,9,flexible,86,86,0,0
129,497664,86,0,165888,11,4,flexible,86,86,0,0
129,497664,86,0,177147,0,11,flexible,86,86,0,0
129,497664,86,0,186624,8,6,flexible,86,86,0,0
129,497664,86,0,196608,16,1,flexible,86,86,0,0
129,497664,86,0,209952,5,8,flexible,86,86,0,0
129,497664,86,0,221184,13,3,flexible,86,86,0,0
129,497664,86,0,236196,2,10,flexible,86,86,0,0
129,497664,86,0,248832,10,5,flexible,86,86,0,0
129,497664,86,0,262144,18,0,flexible,86,86,0,0
129,497664,86,0,279936,7,7,flexible,86,86,0,0
129,497664,86,0,294912,15,2,flexible,86,86,0,0
129,497664,86,0,314928,4,9,flexible,86,86,0,0
129,497664,86,0,331776,12,4,flexible,86,86,0,0
129,497664,86,0,354294,1,11,flexible,86,86,0,0
129,497664,86,0,373248,9,6,flexible,86,86,0,0
129,497664,86,0,393216,17,1,flexible,86,86,0,0
129,497664,86,0,419904,6,8,flexible,86,86,0,0
129,497664,86,0,442368,14,3,flexible,86,86,0,0
129,497664,86,0,472392,3,10,flexible,86,86,0,0
129,497664,86,0,497664,11,5,flexible,86,86,0,0
130,524288,87,1,1,0,0,flexible,87,87,0,0
130,524288,87,1,2,1,0,flexible,87,87,0,0
130,524288,87,1,3,0,1,flexible,87,87,0,0
130,524288,87,1,4,2,0,flexible,87,87,0,0
130,524288,87,1,6,1,1,flexible,87,87,0,0
130,524288,87,1,8,3,0,flexible,87,87,0,0
130,524288,87,1,9,0,2,flexible,87,87,0,0
130,524288,87,1,12,2,1,flexible,87,87,0,0
130,524288,87,1,16,4,0,flexible,87,87,0,0
130,524288,87,1,18,1,2,flexible,87,87,0,0
130,524288,87,1,24,3,1,flexible,87,87,0,0
130,524288,87,1,27,0,3,flexible,87,87,0,0
130,524288,87,1,32,5,0,flexible,87,87,0,0
130,524288,87,1,36,2,2,flexible,87,87,0,0
130,524288,87,1,48,4,1,flexible,87,87,0,0
130,524288,87,1,54,1,3,flexible,87,87,0,0
130,524288,87,1,64,6,0,flexible,87,87,0,0
130,524288,87,1,72,3,2,flexible,87,87,0,0
130,524288,87,1,81,0,4,flexible,87,87,0,0
130,524288,87,1,96,5,1,flexible,87,87,0,0
130,524288,87,1,108,2,3,flexible,87,87,0,0
130,524288,87,1,128,7,0,flexible,87,87,0,0
130,524288,87,1,144,4,2,flexible,87,87,0,0
130,524288,87,1,162,1,4,flexible,87,87,0,0
130,524288,87,1,192,6,1,flexible,87,87,0,0
130,524288,87,1,216,3,3,flexible,87,87,0,0
130,524288,87,1,243,0,5,flexible,87,87,0,0
130,524288,87,1,256,8,0,flexible,87,87,0,0
130,524288,87,1,288,5,2,flexible,87,87,0,0
130,524288,87,1,324,2,4,flexible,87,87,0,0
130,524288,87,1,384,7,1,flexible,87,87,0,0
130,524288,87,1,432,4,3,flexible,87,87,0,0
130,524288,87,1,486,1,5,flexible,87,87,0,0
130,524288,87,1,512,9,0,flexible,87,87,0,0
130,524288,87,1,576,6,2,flexible,87,87,0,0
130,524288,87,1,648,3,4,flexible,87,87,0,0
130,524288,87,1,729,0,6,flexible,87,87,0,0
130,524288,87,1,768,8,1,flexible,87,87,0,0
130,524288,87,1,864,5,3,flexible,87,87,0,0
130,524288,87,1,972,2,5,flexible,87,87,0,0
130,524288,87,1,1024,10,0,flexible,87,87,0,0
130,524288,87,1,1152,7,2,flexible,87,87,0,0
130,524288,87,1,1296,4,4,flexible,87,87,0,0
130,524288,87,1,1458,1,6,flexible,87,87,0,0
130,524288,87,1,1536,9,1,flexible,87,87,0,0
130,524288,87,1,1728,6,3,flexible,87,87,0,0
130,524288,87,1,1944,3,5,flexible,87,87,0,0
130,524288,87,1,2048,11,0,flexible,87,87,0,0
130,524288,87,1,2187,0,7,flexible,87,87,0,0
130,524288,87,1,2304,8,2,flexible,87,87,0,0
130,524288,87,1,2592,5,4,flexible,87,87,0,0
130,524288,87,1,2916,2,6,flexible,87,87,0,0
130,524288,87,1,3072,10,1,flexible,87,87,0,0
130,524288,87,1,3456,7,3,flexible,87,87,0,0
130,524288,87,1,3888,4,5,flexible,87,87,0,0
130,524288,87,1,4096,12,0,flexible,87,87,0,0
130,524288,87,1,4374,1,7,flexible,87,87,0,0
130,524288,87,1,4608,9,2,flexible,87,87,0,0
130,524288,87,1,5184,6,4,flexible,87,87,0,0
130,524288,87,1,5832,3,6,flexible,87,87,0,0
130,524288,87,1,6144,11,1,flexible,87,87,0,0
130,524288,87,1,6561,0,8,flexible,87,87,0,0
130,524288,87,1,6912,8,3,flexible,87,87,0,0
130,524288,87,1,7776,5,5,flexible,87,87,0,0
130,524288,87,1,8192,13,0,flexible,87,87,0,0
130,524288,87,1,8748,2,7,flexible,87,87,0,0
130,524288,87,1,9216,10,2,flexible,87,87,0,0
130,524288,87,1,10368,7,4,flexible,87,87,0,0
130,524288,87,1,11664,4,6,flexible,87,87,0,0
130,524288,87,1,12288,12,1,flexible,87,87,0,0
130,524288,87,1,13122,1,8,flexible,87,87,0,0
130,524288,87,1,13824,9,3,flexible,87,87,0,0
130,524288,87,1,15552,6,5,flexible,87,87,0,0
130,524288,87,1,16384,14,0,flexible,87,87,0,0
130,524288,87,1,17496,3,7,flexible,87,87,0,0
130,524288,87,1,18432,11,2,flexible,87,87,0,0
130,524288,87,1,19683,0,9,flexible,87,87,0,0
130,524288,87,1,20736,8,4,flexible,87,87,0,0
130,524288,87,1,23328,5,6,flexible,87,87,0,0
130,524288,87,1,24576,13,1,flexible,87,87,0,0
130,524288,87,1,26244,2,8,flexible,87,87,0,0
130,524288,87,1,27648,10,3,flexible,87,87,0,0
130,524288,87,1,31104,7,5,flexible,87,87,0,0
130,524288,87,1,32768,15,0,flexible,87,87,0,0
130,524288,87,1,34992,4,7,flexible,87,87,0,0
130,524288,87,1,36864,12,2,flexible,87,87,0,0
130,524288,87,1,39366,1,9,flexible,87,87,0,0
130,524288,87,1,41472,9,4,flexible,87,87,0,0
130,524288,87,1,46656,6,6,flexible,87,87,0,0
130,524288,87,1,49152,14,1,flexible,87,87,0,0
130,524288,87,1,52488,3,8,flexible,87,87,0,0
130,524288,87,1,55296,11,3,flexible,87,87,0,0
130,524288,87,1,59049,0,10,flexible,87,87,0,0
130,524288,87,1,62208,8,5,flexible,87,87,0,0
130,524288,87,1,65536,16,0,flexible,87,87,0,0
130,524288,87,1,69984,5,7,flexible,87,87,0,0
130,524288,87,1,73728,13,2,flexible,87,87,0,0
130,524288,87,1,78732,2,9,flexible,87,87,0,0
130,524288,87,1,82944,10,4,flexible,87,87,0,0
130,524288,87,1,93312,7,6,flexible,87,87,0,0
130,524288,87,1,98304,15,1,flexible,87,87,0,0
130,524288,87,1,104976,4,8,flexible,87,87,0,0
130,524288,87,1,110592,12,3,flexible,87,87,0,0
130,524288,87,1,118098,1,10,flexible,87,87,0,0
130,524288,87,1,124416,9,5,flexible,87,87,0,0
130,524288,87,1,131072,17,0,flexible,87,87,0,0
130,524288,87,1,139968,6,7,flexible,87,87,0,0
130,524288,87,1,147456,14,2,flexible,87,87,0,0
130,524288,87,1,157464,3,9,flexible,87,87,0,0
130,524288,87,1,165888,11,4,flexible,87,87,0,0
130,524288,87,1,177147,0,11,flexible,87,87,0,0
130,524288,87,1,186624,8,6,flexible,87,87,0,0
130,524288,87,1,196608,16,1,flexible,87,87,0,0
130,524288,87,1,209952,5,8,flexible,87,87,0,0
130,524288,87,1,221184,13,3,flexible,87,87,0,0
130,524288,87,1,236196,2,10,flexible,87,87,0,0
130,524288,87,1,248832,10,5,flexible,87,87,0,0
130,524288,87,1,262144,18,0,flexible,87,87,0,0
130,524288,87,1,279936,7,7,flexible,87,87,0,0
130,524288,87,1,294912,15,2,flexible,87,87,0,0
130,524288,87,1,314928,4,9,flexible,87,87,0,0
130,524288,87,1,331776,12,4,flexible,87,87,0,0
130,524288,87,1,354294,1,11,flexible,87,87,0,0
130,524288,87,1,373248,9,6,flexible,87,87,0,0
130,524288,87,1,393216,17,1,flexible,87,87,0,0
130,524288,87,1,419904,6,8,flexible,87,87,0,0
130,524288,87,1,442368,14,3,flexible,87,87,0,0
130,524288,87,1,472392,3,10,flexible,87,87,0,0
130,524288,87,1,497664,11,5,flexible,87,87,0,0
130,524288,87,1,524288,19,0,forced,86,87,1,0
131,531441,88,1,1,0,0,forced,87,88,1,0
131,531441,88,1,2,1,0,flexible,88,88,0,0
131,531441,88,1,3,0,1,flexible,88,88,0,0
131,531441,88,1,4,2,0,flexible,88,88,0,0
131,531441,88,1,6,1,1,forced,87,88,1,0
131,531441,88,1,8,3,0,forced,87,88,1,0
131,531441,88,1,9,0,2,flexible,88,88,0,0
131,531441,88,1,12,2,1,flexible,88,88,0,0
131,531441,88,1,16,4,0,flexible,88,88,0,0
131,531441,88,1,18,1,2,flexible,88,88,0,0
131,531441,88,1,24,3,1,flexible,88,88,0,0
131,531441,88,1,27,0,3,forced,87,88,1,0
131,531441,88,1,32,5,0,flexible,88,88,0,0
131,531441,88,1,36,2,2,forced,87,88,1,0
131,531441,88,1,48,4,1,forced,87,88,1,0
131,531441,88,1,54,1,3,flexible,88,88,0,0
131,531441,88,1,64,6,0,forced,87,88,1,0
131,531441,88,1,72,3,2,flexible,88,88,0,0
131,531441,88,1,81,0,4,flexible,88,88,0,0
131,531441,88,1,96,5,1,flexible,88,88,0,0
131,531441,88,1,108,2,3,flexible,88,88,0,0
131,531441,88,1,128,7,0,flexible,88,88,0,0
131,531441,88,1,144,4,2,flexible,88,88,0,0
131,531441,88,1,162,1,4,forced,87,88,1,0
131,531441,88,1,192,6,1,flexible,88,88,0,0
131,531441,88,1,216,3,3,forced,87,88,1,0
131,531441,88,1,243,0,5,flexible,88,88,0,0
131,531441,88,1,256,8,0,flexible,88,88,0,0
131,531441,88,1,288,5,2,forced,87,88,1,0
131,531441,88,1,324,2,4,flexible,88,88,0,0
131,531441,88,1,384,7,1,forced,87,88,1,0
131,531441,88,1,432,4,3,flexible,88,88,0,0
131,531441,88,1,486,1,5,flexible,88,88,0,0
131,531441,88,1,512,9,0,forced,87,88,1,0
131,531441,88,1,576,6,2,flexible,88,88,0,0
131,531441,88,1,648,3,4,flexible,88,88,0,0
131,531441,88,1,729,0,6,forced,87,88,1,0
131,531441,88,1,768,8,1,flexible,88,88,0,0
131,531441,88,1,864,5,3,flexible,88,88,0,0
131,531441,88,1,972,2,5,forced,87,88,1,0
131,531441,88,1,1024,10,0,flexible,88,88,0,0
131,531441,88,1,1152,7,2,flexible,88,88,0,0
131,531441,88,1,1296,4,4,forced,87,88,1,0
131,531441,88,1,1458,1,6,flexible,88,88,0,0
131,531441,88,1,1536,9,1,flexible,88,88,0,0
131,531441,88,1,1728,6,3,forced,87,88,1,0
131,531441,88,1,1944,3,5,flexible,88,88,0,0
131,531441,88,1,2048,11,0,flexible,88,88,0,0
131,531441,88,1,2187,0,7,flexible,88,88,0,0
131,531441,88,1,2304,8,2,forced,87,88,1,0
131,531441,88,1,2592,5,4,flexible,88,88,0,0
131,531441,88,1,2916,2,6,flexible,88,88,0,0
131,531441,88,1,3072,10,1,forced,87,88,1,0
131,531441,88,1,3456,7,3,flexible,88,88,0,0
131,531441,88,1,3888,4,5,flexible,88,88,0,0
131,531441,88,1,4096,12,0,forced,87,88,1,0
131,531441,88,1,4374,1,7,forced,87,88,1,0
131,531441,88,1,4608,9,2,flexible,88,88,0,0
131,531441,88,1,5184,6,4,flexible,88,88,0,0
131,531441,88,1,5832,3,6,forced,87,88,1,0
131,531441,88,1,6144,11,1,flexible,88,88,0,0
131,531441,88,1,6561,0,8,flexible,88,88,0,0
131,531441,88,1,6912,8,3,flexible,88,88,0,0
131,531441,88,1,7776,5,5,forced,87,88,1,0
131,531441,88,1,8192,13,0,flexible,88,88,0,0
131,531441,88,1,8748,2,7,flexible,88,88,0,0
131,531441,88,1,9216,10,2,flexible,88,88,0,0
131,531441,88,1,10368,7,4,forced,87,88,1,0
131,531441,88,1,11664,4,6,flexible,88,88,0,0
131,531441,88,1,12288,12,1,flexible,88,88,0,0
131,531441,88,1,13122,1,8,flexible,88,88,0,0
131,531441,88,1,13824,9,3,forced,87,88,1,0
131,531441,88,1,15552,6,5,flexible,88,88,0,0
131,531441,88,1,16384,14,0,flexible,88,88,0,0
131,531441,88,1,17496,3,7,flexible,88,88,0,0
131,531441,88,1,18432,11,2,forced,87,88,1,0
131,531441,88,1,19683,0,9,forced,87,88,1,0
131,531441,88,1,20736,8,4,flexible,88,88,0,0
131,531441,88,1,23328,5,6,flexible,88,88,0,0
131,531441,88,1,24576,13,1,forced,87,88,1,0
131,531441,88,1,26244,2,8,forced,87,88,1,0
131,531441,88,1,27648,10,3,flexible,88,88,0,0
131,531441,88,1,31104,7,5,flexible,88,88,0,0
131,531441,88,1,32768,15,0,flexible,88,88,0,0
131,531441,88,1,34992,4,7,forced,87,88,1,0
131,531441,88,1,36864,12,2,flexible,88,88,0,0
131,531441,88,1,39366,1,9,flexible,88,88,0,0
131,531441,88,1,41472,9,4,flexible,88,88,0,0
131,531441,88,1,46656,6,6,forced,87,88,1,0
131,531441,88,1,49152,14,1,flexible,88,88,0,0
131,531441,88,1,52488,3,8,flexible,88,88,0,0
131,531441,88,1,55296,11,3,flexible,88,88,0,0
131,531441,88,1,59049,0,10,flexible,88,88,0,0
131,531441,88,1,62208,8,5,forced,87,88,1,0
131,531441,88,1,65536,16,0,flexible,88,88,0,0
131,531441,88,1,69984,5,7,flexible,88,88,0,0
131,531441,88,1,73728,13,2,flexible,88,88,0,0
131,531441,88,1,78732,2,9,flexible,88,88,0,0
131,531441,88,1,82944,10,4,forced,87,88,1,0
131,531441,88,1,93312,7,6,flexible,88,88,0,0
131,531441,88,1,98304,15,1,flexible,88,88,0,0
131,531441,88,1,104976,4,8,flexible,88,88,0,0
131,531441,88,1,110592,12,3,flexible,88,88,0,0
131,531441,88,1,118098,1,10,forced,87,88,1,0
131,531441,88,1,124416,9,5,flexible,88,88,0,0
131,531441,88,1,131072,17,0,flexible,88,88,0,0
131,531441,88,1,139968,6,7,flexible,88,88,0,0
131,531441,88,1,147456,14,2,flexible,88,88,0,0
131,531441,88,1,157464,3,9,flexible,88,88,0,0
131,531441,88,1,165888,11,4,flexible,88,88,0,0
131,531441,88,1,177147,0,11,flexible,88,88,0,0
131,531441,88,1,186624,8,6,flexible,88,88,0,0
131,531441,88,1,196608,16,1,forced,87,88,1,0
131,531441,88,1,209952,5,8,forced,87,88,1,0
131,531441,88,1,221184,13,3,flexible,88,88,0,0
131,531441,88,1,236196,2,10,flexible,88,88,0,0
131,531441,88,1,248832,10,5,flexible,88,88,0,0
131,531441,88,1,262144,18,0,flexible,88,88,0,0
131,531441,88,1,279936,7,7,flexible,88,88,0,0
131,531441,88,1,294912,15,2,flexible,88,88,0,0
131,531441,88,1,314928,4,9,flexible,88,88,0,0
131,531441,88,1,331776,12,4,flexible,88,88,0,0
131,531441,88,1,354294,1,11,flexible,88,88,0,0
131,531441,88,1,373248,9,6,forced,87,88,1,0
131,531441,88,1,393216,17,1,flexible,88,88,0,0
131,531441,88,1,419904,6,8,flexible,88,88,0,0
131,531441,88,1,442368,14,3,flexible,88,88,0,0
131,531441,88,1,472392,3,10,flexible,88,88,0,0
131,531441,88,1,497664,11,5,forced,87,88,1,0
131,531441,88,1,524288,19,0,forced,87,88,1,0
131,531441,88,1,531441,0,12,forced,87,88,1,0
132,559872,89,1,1,0,0,forced,88,89,1,0
132,559872,89,1,2,1,0,forced,88,89,1,0
132,559872,89,1,3,0,1,none,89,88,0,1
132,559872,89,1,4,2,0,none,89,88,0,1
132,559872,89,1,6,1,1,forced,88,89,1,0
132,559872,89,1,8,3,0,forced,88,89,1,0
132,559872,89,1,9,0,2,forced,88,89,1,0
132,559872,89,1,12,2,1,forced,88,89,1,0
132,559872,89,1,16,4,0,forced,88,89,1,0
132,559872,89,1,18,1,2,none,89,88,0,1
132,559872,89,1,24,3,1,none,89,88,0,1
132,559872,89,1,27,0,3,forced,88,89,1,0
132,559872,89,1,32,5,0,none,89,88,0,1
132,559872,89,1,36,2,2,forced,88,89,1,0
132,559872,89,1,48,4,1,forced,88,89,1,0
132,559872,89,1,54,1,3,forced,88,89,1,0
132,559872,89,1,64,6,0,forced,88,89,1,0
132,559872,89,1,72,3,2,forced,88,89,1,0
132,559872,89,1,81,0,4,none,89,88,0,1
132,559872,89,1,96,5,1,forced,88,89,1,0
132,559872,89,1,108,2,3,none,89,88,0,1
132,559872,89,1,128,7,0,forced,88,89,1,0
132,559872,89,1,144,4,2,none,89,88,0,1
132,559872,89,1,162,1,4,forced,88,89,1,0
132,559872,89,1,192,6,1,none,89,88,0,1
132,559872,89,1,216,3,3,forced,88,89,1,0
132,559872,89,1,243,0,5,forced,88,89,1,0
132,559872,89,1,256,8,0,none,89,88,0,1
132,559872,89,1,288,5,2,forced,88,89,1,0
132,559872,89,1,324,2,4,forced,88,89,1,0
132,559872,89,1,384,7,1,forced,88,89,1,0
132,559872,89,1,432,4,3,forced,88,89,1,0
132,559872,89,1,486,1,5,none,89,88,0,1
132,559872,89,1,512,9,0,forced,88,89,1,0
132,559872,89,1,576,6,2,forced,88,89,1,0
132,559872,89,1,648,3,4,none,89,88,0,1
132,559872,89,1,729,0,6,forced,88,89,1,0
132,559872,89,1,768,8,1,forced,88,89,1,0
132,559872,89,1,864,5,3,none,89,88,0,1
132,559872,89,1,972,2,5,forced,88,89,1,0
132,559872,89,1,1024,10,0,forced,88,89,1,0
132,559872,89,1,1152,7,2,none,89,88,0,1
132,559872,89,1,1296,4,4,forced,88,89,1,0
132,559872,89,1,1458,1,6,forced,88,89,1,0
132,559872,89,1,1536,9,1,none,89,88,0,1
132,559872,89,1,1728,6,3,forced,88,89,1,0
132,559872,89,1,1944,3,5,forced,88,89,1,0
132,559872,89,1,2048,11,0,none,89,88,0,1
132,559872,89,1,2187,0,7,none,89,88,0,1
132,559872,89,1,2304,8,2,forced,88,89,1,0
132,559872,89,1,2592,5,4,forced,88,89,1,0
132,559872,89,1,2916,2,6,none,89,88,0,1
132,559872,89,1,3072,10,1,forced,88,89,1,0
132,559872,89,1,3456,7,3,forced,88,89,1,0
132,559872,89,1,3888,4,5,none,89,88,0,1
132,559872,89,1,4096,12,0,forced,88,89,1,0
132,559872,89,1,4374,1,7,forced,88,89,1,0
132,559872,89,1,4608,9,2,forced,88,89,1,0
132,559872,89,1,5184,6,4,none,89,88,0,1
132,559872,89,1,5832,3,6,forced,88,89,1,0
132,559872,89,1,6144,11,1,forced,88,89,1,0
132,559872,89,1,6561,0,8,forced,88,89,1,0
132,559872,89,1,6912,8,3,none,89,88,0,1
132,559872,89,1,7776,5,5,forced,88,89,1,0
132,559872,89,1,8192,13,0,forced,88,89,1,0
132,559872,89,1,8748,2,7,forced,88,89,1,0
132,559872,89,1,9216,10,2,none,89,88,0,1
132,559872,89,1,10368,7,4,forced,88,89,1,0
132,559872,89,1,11664,4,6,forced,88,89,1,0
132,559872,89,1,12288,12,1,none,89,88,0,1
132,559872,89,1,13122,1,8,none,89,88,0,1
132,559872,89,1,13824,9,3,forced,88,89,1,0
132,559872,89,1,15552,6,5,forced,88,89,1,0
132,559872,89,1,16384,14,0,none,89,88,0,1
132,559872,89,1,17496,3,7,none,89,88,0,1
132,559872,89,1,18432,11,2,forced,88,89,1,0
132,559872,89,1,19683,0,9,forced,88,89,1,0
132,559872,89,1,20736,8,4,forced,88,89,1,0
132,559872,89,1,23328,5,6,none,89,88,0,1
132,559872,89,1,24576,13,1,forced,88,89,1,0
132,559872,89,1,26244,2,8,forced,88,89,1,0
132,559872,89,1,27648,10,3,forced,88,89,1,0
132,559872,89,1,31104,7,5,none,89,88,0,1
132,559872,89,1,32768,15,0,forced,88,89,1,0
132,559872,89,1,34992,4,7,forced,88,89,1,0
132,559872,89,1,36864,12,2,forced,88,89,1,0
132,559872,89,1,39366,1,9,forced,88,89,1,0
132,559872,89,1,41472,9,4,none,89,88,0,1
132,559872,89,1,46656,6,6,forced,88,89,1,0
132,559872,89,1,49152,14,1,forced,88,89,1,0
132,559872,89,1,52488,3,8,forced,88,89,1,0
132,559872,89,1,55296,11,3,none,89,88,0,1
132,559872,89,1,59049,0,10,none,89,88,0,1
132,559872,89,1,62208,8,5,forced,88,89,1,0
132,559872,89,1,65536,16,0,forced,88,89,1,0
132,559872,89,1,69984,5,7,forced,88,89,1,0
132,559872,89,1,73728,13,2,none,89,88,0,1
132,559872,89,1,78732,2,9,none,89,88,0,1
132,559872,89,1,82944,10,4,forced,88,89,1,0
132,559872,89,1,93312,7,6,forced,88,89,1,0
132,559872,89,1,98304,15,1,none,89,88,0,1
132,559872,89,1,104976,4,8,none,89,88,0,1
132,559872,89,1,110592,12,3,forced,88,89,1,0
132,559872,89,1,118098,1,10,forced,88,89,1,0
132,559872,89,1,124416,9,5,forced,88,89,1,0
132,559872,89,1,131072,17,0,none,89,88,0,1
132,559872,89,1,139968,6,7,none,89,88,0,1
132,559872,89,1,147456,14,2,flexible,89,89,0,0
132,559872,89,1,157464,3,9,flexible,89,89,0,0
132,559872,89,1,165888,11,4,forced,88,89,1,0
132,559872,89,1,177147,0,11,forced,88,89,1,0
132,559872,89,1,186624,8,6,none,89,88,0,1
132,559872,89,1,196608,16,1,forced,88,89,1,0
132,559872,89,1,209952,5,8,forced,88,89,1,0
132,559872,89,1,221184,13,3,forced,88,89,1,0
132,559872,89,1,236196,2,10,forced,88,89,1,0
132,559872,89,1,248832,10,5,none,89,88,0,1
132,559872,89,1,262144,18,0,forced,88,89,1,0
132,559872,89,1,279936,7,7,forced,88,89,1,0
132,559872,89,1,294912,15,2,flexible,89,89,0,0
132,559872,89,1,314928,4,9,flexible,89,89,0,0
132,559872,89,1,331776,12,4,none,89,88,0,1
132,559872,89,1,354294,1,11,none,89,88,0,1
132,559872,89,1,373248,9,6,forced,88,89,1,0
132,559872,89,1,393216,17,1,forced,88,89,1,0
132,559872,89,1,419904,6,8,forced,88,89,1,0
132,559872,89,1,442368,14,3,flexible,89,89,0,0
132,559872,89,1,472392,3,10,flexible,89,89,0,0
132,559872,89,1,497664,11,5,forced,88,89,1,0
132,559872,89,1,524288,19,0,forced,88,89,1,0
132,559872,89,1,531441,0,12,forced,88,89,1,0
132,559872,89,1,559872,8,7,forced,88,89,1,0
133,589824,89,0,1,0,0,flexible,89,89,0,0
133,589824,89,0,2,1,0,flexible,89,89,0,0
133,589824,89,0,3,0,1,flexible,89,89,0,0
133,589824,89,0,4,2,0,flexible,89,89,0,0
133,589824,89,0,6,1,1,flexible,89,89,0,0
133,589824,89,0,8,3,0,flexible,89,89,0,0
133,589824,89,0,9,0,2,flexible,89,89,0,0
133,589824,89,0,12,2,1,flexible,89,89,0,0
133,589824,89,0,16,4,0,flexible,89,89,0,0
133,589824,89,0,18,1,2,flexible,89,89,0,0
133,589824,89,0,24,3,1,flexible,89,89,0,0
133,589824,89,0,27,0,3,flexible,89,89,0,0
133,589824,89,0,32,5,0,flexible,89,89,0,0
133,589824,89,0,36,2,2,flexible,89,89,0,0
133,589824,89,0,48,4,1,flexible,89,89,0,0
133,589824,89,0,54,1,3,flexible,89,89,0,0
133,589824,89,0,64,6,0,flexible,89,89,0,0
133,589824,89,0,72,3,2,flexible,89,89,0,0
133,589824,89,0,81,0,4,flexible,89,89,0,0
133,589824,89,0,96,5,1,flexible,89,89,0,0
133,589824,89,0,108,2,3,flexible,89,89,0,0
133,589824,89,0,128,7,0,flexible,89,89,0,0
133,589824,89,0,144,4,2,flexible,89,89,0,0
133,589824,89,0,162,1,4,flexible,89,89,0,0
133,589824,89,0,192,6,1,flexible,89,89,0,0
133,589824,89,0,216,3,3,flexible,89,89,0,0
133,589824,89,0,243,0,5,flexible,89,89,0,0
133,589824,89,0,256,8,0,flexible,89,89,0,0
133,589824,89,0,288,5,2,flexible,89,89,0,0
133,589824,89,0,324,2,4,flexible,89,89,0,0
133,589824,89,0,384,7,1,flexible,89,89,0,0
133,589824,89,0,432,4,3,flexible,89,89,0,0
133,589824,89,0,486,1,5,flexible,89,89,0,0
133,589824,89,0,512,9,0,flexible,89,89,0,0
133,589824,89,0,576,6,2,flexible,89,89,0,0
133,589824,89,0,648,3,4,flexible,89,89,0,0
133,589824,89,0,729,0,6,flexible,89,89,0,0
133,589824,89,0,768,8,1,flexible,89,89,0,0
133,589824,89,0,864,5,3,flexible,89,89,0,0
133,589824,89,0,972,2,5,flexible,89,89,0,0
133,589824,89,0,1024,10,0,flexible,89,89,0,0
133,589824,89,0,1152,7,2,flexible,89,89,0,0
133,589824,89,0,1296,4,4,flexible,89,89,0,0
133,589824,89,0,1458,1,6,flexible,89,89,0,0
133,589824,89,0,1536,9,1,flexible,89,89,0,0
133,589824,89,0,1728,6,3,flexible,89,89,0,0
133,589824,89,0,1944,3,5,flexible,89,89,0,0
133,589824,89,0,2048,11,0,flexible,89,89,0,0
133,589824,89,0,2187,0,7,flexible,89,89,0,0
133,589824,89,0,2304,8,2,flexible,89,89,0,0
133,589824,89,0,2592,5,4,flexible,89,89,0,0
133,589824,89,0,2916,2,6,flexible,89,89,0,0
133,589824,89,0,3072,10,1,flexible,89,89,0,0
133,589824,89,0,3456,7,3,flexible,89,89,0,0
133,589824,89,0,3888,4,5,flexible,89,89,0,0
133,589824,89,0,4096,12,0,flexible,89,89,0,0
133,589824,89,0,4374,1,7,flexible,89,89,0,0
133,589824,89,0,4608,9,2,flexible,89,89,0,0
133,589824,89,0,5184,6,4,flexible,89,89,0,0
133,589824,89,0,5832,3,6,flexible,89,89,0,0
133,589824,89,0,6144,11,1,flexible,89,89,0,0
133,589824,89,0,6561,0,8,flexible,89,89,0,0
133,589824,89,0,6912,8,3,flexible,89,89,0,0
133,589824,89,0,7776,5,5,flexible,89,89,0,0
133,589824,89,0,8192,13,0,flexible,89,89,0,0
133,589824,89,0,8748,2,7,flexible,89,89,0,0
133,589824,89,0,9216,10,2,flexible,89,89,0,0
133,589824,89,0,10368,7,4,flexible,89,89,0,0
133,589824,89,0,11664,4,6,flexible,89,89,0,0
133,589824,89,0,12288,12,1,flexible,89,89,0,0
133,589824,89,0,13122,1,8,flexible,89,89,0,0
133,589824,89,0,13824,9,3,flexible,89,89,0,0
133,589824,89,0,15552,6,5,flexible,89,89,0,0
133,589824,89,0,16384,14,0,flexible,89,89,0,0
133,589824,89,0,17496,3,7,flexible,89,89,0,0
133,589824,89,0,18432,11,2,flexible,89,89,0,0
133,589824,89,0,19683,0,9,flexible,89,89,0,0
133,589824,89,0,20736,8,4,flexible,89,89,0,0
133,589824,89,0,23328,5,6,flexible,89,89,0,0
133,589824,89,0,24576,13,1,flexible,89,89,0,0
133,589824,89,0,26244,2,8,flexible,89,89,0,0
133,589824,89,0,27648,10,3,flexible,89,89,0,0
133,589824,89,0,31104,7,5,flexible,89,89,0,0
133,589824,89,0,32768,15,0,flexible,89,89,0,0
133,589824,89,0,34992,4,7,flexible,89,89,0,0
133,589824,89,0,36864,12,2,flexible,89,89,0,0
133,589824,89,0,39366,1,9,flexible,89,89,0,0
133,589824,89,0,41472,9,4,flexible,89,89,0,0
133,589824,89,0,46656,6,6,flexible,89,89,0,0
133,589824,89,0,49152,14,1,flexible,89,89,0,0
133,589824,89,0,52488,3,8,flexible,89,89,0,0
133,589824,89,0,55296,11,3,flexible,89,89,0,0
133,589824,89,0,59049,0,10,flexible,89,89,0,0
133,589824,89,0,62208,8,5,flexible,89,89,0,0
133,589824,89,0,65536,16,0,flexible,89,89,0,0
133,589824,89,0,69984,5,7,flexible,89,89,0,0
133,589824,89,0,73728,13,2,flexible,89,89,0,0
133,589824,89,0,78732,2,9,flexible,89,89,0,0
133,589824,89,0,82944,10,4,flexible,89,89,0,0
133,589824,89,0,93312,7,6,flexible,89,89,0,0
133,589824,89,0,98304,15,1,flexible,89,89,0,0
133,589824,89,0,104976,4,8,flexible,89,89,0,0
133,589824,89,0,110592,12,3,flexible,89,89,0,0
133,589824,89,0,118098,1,10,flexible,89,89,0,0
133,589824,89,0,124416,9,5,flexible,89,89,0,0
133,589824,89,0,131072,17,0,flexible,89,89,0,0
133,589824,89,0,139968,6,7,flexible,89,89,0,0
133,589824,89,0,147456,14,2,flexible,89,89,0,0
133,589824,89,0,157464,3,9,flexible,89,89,0,0
133,589824,89,0,165888,11,4,flexible,89,89,0,0
133,589824,89,0,177147,0,11,flexible,89,89,0,0
133,589824,89,0,186624,8,6,flexible,89,89,0,0
133,589824,89,0,196608,16,1,flexible,89,89,0,0
133,589824,89,0,209952,5,8,flexible,89,89,0,0
133,589824,89,0,221184,13,3,flexible,89,89,0,0
133,589824,89,0,236196,2,10,flexible,89,89,0,0
133,589824,89,0,248832,10,5,flexible,89,89,0,0
133,589824,89,0,262144,18,0,flexible,89,89,0,0
133,589824,89,0,279936,7,7,flexible,89,89,0,0
133,589824,89,0,294912,15,2,flexible,89,89,0,0
133,589824,89,0,314928,4,9,flexible,89,89,0,0
133,589824,89,0,331776,12,4,flexible,89,89,0,0
133,589824,89,0,354294,1,11,flexible,89,89,0,0
133,589824,89,0,373248,9,6,flexible,89,89,0,0
133,589824,89,0,393216,17,1,flexible,89,89,0,0
133,589824,89,0,419904,6,8,flexible,89,89,0,0
133,589824,89,0,442368,14,3,flexible,89,89,0,0
133,589824,89,0,472392,3,10,flexible,89,89,0,0
133,589824,89,0,497664,11,5,flexible,89,89,0,0
133,589824,89,0,524288,19,0,forced,88,89,1,0
133,589824,89,0,531441,0,12,flexible,89,89,0,0
133,589824,89,0,559872,8,7,flexible,89,89,0,0
133,589824,89,0,589824,16,2,flexible,89,89,0,0
134,629856,90,1,1,0,0,flexible,90,90,0,0
134,629856,90,1,2,1,0,flexible,90,90,0,0
134,629856,90,1,3,0,1,flexible,90,90,0,0
134,629856,90,1,4,2,0,forced,89,90,1,0
134,629856,90,1,6,1,1,flexible,90,90,0,0
134,629856,90,1,8,3,0,flexible,90,90,0,0
134,629856,90,1,9,0,2,flexible,90,90,0,0
134,629856,90,1,12,2,1,flexible,90,90,0,0
134,629856,90,1,16,4,0,flexible,90,90,0,0
134,629856,90,1,18,1,2,forced,89,90,1,0
134,629856,90,1,24,3,1,forced,89,90,1,0
134,629856,90,1,27,0,3,flexible,90,90,0,0
134,629856,90,1,32,5,0,forced,89,90,1,0
134,629856,90,1,36,2,2,flexible,90,90,0,0
134,629856,90,1,48,4,1,flexible,90,90,0,0
134,629856,90,1,54,1,3,flexible,90,90,0,0
134,629856,90,1,64,6,0,flexible,90,90,0,0
134,629856,90,1,72,3,2,flexible,90,90,0,0
134,629856,90,1,81,0,4,forced,89,90,1,0
134,629856,90,1,96,5,1,flexible,90,90,0,0
134,629856,90,1,108,2,3,forced,89,90,1,0
134,629856,90,1,128,7,0,flexible,90,90,0,0
134,629856,90,1,144,4,2,forced,89,90,1,0
134,629856,90,1,162,1,4,flexible,90,90,0,0
134,629856,90,1,192,6,1,forced,89,90,1,0
134,629856,90,1,216,3,3,flexible,90,90,0,0
134,629856,90,1,243,0,5,flexible,90,90,0,0
134,629856,90,1,256,8,0,forced,89,90,1,0
134,629856,90,1,288,5,2,flexible,90,90,0,0
134,629856,90,1,324,2,4,flexible,90,90,0,0
134,629856,90,1,384,7,1,flexible,90,90,0,0
134,629856,90,1,432,4,3,flexible,90,90,0,0
134,629856,90,1,486,1,5,forced,89,90,1,0
134,629856,90,1,512,9,0,flexible,90,90,0,0
134,629856,90,1,576,6,2,flexible,90,90,0,0
134,629856,90,1,648,3,4,forced,89,90,1,0
134,629856,90,1,729,0,6,flexible,90,90,0,0
134,629856,90,1,768,8,1,flexible,90,90,0,0
134,629856,90,1,864,5,3,forced,89,90,1,0
134,629856,90,1,972,2,5,flexible,90,90,0,0
134,629856,90,1,1024,10,0,flexible,90,90,0,0
134,629856,90,1,1152,7,2,forced,89,90,1,0
134,629856,90,1,1296,4,4,flexible,90,90,0,0
134,629856,90,1,1458,1,6,flexible,90,90,0,0
134,629856,90,1,1536,9,1,forced,89,90,1,0
134,629856,90,1,1728,6,3,flexible,90,90,0,0
134,629856,90,1,1944,3,5,flexible,90,90,0,0
134,629856,90,1,2048,11,0,forced,89,90,1,0
134,629856,90,1,2187,0,7,forced,89,90,1,0
134,629856,90,1,2304,8,2,flexible,90,90,0,0
134,629856,90,1,2592,5,4,flexible,90,90,0,0
134,629856,90,1,2916,2,6,forced,89,90,1,0
134,629856,90,1,3072,10,1,flexible,90,90,0,0
134,629856,90,1,3456,7,3,flexible,90,90,0,0
134,629856,90,1,3888,4,5,forced,89,90,1,0
134,629856,90,1,4096,12,0,flexible,90,90,0,0
134,629856,90,1,4374,1,7,flexible,90,90,0,0
134,629856,90,1,4608,9,2,flexible,90,90,0,0
134,629856,90,1,5184,6,4,forced,89,90,1,0
134,629856,90,1,5832,3,6,flexible,90,90,0,0
134,629856,90,1,6144,11,1,flexible,90,90,0,0
134,629856,90,1,6561,0,8,flexible,90,90,0,0
134,629856,90,1,6912,8,3,forced,89,90,1,0
134,629856,90,1,7776,5,5,flexible,90,90,0,0
134,629856,90,1,8192,13,0,flexible,90,90,0,0
134,629856,90,1,8748,2,7,flexible,90,90,0,0
134,629856,90,1,9216,10,2,forced,89,90,1,0
134,629856,90,1,10368,7,4,flexible,90,90,0,0
134,629856,90,1,11664,4,6,flexible,90,90,0,0
134,629856,90,1,12288,12,1,forced,89,90,1,0
134,629856,90,1,13122,1,8,forced,89,90,1,0
134,629856,90,1,13824,9,3,flexible,90,90,0,0
134,629856,90,1,15552,6,5,flexible,90,90,0,0
134,629856,90,1,16384,14,0,forced,89,90,1,0
134,629856,90,1,17496,3,7,forced,89,90,1,0
134,629856,90,1,18432,11,2,flexible,90,90,0,0
134,629856,90,1,19683,0,9,flexible,90,90,0,0
134,629856,90,1,20736,8,4,flexible,90,90,0,0
134,629856,90,1,23328,5,6,forced,89,90,1,0
134,629856,90,1,24576,13,1,flexible,90,90,0,0
134,629856,90,1,26244,2,8,flexible,90,90,0,0
134,629856,90,1,27648,10,3,flexible,90,90,0,0
134,629856,90,1,31104,7,5,forced,89,90,1,0
134,629856,90,1,32768,15,0,flexible,90,90,0,0
134,629856,90,1,34992,4,7,flexible,90,90,0,0
134,629856,90,1,36864,12,2,flexible,90,90,0,0
134,629856,90,1,39366,1,9,flexible,90,90,0,0
134,629856,90,1,41472,9,4,forced,89,90,1,0
134,629856,90,1,46656,6,6,flexible,90,90,0,0
134,629856,90,1,49152,14,1,flexible,90,90,0,0
134,629856,90,1,52488,3,8,flexible,90,90,0,0
134,629856,90,1,55296,11,3,forced,89,90,1,0
134,629856,90,1,59049,0,10,forced,89,90,1,0
134,629856,90,1,62208,8,5,flexible,90,90,0,0
134,629856,90,1,65536,16,0,flexible,90,90,0,0
134,629856,90,1,69984,5,7,flexible,90,90,0,0
134,629856,90,1,73728,13,2,forced,89,90,1,0
134,629856,90,1,78732,2,9,forced,89,90,1,0
134,629856,90,1,82944,10,4,flexible,90,90,0,0
134,629856,90,1,93312,7,6,flexible,90,90,0,0
134,629856,90,1,98304,15,1,forced,89,90,1,0
134,629856,90,1,104976,4,8,forced,89,90,1,0
134,629856,90,1,110592,12,3,flexible,90,90,0,0
134,629856,90,1,118098,1,10,flexible,90,90,0,0
134,629856,90,1,124416,9,5,flexible,90,90,0,0
134,629856,90,1,131072,17,0,flexible,90,90,0,0
134,629856,90,1,139968,6,7,forced,89,90,1,0
134,629856,90,1,147456,14,2,flexible,90,90,0,0
134,629856,90,1,157464,3,9,flexible,90,90,0,0
134,629856,90,1,165888,11,4,flexible,90,90,0,0
134,629856,90,1,177147,0,11,flexible,90,90,0,0
134,629856,90,1,186624,8,6,flexible,90,90,0,0
134,629856,90,1,196608,16,1,flexible,90,90,0,0
134,629856,90,1,209952,5,8,flexible,90,90,0,0
134,629856,90,1,221184,13,3,flexible,90,90,0,0
134,629856,90,1,236196,2,10,flexible,90,90,0,0
134,629856,90,1,248832,10,5,forced,89,90,1,0
134,629856,90,1,262144,18,0,flexible,90,90,0,0
134,629856,90,1,279936,7,7,flexible,90,90,0,0
134,629856,90,1,294912,15,2,flexible,90,90,0,0
134,629856,90,1,314928,4,9,flexible,90,90,0,0
134,629856,90,1,331776,12,4,flexible,90,90,0,0
134,629856,90,1,354294,1,11,flexible,90,90,0,0
134,629856,90,1,373248,9,6,flexible,90,90,0,0
134,629856,90,1,393216,17,1,flexible,90,90,0,0
134,629856,90,1,419904,6,8,flexible,90,90,0,0
134,629856,90,1,442368,14,3,forced,89,90,1,0
134,629856,90,1,472392,3,10,forced,89,90,1,0
134,629856,90,1,497664,11,5,flexible,90,90,0,0
134,629856,90,1,524288,19,0,forced,89,90,1,0
134,629856,90,1,531441,0,12,flexible,90,90,0,0
134,629856,90,1,559872,8,7,flexible,90,90,0,0
134,629856,90,1,589824,16,2,forced,89,90,1,0
134,629856,90,1,629856,5,9,forced,89,90,1,0
135,663552,91,1,1,0,0,forced,90,91,1,0
135,663552,91,1,2,1,0,none,91,90,0,1
135,663552,91,1,3,0,1,forced,90,91,1,0
135,663552,91,1,4,2,0,forced,90,91,1,0
135,663552,91,1,6,1,1,forced,90,91,1,0
135,663552,91,1,8,3,0,forced,90,91,1,0
135,663552,91,1,9,0,2,none,91,90,0,1
135,663552,91,1,12,2,1,none,91,90,0,1
135,663552,91,1,16,4,0,none,91,90,0,1
135,663552,91,1,18,1,2,forced,90,91,1,0
135,663552,91,1,24,3,1,forced,90,91,1,0
135,663552,91,1,27,0,3,forced,90,91,1,0
135,663552,91,1,32,5,0,forced,90,91,1,0
135,663552,91,1,36,2,2,forced,90,91,1,0
135,663552,91,1,48,4,1,forced,90,91,1,0
135,663552,91,1,54,1,3,none,91,90,0,1
135,663552,91,1,64,6,0,forced,90,91,1,0
135,663552,91,1,72,3,2,none,91,90,0,1
135,663552,91,1,81,0,4,forced,90,91,1,0
135,663552,91,1,96,5,1,none,91,90,0,1
135,663552,91,1,108,2,3,forced,90,91,1,0
135,663552,91,1,128,7,0,none,91,90,0,1
135,663552,91,1,144,4,2,forced,90,91,1,0
135,663552,91,1,162,1,4,forced,90,91,1,0
135,663552,91,1,192,6,1,forced,90,91,1,0
135,663552,91,1,216,3,3,forced,90,91,1,0
135,663552,91,1,243,0,5,none,91,90,0,1
135,663552,91,1,256,8,0,forced,90,91,1,0
135,663552,91,1,288,5,2,forced,90,91,1,0
135,663552,91,1,324,2,4,none,91,90,0,1
135,663552,91,1,384,7,1,forced,90,91,1,0
135,663552,91,1,432,4,3,none,91,90,0,1
135,663552,91,1,486,1,5,forced,90,91,1,0
135,663552,91,1,512,9,0,forced,90,91,1,0
135,663552,91,1,576,6,2,none,91,90,0,1
135,663552,91,1,648,3,4,forced,90,91,1,0
135,663552,91,1,729,0,6,forced,90,91,1,0
135,663552,91,1,768,8,1,none,91,90,0,1
135,663552,91,1,864,5,3,forced,90,91,1,0
135,663552,91,1,972,2,5,forced,90,91,1,0
135,663552,91,1,1024,10,0,none,91,90,0,1
135,663552,91,1,1152,7,2,forced,90,91,1,0
135,663552,91,1,1296,4,4,forced,90,91,1,0
135,663552,91,1,1458,1,6,none,91,90,0,1
135,663552,91,1,1536,9,1,forced,90,91,1,0
135,663552,91,1,1728,6,3,forced,90,91,1,0
135,663552,91,1,1944,3,5,none,91,90,0,1
135,663552,91,1,2048,11,0,forced,90,91,1,0
135,663552,91,1,2187,0,7,forced,90,91,1,0
135,663552,91,1,2304,8,2,forced,90,91,1,0
135,663552,91,1,2592,5,4,none,91,90,0,1
135,663552,91,1,2916,2,6,forced,90,91,1,0
135,663552,91,1,3072,10,1,forced,90,91,1,0
135,663552,91,1,3456,7,3,none,91,90,0,1
135,663552,91,1,3888,4,5,forced,90,91,1,0
135,663552,91,1,4096,12,0,forced,90,91,1,0
135,663552,91,1,4374,1,7,forced,90,91,1,0
135,663552,91,1,4608,9,2,none,91,90,0,1
135,663552,91,1,5184,6,4,forced,90,91,1,0
135,663552,91,1,5832,3,6,forced,90,91,1,0
135,663552,91,1,6144,11,1,none,91,90,0,1
135,663552,91,1,6561,0,8,none,91,90,0,1
135,663552,91,1,6912,8,3,forced,90,91,1,0
135,663552,91,1,7776,5,5,forced,90,91,1,0
135,663552,91,1,8192,13,0,none,91,90,0,1
135,663552,91,1,8748,2,7,none,91,90,0,1
135,663552,91,1,9216,10,2,forced,90,91,1,0
135,663552,91,1,10368,7,4,forced,90,91,1,0
135,663552,91,1,11664,4,6,none,91,90,0,1
135,663552,91,1,12288,12,1,forced,90,91,1,0
135,663552,91,1,13122,1,8,forced,90,91,1,0
135,663552,91,1,13824,9,3,forced,90,91,1,0
135,663552,91,1,15552,6,5,none,91,90,0,1
135,663552,91,1,16384,14,0,forced,90,91,1,0
135,663552,91,1,17496,3,7,forced,90,91,1,0
135,663552,91,1,18432,11,2,forced,90,91,1,0
135,663552,91,1,19683,0,9,forced,90,91,1,0
135,663552,91,1,20736,8,4,none,91,90,0,1
135,663552,91,1,23328,5,6,forced,90,91,1,0
135,663552,91,1,24576,13,1,forced,90,91,1,0
135,663552,91,1,26244,2,8,forced,90,91,1,0
135,663552,91,1,27648,10,3,none,91,90,0,1
135,663552,91,1,31104,7,5,forced,90,91,1,0
135,663552,91,1,32768,15,0,forced,90,91,1,0
135,663552,91,1,34992,4,7,forced,90,91,1,0
135,663552,91,1,36864,12,2,none,91,90,0,1
135,663552,91,1,39366,1,9,none,91,90,0,1
135,663552,91,1,41472,9,4,forced,90,91,1,0
135,663552,91,1,46656,6,6,forced,90,91,1,0
135,663552,91,1,49152,14,1,none,91,90,0,1
135,663552,91,1,52488,3,8,none,91,90,0,1
135,663552,91,1,55296,11,3,forced,90,91,1,0
135,663552,91,1,59049,0,10,forced,90,91,1,0
135,663552,91,1,62208,8,5,forced,90,91,1,0
135,663552,91,1,65536,16,0,none,91,90,0,1
135,663552,91,1,69984,5,7,none,91,90,0,1
135,663552,91,1,73728,13,2,forced,90,91,1,0
135,663552,91,1,78732,2,9,forced,90,91,1,0
135,663552,91,1,82944,10,4,forced,90,91,1,0
135,663552,91,1,93312,7,6,none,91,90,0,1
135,663552,91,1,98304,15,1,forced,90,91,1,0
135,663552,91,1,104976,4,8,forced,90,91,1,0
135,663552,91,1,110592,12,3,forced,90,91,1,0
135,663552,91,1,118098,1,10,forced,90,91,1,0
135,663552,91,1,124416,9,5,none,91,90,0,1
135,663552,91,1,131072,17,0,forced,90,91,1,0
135,663552,91,1,139968,6,7,forced,90,91,1,0
135,663552,91,1,147456,14,2,forced,90,91,1,0
135,663552,91,1,157464,3,9,forced,90,91,1,0
135,663552,91,1,165888,11,4,none,91,90,0,1
135,663552,91,1,177147,0,11,none,91,90,0,1
135,663552,91,1,186624,8,6,flexible,91,91,0,0
135,663552,91,1,196608,16,1,forced,90,91,1,0
135,663552,91,1,209952,5,8,forced,90,91,1,0
135,663552,91,1,221184,13,3,none,91,90,0,1
135,663552,91,1,236196,2,10,none,91,90,0,1
135,663552,91,1,248832,10,5,forced,90,91,1,0
135,663552,91,1,262144,18,0,forced,90,91,1,0
135,663552,91,1,279936,7,7,forced,90,91,1,0
135,663552,91,1,294912,15,2,none,91,90,0,1
135,663552,91,1,314928,4,9,none,91,90,0,1
135,663552,91,1,331776,12,4,forced,90,91,1,0
135,663552,91,1,354294,1,11,forced,90,91,1,0
135,663552,91,1,373248,9,6,flexible,91,91,0,0
135,663552,91,1,393216,17,1,none,91,90,0,1
135,663552,91,1,419904,6,8,none,91,90,0,1
135,663552,91,1,442368,14,3,forced,90,91,1,0
135,663552,91,1,472392,3,10,forced,90,91,1,0
135,663552,91,1,497664,11,5,forced,90,91,1,0
135,663552,91,1,524288,19,0,forced,90,91,1,0
135,663552,91,1,531441,0,12,forced,90,91,1,0
135,663552,91,1,559872,8,7,flexible,91,91,0,0
135,663552,91,1,589824,16,2,forced,90,91,1,0
135,663552,91,1,629856,5,9,forced,90,91,1,0
135,663552,91,1,663552,13,4,forced,90,91,1,0
136,708588,92,1,1,0,0,forced,91,92,1,0
136,708588,92,1,2,1,0,none,92,91,0,1
136,708588,92,1,3,0,1,forced,91,92,1,0
136,708588,92,1,4,2,0,forced,91,92,1,0
136,708588,92,1,6,1,1,forced,91,92,1,0
136,708588,92,1,8,3,0,forced,91,92,1,0
136,708588,92,1,9,0,2,none,92,91,0,1
136,708588,92,1,12,2,1,none,92,91,0,1
136,708588,92,1,16,4,0,none,92,91,0,1
136,708588,92,1,18,1,2,forced,91,92,1,0
136,708588,92,1,24,3,1,forced,91,92,1,0
136,708588,92,1,27,0,3,forced,91,92,1,0
136,708588,92,1,32,5,0,forced,91,92,1,0
136,708588,92,1,36,2,2,forced,91,92,1,0
136,708588,92,1,48,4,1,forced,91,92,1,0
136,708588,92,1,54,1,3,none,92,91,0,1
136,708588,92,1,64,6,0,forced,91,92,1,0
136,708588,92,1,72,3,2,none,92,91,0,1
136,708588,92,1,81,0,4,forced,91,92,1,0
136,708588,92,1,96,5,1,none,92,91,0,1
136,708588,92,1,108,2,3,forced,91,92,1,0
136,708588,92,1,128,7,0,none,92,91,0,1
136,708588,92,1,144,4,2,forced,91,92,1,0
136,708588,92,1,162,1,4,forced,91,92,1,0
136,708588,92,1,192,6,1,forced,91,92,1,0
136,708588,92,1,216,3,3,forced,91,92,1,0
136,708588,92,1,243,0,5,none,92,91,0,1
136,708588,92,1,256,8,0,forced,91,92,1,0
136,708588,92,1,288,5,2,forced,91,92,1,0
136,708588,92,1,324,2,4,none,92,91,0,1
136,708588,92,1,384,7,1,forced,91,92,1,0
136,708588,92,1,432,4,3,none,92,91,0,1
136,708588,92,1,486,1,5,forced,91,92,1,0
136,708588,92,1,512,9,0,forced,91,92,1,0
136,708588,92,1,576,6,2,none,92,91,0,1
136,708588,92,1,648,3,4,forced,91,92,1,0
136,708588,92,1,729,0,6,forced,91,92,1,0
136,708588,92,1,768,8,1,none,92,91,0,1
136,708588,92,1,864,5,3,forced,91,92,1,0
136,708588,92,1,972,2,5,forced,91,92,1,0
136,708588,92,1,1024,10,0,none,92,91,0,1
136,708588,92,1,1152,7,2,forced,91,92,1,0
136,708588,92,1,1296,4,4,forced,91,92,1,0
136,708588,92,1,1458,1,6,none,92,91,0,1
136,708588,92,1,1536,9,1,forced,91,92,1,0
136,708588,92,1,1728,6,3,forced,91,92,1,0
136,708588,92,1,1944,3,5,none,92,91,0,1
136,708588,92,1,2048,11,0,forced,91,92,1,0
136,708588,92,1,2187,0,7,forced,91,92,1,0
136,708588,92,1,2304,8,2,forced,91,92,1,0
136,708588,92,1,2592,5,4,none,92,91,0,1
136,708588,92,1,2916,2,6,forced,91,92,1,0
136,708588,92,1,3072,10,1,forced,91,92,1,0
136,708588,92,1,3456,7,3,none,92,91,0,1
136,708588,92,1,3888,4,5,forced,91,92,1,0
136,708588,92,1,4096,12,0,forced,91,92,1,0
136,708588,92,1,4374,1,7,forced,91,92,1,0
136,708588,92,1,4608,9,2,none,92,91,0,1
136,708588,92,1,5184,6,4,forced,91,92,1,0
136,708588,92,1,5832,3,6,forced,91,92,1,0
136,708588,92,1,6144,11,1,none,92,91,0,1
136,708588,92,1,6561,0,8,none,92,91,0,1
136,708588,92,1,6912,8,3,forced,91,92,1,0
136,708588,92,1,7776,5,5,forced,91,92,1,0
136,708588,92,1,8192,13,0,none,92,91,0,1
136,708588,92,1,8748,2,7,none,92,91,0,1
136,708588,92,1,9216,10,2,forced,91,92,1,0
136,708588,92,1,10368,7,4,forced,91,92,1,0
136,708588,92,1,11664,4,6,none,92,91,0,1
136,708588,92,1,12288,12,1,forced,91,92,1,0
136,708588,92,1,13122,1,8,forced,91,92,1,0
136,708588,92,1,13824,9,3,forced,91,92,1,0
136,708588,92,1,15552,6,5,none,92,91,0,1
136,708588,92,1,16384,14,0,forced,91,92,1,0
136,708588,92,1,17496,3,7,forced,91,92,1,0
136,708588,92,1,18432,11,2,forced,91,92,1,0
136,708588,92,1,19683,0,9,forced,91,92,1,0
136,708588,92,1,20736,8,4,none,92,91,0,1
136,708588,92,1,23328,5,6,forced,91,92,1,0
136,708588,92,1,24576,13,1,forced,91,92,1,0
136,708588,92,1,26244,2,8,forced,91,92,1,0
136,708588,92,1,27648,10,3,none,92,91,0,1
136,708588,92,1,31104,7,5,forced,91,92,1,0
136,708588,92,1,32768,15,0,forced,91,92,1,0
136,708588,92,1,34992,4,7,forced,91,92,1,0
136,708588,92,1,36864,12,2,none,92,91,0,1
136,708588,92,1,39366,1,9,none,92,91,0,1
136,708588,92,1,41472,9,4,forced,91,92,1,0
136,708588,92,1,46656,6,6,forced,91,92,1,0
136,708588,92,1,49152,14,1,none,92,91,0,1
136,708588,92,1,52488,3,8,none,92,91,0,1
136,708588,92,1,55296,11,3,forced,91,92,1,0
136,708588,92,1,59049,0,10,forced,91,92,1,0
136,708588,92,1,62208,8,5,forced,91,92,1,0
136,708588,92,1,65536,16,0,none,92,91,0,1
136,708588,92,1,69984,5,7,none,92,91,0,1
136,708588,92,1,73728,13,2,forced,91,92,1,0
136,708588,92,1,78732,2,9,forced,91,92,1,0
136,708588,92,1,82944,10,4,forced,91,92,1,0
136,708588,92,1,93312,7,6,none,92,91,0,1
136,708588,92,1,98304,15,1,forced,91,92,1,0
136,708588,92,1,104976,4,8,forced,91,92,1,0
136,708588,92,1,110592,12,3,forced,91,92,1,0
136,708588,92,1,118098,1,10,forced,91,92,1,0
136,708588,92,1,124416,9,5,none,92,91,0,1
136,708588,92,1,131072,17,0,forced,91,92,1,0
136,708588,92,1,139968,6,7,forced,91,92,1,0
136,708588,92,1,147456,14,2,forced,91,92,1,0
136,708588,92,1,157464,3,9,forced,91,92,1,0
136,708588,92,1,165888,11,4,none,92,91,0,1
136,708588,92,1,177147,0,11,none,92,91,0,1
136,708588,92,1,186624,8,6,flexible,92,92,0,0
136,708588,92,1,196608,16,1,forced,91,92,1,0
136,708588,92,1,209952,5,8,forced,91,92,1,0
136,708588,92,1,221184,13,3,none,92,91,0,1
136,708588,92,1,236196,2,10,none,92,91,0,1
136,708588,92,1,248832,10,5,forced,91,92,1,0
136,708588,92,1,262144,18,0,forced,91,92,1,0
136,708588,92,1,279936,7,7,forced,91,92,1,0
136,708588,92,1,294912,15,2,none,92,91,0,1
136,708588,92,1,314928,4,9,none,92,91,0,1
136,708588,92,1,331776,12,4,forced,91,92,1,0
136,708588,92,1,354294,1,11,forced,91,92,1,0
136,708588,92,1,373248,9,6,flexible,92,92,0,0
136,708588,92,1,393216,17,1,none,92,91,0,1
136,708588,92,1,419904,6,8,none,92,91,0,1
136,708588,92,1,442368,14,3,forced,91,92,1,0
136,708588,92,1,472392,3,10,forced,91,92,1,0
136,708588,92,1,497664,11,5,forced,91,92,1,0
136,708588,92,1,524288,19,0,forced,91,92,1,0
136,708588,92,1,531441,0,12,forced,91,92,1,0
136,708588,92,1,559872,8,7,flexible,92,92,0,0
136,708588,92,1,589824,16,2,forced,91,92,1,0
136,708588,92,1,629856,5,9,forced,91,92,1,0
136,708588,92,1,663552,13,4,forced,91,92,1,0
136,708588,92,1,708588,2,11,forced,91,92,1,0
137,746496,92,0,1,0,0,forced,91,92,1,0
137,746496,92,0,2,1,0,flexible,92,92,0,0
137,746496,92,0,3,0,1,flexible,92,92,0,0
137,746496,92,0,4,2,0,flexible,92,92,0,0
137,746496,92,0,6,1,1,forced,91,92,1,0
137,746496,92,0,8,3,0,forced,91,92,1,0
137,746496,92,0,9,0,2,flexible,92,92,0,0
137,746496,92,0,12,2,1,flexible,92,92,0,0
137,746496,92,0,16,4,0,flexible,92,92,0,0
137,746496,92,0,18,1,2,flexible,92,92,0,0
137,746496,92,0,24,3,1,flexible,92,92,0,0
137,746496,92,0,27,0,3,forced,91,92,1,0
137,746496,92,0,32,5,0,flexible,92,92,0,0
137,746496,92,0,36,2,2,forced,91,92,1,0
137,746496,92,0,48,4,1,forced,91,92,1,0
137,746496,92,0,54,1,3,flexible,92,92,0,0
137,746496,92,0,64,6,0,forced,91,92,1,0
137,746496,92,0,72,3,2,flexible,92,92,0,0
137,746496,92,0,81,0,4,flexible,92,92,0,0
137,746496,92,0,96,5,1,flexible,92,92,0,0
137,746496,92,0,108,2,3,flexible,92,92,0,0
137,746496,92,0,128,7,0,flexible,92,92,0,0
137,746496,92,0,144,4,2,flexible,92,92,0,0
137,746496,92,0,162,1,4,forced,91,92,1,0
137,746496,92,0,192,6,1,flexible,92,92,0,0
137,746496,92,0,216,3,3,forced,91,92,1,0
137,746496,92,0,243,0,5,flexible,92,92,0,0
137,746496,92,0,256,8,0,flexible,92,92,0,0
137,746496,92,0,288,5,2,forced,91,92,1,0
137,746496,92,0,324,2,4,flexible,92,92,0,0
137,746496,92,0,384,7,1,forced,91,92,1,0
137,746496,92,0,432,4,3,flexible,92,92,0,0
137,746496,92,0,486,1,5,flexible,92,92,0,0
137,746496,92,0,512,9,0,forced,91,92,1,0
137,746496,92,0,576,6,2,flexible,92,92,0,0
137,746496,92,0,648,3,4,flexible,92,92,0,0
137,746496,92,0,729,0,6,forced,91,92,1,0
137,746496,92,0,768,8,1,flexible,92,92,0,0
137,746496,92,0,864,5,3,flexible,92,92,0,0
137,746496,92,0,972,2,5,forced,91,92,1,0
137,746496,92,0,1024,10,0,flexible,92,92,0,0
137,746496,92,0,1152,7,2,flexible,92,92,0,0
137,746496,92,0,1296,4,4,forced,91,92,1,0
137,746496,92,0,1458,1,6,flexible,92,92,0,0
137,746496,92,0,1536,9,1,flexible,92,92,0,0
137,746496,92,0,1728,6,3,forced,91,92,1,0
137,746496,92,0,1944,3,5,flexible,92,92,0,0
137,746496,92,0,2048,11,0,flexible,92,92,0,0
137,746496,92,0,2187,0,7,flexible,92,92,0,0
137,746496,92,0,2304,8,2,forced,91,92,1,0
137,746496,92,0,2592,5,4,flexible,92,92,0,0
137,746496,92,0,2916,2,6,flexible,92,92,0,0
137,746496,92,0,3072,10,1,forced,91,92,1,0
137,746496,92,0,3456,7,3,flexible,92,92,0,0
137,746496,92,0,3888,4,5,flexible,92,92,0,0
137,746496,92,0,4096,12,0,forced,91,92,1,0
137,746496,92,0,4374,1,7,forced,91,92,1,0
137,746496,92,0,4608,9,2,flexible,92,92,0,0
137,746496,92,0,5184,6,4,flexible,92,92,0,0
137,746496,92,0,5832,3,6,forced,91,92,1,0
137,746496,92,0,6144,11,1,flexible,92,92,0,0
137,746496,92,0,6561,0,8,flexible,92,92,0,0
137,746496,92,0,6912,8,3,flexible,92,92,0,0
137,746496,92,0,7776,5,5,forced,91,92,1,0
137,746496,92,0,8192,13,0,flexible,92,92,0,0
137,746496,92,0,8748,2,7,flexible,92,92,0,0
137,746496,92,0,9216,10,2,flexible,92,92,0,0
137,746496,92,0,10368,7,4,forced,91,92,1,0
137,746496,92,0,11664,4,6,flexible,92,92,0,0
137,746496,92,0,12288,12,1,flexible,92,92,0,0
137,746496,92,0,13122,1,8,flexible,92,92,0,0
137,746496,92,0,13824,9,3,forced,91,92,1,0
137,746496,92,0,15552,6,5,flexible,92,92,0,0
137,746496,92,0,16384,14,0,flexible,92,92,0,0
137,746496,92,0,17496,3,7,flexible,92,92,0,0
137,746496,92,0,18432,11,2,forced,91,92,1,0
137,746496,92,0,19683,0,9,forced,91,92,1,0
137,746496,92,0,20736,8,4,flexible,92,92,0,0
137,746496,92,0,23328,5,6,flexible,92,92,0,0
137,746496,92,0,24576,13,1,forced,91,92,1,0
137,746496,92,0,26244,2,8,forced,91,92,1,0
137,746496,92,0,27648,10,3,flexible,92,92,0,0
137,746496,92,0,31104,7,5,flexible,92,92,0,0
137,746496,92,0,32768,15,0,forced,91,92,1,0
137,746496,92,0,34992,4,7,forced,91,92,1,0
137,746496,92,0,36864,12,2,flexible,92,92,0,0
137,746496,92,0,39366,1,9,flexible,92,92,0,0
137,746496,92,0,41472,9,4,flexible,92,92,0,0
137,746496,92,0,46656,6,6,forced,91,92,1,0
137,746496,92,0,49152,14,1,flexible,92,92,0,0
137,746496,92,0,52488,3,8,flexible,92,92,0,0
137,746496,92,0,55296,11,3,flexible,92,92,0,0
137,746496,92,0,59049,0,10,flexible,92,92,0,0
137,746496,92,0,62208,8,5,forced,91,92,1,0
137,746496,92,0,65536,16,0,flexible,92,92,0,0
137,746496,92,0,69984,5,7,flexible,92,92,0,0
137,746496,92,0,73728,13,2,flexible,92,92,0,0
137,746496,92,0,78732,2,9,flexible,92,92,0,0
137,746496,92,0,82944,10,4,flexible,92,92,0,0
137,746496,92,0,93312,7,6,flexible,92,92,0,0
137,746496,92,0,98304,15,1,flexible,92,92,0,0
137,746496,92,0,104976,4,8,flexible,92,92,0,0
137,746496,92,0,110592,12,3,forced,91,92,1,0
137,746496,92,0,118098,1,10,forced,91,92,1,0
137,746496,92,0,124416,9,5,flexible,92,92,0,0
137,746496,92,0,131072,17,0,flexible,92,92,0,0
137,746496,92,0,139968,6,7,flexible,92,92,0,0
137,746496,92,0,147456,14,2,forced,91,92,1,0
137,746496,92,0,157464,3,9,forced,91,92,1,0
137,746496,92,0,165888,11,4,flexible,92,92,0,0
137,746496,92,0,177147,0,11,flexible,92,92,0,0
137,746496,92,0,186624,8,6,flexible,92,92,0,0
137,746496,92,0,196608,16,1,flexible,92,92,0,0
137,746496,92,0,209952,5,8,flexible,92,92,0,0
137,746496,92,0,221184,13,3,flexible,92,92,0,0
137,746496,92,0,236196,2,10,flexible,92,92,0,0
137,746496,92,0,248832,10,5,flexible,92,92,0,0
137,746496,92,0,262144,18,0,flexible,92,92,0,0
137,746496,92,0,279936,7,7,forced,91,92,1,0
137,746496,92,0,294912,15,2,flexible,92,92,0,0
137,746496,92,0,314928,4,9,flexible,92,92,0,0
137,746496,92,0,331776,12,4,flexible,92,92,0,0
137,746496,92,0,354294,1,11,flexible,92,92,0,0
137,746496,92,0,373248,9,6,flexible,92,92,0,0
137,746496,92,0,393216,17,1,flexible,92,92,0,0
137,746496,92,0,419904,6,8,flexible,92,92,0,0
137,746496,92,0,442368,14,3,flexible,92,92,0,0
137,746496,92,0,472392,3,10,flexible,92,92,0,0
137,746496,92,0,497664,11,5,flexible,92,92,0,0
137,746496,92,0,524288,19,0,forced,91,92,1,0
137,746496,92,0,531441,0,12,forced,91,92,1,0
137,746496,92,0,559872,8,7,flexible,92,92,0,0
137,746496,92,0,589824,16,2,flexible,92,92,0,0
137,746496,92,0,629856,5,9,flexible,92,92,0,0
137,746496,92,0,663552,13,4,forced,91,92,1,0
137,746496,92,0,708588,2,11,forced,91,92,1,0
137,746496,92,0,746496,10,6,flexible,92,92,0,0
138,786432,93,1,1,0,0,forced,92,93,1,0
138,786432,93,1,2,1,0,forced,92,93,1,0
138,786432,93,1,3,0,1,none,93,92,0,1
138,786432,93,1,4,2,0,none,93,92,0,1
138,786432,93,1,6,1,1,forced,92,93,1,0
138,786432,93,1,8,3,0,forced,92,93,1,0
138,786432,93,1,9,0,2,forced,92,93,1,0
138,786432,93,1,12,2,1,forced,92,93,1,0
138,786432,93,1,16,4,0,forced,92,93,1,0
138,786432,93,1,18,1,2,none,93,92,0,1
138,786432,93,1,24,3,1,none,93,92,0,1
138,786432,93,1,27,0,3,forced,92,93,1,0
138,786432,93,1,32,5,0,none,93,92,0,1
138,786432,93,1,36,2,2,forced,92,93,1,0
138,786432,93,1,48,4,1,forced,92,93,1,0
138,786432,93,1,54,1,3,forced,92,93,1,0
138,786432,93,1,64,6,0,forced,92,93,1,0
138,786432,93,1,72,3,2,forced,92,93,1,0
138,786432,93,1,81,0,4,none,93,92,0,1
138,786432,93,1,96,5,1,forced,92,93,1,0
138,786432,93,1,108,2,3,none,93,92,0,1
138,786432,93,1,128,7,0,forced,92,93,1,0
138,786432,93,1,144,4,2,none,93,92,0,1
138,786432,93,1,162,1,4,forced,92,93,1,0
138,786432,93,1,192,6,1,none,93,92,0,1
138,786432,93,1,216,3,3,forced,92,93,1,0
138,786432,93,1,243,0,5,forced,92,93,1,0
138,786432,93,1,256,8,0,none,93,92,0,1
138,786432,93,1,288,5,2,forced,92,93,1,0
138,786432,93,1,324,2,4,forced,92,93,1,0
138,786432,93,1,384,7,1,forced,92,93,1,0
138,786432,93,1,432,4,3,forced,92,93,1,0
138,786432,93,1,486,1,5,none,93,92,0,1
138,786432,93,1,512,9,0,forced,92,93,1,0
138,786432,93,1,576,6,2,forced,92,93,1,0
138,786432,93,1,648,3,4,none,93,92,0,1
138,786432,93,1,729,0,6,forced,92,93,1,0
138,786432,93,1,768,8,1,forced,92,93,1,0
138,786432,93,1,864,5,3,none,93,92,0,1
138,786432,93,1,972,2,5,forced,92,93,1,0
138,786432,93,1,1024,10,0,forced,92,93,1,0
138,786432,93,1,1152,7,2,none,93,92,0,1
138,786432,93,1,1296,4,4,forced,92,93,1,0
138,786432,93,1,1458,1,6,forced,92,93,1,0
138,786432,93,1,1536,9,1,none,93,92,0,1
138,786432,93,1,1728,6,3,forced,92,93,1,0
138,786432,93,1,1944,3,5,forced,92,93,1,0
138,786432,93,1,2048,11,0,none,93,92,0,1
138,786432,93,1,2187,0,7,none,93,92,0,1
138,786432,93,1,2304,8,2,forced,92,93,1,0
138,786432,93,1,2592,5,4,forced,92,93,1,0
138,786432,93,1,2916,2,6,none,93,92,0,1
138,786432,93,1,3072,10,1,forced,92,93,1,0
138,786432,93,1,3456,7,3,forced,92,93,1,0
138,786432,93,1,3888,4,5,none,93,92,0,1
138,786432,93,1,4096,12,0,forced,92,93,1,0
138,786432,93,1,4374,1,7,forced,92,93,1,0
138,786432,93,1,4608,9,2,forced,92,93,1,0
138,786432,93,1,5184,6,4,none,93,92,0,1
138,786432,93,1,5832,3,6,forced,92,93,1,0
138,786432,93,1,6144,11,1,forced,92,93,1,0
138,786432,93,1,6561,0,8,forced,92,93,1,0
138,786432,93,1,6912,8,3,none,93,92,0,1
138,786432,93,1,7776,5,5,forced,92,93,1,0
138,786432,93,1,8192,13,0,forced,92,93,1,0
138,786432,93,1,8748,2,7,forced,92,93,1,0
138,786432,93,1,9216,10,2,none,93,92,0,1
138,786432,93,1,10368,7,4,forced,92,93,1,0
138,786432,93,1,11664,4,6,forced,92,93,1,0
138,786432,93,1,12288,12,1,none,93,92,0,1
138,786432,93,1,13122,1,8,none,93,92,0,1
138,786432,93,1,13824,9,3,forced,92,93,1,0
138,786432,93,1,15552,6,5,forced,92,93,1,0
138,786432,93,1,16384,14,0,none,93,92,0,1
138,786432,93,1,17496,3,7,none,93,92,0,1
138,786432,93,1,18432,11,2,forced,92,93,1,0
138,786432,93,1,19683,0,9,forced,92,93,1,0
138,786432,93,1,20736,8,4,forced,92,93,1,0
138,786432,93,1,23328,5,6,none,93,92,0,1
138,786432,93,1,24576,13,1,forced,92,93,1,0
138,786432,93,1,26244,2,8,forced,92,93,1,0
138,786432,93,1,27648,10,3,forced,92,93,1,0
138,786432,93,1,31104,7,5,none,93,92,0,1
138,786432,93,1,32768,15,0,forced,92,93,1,0
138,786432,93,1,34992,4,7,forced,92,93,1,0
138,786432,93,1,36864,12,2,forced,92,93,1,0
138,786432,93,1,39366,1,9,forced,92,93,1,0
138,786432,93,1,41472,9,4,none,93,92,0,1
138,786432,93,1,46656,6,6,forced,92,93,1,0
138,786432,93,1,49152,14,1,forced,92,93,1,0
138,786432,93,1,52488,3,8,forced,92,93,1,0
138,786432,93,1,55296,11,3,none,93,92,0,1
138,786432,93,1,59049,0,10,none,93,92,0,1
138,786432,93,1,62208,8,5,forced,92,93,1,0
138,786432,93,1,65536,16,0,forced,92,93,1,0
138,786432,93,1,69984,5,7,forced,92,93,1,0
138,786432,93,1,73728,13,2,none,93,92,0,1
138,786432,93,1,78732,2,9,none,93,92,0,1
138,786432,93,1,82944,10,4,forced,92,93,1,0
138,786432,93,1,93312,7,6,forced,92,93,1,0
138,786432,93,1,98304,15,1,none,93,92,0,1
138,786432,93,1,104976,4,8,none,93,92,0,1
138,786432,93,1,110592,12,3,forced,92,93,1,0
138,786432,93,1,118098,1,10,forced,92,93,1,0
138,786432,93,1,124416,9,5,forced,92,93,1,0
138,786432,93,1,131072,17,0,forced,92,93,1,0
138,786432,93,1,139968,6,7,none,93,92,0,1
138,786432,93,1,147456,14,2,forced,92,93,1,0
138,786432,93,1,157464,3,9,forced,92,93,1,0
138,786432,93,1,165888,11,4,forced,92,93,1,0
138,786432,93,1,177147,0,11,forced,92,93,1,0
138,786432,93,1,186624,8,6,none,93,92,0,1
138,786432,93,1,196608,16,1,none,93,92,0,1
138,786432,93,1,209952,5,8,flexible,93,93,0,0
138,786432,93,1,221184,13,3,forced,92,93,1,0
138,786432,93,1,236196,2,10,forced,92,93,1,0
138,786432,93,1,248832,10,5,none,93,92,0,1
138,786432,93,1,262144,18,0,none,93,92,0,1
138,786432,93,1,279936,7,7,forced,92,93,1,0
138,786432,93,1,294912,15,2,forced,92,93,1,0
138,786432,93,1,314928,4,9,forced,92,93,1,0
138,786432,93,1,331776,12,4,none,93,92,0,1
138,786432,93,1,354294,1,11,none,93,92,0,1
138,786432,93,1,373248,9,6,forced,92,93,1,0
138,786432,93,1,393216,17,1,forced,92,93,1,0
138,786432,93,1,419904,6,8,flexible,93,93,0,0
138,786432,93,1,442368,14,3,none,93,92,0,1
138,786432,93,1,472392,3,10,none,93,92,0,1
138,786432,93,1,497664,11,5,forced,92,93,1,0
138,786432,93,1,524288,19,0,forced,92,93,1,0
138,786432,93,1,531441,0,12,forced,92,93,1,0
138,786432,93,1,559872,8,7,forced,92,93,1,0
138,786432,93,1,589824,16,2,forced,92,93,1,0
138,786432,93,1,629856,5,9,flexible,93,93,0,0
138,786432,93,1,663552,13,4,forced,92,93,1,0
138,786432,93,1,708588,2,11,forced,92,93,1,0
138,786432,93,1,746496,10,6,forced,92,93,1,0
138,786432,93,1,786432,18,1,forced,92,93,1,0
139,839808,93,0,1,0,0,flexible,93,93,0,0
139,839808,93,0,2,1,0,flexible,93,93,0,0
139,839808,93,0,3,0,1,flexible,93,93,0,0
139,839808,93,0,4,2,0,flexible,93,93,0,0
139,839808,93,0,6,1,1,flexible,93,93,0,0
139,839808,93,0,8,3,0,flexible,93,93,0,0
139,839808,93,0,9,0,2,flexible,93,93,0,0
139,839808,93,0,12,2,1,flexible,93,93,0,0
139,839808,93,0,16,4,0,flexible,93,93,0,0
139,839808,93,0,18,1,2,flexible,93,93,0,0
139,839808,93,0,24,3,1,flexible,93,93,0,0
139,839808,93,0,27,0,3,flexible,93,93,0,0
139,839808,93,0,32,5,0,flexible,93,93,0,0
139,839808,93,0,36,2,2,flexible,93,93,0,0
139,839808,93,0,48,4,1,flexible,93,93,0,0
139,839808,93,0,54,1,3,flexible,93,93,0,0
139,839808,93,0,64,6,0,flexible,93,93,0,0
139,839808,93,0,72,3,2,flexible,93,93,0,0
139,839808,93,0,81,0,4,flexible,93,93,0,0
139,839808,93,0,96,5,1,flexible,93,93,0,0
139,839808,93,0,108,2,3,flexible,93,93,0,0
139,839808,93,0,128,7,0,flexible,93,93,0,0
139,839808,93,0,144,4,2,flexible,93,93,0,0
139,839808,93,0,162,1,4,flexible,93,93,0,0
139,839808,93,0,192,6,1,flexible,93,93,0,0
139,839808,93,0,216,3,3,flexible,93,93,0,0
139,839808,93,0,243,0,5,flexible,93,93,0,0
139,839808,93,0,256,8,0,flexible,93,93,0,0
139,839808,93,0,288,5,2,flexible,93,93,0,0
139,839808,93,0,324,2,4,flexible,93,93,0,0
139,839808,93,0,384,7,1,flexible,93,93,0,0
139,839808,93,0,432,4,3,flexible,93,93,0,0
139,839808,93,0,486,1,5,flexible,93,93,0,0
139,839808,93,0,512,9,0,flexible,93,93,0,0
139,839808,93,0,576,6,2,flexible,93,93,0,0
139,839808,93,0,648,3,4,flexible,93,93,0,0
139,839808,93,0,729,0,6,flexible,93,93,0,0
139,839808,93,0,768,8,1,flexible,93,93,0,0
139,839808,93,0,864,5,3,flexible,93,93,0,0
139,839808,93,0,972,2,5,flexible,93,93,0,0
139,839808,93,0,1024,10,0,flexible,93,93,0,0
139,839808,93,0,1152,7,2,flexible,93,93,0,0
139,839808,93,0,1296,4,4,flexible,93,93,0,0
139,839808,93,0,1458,1,6,flexible,93,93,0,0
139,839808,93,0,1536,9,1,flexible,93,93,0,0
139,839808,93,0,1728,6,3,flexible,93,93,0,0
139,839808,93,0,1944,3,5,flexible,93,93,0,0
139,839808,93,0,2048,11,0,flexible,93,93,0,0
139,839808,93,0,2187,0,7,flexible,93,93,0,0
139,839808,93,0,2304,8,2,flexible,93,93,0,0
139,839808,93,0,2592,5,4,flexible,93,93,0,0
139,839808,93,0,2916,2,6,flexible,93,93,0,0
139,839808,93,0,3072,10,1,flexible,93,93,0,0
139,839808,93,0,3456,7,3,flexible,93,93,0,0
139,839808,93,0,3888,4,5,flexible,93,93,0,0
139,839808,93,0,4096,12,0,flexible,93,93,0,0
139,839808,93,0,4374,1,7,flexible,93,93,0,0
139,839808,93,0,4608,9,2,flexible,93,93,0,0
139,839808,93,0,5184,6,4,flexible,93,93,0,0
139,839808,93,0,5832,3,6,flexible,93,93,0,0
139,839808,93,0,6144,11,1,flexible,93,93,0,0
139,839808,93,0,6561,0,8,flexible,93,93,0,0
139,839808,93,0,6912,8,3,flexible,93,93,0,0
139,839808,93,0,7776,5,5,flexible,93,93,0,0
139,839808,93,0,8192,13,0,flexible,93,93,0,0
139,839808,93,0,8748,2,7,flexible,93,93,0,0
139,839808,93,0,9216,10,2,flexible,93,93,0,0
139,839808,93,0,10368,7,4,flexible,93,93,0,0
139,839808,93,0,11664,4,6,flexible,93,93,0,0
139,839808,93,0,12288,12,1,flexible,93,93,0,0
139,839808,93,0,13122,1,8,flexible,93,93,0,0
139,839808,93,0,13824,9,3,flexible,93,93,0,0
139,839808,93,0,15552,6,5,flexible,93,93,0,0
139,839808,93,0,16384,14,0,flexible,93,93,0,0
139,839808,93,0,17496,3,7,flexible,93,93,0,0
139,839808,93,0,18432,11,2,flexible,93,93,0,0
139,839808,93,0,19683,0,9,flexible,93,93,0,0
139,839808,93,0,20736,8,4,flexible,93,93,0,0
139,839808,93,0,23328,5,6,flexible,93,93,0,0
139,839808,93,0,24576,13,1,flexible,93,93,0,0
139,839808,93,0,26244,2,8,flexible,93,93,0,0
139,839808,93,0,27648,10,3,flexible,93,93,0,0
139,839808,93,0,31104,7,5,flexible,93,93,0,0
139,839808,93,0,32768,15,0,flexible,93,93,0,0
139,839808,93,0,34992,4,7,flexible,93,93,0,0
139,839808,93,0,36864,12,2,flexible,93,93,0,0
139,839808,93,0,39366,1,9,flexible,93,93,0,0
139,839808,93,0,41472,9,4,flexible,93,93,0,0
139,839808,93,0,46656,6,6,flexible,93,93,0,0
139,839808,93,0,49152,14,1,flexible,93,93,0,0
139,839808,93,0,52488,3,8,flexible,93,93,0,0
139,839808,93,0,55296,11,3,flexible,93,93,0,0
139,839808,93,0,59049,0,10,flexible,93,93,0,0
139,839808,93,0,62208,8,5,flexible,93,93,0,0
139,839808,93,0,65536,16,0,flexible,93,93,0,0
139,839808,93,0,69984,5,7,flexible,93,93,0,0
139,839808,93,0,73728,13,2,flexible,93,93,0,0
139,839808,93,0,78732,2,9,flexible,93,93,0,0
139,839808,93,0,82944,10,4,flexible,93,93,0,0
139,839808,93,0,93312,7,6,flexible,93,93,0,0
139,839808,93,0,98304,15,1,flexible,93,93,0,0
139,839808,93,0,104976,4,8,flexible,93,93,0,0
139,839808,93,0,110592,12,3,flexible,93,93,0,0
139,839808,93,0,118098,1,10,flexible,93,93,0,0
139,839808,93,0,124416,9,5,flexible,93,93,0,0
139,839808,93,0,131072,17,0,forced,92,93,1,0
139,839808,93,0,139968,6,7,flexible,93,93,0,0
139,839808,93,0,147456,14,2,flexible,93,93,0,0
139,839808,93,0,157464,3,9,flexible,93,93,0,0
139,839808,93,0,165888,11,4,flexible,93,93,0,0
139,839808,93,0,177147,0,11,flexible,93,93,0,0
139,839808,93,0,186624,8,6,flexible,93,93,0,0
139,839808,93,0,196608,16,1,flexible,93,93,0,0
139,839808,93,0,209952,5,8,flexible,93,93,0,0
139,839808,93,0,221184,13,3,flexible,93,93,0,0
139,839808,93,0,236196,2,10,flexible,93,93,0,0
139,839808,93,0,248832,10,5,flexible,93,93,0,0
139,839808,93,0,262144,18,0,flexible,93,93,0,0
139,839808,93,0,279936,7,7,flexible,93,93,0,0
139,839808,93,0,294912,15,2,flexible,93,93,0,0
139,839808,93,0,314928,4,9,flexible,93,93,0,0
139,839808,93,0,331776,12,4,flexible,93,93,0,0
139,839808,93,0,354294,1,11,flexible,93,93,0,0
139,839808,93,0,373248,9,6,flexible,93,93,0,0
139,839808,93,0,393216,17,1,flexible,93,93,0,0
139,839808,93,0,419904,6,8,flexible,93,93,0,0
139,839808,93,0,442368,14,3,flexible,93,93,0,0
139,839808,93,0,472392,3,10,flexible,93,93,0,0
139,839808,93,0,497664,11,5,flexible,93,93,0,0
139,839808,93,0,524288,19,0,flexible,93,93,0,0
139,839808,93,0,531441,0,12,flexible,93,93,0,0
139,839808,93,0,559872,8,7,flexible,93,93,0,0
139,839808,93,0,589824,16,2,flexible,93,93,0,0
139,839808,93,0,629856,5,9,flexible,93,93,0,0
139,839808,93,0,663552,13,4,flexible,93,93,0,0
139,839808,93,0,708588,2,11,flexible,93,93,0,0
139,839808,93,0,746496,10,6,flexible,93,93,0,0
139,839808,93,0,786432,18,1,flexible,93,93,0,0
139,839808,93,0,839808,7,8,flexible,93,93,0,0
140,884736,94,1,1,0,0,forced,93,94,1,0
140,884736,94,1,2,1,0,none,94,93,0,1
140,884736,94,1,3,0,1,forced,93,94,1,0
140,884736,94,1,4,2,0,forced,93,94,1,0
140,884736,94,1,6,1,1,forced,93,94,1,0
140,884736,94,1,8,3,0,forced,93,94,1,0
140,884736,94,1,9,0,2,none,94,93,0,1
140,884736,94,1,12,2,1,none,94,93,0,1
140,884736,94,1,16,4,0,none,94,93,0,1
140,884736,94,1,18,1,2,forced,93,94,1,0
140,884736,94,1,24,3,1,forced,93,94,1,0
140,884736,94,1,27,0,3,forced,93,94,1,0
140,884736,94,1,32,5,0,forced,93,94,1,0
140,884736,94,1,36,2,2,forced,93,94,1,0
140,884736,94,1,48,4,1,forced,93,94,1,0
140,884736,94,1,54,1,3,none,94,93,0,1
140,884736,94,1,64,6,0,forced,93,94,1,0
140,884736,94,1,72,3,2,none,94,93,0,1
140,884736,94,1,81,0,4,forced,93,94,1,0
140,884736,94,1,96,5,1,none,94,93,0,1
140,884736,94,1,108,2,3,forced,93,94,1,0
140,884736,94,1,128,7,0,none,94,93,0,1
140,884736,94,1,144,4,2,forced,93,94,1,0
140,884736,94,1,162,1,4,forced,93,94,1,0
140,884736,94,1,192,6,1,forced,93,94,1,0
140,884736,94,1,216,3,3,forced,93,94,1,0
140,884736,94,1,243,0,5,none,94,93,0,1
140,884736,94,1,256,8,0,forced,93,94,1,0
140,884736,94,1,288,5,2,forced,93,94,1,0
140,884736,94,1,324,2,4,none,94,93,0,1
140,884736,94,1,384,7,1,forced,93,94,1,0
140,884736,94,1,432,4,3,none,94,93,0,1
140,884736,94,1,486,1,5,forced,93,94,1,0
140,884736,94,1,512,9,0,forced,93,94,1,0
140,884736,94,1,576,6,2,none,94,93,0,1
140,884736,94,1,648,3,4,forced,93,94,1,0
140,884736,94,1,729,0,6,forced,93,94,1,0
140,884736,94,1,768,8,1,none,94,93,0,1
140,884736,94,1,864,5,3,forced,93,94,1,0
140,884736,94,1,972,2,5,forced,93,94,1,0
140,884736,94,1,1024,10,0,none,94,93,0,1
140,884736,94,1,1152,7,2,forced,93,94,1,0
140,884736,94,1,1296,4,4,forced,93,94,1,0
140,884736,94,1,1458,1,6,none,94,93,0,1
140,884736,94,1,1536,9,1,forced,93,94,1,0
140,884736,94,1,1728,6,3,forced,93,94,1,0
140,884736,94,1,1944,3,5,none,94,93,0,1
140,884736,94,1,2048,11,0,forced,93,94,1,0
140,884736,94,1,2187,0,7,forced,93,94,1,0
140,884736,94,1,2304,8,2,forced,93,94,1,0
140,884736,94,1,2592,5,4,none,94,93,0,1
140,884736,94,1,2916,2,6,forced,93,94,1,0
140,884736,94,1,3072,10,1,forced,93,94,1,0
140,884736,94,1,3456,7,3,none,94,93,0,1
140,884736,94,1,3888,4,5,forced,93,94,1,0
140,884736,94,1,4096,12,0,forced,93,94,1,0
140,884736,94,1,4374,1,7,forced,93,94,1,0
140,884736,94,1,4608,9,2,none,94,93,0,1
140,884736,94,1,5184,6,4,forced,93,94,1,0
140,884736,94,1,5832,3,6,forced,93,94,1,0
140,884736,94,1,6144,11,1,none,94,93,0,1
140,884736,94,1,6561,0,8,none,94,93,0,1
140,884736,94,1,6912,8,3,forced,93,94,1,0
140,884736,94,1,7776,5,5,forced,93,94,1,0
140,884736,94,1,8192,13,0,none,94,93,0,1
140,884736,94,1,8748,2,7,none,94,93,0,1
140,884736,94,1,9216,10,2,forced,93,94,1,0
140,884736,94,1,10368,7,4,forced,93,94,1,0
140,884736,94,1,11664,4,6,none,94,93,0,1
140,884736,94,1,12288,12,1,forced,93,94,1,0
140,884736,94,1,13122,1,8,forced,93,94,1,0
140,884736,94,1,13824,9,3,forced,93,94,1,0
140,884736,94,1,15552,6,5,none,94,93,0,1
140,884736,94,1,16384,14,0,forced,93,94,1,0
140,884736,94,1,17496,3,7,forced,93,94,1,0
140,884736,94,1,18432,11,2,forced,93,94,1,0
140,884736,94,1,19683,0,9,forced,93,94,1,0
140,884736,94,1,20736,8,4,none,94,93,0,1
140,884736,94,1,23328,5,6,forced,93,94,1,0
140,884736,94,1,24576,13,1,forced,93,94,1,0
140,884736,94,1,26244,2,8,forced,93,94,1,0
140,884736,94,1,27648,10,3,none,94,93,0,1
140,884736,94,1,31104,7,5,forced,93,94,1,0
140,884736,94,1,32768,15,0,flexible,94,94,0,0
140,884736,94,1,34992,4,7,forced,93,94,1,0
140,884736,94,1,36864,12,2,none,94,93,0,1
140,884736,94,1,39366,1,9,none,94,93,0,1
140,884736,94,1,41472,9,4,forced,93,94,1,0
140,884736,94,1,46656,6,6,forced,93,94,1,0
140,884736,94,1,49152,14,1,none,94,93,0,1
140,884736,94,1,52488,3,8,none,94,93,0,1
140,884736,94,1,55296,11,3,forced,93,94,1,0
140,884736,94,1,59049,0,10,forced,93,94,1,0
140,884736,94,1,62208,8,5,forced,93,94,1,0
140,884736,94,1,65536,16,0,flexible,94,94,0,0
140,884736,94,1,69984,5,7,none,94,93,0,1
140,884736,94,1,73728,13,2,forced,93,94,1,0
140,884736,94,1,78732,2,9,forced,93,94,1,0
140,884736,94,1,82944,10,4,forced,93,94,1,0
140,884736,94,1,93312,7,6,none,94,93,0,1
140,884736,94,1,98304,15,1,flexible,94,94,0,0
140,884736,94,1,104976,4,8,forced,93,94,1,0
140,884736,94,1,110592,12,3,forced,93,94,1,0
140,884736,94,1,118098,1,10,forced,93,94,1,0
140,884736,94,1,124416,9,5,none,94,93,0,1
140,884736,94,1,131072,17,0,forced,93,94,1,0
140,884736,94,1,139968,6,7,forced,93,94,1,0
140,884736,94,1,147456,14,2,forced,93,94,1,0
140,884736,94,1,157464,3,9,forced,93,94,1,0
140,884736,94,1,165888,11,4,none,94,93,0,1
140,884736,94,1,177147,0,11,none,94,93,0,1
140,884736,94,1,186624,8,6,forced,93,94,1,0
140,884736,94,1,196608,16,1,flexible,94,94,0,0
140,884736,94,1,209952,5,8,forced,93,94,1,0
140,884736,94,1,221184,13,3,none,94,93,0,1
140,884736,94,1,236196,2,10,none,94,93,0,1
140,884736,94,1,248832,10,5,flexible,94,94,0,0
140,884736,94,1,262144,18,0,flexible,94,94,0,0
140,884736,94,1,279936,7,7,forced,93,94,1,0
140,884736,94,1,294912,15,2,none,94,93,0,1
140,884736,94,1,314928,4,9,none,94,93,0,1
140,884736,94,1,331776,12,4,forced,93,94,1,0
140,884736,94,1,354294,1,11,forced,93,94,1,0
140,884736,94,1,373248,9,6,forced,93,94,1,0
140,884736,94,1,393216,17,1,flexible,94,94,0,0
140,884736,94,1,419904,6,8,none,94,93,0,1
140,884736,94,1,442368,14,3,forced,93,94,1,0
140,884736,94,1,472392,3,10,forced,93,94,1,0
140,884736,94,1,497664,11,5,flexible,94,94,0,0
140,884736,94,1,524288,19,0,flexible,94,94,0,0
140,884736,94,1,531441,0,12,forced,93,94,1,0
140,884736,94,1,559872,8,7,none,94,93,0,1
140,884736,94,1,589824,16,2,flexible,94,94,0,0
140,884736,94,1,629856,5,9,forced,93,94,1,0
140,884736,94,1,663552,13,4,forced,93,94,1,0
140,884736,94,1,708588,2,11,forced,93,94,1,0
140,884736,94,1,746496,10,6,flexible,94,94,0,0
140,884736,94,1,786432,18,1,flexible,94,94,0,0
140,884736,94,1,839808,7,8,forced,93,94,1,0
140,884736,94,1,884736,15,3,forced,93,94,1,0
141,944784,95,1,1,0,0,forced,94,95,1,0
141,944784,95,1,2,1,0,none,95,94,0,1
141,944784,95,1,3,0,1,forced,94,95,1,0
141,944784,95,1,4,2,0,forced,94,95,1,0
141,944784,95,1,6,1,1,forced,94,95,1,0
141,944784,95,1,8,3,0,forced,94,95,1,0
141,944784,95,1,9,0,2,none,95,94,0,1
141,944784,95,1,12,2,1,none,95,94,0,1
141,944784,95,1,16,4,0,none,95,94,0,1
141,944784,95,1,18,1,2,forced,94,95,1,0
141,944784,95,1,24,3,1,forced,94,95,1,0
141,944784,95,1,27,0,3,forced,94,95,1,0
141,944784,95,1,32,5,0,forced,94,95,1,0
141,944784,95,1,36,2,2,forced,94,95,1,0
141,944784,95,1,48,4,1,forced,94,95,1,0
141,944784,95,1,54,1,3,none,95,94,0,1
141,944784,95,1,64,6,0,forced,94,95,1,0
141,944784,95,1,72,3,2,none,95,94,0,1
141,944784,95,1,81,0,4,forced,94,95,1,0
141,944784,95,1,96,5,1,none,95,94,0,1
141,944784,95,1,108,2,3,forced,94,95,1,0
141,944784,95,1,128,7,0,none,95,94,0,1
141,944784,95,1,144,4,2,forced,94,95,1,0
141,944784,95,1,162,1,4,forced,94,95,1,0
141,944784,95,1,192,6,1,forced,94,95,1,0
141,944784,95,1,216,3,3,forced,94,95,1,0
141,944784,95,1,243,0,5,none,95,94,0,1
141,944784,95,1,256,8,0,forced,94,95,1,0
141,944784,95,1,288,5,2,forced,94,95,1,0
141,944784,95,1,324,2,4,none,95,94,0,1
141,944784,95,1,384,7,1,forced,94,95,1,0
141,944784,95,1,432,4,3,none,95,94,0,1
141,944784,95,1,486,1,5,forced,94,95,1,0
141,944784,95,1,512,9,0,forced,94,95,1,0
141,944784,95,1,576,6,2,none,95,94,0,1
141,944784,95,1,648,3,4,forced,94,95,1,0
141,944784,95,1,729,0,6,forced,94,95,1,0
141,944784,95,1,768,8,1,none,95,94,0,1
141,944784,95,1,864,5,3,forced,94,95,1,0
141,944784,95,1,972,2,5,forced,94,95,1,0
141,944784,95,1,1024,10,0,none,95,94,0,1
141,944784,95,1,1152,7,2,forced,94,95,1,0
141,944784,95,1,1296,4,4,forced,94,95,1,0
141,944784,95,1,1458,1,6,none,95,94,0,1
141,944784,95,1,1536,9,1,forced,94,95,1,0
141,944784,95,1,1728,6,3,forced,94,95,1,0
141,944784,95,1,1944,3,5,none,95,94,0,1
141,944784,95,1,2048,11,0,forced,94,95,1,0
141,944784,95,1,2187,0,7,forced,94,95,1,0
141,944784,95,1,2304,8,2,forced,94,95,1,0
141,944784,95,1,2592,5,4,none,95,94,0,1
141,944784,95,1,2916,2,6,forced,94,95,1,0
141,944784,95,1,3072,10,1,forced,94,95,1,0
141,944784,95,1,3456,7,3,none,95,94,0,1
141,944784,95,1,3888,4,5,forced,94,95,1,0
141,944784,95,1,4096,12,0,forced,94,95,1,0
141,944784,95,1,4374,1,7,forced,94,95,1,0
141,944784,95,1,4608,9,2,none,95,94,0,1
141,944784,95,1,5184,6,4,forced,94,95,1,0
141,944784,95,1,5832,3,6,forced,94,95,1,0
141,944784,95,1,6144,11,1,none,95,94,0,1
141,944784,95,1,6561,0,8,none,95,94,0,1
141,944784,95,1,6912,8,3,forced,94,95,1,0
141,944784,95,1,7776,5,5,forced,94,95,1,0
141,944784,95,1,8192,13,0,none,95,94,0,1
141,944784,95,1,8748,2,7,none,95,94,0,1
141,944784,95,1,9216,10,2,forced,94,95,1,0
141,944784,95,1,10368,7,4,forced,94,95,1,0
141,944784,95,1,11664,4,6,none,95,94,0,1
141,944784,95,1,12288,12,1,forced,94,95,1,0
141,944784,95,1,13122,1,8,forced,94,95,1,0
141,944784,95,1,13824,9,3,forced,94,95,1,0
141,944784,95,1,15552,6,5,none,95,94,0,1
141,944784,95,1,16384,14,0,forced,94,95,1,0
141,944784,95,1,17496,3,7,forced,94,95,1,0
141,944784,95,1,18432,11,2,forced,94,95,1,0
141,944784,95,1,19683,0,9,forced,94,95,1,0
141,944784,95,1,20736,8,4,none,95,94,0,1
141,944784,95,1,23328,5,6,forced,94,95,1,0
141,944784,95,1,24576,13,1,forced,94,95,1,0
141,944784,95,1,26244,2,8,forced,94,95,1,0
141,944784,95,1,27648,10,3,none,95,94,0,1
141,944784,95,1,31104,7,5,forced,94,95,1,0
141,944784,95,1,32768,15,0,flexible,95,95,0,0
141,944784,95,1,34992,4,7,forced,94,95,1,0
141,944784,95,1,36864,12,2,none,95,94,0,1
141,944784,95,1,39366,1,9,none,95,94,0,1
141,944784,95,1,41472,9,4,forced,94,95,1,0
141,944784,95,1,46656,6,6,forced,94,95,1,0
141,944784,95,1,49152,14,1,none,95,94,0,1
141,944784,95,1,52488,3,8,none,95,94,0,1
141,944784,95,1,55296,11,3,forced,94,95,1,0
141,944784,95,1,59049,0,10,forced,94,95,1,0
141,944784,95,1,62208,8,5,forced,94,95,1,0
141,944784,95,1,65536,16,0,flexible,95,95,0,0
141,944784,95,1,69984,5,7,none,95,94,0,1
141,944784,95,1,73728,13,2,forced,94,95,1,0
141,944784,95,1,78732,2,9,forced,94,95,1,0
141,944784,95,1,82944,10,4,forced,94,95,1,0
141,944784,95,1,93312,7,6,none,95,94,0,1
141,944784,95,1,98304,15,1,flexible,95,95,0,0
141,944784,95,1,104976,4,8,forced,94,95,1,0
141,944784,95,1,110592,12,3,forced,94,95,1,0
141,944784,95,1,118098,1,10,forced,94,95,1,0
141,944784,95,1,124416,9,5,none,95,94,0,1
141,944784,95,1,131072,17,0,forced,94,95,1,0
141,944784,95,1,139968,6,7,forced,94,95,1,0
141,944784,95,1,147456,14,2,forced,94,95,1,0
141,944784,95,1,157464,3,9,forced,94,95,1,0
141,944784,95,1,165888,11,4,none,95,94,0,1
141,944784,95,1,177147,0,11,none,95,94,0,1
141,944784,95,1,186624,8,6,forced,94,95,1,0
141,944784,95,1,196608,16,1,flexible,95,95,0,0
141,944784,95,1,209952,5,8,forced,94,95,1,0
141,944784,95,1,221184,13,3,none,95,94,0,1
141,944784,95,1,236196,2,10,none,95,94,0,1
141,944784,95,1,248832,10,5,flexible,95,95,0,0
141,944784,95,1,262144,18,0,flexible,95,95,0,0
141,944784,95,1,279936,7,7,forced,94,95,1,0
141,944784,95,1,294912,15,2,none,95,94,0,1
141,944784,95,1,314928,4,9,none,95,94,0,1
141,944784,95,1,331776,12,4,forced,94,95,1,0
141,944784,95,1,354294,1,11,forced,94,95,1,0
141,944784,95,1,373248,9,6,forced,94,95,1,0
141,944784,95,1,393216,17,1,flexible,95,95,0,0
141,944784,95,1,419904,6,8,none,95,94,0,1
141,944784,95,1,442368,14,3,forced,94,95,1,0
141,944784,95,1,472392,3,10,forced,94,95,1,0
141,944784,95,1,497664,11,5,flexible,95,95,0,0
141,944784,95,1,524288,19,0,flexible,95,95,0,0
141,944784,95,1,531441,0,12,forced,94,95,1,0
141,944784,95,1,559872,8,7,none,95,94,0,1
141,944784,95,1,589824,16,2,flexible,95,95,0,0
141,944784,95,1,629856,5,9,forced,94,95,1,0
141,944784,95,1,663552,13,4,forced,94,95,1,0
141,944784,95,1,708588,2,11,forced,94,95,1,0
141,944784,95,1,746496,10,6,flexible,95,95,0,0
141,944784,95,1,786432,18,1,flexible,95,95,0,0
141,944784,95,1,839808,7,8,forced,94,95,1,0
141,944784,95,1,884736,15,3,forced,94,95,1,0
141,944784,95,1,944784,4,10,forced,94,95,1,0
142,995328,95,0,1,0,0,forced,94,95,1,0
142,995328,95,0,2,1,0,flexible,95,95,0,0
142,995328,95,0,3,0,1,flexible,95,95,0,0
142,995328,95,0,4,2,0,flexible,95,95,0,0
142,995328,95,0,6,1,1,forced,94,95,1,0
142,995328,95,0,8,3,0,forced,94,95,1,0
142,995328,95,0,9,0,2,flexible,95,95,0,0
142,995328,95,0,12,2,1,flexible,95,95,0,0
142,995328,95,0,16,4,0,flexible,95,95,0,0
142,995328,95,0,18,1,2,flexible,95,95,0,0
142,995328,95,0,24,3,1,flexible,95,95,0,0
142,995328,95,0,27,0,3,forced,94,95,1,0
142,995328,95,0,32,5,0,flexible,95,95,0,0
142,995328,95,0,36,2,2,forced,94,95,1,0
142,995328,95,0,48,4,1,forced,94,95,1,0
142,995328,95,0,54,1,3,flexible,95,95,0,0
142,995328,95,0,64,6,0,forced,94,95,1,0
142,995328,95,0,72,3,2,flexible,95,95,0,0
142,995328,95,0,81,0,4,flexible,95,95,0,0
142,995328,95,0,96,5,1,flexible,95,95,0,0
142,995328,95,0,108,2,3,flexible,95,95,0,0
142,995328,95,0,128,7,0,flexible,95,95,0,0
142,995328,95,0,144,4,2,flexible,95,95,0,0
142,995328,95,0,162,1,4,forced,94,95,1,0
142,995328,95,0,192,6,1,flexible,95,95,0,0
142,995328,95,0,216,3,3,forced,94,95,1,0
142,995328,95,0,243,0,5,flexible,95,95,0,0
142,995328,95,0,256,8,0,flexible,95,95,0,0
142,995328,95,0,288,5,2,forced,94,95,1,0
142,995328,95,0,324,2,4,flexible,95,95,0,0
142,995328,95,0,384,7,1,forced,94,95,1,0
142,995328,95,0,432,4,3,flexible,95,95,0,0
142,995328,95,0,486,1,5,flexible,95,95,0,0
142,995328,95,0,512,9,0,forced,94,95,1,0
142,995328,95,0,576,6,2,flexible,95,95,0,0
142,995328,95,0,648,3,4,flexible,95,95,0,0
142,995328,95,0,729,0,6,forced,94,95,1,0
142,995328,95,0,768,8,1,flexible,95,95,0,0
142,995328,95,0,864,5,3,flexible,95,95,0,0
142,995328,95,0,972,2,5,forced,94,95,1,0
142,995328,95,0,1024,10,0,flexible,95,95,0,0
142,995328,95,0,1152,7,2,flexible,95,95,0,0
142,995328,95,0,1296,4,4,forced,94,95,1,0
142,995328,95,0,1458,1,6,flexible,95,95,0,0
142,995328,95,0,1536,9,1,flexible,95,95,0,0
142,995328,95,0,1728,6,3,forced,94,95,1,0
142,995328,95,0,1944,3,5,flexible,95,95,0,0
142,995328,95,0,2048,11,0,flexible,95,95,0,0
142,995328,95,0,2187,0,7,flexible,95,95,0,0
142,995328,95,0,2304,8,2,forced,94,95,1,0
142,995328,95,0,2592,5,4,flexible,95,95,0,0
142,995328,95,0,2916,2,6,flexible,95,95,0,0
142,995328,95,0,3072,10,1,forced,94,95,1,0
142,995328,95,0,3456,7,3,flexible,95,95,0,0
142,995328,95,0,3888,4,5,flexible,95,95,0,0
142,995328,95,0,4096,12,0,forced,94,95,1,0
142,995328,95,0,4374,1,7,forced,94,95,1,0
142,995328,95,0,4608,9,2,flexible,95,95,0,0
142,995328,95,0,5184,6,4,flexible,95,95,0,0
142,995328,95,0,5832,3,6,forced,94,95,1,0
142,995328,95,0,6144,11,1,flexible,95,95,0,0
142,995328,95,0,6561,0,8,flexible,95,95,0,0
142,995328,95,0,6912,8,3,flexible,95,95,0,0
142,995328,95,0,7776,5,5,forced,94,95,1,0
142,995328,95,0,8192,13,0,flexible,95,95,0,0
142,995328,95,0,8748,2,7,flexible,95,95,0,0
142,995328,95,0,9216,10,2,flexible,95,95,0,0
142,995328,95,0,10368,7,4,forced,94,95,1,0
142,995328,95,0,11664,4,6,flexible,95,95,0,0
142,995328,95,0,12288,12,1,flexible,95,95,0,0
142,995328,95,0,13122,1,8,flexible,95,95,0,0
142,995328,95,0,13824,9,3,forced,94,95,1,0
142,995328,95,0,15552,6,5,flexible,95,95,0,0
142,995328,95,0,16384,14,0,flexible,95,95,0,0
142,995328,95,0,17496,3,7,flexible,95,95,0,0
142,995328,95,0,18432,11,2,forced,94,95,1,0
142,995328,95,0,19683,0,9,forced,94,95,1,0
142,995328,95,0,20736,8,4,flexible,95,95,0,0
142,995328,95,0,23328,5,6,flexible,95,95,0,0
142,995328,95,0,24576,13,1,forced,94,95,1,0
142,995328,95,0,26244,2,8,forced,94,95,1,0
142,995328,95,0,27648,10,3,flexible,95,95,0,0
142,995328,95,0,31104,7,5,flexible,95,95,0,0
142,995328,95,0,32768,15,0,flexible,95,95,0,0
142,995328,95,0,34992,4,7,forced,94,95,1,0
142,995328,95,0,36864,12,2,flexible,95,95,0,0
142,995328,95,0,39366,1,9,flexible,95,95,0,0
142,995328,95,0,41472,9,4,flexible,95,95,0,0
142,995328,95,0,46656,6,6,forced,94,95,1,0
142,995328,95,0,49152,14,1,flexible,95,95,0,0
142,995328,95,0,52488,3,8,flexible,95,95,0,0
142,995328,95,0,55296,11,3,flexible,95,95,0,0
142,995328,95,0,59049,0,10,flexible,95,95,0,0
142,995328,95,0,62208,8,5,forced,94,95,1,0
142,995328,95,0,65536,16,0,flexible,95,95,0,0
142,995328,95,0,69984,5,7,flexible,95,95,0,0
142,995328,95,0,73728,13,2,flexible,95,95,0,0
142,995328,95,0,78732,2,9,flexible,95,95,0,0
142,995328,95,0,82944,10,4,forced,94,95,1,0
142,995328,95,0,93312,7,6,flexible,95,95,0,0
142,995328,95,0,98304,15,1,flexible,95,95,0,0
142,995328,95,0,104976,4,8,flexible,95,95,0,0
142,995328,95,0,110592,12,3,flexible,95,95,0,0
142,995328,95,0,118098,1,10,forced,94,95,1,0
142,995328,95,0,124416,9,5,flexible,95,95,0,0
142,995328,95,0,131072,17,0,flexible,95,95,0,0
142,995328,95,0,139968,6,7,flexible,95,95,0,0
142,995328,95,0,147456,14,2,forced,94,95,1,0
142,995328,95,0,157464,3,9,forced,94,95,1,0
142,995328,95,0,165888,11,4,flexible,95,95,0,0
142,995328,95,0,177147,0,11,flexible,95,95,0,0
142,995328,95,0,186624,8,6,flexible,95,95,0,0
142,995328,95,0,196608,16,1,flexible,95,95,0,0
142,995328,95,0,209952,5,8,forced,94,95,1,0
142,995328,95,0,221184,13,3,flexible,95,95,0,0
142,995328,95,0,236196,2,10,flexible,95,95,0,0
142,995328,95,0,248832,10,5,flexible,95,95,0,0
142,995328,95,0,262144,18,0,flexible,95,95,0,0
142,995328,95,0,279936,7,7,flexible,95,95,0,0
142,995328,95,0,294912,15,2,flexible,95,95,0,0
142,995328,95,0,314928,4,9,flexible,95,95,0,0
142,995328,95,0,331776,12,4,flexible,95,95,0,0
142,995328,95,0,354294,1,11,flexible,95,95,0,0
142,995328,95,0,373248,9,6,forced,94,95,1,0
142,995328,95,0,393216,17,1,flexible,95,95,0,0
142,995328,95,0,419904,6,8,flexible,95,95,0,0
142,995328,95,0,442368,14,3,flexible,95,95,0,0
142,995328,95,0,472392,3,10,flexible,95,95,0,0
142,995328,95,0,497664,11,5,flexible,95,95,0,0
142,995328,95,0,524288,19,0,flexible,95,95,0,0
142,995328,95,0,531441,0,12,forced,94,95,1,0
142,995328,95,0,559872,8,7,flexible,95,95,0,0
142,995328,95,0,589824,16,2,flexible,95,95,0,0
142,995328,95,0,629856,5,9,flexible,95,95,0,0
142,995328,95,0,663552,13,4,flexible,95,95,0,0
142,995328,95,0,708588,2,11,forced,94,95,1,0
142,995328,95,0,746496,10,6,flexible,95,95,0,0
142,995328,95,0,786432,18,1,flexible,95,95,0,0
142,995328,95,0,839808,7,8,flexible,95,95,0,0
142,995328,95,0,884736,15,3,flexible,95,95,0,0
142,995328,95,0,944784,4,10,forced,94,95,1,0
142,995328,95,0,995328,12,5,flexible,95,95,0,0
143,1048576,96,1,1,0,0,forced,95,96,1,0
143,1048576,96,1,2,1,0,flexible,96,96,0,0
143,1048576,96,1,3,0,1,flexible,96,96,0,0
143,1048576,96,1,4,2,0,flexible,96,96,0,0
143,1048576,96,1,6,1,1,forced,95,96,1,0
143,1048576,96,1,8,3,0,forced,95,96,1,0
143,1048576,96,1,9,0,2,flexible,96,96,0,0
143,1048576,96,1,12,2,1,flexible,96,96,0,0
143,1048576,96,1,16,4,0,flexible,96,96,0,0
143,1048576,96,1,18,1,2,flexible,96,96,0,0
143,1048576,96,1,24,3,1,flexible,96,96,0,0
143,1048576,96,1,27,0,3,forced,95,96,1,0
143,1048576,96,1,32,5,0,flexible,96,96,0,0
143,1048576,96,1,36,2,2,forced,95,96,1,0
143,1048576,96,1,48,4,1,forced,95,96,1,0
143,1048576,96,1,54,1,3,flexible,96,96,0,0
143,1048576,96,1,64,6,0,forced,95,96,1,0
143,1048576,96,1,72,3,2,flexible,96,96,0,0
143,1048576,96,1,81,0,4,flexible,96,96,0,0
143,1048576,96,1,96,5,1,flexible,96,96,0,0
143,1048576,96,1,108,2,3,flexible,96,96,0,0
143,1048576,96,1,128,7,0,flexible,96,96,0,0
143,1048576,96,1,144,4,2,flexible,96,96,0,0
143,1048576,96,1,162,1,4,forced,95,96,1,0
143,1048576,96,1,192,6,1,flexible,96,96,0,0
143,1048576,96,1,216,3,3,forced,95,96,1,0
143,1048576,96,1,243,0,5,flexible,96,96,0,0
143,1048576,96,1,256,8,0,flexible,96,96,0,0
143,1048576,96,1,288,5,2,forced,95,96,1,0
143,1048576,96,1,324,2,4,flexible,96,96,0,0
143,1048576,96,1,384,7,1,forced,95,96,1,0
143,1048576,96,1,432,4,3,flexible,96,96,0,0
143,1048576,96,1,486,1,5,flexible,96,96,0,0
143,1048576,96,1,512,9,0,forced,95,96,1,0
143,1048576,96,1,576,6,2,flexible,96,96,0,0
143,1048576,96,1,648,3,4,flexible,96,96,0,0
143,1048576,96,1,729,0,6,forced,95,96,1,0
143,1048576,96,1,768,8,1,flexible,96,96,0,0
143,1048576,96,1,864,5,3,flexible,96,96,0,0
143,1048576,96,1,972,2,5,forced,95,96,1,0
143,1048576,96,1,1024,10,0,flexible,96,96,0,0
143,1048576,96,1,1152,7,2,flexible,96,96,0,0
143,1048576,96,1,1296,4,4,forced,95,96,1,0
143,1048576,96,1,1458,1,6,flexible,96,96,0,0
143,1048576,96,1,1536,9,1,flexible,96,96,0,0
143,1048576,96,1,1728,6,3,forced,95,96,1,0
143,1048576,96,1,1944,3,5,flexible,96,96,0,0
143,1048576,96,1,2048,11,0,flexible,96,96,0,0
143,1048576,96,1,2187,0,7,flexible,96,96,0,0
143,1048576,96,1,2304,8,2,forced,95,96,1,0
143,1048576,96,1,2592,5,4,flexible,96,96,0,0
143,1048576,96,1,2916,2,6,flexible,96,96,0,0
143,1048576,96,1,3072,10,1,forced,95,96,1,0
143,1048576,96,1,3456,7,3,flexible,96,96,0,0
143,1048576,96,1,3888,4,5,flexible,96,96,0,0
143,1048576,96,1,4096,12,0,forced,95,96,1,0
143,1048576,96,1,4374,1,7,forced,95,96,1,0
143,1048576,96,1,4608,9,2,flexible,96,96,0,0
143,1048576,96,1,5184,6,4,flexible,96,96,0,0
143,1048576,96,1,5832,3,6,forced,95,96,1,0
143,1048576,96,1,6144,11,1,flexible,96,96,0,0
143,1048576,96,1,6561,0,8,flexible,96,96,0,0
143,1048576,96,1,6912,8,3,flexible,96,96,0,0
143,1048576,96,1,7776,5,5,forced,95,96,1,0
143,1048576,96,1,8192,13,0,flexible,96,96,0,0
143,1048576,96,1,8748,2,7,flexible,96,96,0,0
143,1048576,96,1,9216,10,2,flexible,96,96,0,0
143,1048576,96,1,10368,7,4,forced,95,96,1,0
143,1048576,96,1,11664,4,6,flexible,96,96,0,0
143,1048576,96,1,12288,12,1,flexible,96,96,0,0
143,1048576,96,1,13122,1,8,flexible,96,96,0,0
143,1048576,96,1,13824,9,3,forced,95,96,1,0
143,1048576,96,1,15552,6,5,flexible,96,96,0,0
143,1048576,96,1,16384,14,0,flexible,96,96,0,0
143,1048576,96,1,17496,3,7,flexible,96,96,0,0
143,1048576,96,1,18432,11,2,forced,95,96,1,0
143,1048576,96,1,19683,0,9,forced,95,96,1,0
143,1048576,96,1,20736,8,4,flexible,96,96,0,0
143,1048576,96,1,23328,5,6,flexible,96,96,0,0
143,1048576,96,1,24576,13,1,forced,95,96,1,0
143,1048576,96,1,26244,2,8,forced,95,96,1,0
143,1048576,96,1,27648,10,3,flexible,96,96,0,0
143,1048576,96,1,31104,7,5,flexible,96,96,0,0
143,1048576,96,1,32768,15,0,flexible,96,96,0,0
143,1048576,96,1,34992,4,7,forced,95,96,1,0
143,1048576,96,1,36864,12,2,flexible,96,96,0,0
143,1048576,96,1,39366,1,9,flexible,96,96,0,0
143,1048576,96,1,41472,9,4,flexible,96,96,0,0
143,1048576,96,1,46656,6,6,forced,95,96,1,0
143,1048576,96,1,49152,14,1,flexible,96,96,0,0
143,1048576,96,1,52488,3,8,flexible,96,96,0,0
143,1048576,96,1,55296,11,3,flexible,96,96,0,0
143,1048576,96,1,59049,0,10,flexible,96,96,0,0
143,1048576,96,1,62208,8,5,forced,95,96,1,0
143,1048576,96,1,65536,16,0,flexible,96,96,0,0
143,1048576,96,1,69984,5,7,flexible,96,96,0,0
143,1048576,96,1,73728,13,2,flexible,96,96,0,0
143,1048576,96,1,78732,2,9,flexible,96,96,0,0
143,1048576,96,1,82944,10,4,forced,95,96,1,0
143,1048576,96,1,93312,7,6,flexible,96,96,0,0
143,1048576,96,1,98304,15,1,flexible,96,96,0,0
143,1048576,96,1,104976,4,8,flexible,96,96,0,0
143,1048576,96,1,110592,12,3,flexible,96,96,0,0
143,1048576,96,1,118098,1,10,forced,95,96,1,0
143,1048576,96,1,124416,9,5,flexible,96,96,0,0
143,1048576,96,1,131072,17,0,flexible,96,96,0,0
143,1048576,96,1,139968,6,7,flexible,96,96,0,0
143,1048576,96,1,147456,14,2,forced,95,96,1,0
143,1048576,96,1,157464,3,9,forced,95,96,1,0
143,1048576,96,1,165888,11,4,flexible,96,96,0,0
143,1048576,96,1,177147,0,11,flexible,96,96,0,0
143,1048576,96,1,186624,8,6,flexible,96,96,0,0
143,1048576,96,1,196608,16,1,flexible,96,96,0,0
143,1048576,96,1,209952,5,8,forced,95,96,1,0
143,1048576,96,1,221184,13,3,flexible,96,96,0,0
143,1048576,96,1,236196,2,10,flexible,96,96,0,0
143,1048576,96,1,248832,10,5,flexible,96,96,0,0
143,1048576,96,1,262144,18,0,flexible,96,96,0,0
143,1048576,96,1,279936,7,7,flexible,96,96,0,0
143,1048576,96,1,294912,15,2,flexible,96,96,0,0
143,1048576,96,1,314928,4,9,flexible,96,96,0,0
143,1048576,96,1,331776,12,4,flexible,96,96,0,0
143,1048576,96,1,354294,1,11,flexible,96,96,0,0
143,1048576,96,1,373248,9,6,forced,95,96,1,0
143,1048576,96,1,393216,17,1,flexible,96,96,0,0
143,1048576,96,1,419904,6,8,flexible,96,96,0,0
143,1048576,96,1,442368,14,3,flexible,96,96,0,0
143,1048576,96,1,472392,3,10,flexible,96,96,0,0
143,1048576,96,1,497664,11,5,flexible,96,96,0,0
143,1048576,96,1,524288,19,0,flexible,96,96,0,0
143,1048576,96,1,531441,0,12,forced,95,96,1,0
143,1048576,96,1,559872,8,7,flexible,96,96,0,0
143,1048576,96,1,589824,16,2,flexible,96,96,0,0
143,1048576,96,1,629856,5,9,flexible,96,96,0,0
143,1048576,96,1,663552,13,4,flexible,96,96,0,0
143,1048576,96,1,708588,2,11,forced,95,96,1,0
143,1048576,96,1,746496,10,6,flexible,96,96,0,0
143,1048576,96,1,786432,18,1,flexible,96,96,0,0
143,1048576,96,1,839808,7,8,flexible,96,96,0,0
143,1048576,96,1,884736,15,3,flexible,96,96,0,0
143,1048576,96,1,944784,4,10,forced,95,96,1,0
143,1048576,96,1,995328,12,5,flexible,96,96,0,0
143,1048576,96,1,1048576,20,0,forced,95,96,1,0
144,1062882,97,1,1,0,0,forced,96,97,1,0
144,1062882,97,1,2,1,0,forced,96,97,1,0
144,1062882,97,1,3,0,1,none,97,96,0,1
144,1062882,97,1,4,2,0,none,97,96,0,1
144,1062882,97,1,6,1,1,forced,96,97,1,0
144,1062882,97,1,8,3,0,forced,96,97,1,0
144,1062882,97,1,9,0,2,forced,96,97,1,0
144,1062882,97,1,12,2,1,forced,96,97,1,0
144,1062882,97,1,16,4,0,forced,96,97,1,0
144,1062882,97,1,18,1,2,none,97,96,0,1
144,1062882,97,1,24,3,1,none,97,96,0,1
144,1062882,97,1,27,0,3,forced,96,97,1,0
144,1062882,97,1,32,5,0,none,97,96,0,1
144,1062882,97,1,36,2,2,forced,96,97,1,0
144,1062882,97,1,48,4,1,forced,96,97,1,0
144,1062882,97,1,54,1,3,forced,96,97,1,0
144,1062882,97,1,64,6,0,forced,96,97,1,0
144,1062882,97,1,72,3,2,forced,96,97,1,0
144,1062882,97,1,81,0,4,none,97,96,0,1
144,1062882,97,1,96,5,1,forced,96,97,1,0
144,1062882,97,1,108,2,3,none,97,96,0,1
144,1062882,97,1,128,7,0,forced,96,97,1,0
144,1062882,97,1,144,4,2,none,97,96,0,1
144,1062882,97,1,162,1,4,forced,96,97,1,0
144,1062882,97,1,192,6,1,none,97,96,0,1
144,1062882,97,1,216,3,3,forced,96,97,1,0
144,1062882,97,1,243,0,5,forced,96,97,1,0
144,1062882,97,1,256,8,0,none,97,96,0,1
144,1062882,97,1,288,5,2,forced,96,97,1,0
144,1062882,97,1,324,2,4,forced,96,97,1,0
144,1062882,97,1,384,7,1,forced,96,97,1,0
144,1062882,97,1,432,4,3,forced,96,97,1,0
144,1062882,97,1,486,1,5,none,97,96,0,1
144,1062882,97,1,512,9,0,forced,96,97,1,0
144,1062882,97,1,576,6,2,forced,96,97,1,0
144,1062882,97,1,648,3,4,none,97,96,0,1
144,1062882,97,1,729,0,6,forced,96,97,1,0
144,1062882,97,1,768,8,1,forced,96,97,1,0
144,1062882,97,1,864,5,3,none,97,96,0,1
144,1062882,97,1,972,2,5,forced,96,97,1,0
144,1062882,97,1,1024,10,0,forced,96,97,1,0
144,1062882,97,1,1152,7,2,none,97,96,0,1
144,1062882,97,1,1296,4,4,forced,96,97,1,0
144,1062882,97,1,1458,1,6,forced,96,97,1,0
144,1062882,97,1,1536,9,1,none,97,96,0,1
144,1062882,97,1,1728,6,3,forced,96,97,1,0
144,1062882,97,1,1944,3,5,forced,96,97,1,0
144,1062882,97,1,2048,11,0,none,97,96,0,1
144,1062882,97,1,2187,0,7,none,97,96,0,1
144,1062882,97,1,2304,8,2,forced,96,97,1,0
144,1062882,97,1,2592,5,4,forced,96,97,1,0
144,1062882,97,1,2916,2,6,none,97,96,0,1
144,1062882,97,1,3072,10,1,forced,96,97,1,0
144,1062882,97,1,3456,7,3,forced,96,97,1,0
144,1062882,97,1,3888,4,5,none,97,96,0,1
144,1062882,97,1,4096,12,0,forced,96,97,1,0
144,1062882,97,1,4374,1,7,forced,96,97,1,0
144,1062882,97,1,4608,9,2,forced,96,97,1,0
144,1062882,97,1,5184,6,4,none,97,96,0,1
144,1062882,97,1,5832,3,6,forced,96,97,1,0
144,1062882,97,1,6144,11,1,forced,96,97,1,0
144,1062882,97,1,6561,0,8,forced,96,97,1,0
144,1062882,97,1,6912,8,3,none,97,96,0,1
144,1062882,97,1,7776,5,5,forced,96,97,1,0
144,1062882,97,1,8192,13,0,forced,96,97,1,0
144,1062882,97,1,8748,2,7,forced,96,97,1,0
144,1062882,97,1,9216,10,2,none,97,96,0,1
144,1062882,97,1,10368,7,4,forced,96,97,1,0
144,1062882,97,1,11664,4,6,forced,96,97,1,0
144,1062882,97,1,12288,12,1,none,97,96,0,1
144,1062882,97,1,13122,1,8,none,97,96,0,1
144,1062882,97,1,13824,9,3,forced,96,97,1,0
144,1062882,97,1,15552,6,5,forced,96,97,1,0
144,1062882,97,1,16384,14,0,none,97,96,0,1
144,1062882,97,1,17496,3,7,none,97,96,0,1
144,1062882,97,1,18432,11,2,forced,96,97,1,0
144,1062882,97,1,19683,0,9,forced,96,97,1,0
144,1062882,97,1,20736,8,4,forced,96,97,1,0
144,1062882,97,1,23328,5,6,none,97,96,0,1
144,1062882,97,1,24576,13,1,forced,96,97,1,0
144,1062882,97,1,26244,2,8,forced,96,97,1,0
144,1062882,97,1,27648,10,3,forced,96,97,1,0
144,1062882,97,1,31104,7,5,none,97,96,0,1
144,1062882,97,1,32768,15,0,forced,96,97,1,0
144,1062882,97,1,34992,4,7,forced,96,97,1,0
144,1062882,97,1,36864,12,2,forced,96,97,1,0
144,1062882,97,1,39366,1,9,forced,96,97,1,0
144,1062882,97,1,41472,9,4,none,97,96,0,1
144,1062882,97,1,46656,6,6,forced,96,97,1,0
144,1062882,97,1,49152,14,1,forced,96,97,1,0
144,1062882,97,1,52488,3,8,forced,96,97,1,0
144,1062882,97,1,55296,11,3,none,97,96,0,1
144,1062882,97,1,59049,0,10,none,97,96,0,1
144,1062882,97,1,62208,8,5,forced,96,97,1,0
144,1062882,97,1,65536,16,0,flexible,97,97,0,0
144,1062882,97,1,69984,5,7,forced,96,97,1,0
144,1062882,97,1,73728,13,2,none,97,96,0,1
144,1062882,97,1,78732,2,9,none,97,96,0,1
144,1062882,97,1,82944,10,4,forced,96,97,1,0
144,1062882,97,1,93312,7,6,forced,96,97,1,0
144,1062882,97,1,98304,15,1,none,97,96,0,1
144,1062882,97,1,104976,4,8,none,97,96,0,1
144,1062882,97,1,110592,12,3,forced,96,97,1,0
144,1062882,97,1,118098,1,10,forced,96,97,1,0
144,1062882,97,1,124416,9,5,forced,96,97,1,0
144,1062882,97,1,131072,17,0,flexible,97,97,0,0
144,1062882,97,1,139968,6,7,none,97,96,0,1
144,1062882,97,1,147456,14,2,forced,96,97,1,0
144,1062882,97,1,157464,3,9,forced,96,97,1,0
144,1062882,97,1,165888,11,4,forced,96,97,1,0
144,1062882,97,1,177147,0,11,forced,96,97,1,0
144,1062882,97,1,186624,8,6,none,97,96,0,1
144,1062882,97,1,196608,16,1,flexible,97,97,0,0
144,1062882,97,1,209952,5,8,forced,96,97,1,0
144,1062882,97,1,221184,13,3,flexible,97,97,0,0
144,1062882,97,1,236196,2,10,forced,96,97,1,0
144,1062882,97,1,248832,10,5,none,97,96,0,1
144,1062882,97,1,262144,18,0,flexible,97,97,0,0
144,1062882,97,1,279936,7,7,flexible,97,97,0,0
144,1062882,97,1,294912,15,2,flexible,97,97,0,0
144,1062882,97,1,314928,4,9,forced,96,97,1,0
144,1062882,97,1,331776,12,4,none,97,96,0,1
144,1062882,97,1,354294,1,11,none,97,96,0,1
144,1062882,97,1,373248,9,6,forced,96,97,1,0
144,1062882,97,1,393216,17,1,forced,96,97,1,0
144,1062882,97,1,419904,6,8,forced,96,97,1,0
144,1062882,97,1,442368,14,3,flexible,97,97,0,0
144,1062882,97,1,472392,3,10,none,97,96,0,1
144,1062882,97,1,497664,11,5,forced,96,97,1,0
144,1062882,97,1,524288,19,0,flexible,97,97,0,0
144,1062882,97,1,531441,0,12,forced,96,97,1,0
144,1062882,97,1,559872,8,7,flexible,97,97,0,0
144,1062882,97,1,589824,16,2,flexible,97,97,0,0
144,1062882,97,1,629856,5,9,none,97,96,0,1
144,1062882,97,1,663552,13,4,flexible,97,97,0,0
144,1062882,97,1,708588,2,11,forced,96,97,1,0
144,1062882,97,1,746496,10,6,forced,96,97,1,0
144,1062882,97,1,786432,18,1,flexible,97,97,0,0
144,1062882,97,1,839808,7,8,flexible,97,97,0,0
144,1062882,97,1,884736,15,3,flexible,97,97,0,0
144,1062882,97,1,944784,4,10,forced,96,97,1,0
144,1062882,97,1,995328,12,5,forced,96,97,1,0
144,1062882,97,1,1048576,20,0,forced,96,97,1,0
144,1062882,97,1,1062882,1,12,forced,96,97,1,0
145,1119744,97,0,1,0,0,flexible,97,97,0,0
145,1119744,97,0,2,1,0,flexible,97,97,0,0
145,1119744,97,0,3,0,1,flexible,97,97,0,0
145,1119744,97,0,4,2,0,flexible,97,97,0,0
145,1119744,97,0,6,1,1,flexible,97,97,0,0
145,1119744,97,0,8,3,0,flexible,97,97,0,0
145,1119744,97,0,9,0,2,flexible,97,97,0,0
145,1119744,97,0,12,2,1,flexible,97,97,0,0
145,1119744,97,0,16,4,0,flexible,97,97,0,0
145,1119744,97,0,18,1,2,flexible,97,97,0,0
145,1119744,97,0,24,3,1,flexible,97,97,0,0
145,1119744,97,0,27,0,3,flexible,97,97,0,0
145,1119744,97,0,32,5,0,flexible,97,97,0,0
145,1119744,97,0,36,2,2,flexible,97,97,0,0
145,1119744,97,0,48,4,1,flexible,97,97,0,0
145,1119744,97,0,54,1,3,flexible,97,97,0,0
145,1119744,97,0,64,6,0,flexible,97,97,0,0
145,1119744,97,0,72,3,2,flexible,97,97,0,0
145,1119744,97,0,81,0,4,flexible,97,97,0,0
145,1119744,97,0,96,5,1,flexible,97,97,0,0
145,1119744,97,0,108,2,3,flexible,97,97,0,0
145,1119744,97,0,128,7,0,flexible,97,97,0,0
145,1119744,97,0,144,4,2,flexible,97,97,0,0
145,1119744,97,0,162,1,4,flexible,97,97,0,0
145,1119744,97,0,192,6,1,flexible,97,97,0,0
145,1119744,97,0,216,3,3,flexible,97,97,0,0
145,1119744,97,0,243,0,5,flexible,97,97,0,0
145,1119744,97,0,256,8,0,flexible,97,97,0,0
145,1119744,97,0,288,5,2,flexible,97,97,0,0
145,1119744,97,0,324,2,4,flexible,97,97,0,0
145,1119744,97,0,384,7,1,flexible,97,97,0,0
145,1119744,97,0,432,4,3,flexible,97,97,0,0
145,1119744,97,0,486,1,5,flexible,97,97,0,0
145,1119744,97,0,512,9,0,flexible,97,97,0,0
145,1119744,97,0,576,6,2,flexible,97,97,0,0
145,1119744,97,0,648,3,4,flexible,97,97,0,0
145,1119744,97,0,729,0,6,flexible,97,97,0,0
145,1119744,97,0,768,8,1,flexible,97,97,0,0
145,1119744,97,0,864,5,3,flexible,97,97,0,0
145,1119744,97,0,972,2,5,flexible,97,97,0,0
145,1119744,97,0,1024,10,0,flexible,97,97,0,0
145,1119744,97,0,1152,7,2,flexible,97,97,0,0
145,1119744,97,0,1296,4,4,flexible,97,97,0,0
145,1119744,97,0,1458,1,6,flexible,97,97,0,0
145,1119744,97,0,1536,9,1,flexible,97,97,0,0
145,1119744,97,0,1728,6,3,flexible,97,97,0,0
145,1119744,97,0,1944,3,5,flexible,97,97,0,0
145,1119744,97,0,2048,11,0,flexible,97,97,0,0
145,1119744,97,0,2187,0,7,flexible,97,97,0,0
145,1119744,97,0,2304,8,2,flexible,97,97,0,0
145,1119744,97,0,2592,5,4,flexible,97,97,0,0
145,1119744,97,0,2916,2,6,flexible,97,97,0,0
145,1119744,97,0,3072,10,1,flexible,97,97,0,0
145,1119744,97,0,3456,7,3,flexible,97,97,0,0
145,1119744,97,0,3888,4,5,flexible,97,97,0,0
145,1119744,97,0,4096,12,0,flexible,97,97,0,0
145,1119744,97,0,4374,1,7,flexible,97,97,0,0
145,1119744,97,0,4608,9,2,flexible,97,97,0,0
145,1119744,97,0,5184,6,4,flexible,97,97,0,0
145,1119744,97,0,5832,3,6,flexible,97,97,0,0
145,1119744,97,0,6144,11,1,flexible,97,97,0,0
145,1119744,97,0,6561,0,8,flexible,97,97,0,0
145,1119744,97,0,6912,8,3,flexible,97,97,0,0
145,1119744,97,0,7776,5,5,flexible,97,97,0,0
145,1119744,97,0,8192,13,0,flexible,97,97,0,0
145,1119744,97,0,8748,2,7,flexible,97,97,0,0
145,1119744,97,0,9216,10,2,flexible,97,97,0,0
145,1119744,97,0,10368,7,4,flexible,97,97,0,0
145,1119744,97,0,11664,4,6,flexible,97,97,0,0
145,1119744,97,0,12288,12,1,flexible,97,97,0,0
145,1119744,97,0,13122,1,8,flexible,97,97,0,0
145,1119744,97,0,13824,9,3,flexible,97,97,0,0
145,1119744,97,0,15552,6,5,flexible,97,97,0,0
145,1119744,97,0,16384,14,0,flexible,97,97,0,0
145,1119744,97,0,17496,3,7,flexible,97,97,0,0
145,1119744,97,0,18432,11,2,flexible,97,97,0,0
145,1119744,97,0,19683,0,9,flexible,97,97,0,0
145,1119744,97,0,20736,8,4,flexible,97,97,0,0
145,1119744,97,0,23328,5,6,flexible,97,97,0,0
145,1119744,97,0,24576,13,1,flexible,97,97,0,0
145,1119744,97,0,26244,2,8,flexible,97,97,0,0
145,1119744,97,0,27648,10,3,flexible,97,97,0,0
145,1119744,97,0,31104,7,5,flexible,97,97,0,0
145,1119744,97,0,32768,15,0,flexible,97,97,0,0
145,1119744,97,0,34992,4,7,flexible,97,97,0,0
145,1119744,97,0,36864,12,2,flexible,97,97,0,0
145,1119744,97,0,39366,1,9,flexible,97,97,0,0
145,1119744,97,0,41472,9,4,flexible,97,97,0,0
145,1119744,97,0,46656,6,6,flexible,97,97,0,0
145,1119744,97,0,49152,14,1,flexible,97,97,0,0
145,1119744,97,0,52488,3,8,flexible,97,97,0,0
145,1119744,97,0,55296,11,3,flexible,97,97,0,0
145,1119744,97,0,59049,0,10,flexible,97,97,0,0
145,1119744,97,0,62208,8,5,flexible,97,97,0,0
145,1119744,97,0,65536,16,0,flexible,97,97,0,0
145,1119744,97,0,69984,5,7,flexible,97,97,0,0
145,1119744,97,0,73728,13,2,flexible,97,97,0,0
145,1119744,97,0,78732,2,9,flexible,97,97,0,0
145,1119744,97,0,82944,10,4,flexible,97,97,0,0
145,1119744,97,0,93312,7,6,flexible,97,97,0,0
145,1119744,97,0,98304,15,1,flexible,97,97,0,0
145,1119744,97,0,104976,4,8,flexible,97,97,0,0
145,1119744,97,0,110592,12,3,flexible,97,97,0,0
145,1119744,97,0,118098,1,10,flexible,97,97,0,0
145,1119744,97,0,124416,9,5,flexible,97,97,0,0
145,1119744,97,0,131072,17,0,flexible,97,97,0,0
145,1119744,97,0,139968,6,7,flexible,97,97,0,0
145,1119744,97,0,147456,14,2,flexible,97,97,0,0
145,1119744,97,0,157464,3,9,flexible,97,97,0,0
145,1119744,97,0,165888,11,4,flexible,97,97,0,0
145,1119744,97,0,177147,0,11,flexible,97,97,0,0
145,1119744,97,0,186624,8,6,flexible,97,97,0,0
145,1119744,97,0,196608,16,1,flexible,97,97,0,0
145,1119744,97,0,209952,5,8,flexible,97,97,0,0
145,1119744,97,0,221184,13,3,flexible,97,97,0,0
145,1119744,97,0,236196,2,10,flexible,97,97,0,0
145,1119744,97,0,248832,10,5,flexible,97,97,0,0
145,1119744,97,0,262144,18,0,flexible,97,97,0,0
145,1119744,97,0,279936,7,7,flexible,97,97,0,0
145,1119744,97,0,294912,15,2,flexible,97,97,0,0
145,1119744,97,0,314928,4,9,flexible,97,97,0,0
145,1119744,97,0,331776,12,4,flexible,97,97,0,0
145,1119744,97,0,354294,1,11,flexible,97,97,0,0
145,1119744,97,0,373248,9,6,flexible,97,97,0,0
145,1119744,97,0,393216,17,1,flexible,97,97,0,0
145,1119744,97,0,419904,6,8,flexible,97,97,0,0
145,1119744,97,0,442368,14,3,flexible,97,97,0,0
145,1119744,97,0,472392,3,10,flexible,97,97,0,0
145,1119744,97,0,497664,11,5,flexible,97,97,0,0
145,1119744,97,0,524288,19,0,flexible,97,97,0,0
145,1119744,97,0,531441,0,12,flexible,97,97,0,0
145,1119744,97,0,559872,8,7,flexible,97,97,0,0
145,1119744,97,0,589824,16,2,flexible,97,97,0,0
145,1119744,97,0,629856,5,9,flexible,97,97,0,0
145,1119744,97,0,663552,13,4,flexible,97,97,0,0
145,1119744,97,0,708588,2,11,flexible,97,97,0,0
145,1119744,97,0,746496,10,6,flexible,97,97,0,0
145,1119744,97,0,786432,18,1,flexible,97,97,0,0
145,1119744,97,0,839808,7,8,flexible,97,97,0,0
145,1119744,97,0,884736,15,3,flexible,97,97,0,0
145,1119744,97,0,944784,4,10,flexible,97,97,0,0
145,1119744,97,0,995328,12,5,flexible,97,97,0,0
145,1119744,97,0,1048576,20,0,forced,96,97,1,0
145,1119744,97,0,1062882,1,12,flexible,97,97,0,0
145,1119744,97,0,1119744,9,7,flexible,97,97,0,0
146,1179648,98,1,1,0,0,forced,97,98,1,0
146,1179648,98,1,2,1,0,flexible,98,98,0,0
146,1179648,98,1,3,0,1,flexible,98,98,0,0
146,1179648,98,1,4,2,0,flexible,98,98,0,0
146,1179648,98,1,6,1,1,forced,97,98,1,0
146,1179648,98,1,8,3,0,forced,97,98,1,0
146,1179648,98,1,9,0,2,flexible,98,98,0,0
146,1179648,98,1,12,2,1,flexible,98,98,0,0
146,1179648,98,1,16,4,0,flexible,98,98,0,0
146,1179648,98,1,18,1,2,flexible,98,98,0,0
146,1179648,98,1,24,3,1,flexible,98,98,0,0
146,1179648,98,1,27,0,3,forced,97,98,1,0
146,1179648,98,1,32,5,0,flexible,98,98,0,0
146,1179648,98,1,36,2,2,forced,97,98,1,0
146,1179648,98,1,48,4,1,forced,97,98,1,0
146,1179648,98,1,54,1,3,flexible,98,98,0,0
146,1179648,98,1,64,6,0,forced,97,98,1,0
146,1179648,98,1,72,3,2,flexible,98,98,0,0
146,1179648,98,1,81,0,4,flexible,98,98,0,0
146,1179648,98,1,96,5,1,flexible,98,98,0,0
146,1179648,98,1,108,2,3,flexible,98,98,0,0
146,1179648,98,1,128,7,0,flexible,98,98,0,0
146,1179648,98,1,144,4,2,flexible,98,98,0,0
146,1179648,98,1,162,1,4,forced,97,98,1,0
146,1179648,98,1,192,6,1,flexible,98,98,0,0
146,1179648,98,1,216,3,3,forced,97,98,1,0
146,1179648,98,1,243,0,5,flexible,98,98,0,0
146,1179648,98,1,256,8,0,flexible,98,98,0,0
146,1179648,98,1,288,5,2,forced,97,98,1,0
146,1179648,98,1,324,2,4,flexible,98,98,0,0
146,1179648,98,1,384,7,1,forced,97,98,1,0
146,1179648,98,1,432,4,3,flexible,98,98,0,0
146,1179648,98,1,486,1,5,flexible,98,98,0,0
146,1179648,98,1,512,9,0,forced,97,98,1,0
146,1179648,98,1,576,6,2,flexible,98,98,0,0
146,1179648,98,1,648,3,4,flexible,98,98,0,0
146,1179648,98,1,729,0,6,forced,97,98,1,0
146,1179648,98,1,768,8,1,flexible,98,98,0,0
146,1179648,98,1,864,5,3,flexible,98,98,0,0
146,1179648,98,1,972,2,5,forced,97,98,1,0
146,1179648,98,1,1024,10,0,flexible,98,98,0,0
146,1179648,98,1,1152,7,2,flexible,98,98,0,0
146,1179648,98,1,1296,4,4,forced,97,98,1,0
146,1179648,98,1,1458,1,6,flexible,98,98,0,0
146,1179648,98,1,1536,9,1,flexible,98,98,0,0
146,1179648,98,1,1728,6,3,forced,97,98,1,0
146,1179648,98,1,1944,3,5,flexible,98,98,0,0
146,1179648,98,1,2048,11,0,flexible,98,98,0,0
146,1179648,98,1,2187,0,7,flexible,98,98,0,0
146,1179648,98,1,2304,8,2,forced,97,98,1,0
146,1179648,98,1,2592,5,4,flexible,98,98,0,0
146,1179648,98,1,2916,2,6,flexible,98,98,0,0
146,1179648,98,1,3072,10,1,forced,97,98,1,0
146,1179648,98,1,3456,7,3,flexible,98,98,0,0
146,1179648,98,1,3888,4,5,flexible,98,98,0,0
146,1179648,98,1,4096,12,0,forced,97,98,1,0
146,1179648,98,1,4374,1,7,forced,97,98,1,0
146,1179648,98,1,4608,9,2,flexible,98,98,0,0
146,1179648,98,1,5184,6,4,flexible,98,98,0,0
146,1179648,98,1,5832,3,6,forced,97,98,1,0
146,1179648,98,1,6144,11,1,flexible,98,98,0,0
146,1179648,98,1,6561,0,8,flexible,98,98,0,0
146,1179648,98,1,6912,8,3,flexible,98,98,0,0
146,1179648,98,1,7776,5,5,forced,97,98,1,0
146,1179648,98,1,8192,13,0,flexible,98,98,0,0
146,1179648,98,1,8748,2,7,flexible,98,98,0,0
146,1179648,98,1,9216,10,2,flexible,98,98,0,0
146,1179648,98,1,10368,7,4,forced,97,98,1,0
146,1179648,98,1,11664,4,6,flexible,98,98,0,0
146,1179648,98,1,12288,12,1,flexible,98,98,0,0
146,1179648,98,1,13122,1,8,flexible,98,98,0,0
146,1179648,98,1,13824,9,3,forced,97,98,1,0
146,1179648,98,1,15552,6,5,flexible,98,98,0,0
146,1179648,98,1,16384,14,0,flexible,98,98,0,0
146,1179648,98,1,17496,3,7,flexible,98,98,0,0
146,1179648,98,1,18432,11,2,forced,97,98,1,0
146,1179648,98,1,19683,0,9,forced,97,98,1,0
146,1179648,98,1,20736,8,4,flexible,98,98,0,0
146,1179648,98,1,23328,5,6,flexible,98,98,0,0
146,1179648,98,1,24576,13,1,forced,97,98,1,0
146,1179648,98,1,26244,2,8,forced,97,98,1,0
146,1179648,98,1,27648,10,3,flexible,98,98,0,0
146,1179648,98,1,31104,7,5,flexible,98,98,0,0
146,1179648,98,1,32768,15,0,forced,97,98,1,0
146,1179648,98,1,34992,4,7,forced,97,98,1,0
146,1179648,98,1,36864,12,2,flexible,98,98,0,0
146,1179648,98,1,39366,1,9,flexible,98,98,0,0
146,1179648,98,1,41472,9,4,flexible,98,98,0,0
146,1179648,98,1,46656,6,6,forced,97,98,1,0
146,1179648,98,1,49152,14,1,flexible,98,98,0,0
146,1179648,98,1,52488,3,8,flexible,98,98,0,0
146,1179648,98,1,55296,11,3,flexible,98,98,0,0
146,1179648,98,1,59049,0,10,flexible,98,98,0,0
146,1179648,98,1,62208,8,5,flexible,98,98,0,0
146,1179648,98,1,65536,16,0,flexible,98,98,0,0
146,1179648,98,1,69984,5,7,flexible,98,98,0,0
146,1179648,98,1,73728,13,2,flexible,98,98,0,0
146,1179648,98,1,78732,2,9,flexible,98,98,0,0
146,1179648,98,1,82944,10,4,forced,97,98,1,0
146,1179648,98,1,93312,7,6,flexible,98,98,0,0
146,1179648,98,1,98304,15,1,flexible,98,98,0,0
146,1179648,98,1,104976,4,8,flexible,98,98,0,0
146,1179648,98,1,110592,12,3,forced,97,98,1,0
146,1179648,98,1,118098,1,10,flexible,98,98,0,0
146,1179648,98,1,124416,9,5,flexible,98,98,0,0
146,1179648,98,1,131072,17,0,flexible,98,98,0,0
146,1179648,98,1,139968,6,7,flexible,98,98,0,0
146,1179648,98,1,147456,14,2,forced,97,98,1,0
146,1179648,98,1,157464,3,9,forced,97,98,1,0
146,1179648,98,1,165888,11,4,flexible,98,98,0,0
146,1179648,98,1,177147,0,11,flexible,98,98,0,0
146,1179648,98,1,186624,8,6,flexible,98,98,0,0
146,1179648,98,1,196608,16,1,forced,97,98,1,0
146,1179648,98,1,209952,5,8,forced,97,98,1,0
146,1179648,98,1,221184,13,3,flexible,98,98,0,0
146,1179648,98,1,236196,2,10,flexible,98,98,0,0
146,1179648,98,1,248832,10,5,flexible,98,98,0,0
146,1179648,98,1,262144,18,0,flexible,98,98,0,0
146,1179648,98,1,279936,7,7,flexible,98,98,0,0
146,1179648,98,1,294912,15,2,flexible,98,98,0,0
146,1179648,98,1,314928,4,9,flexible,98,98,0,0
146,1179648,98,1,331776,12,4,flexible,98,98,0,0
146,1179648,98,1,354294,1,11,flexible,98,98,0,0
146,1179648,98,1,373248,9,6,flexible,98,98,0,0
146,1179648,98,1,393216,17,1,flexible,98,98,0,0
146,1179648,98,1,419904,6,8,flexible,98,98,0,0
146,1179648,98,1,442368,14,3,flexible,98,98,0,0
146,1179648,98,1,472392,3,10,flexible,98,98,0,0
146,1179648,98,1,497664,11,5,forced,97,98,1,0
146,1179648,98,1,524288,19,0,flexible,98,98,0,0
146,1179648,98,1,531441,0,12,forced,97,98,1,0
146,1179648,98,1,559872,8,7,flexible,98,98,0,0
146,1179648,98,1,589824,16,2,flexible,98,98,0,0
146,1179648,98,1,629856,5,9,flexible,98,98,0,0
146,1179648,98,1,663552,13,4,flexible,98,98,0,0
146,1179648,98,1,708588,2,11,flexible,98,98,0,0
146,1179648,98,1,746496,10,6,flexible,98,98,0,0
146,1179648,98,1,786432,18,1,flexible,98,98,0,0
146,1179648,98,1,839808,7,8,flexible,98,98,0,0
146,1179648,98,1,884736,15,3,forced,97,98,1,0
146,1179648,98,1,944784,4,10,forced,97,98,1,0
146,1179648,98,1,995328,12,5,flexible,98,98,0,0
146,1179648,98,1,1048576,20,0,forced,97,98,1,0
146,1179648,98,1,1062882,1,12,flexible,98,98,0,0
146,1179648,98,1,1119744,9,7,flexible,98,98,0,0
146,1179648,98,1,1179648,17,2,forced,97,98,1,0
147,1259712,99,1,1,0,0,forced,98,99,1,0
147,1259712,99,1,2,1,0,flexible,99,99,0,0
147,1259712,99,1,3,0,1,flexible,99,99,0,0
147,1259712,99,1,4,2,0,flexible,99,99,0,0
147,1259712,99,1,6,1,1,forced,98,99,1,0
147,1259712,99,1,8,3,0,forced,98,99,1,0
147,1259712,99,1,9,0,2,flexible,99,99,0,0
147,1259712,99,1,12,2,1,flexible,99,99,0,0
147,1259712,99,1,16,4,0,flexible,99,99,0,0
147,1259712,99,1,18,1,2,flexible,99,99,0,0
147,1259712,99,1,24,3,1,flexible,99,99,0,0
147,1259712,99,1,27,0,3,forced,98,99,1,0
147,1259712,99,1,32,5,0,flexible,99,99,0,0
147,1259712,99,1,36,2,2,forced,98,99,1,0
147,1259712,99,1,48,4,1,forced,98,99,1,0
147,1259712,99,1,54,1,3,flexible,99,99,0,0
147,1259712,99,1,64,6,0,forced,98,99,1,0
147,1259712,99,1,72,3,2,flexible,99,99,0,0
147,1259712,99,1,81,0,4,flexible,99,99,0,0
147,1259712,99,1,96,5,1,flexible,99,99,0,0
147,1259712,99,1,108,2,3,flexible,99,99,0,0
147,1259712,99,1,128,7,0,flexible,99,99,0,0
147,1259712,99,1,144,4,2,flexible,99,99,0,0
147,1259712,99,1,162,1,4,forced,98,99,1,0
147,1259712,99,1,192,6,1,flexible,99,99,0,0
147,1259712,99,1,216,3,3,forced,98,99,1,0
147,1259712,99,1,243,0,5,flexible,99,99,0,0
147,1259712,99,1,256,8,0,flexible,99,99,0,0
147,1259712,99,1,288,5,2,forced,98,99,1,0
147,1259712,99,1,324,2,4,flexible,99,99,0,0
147,1259712,99,1,384,7,1,forced,98,99,1,0
147,1259712,99,1,432,4,3,flexible,99,99,0,0
147,1259712,99,1,486,1,5,flexible,99,99,0,0
147,1259712,99,1,512,9,0,forced,98,99,1,0
147,1259712,99,1,576,6,2,flexible,99,99,0,0
147,1259712,99,1,648,3,4,flexible,99,99,0,0
147,1259712,99,1,729,0,6,forced,98,99,1,0
147,1259712,99,1,768,8,1,flexible,99,99,0,0
147,1259712,99,1,864,5,3,flexible,99,99,0,0
147,1259712,99,1,972,2,5,forced,98,99,1,0
147,1259712,99,1,1024,10,0,flexible,99,99,0,0
147,1259712,99,1,1152,7,2,flexible,99,99,0,0
147,1259712,99,1,1296,4,4,forced,98,99,1,0
147,1259712,99,1,1458,1,6,flexible,99,99,0,0
147,1259712,99,1,1536,9,1,flexible,99,99,0,0
147,1259712,99,1,1728,6,3,forced,98,99,1,0
147,1259712,99,1,1944,3,5,flexible,99,99,0,0
147,1259712,99,1,2048,11,0,flexible,99,99,0,0
147,1259712,99,1,2187,0,7,flexible,99,99,0,0
147,1259712,99,1,2304,8,2,forced,98,99,1,0
147,1259712,99,1,2592,5,4,flexible,99,99,0,0
147,1259712,99,1,2916,2,6,flexible,99,99,0,0
147,1259712,99,1,3072,10,1,forced,98,99,1,0
147,1259712,99,1,3456,7,3,flexible,99,99,0,0
147,1259712,99,1,3888,4,5,flexible,99,99,0,0
147,1259712,99,1,4096,12,0,forced,98,99,1,0
147,1259712,99,1,4374,1,7,forced,98,99,1,0
147,1259712,99,1,4608,9,2,flexible,99,99,0,0
147,1259712,99,1,5184,6,4,flexible,99,99,0,0
147,1259712,99,1,5832,3,6,forced,98,99,1,0
147,1259712,99,1,6144,11,1,flexible,99,99,0,0
147,1259712,99,1,6561,0,8,flexible,99,99,0,0
147,1259712,99,1,6912,8,3,flexible,99,99,0,0
147,1259712,99,1,7776,5,5,forced,98,99,1,0
147,1259712,99,1,8192,13,0,flexible,99,99,0,0
147,1259712,99,1,8748,2,7,flexible,99,99,0,0
147,1259712,99,1,9216,10,2,flexible,99,99,0,0
147,1259712,99,1,10368,7,4,forced,98,99,1,0
147,1259712,99,1,11664,4,6,flexible,99,99,0,0
147,1259712,99,1,12288,12,1,flexible,99,99,0,0
147,1259712,99,1,13122,1,8,flexible,99,99,0,0
147,1259712,99,1,13824,9,3,forced,98,99,1,0
147,1259712,99,1,15552,6,5,flexible,99,99,0,0
147,1259712,99,1,16384,14,0,flexible,99,99,0,0
147,1259712,99,1,17496,3,7,flexible,99,99,0,0
147,1259712,99,1,18432,11,2,forced,98,99,1,0
147,1259712,99,1,19683,0,9,forced,98,99,1,0
147,1259712,99,1,20736,8,4,flexible,99,99,0,0
147,1259712,99,1,23328,5,6,flexible,99,99,0,0
147,1259712,99,1,24576,13,1,forced,98,99,1,0
147,1259712,99,1,26244,2,8,forced,98,99,1,0
147,1259712,99,1,27648,10,3,flexible,99,99,0,0
147,1259712,99,1,31104,7,5,flexible,99,99,0,0
147,1259712,99,1,32768,15,0,forced,98,99,1,0
147,1259712,99,1,34992,4,7,forced,98,99,1,0
147,1259712,99,1,36864,12,2,flexible,99,99,0,0
147,1259712,99,1,39366,1,9,flexible,99,99,0,0
147,1259712,99,1,41472,9,4,flexible,99,99,0,0
147,1259712,99,1,46656,6,6,forced,98,99,1,0
147,1259712,99,1,49152,14,1,flexible,99,99,0,0
147,1259712,99,1,52488,3,8,flexible,99,99,0,0
147,1259712,99,1,55296,11,3,flexible,99,99,0,0
147,1259712,99,1,59049,0,10,flexible,99,99,0,0
147,1259712,99,1,62208,8,5,forced,98,99,1,0
147,1259712,99,1,65536,16,0,flexible,99,99,0,0
147,1259712,99,1,69984,5,7,flexible,99,99,0,0
147,1259712,99,1,73728,13,2,flexible,99,99,0,0
147,1259712,99,1,78732,2,9,flexible,99,99,0,0
147,1259712,99,1,82944,10,4,forced,98,99,1,0
147,1259712,99,1,93312,7,6,flexible,99,99,0,0
147,1259712,99,1,98304,15,1,flexible,99,99,0,0
147,1259712,99,1,104976,4,8,flexible,99,99,0,0
147,1259712,99,1,110592,12,3,forced,98,99,1,0
147,1259712,99,1,118098,1,10,flexible,99,99,0,0
147,1259712,99,1,124416,9,5,flexible,99,99,0,0
147,1259712,99,1,131072,17,0,flexible,99,99,0,0
147,1259712,99,1,139968,6,7,flexible,99,99,0,0
147,1259712,99,1,147456,14,2,forced,98,99,1,0
147,1259712,99,1,157464,3,9,forced,98,99,1,0
147,1259712,99,1,165888,11,4,flexible,99,99,0,0
147,1259712,99,1,177147,0,11,flexible,99,99,0,0
147,1259712,99,1,186624,8,6,flexible,99,99,0,0
147,1259712,99,1,196608,16,1,forced,98,99,1,0
147,1259712,99,1,209952,5,8,forced,98,99,1,0
147,1259712,99,1,221184,13,3,flexible,99,99,0,0
147,1259712,99,1,236196,2,10,flexible,99,99,0,0
147,1259712,99,1,248832,10,5,flexible,99,99,0,0
147,1259712,99,1,262144,18,0,flexible,99,99,0,0
147,1259712,99,1,279936,7,7,forced,98,99,1,0
147,1259712,99,1,294912,15,2,flexible,99,99,0,0
147,1259712,99,1,314928,4,9,flexible,99,99,0,0
147,1259712,99,1,331776,12,4,flexible,99,99,0,0
147,1259712,99,1,354294,1,11,flexible,99,99,0,0
147,1259712,99,1,373248,9,6,flexible,99,99,0,0
147,1259712,99,1,393216,17,1,flexible,99,99,0,0
147,1259712,99,1,419904,6,8,flexible,99,99,0,0
147,1259712,99,1,442368,14,3,flexible,99,99,0,0
147,1259712,99,1,472392,3,10,flexible,99,99,0,0
147,1259712,99,1,497664,11,5,forced,98,99,1,0
147,1259712,99,1,524288,19,0,flexible,99,99,0,0
147,1259712,99,1,531441,0,12,forced,98,99,1,0
147,1259712,99,1,559872,8,7,flexible,99,99,0,0
147,1259712,99,1,589824,16,2,flexible,99,99,0,0
147,1259712,99,1,629856,5,9,flexible,99,99,0,0
147,1259712,99,1,663552,13,4,flexible,99,99,0,0
147,1259712,99,1,708588,2,11,flexible,99,99,0,0
147,1259712,99,1,746496,10,6,flexible,99,99,0,0
147,1259712,99,1,786432,18,1,flexible,99,99,0,0
147,1259712,99,1,839808,7,8,flexible,99,99,0,0
147,1259712,99,1,884736,15,3,forced,98,99,1,0
147,1259712,99,1,944784,4,10,forced,98,99,1,0
147,1259712,99,1,995328,12,5,flexible,99,99,0,0
147,1259712,99,1,1048576,20,0,forced,98,99,1,0
147,1259712,99,1,1062882,1,12,flexible,99,99,0,0
147,1259712,99,1,1119744,9,7,flexible,99,99,0,0
147,1259712,99,1,1179648,17,2,forced,98,99,1,0
147,1259712,99,1,1259712,6,9,forced,98,99,1,0
148,1327104,100,1,1,0,0,forced,99,100,1,0
148,1327104,100,1,2,1,0,forced,99,100,1,0
148,1327104,100,1,3,0,1,none,100,99,0,1
148,1327104,100,1,4,2,0,none,100,99,0,1
148,1327104,100,1,6,1,1,forced,99,100,1,0
148,1327104,100,1,8,3,0,forced,99,100,1,0
148,1327104,100,1,9,0,2,forced,99,100,1,0
148,1327104,100,1,12,2,1,forced,99,100,1,0
148,1327104,100,1,16,4,0,forced,99,100,1,0
148,1327104,100,1,18,1,2,none,100,99,0,1
148,1327104,100,1,24,3,1,none,100,99,0,1
148,1327104,100,1,27,0,3,forced,99,100,1,0
148,1327104,100,1,32,5,0,none,100,99,0,1
148,1327104,100,1,36,2,2,forced,99,100,1,0
148,1327104,100,1,48,4,1,forced,99,100,1,0
148,1327104,100,1,54,1,3,forced,99,100,1,0
148,1327104,100,1,64,6,0,forced,99,100,1,0
148,1327104,100,1,72,3,2,forced,99,100,1,0
148,1327104,100,1,81,0,4,none,100,99,0,1
148,1327104,100,1,96,5,1,forced,99,100,1,0
148,1327104,100,1,108,2,3,none,100,99,0,1
148,1327104,100,1,128,7,0,forced,99,100,1,0
148,1327104,100,1,144,4,2,none,100,99,0,1
148,1327104,100,1,162,1,4,forced,99,100,1,0
148,1327104,100,1,192,6,1,none,100,99,0,1
148,1327104,100,1,216,3,3,forced,99,100,1,0
148,1327104,100,1,243,0,5,forced,99,100,1,0
148,1327104,100,1,256,8,0,none,100,99,0,1
148,1327104,100,1,288,5,2,forced,99,100,1,0
148,1327104,100,1,324,2,4,forced,99,100,1,0
148,1327104,100,1,384,7,1,forced,99,100,1,0
148,1327104,100,1,432,4,3,forced,99,100,1,0
148,1327104,100,1,486,1,5,none,100,99,0,1
148,1327104,100,1,512,9,0,forced,99,100,1,0
148,1327104,100,1,576,6,2,forced,99,100,1,0
148,1327104,100,1,648,3,4,none,100,99,0,1
148,1327104,100,1,729,0,6,forced,99,100,1,0
148,1327104,100,1,768,8,1,forced,99,100,1,0
148,1327104,100,1,864,5,3,none,100,99,0,1
148,1327104,100,1,972,2,5,forced,99,100,1,0
148,1327104,100,1,1024,10,0,forced,99,100,1,0
148,1327104,100,1,1152,7,2,none,100,99,0,1
148,1327104,100,1,1296,4,4,forced,99,100,1,0
148,1327104,100,1,1458,1,6,forced,99,100,1,0
148,1327104,100,1,1536,9,1,none,100,99,0,1
148,1327104,100,1,1728,6,3,forced,99,100,1,0
148,1327104,100,1,1944,3,5,forced,99,100,1,0
148,1327104,100,1,2048,11,0,none,100,99,0,1
148,1327104,100,1,2187,0,7,none,100,99,0,1
148,1327104,100,1,2304,8,2,forced,99,100,1,0
148,1327104,100,1,2592,5,4,forced,99,100,1,0
148,1327104,100,1,2916,2,6,none,100,99,0,1
148,1327104,100,1,3072,10,1,forced,99,100,1,0
148,1327104,100,1,3456,7,3,forced,99,100,1,0
148,1327104,100,1,3888,4,5,none,100,99,0,1
148,1327104,100,1,4096,12,0,forced,99,100,1,0
148,1327104,100,1,4374,1,7,forced,99,100,1,0
148,1327104,100,1,4608,9,2,forced,99,100,1,0
148,1327104,100,1,5184,6,4,none,100,99,0,1
148,1327104,100,1,5832,3,6,forced,99,100,1,0
148,1327104,100,1,6144,11,1,forced,99,100,1,0
148,1327104,100,1,6561,0,8,forced,99,100,1,0
148,1327104,100,1,6912,8,3,none,100,99,0,1
148,1327104,100,1,7776,5,5,forced,99,100,1,0
148,1327104,100,1,8192,13,0,forced,99,100,1,0
148,1327104,100,1,8748,2,7,forced,99,100,1,0
148,1327104,100,1,9216,10,2,none,100,99,0,1
148,1327104,100,1,10368,7,4,forced,99,100,1,0
148,1327104,100,1,11664,4,6,forced,99,100,1,0
148,1327104,100,1,12288,12,1,none,100,99,0,1
148,1327104,100,1,13122,1,8,none,100,99,0,1
148,1327104,100,1,13824,9,3,forced,99,100,1,0
148,1327104,100,1,15552,6,5,forced,99,100,1,0
148,1327104,100,1,16384,14,0,none,100,99,0,1
148,1327104,100,1,17496,3,7,none,100,99,0,1
148,1327104,100,1,18432,11,2,forced,99,100,1,0
148,1327104,100,1,19683,0,9,forced,99,100,1,0
148,1327104,100,1,20736,8,4,forced,99,100,1,0
148,1327104,100,1,23328,5,6,none,100,99,0,1
148,1327104,100,1,24576,13,1,forced,99,100,1,0
148,1327104,100,1,26244,2,8,forced,99,100,1,0
148,1327104,100,1,27648,10,3,forced,99,100,1,0
148,1327104,100,1,31104,7,5,none,100,99,0,1
148,1327104,100,1,32768,15,0,forced,99,100,1,0
148,1327104,100,1,34992,4,7,forced,99,100,1,0
148,1327104,100,1,36864,12,2,forced,99,100,1,0
148,1327104,100,1,39366,1,9,forced,99,100,1,0
148,1327104,100,1,41472,9,4,none,100,99,0,1
148,1327104,100,1,46656,6,6,forced,99,100,1,0
148,1327104,100,1,49152,14,1,forced,99,100,1,0
148,1327104,100,1,52488,3,8,forced,99,100,1,0
148,1327104,100,1,55296,11,3,none,100,99,0,1
148,1327104,100,1,59049,0,10,none,100,99,0,1
148,1327104,100,1,62208,8,5,forced,99,100,1,0
148,1327104,100,1,65536,16,0,forced,99,100,1,0
148,1327104,100,1,69984,5,7,forced,99,100,1,0
148,1327104,100,1,73728,13,2,none,100,99,0,1
148,1327104,100,1,78732,2,9,none,100,99,0,1
148,1327104,100,1,82944,10,4,forced,99,100,1,0
148,1327104,100,1,93312,7,6,forced,99,100,1,0
148,1327104,100,1,98304,15,1,none,100,99,0,1
148,1327104,100,1,104976,4,8,none,100,99,0,1
148,1327104,100,1,110592,12,3,forced,99,100,1,0
148,1327104,100,1,118098,1,10,forced,99,100,1,0
148,1327104,100,1,124416,9,5,forced,99,100,1,0
148,1327104,100,1,131072,17,0,none,100,99,0,1
148,1327104,100,1,139968,6,7,none,100,99,0,1
148,1327104,100,1,147456,14,2,forced,99,100,1,0
148,1327104,100,1,157464,3,9,forced,99,100,1,0
148,1327104,100,1,165888,11,4,forced,99,100,1,0
148,1327104,100,1,177147,0,11,forced,99,100,1,0
148,1327104,100,1,186624,8,6,none,100,99,0,1
148,1327104,100,1,196608,16,1,forced,99,100,1,0
148,1327104,100,1,209952,5,8,forced,99,100,1,0
148,1327104,100,1,221184,13,3,forced,99,100,1,0
148,1327104,100,1,236196,2,10,forced,99,100,1,0
148,1327104,100,1,248832,10,5,none,100,99,0,1
148,1327104,100,1,262144,18,0,forced,99,100,1,0
148,1327104,100,1,279936,7,7,forced,99,100,1,0
148,1327104,100,1,294912,15,2,forced,99,100,1,0
148,1327104,100,1,314928,4,9,forced,99,100,1,0
148,1327104,100,1,331776,12,4,none,100,99,0,1
148,1327104,100,1,354294,1,11,none,100,99,0,1
148,1327104,100,1,373248,9,6,flexible,100,100,0,0
148,1327104,100,1,393216,17,1,forced,99,100,1,0
148,1327104,100,1,419904,6,8,forced,99,100,1,0
148,1327104,100,1,442368,14,3,none,100,99,0,1
148,1327104,100,1,472392,3,10,none,100,99,0,1
148,1327104,100,1,497664,11,5,forced,99,100,1,0
148,1327104,100,1,524288,19,0,forced,99,100,1,0
148,1327104,100,1,531441,0,12,forced,99,100,1,0
148,1327104,100,1,559872,8,7,forced,99,100,1,0
148,1327104,100,1,589824,16,2,none,100,99,0,1
148,1327104,100,1,629856,5,9,none,100,99,0,1
148,1327104,100,1,663552,13,4,forced,99,100,1,0
148,1327104,100,1,708588,2,11,forced,99,100,1,0
148,1327104,100,1,746496,10,6,flexible,100,100,0,0
148,1327104,100,1,786432,18,1,none,100,99,0,1
148,1327104,100,1,839808,7,8,none,100,99,0,1
148,1327104,100,1,884736,15,3,forced,99,100,1,0
148,1327104,100,1,944784,4,10,forced,99,100,1,0
148,1327104,100,1,995328,12,5,forced,99,100,1,0
148,1327104,100,1,1048576,20,0,forced,99,100,1,0
148,1327104,100,1,1062882,1,12,forced,99,100,1,0
148,1327104,100,1,1119744,9,7,flexible,100,100,0,0
148,1327104,100,1,1179648,17,2,forced,99,100,1,0
148,1327104,100,1,1259712,6,9,forced,99,100,1,0
148,1327104,100,1,1327104,14,4,forced,99,100,1,0
149,1417176,101,1,1,0,0,forced,100,101,1,0
149,1417176,101,1,2,1,0,forced,100,101,1,0
149,1417176,101,1,3,0,1,none,101,100,0,1
149,1417176,101,1,4,2,0,none,101,100,0,1
149,1417176,101,1,6,1,1,forced,100,101,1,0
149,1417176,101,1,8,3,0,forced,100,101,1,0
149,1417176,101,1,9,0,2,forced,100,101,1,0
149,1417176,101,1,12,2,1,forced,100,101,1,0
149,1417176,101,1,16,4,0,forced,100,101,1,0
149,1417176,101,1,18,1,2,none,101,100,0,1
149,1417176,101,1,24,3,1,none,101,99,0,2
149,1417176,101,1,27,0,3,forced,100,101,1,0
149,1417176,101,1,32,5,0,none,101,100,0,1
149,1417176,101,1,36,2,2,forced,100,101,1,0
149,1417176,101,1,48,4,1,forced,100,101,1,0
149,1417176,101,1,54,1,3,forced,100,101,1,0
149,1417176,101,1,64,6,0,forced,100,101,1,0
149,1417176,101,1,72,3,2,forced,100,101,1,0
149,1417176,101,1,81,0,4,none,101,100,0,1
149,1417176,101,1,96,5,1,forced,100,101,1,0
149,1417176,101,1,108,2,3,none,101,99,0,2
149,1417176,101,1,128,7,0,forced,100,101,1,0
149,1417176,101,1,144,4,2,none,101,99,0,2
149,1417176,101,1,162,1,4,forced,100,101,1,0
149,1417176,101,1,192,6,1,none,101,99,0,2
149,1417176,101,1,216,3,3,forced,100,101,1,0
149,1417176,101,1,243,0,5,forced,100,101,1,0
149,1417176,101,1,256,8,0,none,101,100,0,1
149,1417176,101,1,288,5,2,forced,100,101,1,0
149,1417176,101,1,324,2,4,forced,100,101,1,0
149,1417176,101,1,384,7,1,forced,100,101,1,0
149,1417176,101,1,432,4,3,forced,100,101,1,0
149,1417176,101,1,486,1,5,none,101,99,0,2
149,1417176,101,1,512,9,0,forced,100,101,1,0
149,1417176,101,1,576,6,2,forced,100,101,1,0
149,1417176,101,1,648,3,4,none,101,99,0,2
149,1417176,101,1,729,0,6,forced,100,101,1,0
149,1417176,101,1,768,8,1,forced,100,101,1,0
149,1417176,101,1,864,5,3,none,101,99,0,2
149,1417176,101,1,972,2,5,forced,100,101,1,0
149,1417176,101,1,1024,10,0,forced,100,101,1,0
149,1417176,101,1,1152,7,2,none,101,99,0,2
149,1417176,101,1,1296,4,4,forced,100,101,1,0
149,1417176,101,1,1458,1,6,forced,100,101,1,0
149,1417176,101,1,1536,9,1,none,101,99,0,2
149,1417176,101,1,1728,6,3,forced,100,101,1,0
149,1417176,101,1,1944,3,5,forced,100,101,1,0
149,1417176,101,1,2048,11,0,none,101,100,0,1
149,1417176,101,1,2187,0,7,none,101,100,0,1
149,1417176,101,1,2304,8,2,forced,100,101,1,0
149,1417176,101,1,2592,5,4,forced,100,101,1,0
149,1417176,101,1,2916,2,6,none,101,99,0,2
149,1417176,101,1,3072,10,1,forced,100,101,1,0
149,1417176,101,1,3456,7,3,forced,100,101,1,0
149,1417176,101,1,3888,4,5,none,101,99,0,2
149,1417176,101,1,4096,12,0,forced,100,101,1,0
149,1417176,101,1,4374,1,7,forced,100,101,1,0
149,1417176,101,1,4608,9,2,forced,100,101,1,0
149,1417176,101,1,5184,6,4,none,101,99,0,2
149,1417176,101,1,5832,3,6,forced,100,101,1,0
149,1417176,101,1,6144,11,1,forced,100,101,1,0
149,1417176,101,1,6561,0,8,forced,100,101,1,0
149,1417176,101,1,6912,8,3,none,101,99,0,2
149,1417176,101,1,7776,5,5,forced,100,101,1,0
149,1417176,101,1,8192,13,0,forced,100,101,1,0
149,1417176,101,1,8748,2,7,forced,100,101,1,0
149,1417176,101,1,9216,10,2,none,101,99,0,2
149,1417176,101,1,10368,7,4,forced,100,101,1,0
149,1417176,101,1,11664,4,6,forced,100,101,1,0
149,1417176,101,1,12288,12,1,none,101,99,0,2
149,1417176,101,1,13122,1,8,none,101,99,0,2
149,1417176,101,1,13824,9,3,forced,100,101,1,0
149,1417176,101,1,15552,6,5,forced,100,101,1,0
149,1417176,101,1,16384,14,0,none,101,100,0,1
149,1417176,101,1,17496,3,7,none,101,99,0,2
149,1417176,101,1,18432,11,2,forced,100,101,1,0
149,1417176,101,1,19683,0,9,forced,100,101,1,0
149,1417176,101,1,20736,8,4,forced,100,101,1,0
149,1417176,101,1,23328,5,6,none,101,99,0,2
149,1417176,101,1,24576,13,1,forced,100,101,1,0
149,1417176,101,1,26244,2,8,forced,100,101,1,0
149,1417176,101,1,27648,10,3,forced,100,101,1,0
149,1417176,101,1,31104,7,5,none,101,99,0,2
149,1417176,101,1,32768,15,0,forced,100,101,1,0
149,1417176,101,1,34992,4,7,forced,100,101,1,0
149,1417176,101,1,36864,12,2,forced,100,101,1,0
149,1417176,101,1,39366,1,9,forced,100,101,1,0
149,1417176,101,1,41472,9,4,none,101,99,0,2
149,1417176,101,1,46656,6,6,forced,100,101,1,0
149,1417176,101,1,49152,14,1,forced,100,101,1,0
149,1417176,101,1,52488,3,8,forced,100,101,1,0
149,1417176,101,1,55296,11,3,none,101,99,0,2
149,1417176,101,1,59049,0,10,none,101,100,0,1
149,1417176,101,1,62208,8,5,forced,100,101,1,0
149,1417176,101,1,65536,16,0,forced,100,101,1,0
149,1417176,101,1,69984,5,7,forced,100,101,1,0
149,1417176,101,1,73728,13,2,none,101,99,0,2
149,1417176,101,1,78732,2,9,none,101,99,0,2
149,1417176,101,1,82944,10,4,forced,100,101,1,0
149,1417176,101,1,93312,7,6,forced,100,101,1,0
149,1417176,101,1,98304,15,1,none,101,100,0,1
149,1417176,101,1,104976,4,8,none,101,99,0,2
149,1417176,101,1,110592,12,3,forced,100,101,1,0
149,1417176,101,1,118098,1,10,forced,100,101,1,0
149,1417176,101,1,124416,9,5,forced,100,101,1,0
149,1417176,101,1,131072,17,0,none,101,100,0,1
149,1417176,101,1,139968,6,7,none,101,99,0,2
149,1417176,101,1,147456,14,2,forced,100,101,1,0
149,1417176,101,1,157464,3,9,forced,100,101,1,0
149,1417176,101,1,165888,11,4,forced,100,101,1,0
149,1417176,101,1,177147,0,11,forced,100,101,1,0
149,1417176,101,1,186624,8,6,none,101,100,0,1
149,1417176,101,1,196608,16,1,forced,100,101,1,0
149,1417176,101,1,209952,5,8,forced,100,101,1,0
149,1417176,101,1,221184,13,3,forced,100,101,1,0
149,1417176,101,1,236196,2,10,forced,100,101,1,0
149,1417176,101,1,248832,10,5,none,101,100,0,1
149,1417176,101,1,262144,18,0,forced,100,101,1,0
149,1417176,101,1,279936,7,7,forced,100,101,1,0
149,1417176,101,1,294912,15,2,forced,100,101,1,0
149,1417176,101,1,314928,4,9,forced,100,101,1,0
149,1417176,101,1,331776,12,4,none,101,99,0,2
149,1417176,101,1,354294,1,11,none,101,99,0,2
149,1417176,101,1,373248,9,6,flexible,101,101,0,0
149,1417176,101,1,393216,17,1,forced,100,101,1,0
149,1417176,101,1,419904,6,8,forced,100,101,1,0
149,1417176,101,1,442368,14,3,none,101,99,0,2
149,1417176,101,1,472392,3,10,none,101,99,0,2
149,1417176,101,1,497664,11,5,forced,100,101,1,0
149,1417176,101,1,524288,19,0,forced,100,101,1,0
149,1417176,101,1,531441,0,12,forced,100,101,1,0
149,1417176,101,1,559872,8,7,forced,100,101,1,0
149,1417176,101,1,589824,16,2,none,101,100,0,1
149,1417176,101,1,629856,5,9,none,101,100,0,1
149,1417176,101,1,663552,13,4,forced,100,101,1,0
149,1417176,101,1,708588,2,11,forced,100,101,1,0
149,1417176,101,1,746496,10,6,flexible,101,101,0,0
149,1417176,101,1,786432,18,1,none,101,100,0,1
149,1417176,101,1,839808,7,8,none,101,100,0,1
149,1417176,101,1,884736,15,3,forced,100,101,1,0
149,1417176,101,1,944784,4,10,forced,100,101,1,0
149,1417176,101,1,995328,12,5,forced,100,101,1,0
149,1417176,101,1,1048576,20,0,forced,100,101,1,0
149,1417176,101,1,1062882,1,12,forced,100,101,1,0
149,1417176,101,1,1119744,9,7,flexible,101,101,0,0
149,1417176,101,1,1179648,17,2,forced,100,101,1,0
149,1417176,101,1,1259712,6,9,forced,100,101,1,0
149,1417176,101,1,1327104,14,4,forced,100,101,1,0
149,1417176,101,1,1417176,3,11,forced,100,101,1,0
150,1492992,101,0,1,0,0,forced,100,101,1,0
150,1492992,101,0,2,1,0,forced,100,101,1,0
150,1492992,101,0,3,0,1,none,101,100,0,1
150,1492992,101,0,4,2,0,none,101,100,0,1
150,1492992,101,0,6,1,1,forced,100,101,1,0
150,1492992,101,0,8,3,0,forced,100,101,1,0
150,1492992,101,0,9,0,2,forced,100,101,1,0
150,1492992,101,0,12,2,1,forced,100,101,1,0
150,1492992,101,0,16,4,0,forced,100,101,1,0
150,1492992,101,0,18,1,2,none,101,100,0,1
150,1492992,101,0,24,3,1,none,101,100,0,1
150,1492992,101,0,27,0,3,forced,100,101,1,0
150,1492992,101,0,32,5,0,none,101,100,0,1
150,1492992,101,0,36,2,2,forced,100,101,1,0
150,1492992,101,0,48,4,1,forced,100,101,1,0
150,1492992,101,0,54,1,3,forced,100,101,1,0
150,1492992,101,0,64,6,0,forced,100,101,1,0
150,1492992,101,0,72,3,2,forced,100,101,1,0
150,1492992,101,0,81,0,4,none,101,100,0,1
150,1492992,101,0,96,5,1,forced,100,101,1,0
150,1492992,101,0,108,2,3,none,101,100,0,1
150,1492992,101,0,128,7,0,forced,100,101,1,0
150,1492992,101,0,144,4,2,none,101,100,0,1
150,1492992,101,0,162,1,4,forced,100,101,1,0
150,1492992,101,0,192,6,1,none,101,100,0,1
150,1492992,101,0,216,3,3,forced,100,101,1,0
150,1492992,101,0,243,0,5,forced,100,101,1,0
150,1492992,101,0,256,8,0,none,101,100,0,1
150,1492992,101,0,288,5,2,forced,100,101,1,0
150,1492992,101,0,324,2,4,forced,100,101,1,0
150,1492992,101,0,384,7,1,forced,100,101,1,0
150,1492992,101,0,432,4,3,forced,100,101,1,0
150,1492992,101,0,486,1,5,none,101,100,0,1
150,1492992,101,0,512,9,0,forced,100,101,1,0
150,1492992,101,0,576,6,2,forced,100,101,1,0
150,1492992,101,0,648,3,4,none,101,100,0,1
150,1492992,101,0,729,0,6,forced,100,101,1,0
150,1492992,101,0,768,8,1,forced,100,101,1,0
150,1492992,101,0,864,5,3,none,101,100,0,1
150,1492992,101,0,972,2,5,forced,100,101,1,0
150,1492992,101,0,1024,10,0,forced,100,101,1,0
150,1492992,101,0,1152,7,2,none,101,100,0,1
150,1492992,101,0,1296,4,4,forced,100,101,1,0
150,1492992,101,0,1458,1,6,forced,100,101,1,0
150,1492992,101,0,1536,9,1,none,101,100,0,1
150,1492992,101,0,1728,6,3,forced,100,101,1,0
150,1492992,101,0,1944,3,5,forced,100,101,1,0
150,1492992,101,0,2048,11,0,none,101,100,0,1
150,1492992,101,0,2187,0,7,none,101,100,0,1
150,1492992,101,0,2304,8,2,forced,100,101,1,0
150,1492992,101,0,2592,5,4,forced,100,101,1,0
150,1492992,101,0,2916,2,6,none,101,100,0,1
150,1492992,101,0,3072,10,1,forced,100,101,1,0
150,1492992,101,0,3456,7,3,forced,100,101,1,0
150,1492992,101,0,3888,4,5,none,101,100,0,1
150,1492992,101,0,4096,12,0,forced,100,101,1,0
150,1492992,101,0,4374,1,7,forced,100,101,1,0
150,1492992,101,0,4608,9,2,forced,100,101,1,0
150,1492992,101,0,5184,6,4,none,101,100,0,1
150,1492992,101,0,5832,3,6,forced,100,101,1,0
150,1492992,101,0,6144,11,1,forced,100,101,1,0
150,1492992,101,0,6561,0,8,forced,100,101,1,0
150,1492992,101,0,6912,8,3,none,101,100,0,1
150,1492992,101,0,7776,5,5,forced,100,101,1,0
150,1492992,101,0,8192,13,0,forced,100,101,1,0
150,1492992,101,0,8748,2,7,forced,100,101,1,0
150,1492992,101,0,9216,10,2,none,101,100,0,1
150,1492992,101,0,10368,7,4,forced,100,101,1,0
150,1492992,101,0,11664,4,6,forced,100,101,1,0
150,1492992,101,0,12288,12,1,none,101,100,0,1
150,1492992,101,0,13122,1,8,none,101,100,0,1
150,1492992,101,0,13824,9,3,forced,100,101,1,0
150,1492992,101,0,15552,6,5,forced,100,101,1,0
150,1492992,101,0,16384,14,0,none,101,100,0,1
150,1492992,101,0,17496,3,7,none,101,100,0,1
150,1492992,101,0,18432,11,2,forced,100,101,1,0
150,1492992,101,0,19683,0,9,forced,100,101,1,0
150,1492992,101,0,20736,8,4,forced,100,101,1,0
150,1492992,101,0,23328,5,6,none,101,100,0,1
150,1492992,101,0,24576,13,1,forced,100,101,1,0
150,1492992,101,0,26244,2,8,forced,100,101,1,0
150,1492992,101,0,27648,10,3,forced,100,101,1,0
150,1492992,101,0,31104,7,5,none,101,100,0,1
150,1492992,101,0,32768,15,0,forced,100,101,1,0
150,1492992,101,0,34992,4,7,forced,100,101,1,0
150,1492992,101,0,36864,12,2,forced,100,101,1,0
150,1492992,101,0,39366,1,9,forced,100,101,1,0
150,1492992,101,0,41472,9,4,none,101,100,0,1
150,1492992,101,0,46656,6,6,forced,100,101,1,0
150,1492992,101,0,49152,14,1,forced,100,101,1,0
150,1492992,101,0,52488,3,8,forced,100,101,1,0
150,1492992,101,0,55296,11,3,none,101,100,0,1
150,1492992,101,0,59049,0,10,none,101,100,0,1
150,1492992,101,0,62208,8,5,forced,100,101,1,0
150,1492992,101,0,65536,16,0,forced,100,101,1,0
150,1492992,101,0,69984,5,7,forced,100,101,1,0
150,1492992,101,0,73728,13,2,none,101,100,0,1
150,1492992,101,0,78732,2,9,none,101,100,0,1
150,1492992,101,0,82944,10,4,flexible,101,101,0,0
150,1492992,101,0,93312,7,6,forced,100,101,1,0
150,1492992,101,0,98304,15,1,none,101,100,0,1
150,1492992,101,0,104976,4,8,none,101,100,0,1
150,1492992,101,0,110592,12,3,forced,100,101,1,0
150,1492992,101,0,118098,1,10,forced,100,101,1,0
150,1492992,101,0,124416,9,5,forced,100,101,1,0
150,1492992,101,0,131072,17,0,none,101,100,0,1
150,1492992,101,0,139968,6,7,none,101,100,0,1
150,1492992,101,0,147456,14,2,forced,100,101,1,0
150,1492992,101,0,157464,3,9,forced,100,101,1,0
150,1492992,101,0,165888,11,4,flexible,101,101,0,0
150,1492992,101,0,177147,0,11,forced,100,101,1,0
150,1492992,101,0,186624,8,6,none,101,100,0,1
150,1492992,101,0,196608,16,1,forced,100,101,1,0
150,1492992,101,0,209952,5,8,forced,100,101,1,0
150,1492992,101,0,221184,13,3,forced,100,101,1,0
150,1492992,101,0,236196,2,10,forced,100,101,1,0
150,1492992,101,0,248832,10,5,flexible,101,101,0,0
150,1492992,101,0,262144,18,0,forced,100,101,1,0
150,1492992,101,0,279936,7,7,forced,100,101,1,0
150,1492992,101,0,294912,15,2,forced,100,101,1,0
150,1492992,101,0,314928,4,9,forced,100,101,1,0
150,1492992,101,0,331776,12,4,none,101,100,0,1
150,1492992,101,0,354294,1,11,none,101,100,0,1
150,1492992,101,0,373248,9,6,flexible,101,101,0,0
150,1492992,101,0,393216,17,1,forced,100,101,1,0
150,1492992,101,0,419904,6,8,forced,100,101,1,0
150,1492992,101,0,442368,14,3,none,101,100,0,1
150,1492992,101,0,472392,3,10,none,101,100,0,1
150,1492992,101,0,497664,11,5,flexible,101,101,0,0
150,1492992,101,0,524288,19,0,forced,100,101,1,0
150,1492992,101,0,531441,0,12,forced,100,101,1,0
150,1492992,101,0,559872,8,7,forced,100,101,1,0
150,1492992,101,0,589824,16,2,none,101,100,0,1
150,1492992,101,0,629856,5,9,none,101,100,0,1
150,1492992,101,0,663552,13,4,forced,100,101,1,0
150,1492992,101,0,708588,2,11,forced,100,101,1,0
150,1492992,101,0,746496,10,6,flexible,101,101,0,0
150,1492992,101,0,786432,18,1,none,101,100,0,1
150,1492992,101,0,839808,7,8,none,101,100,0,1
150,1492992,101,0,884736,15,3,forced,100,101,1,0
150,1492992,101,0,944784,4,10,forced,100,101,1,0
150,1492992,101,0,995328,12,5,flexible,101,101,0,0
150,1492992,101,0,1048576,20,0,forced,100,101,1,0
150,1492992,101,0,1062882,1,12,forced,100,101,1,0
150,1492992,101,0,1119744,9,7,flexible,101,101,0,0
150,1492992,101,0,1179648,17,2,forced,100,101,1,0
150,1492992,101,0,1259712,6,9,forced,100,101,1,0
150,1492992,101,0,1327104,14,4,forced,100,101,1,0
150,1492992,101,0,1417176,3,11,forced,100,101,1,0
150,1492992,101,0,1492992,11,6,flexible,101,101,0,0
151,1572864,101,0,1,0,0,flexible,101,101,0,0
151,1572864,101,0,2,1,0,flexible,101,101,0,0
151,1572864,101,0,3,0,1,flexible,101,101,0,0
151,1572864,101,0,4,2,0,flexible,101,101,0,0
151,1572864,101,0,6,1,1,flexible,101,101,0,0
151,1572864,101,0,8,3,0,flexible,101,101,0,0
151,1572864,101,0,9,0,2,flexible,101,101,0,0
151,1572864,101,0,12,2,1,flexible,101,101,0,0
151,1572864,101,0,16,4,0,flexible,101,101,0,0
151,1572864,101,0,18,1,2,flexible,101,101,0,0
151,1572864,101,0,24,3,1,flexible,101,101,0,0
151,1572864,101,0,27,0,3,flexible,101,101,0,0
151,1572864,101,0,32,5,0,flexible,101,101,0,0
151,1572864,101,0,36,2,2,flexible,101,101,0,0
151,1572864,101,0,48,4,1,flexible,101,101,0,0
151,1572864,101,0,54,1,3,flexible,101,101,0,0
151,1572864,101,0,64,6,0,flexible,101,101,0,0
151,1572864,101,0,72,3,2,flexible,101,101,0,0
151,1572864,101,0,81,0,4,flexible,101,101,0,0
151,1572864,101,0,96,5,1,flexible,101,101,0,0
151,1572864,101,0,108,2,3,flexible,101,101,0,0
151,1572864,101,0,128,7,0,flexible,101,101,0,0
151,1572864,101,0,144,4,2,flexible,101,101,0,0
151,1572864,101,0,162,1,4,flexible,101,101,0,0
151,1572864,101,0,192,6,1,flexible,101,101,0,0
151,1572864,101,0,216,3,3,flexible,101,101,0,0
151,1572864,101,0,243,0,5,flexible,101,101,0,0
151,1572864,101,0,256,8,0,flexible,101,101,0,0
151,1572864,101,0,288,5,2,flexible,101,101,0,0
151,1572864,101,0,324,2,4,flexible,101,101,0,0
151,1572864,101,0,384,7,1,flexible,101,101,0,0
151,1572864,101,0,432,4,3,flexible,101,101,0,0
151,1572864,101,0,486,1,5,flexible,101,101,0,0
151,1572864,101,0,512,9,0,flexible,101,101,0,0
151,1572864,101,0,576,6,2,flexible,101,101,0,0
151,1572864,101,0,648,3,4,flexible,101,101,0,0
151,1572864,101,0,729,0,6,flexible,101,101,0,0
151,1572864,101,0,768,8,1,flexible,101,101,0,0
151,1572864,101,0,864,5,3,flexible,101,101,0,0
151,1572864,101,0,972,2,5,flexible,101,101,0,0
151,1572864,101,0,1024,10,0,flexible,101,101,0,0
151,1572864,101,0,1152,7,2,flexible,101,101,0,0
151,1572864,101,0,1296,4,4,flexible,101,101,0,0
151,1572864,101,0,1458,1,6,flexible,101,101,0,0
151,1572864,101,0,1536,9,1,flexible,101,101,0,0
151,1572864,101,0,1728,6,3,flexible,101,101,0,0
151,1572864,101,0,1944,3,5,flexible,101,101,0,0
151,1572864,101,0,2048,11,0,flexible,101,101,0,0
151,1572864,101,0,2187,0,7,flexible,101,101,0,0
151,1572864,101,0,2304,8,2,flexible,101,101,0,0
151,1572864,101,0,2592,5,4,flexible,101,101,0,0
151,1572864,101,0,2916,2,6,flexible,101,101,0,0
151,1572864,101,0,3072,10,1,flexible,101,101,0,0
151,1572864,101,0,3456,7,3,flexible,101,101,0,0
151,1572864,101,0,3888,4,5,flexible,101,101,0,0
151,1572864,101,0,4096,12,0,flexible,101,101,0,0
151,1572864,101,0,4374,1,7,flexible,101,101,0,0
151,1572864,101,0,4608,9,2,flexible,101,101,0,0
151,1572864,101,0,5184,6,4,flexible,101,101,0,0
151,1572864,101,0,5832,3,6,flexible,101,101,0,0
151,1572864,101,0,6144,11,1,flexible,101,101,0,0
151,1572864,101,0,6561,0,8,flexible,101,101,0,0
151,1572864,101,0,6912,8,3,flexible,101,101,0,0
151,1572864,101,0,7776,5,5,flexible,101,101,0,0
151,1572864,101,0,8192,13,0,flexible,101,101,0,0
151,1572864,101,0,8748,2,7,flexible,101,101,0,0
151,1572864,101,0,9216,10,2,flexible,101,101,0,0
151,1572864,101,0,10368,7,4,flexible,101,101,0,0
151,1572864,101,0,11664,4,6,flexible,101,101,0,0
151,1572864,101,0,12288,12,1,flexible,101,101,0,0
151,1572864,101,0,13122,1,8,flexible,101,101,0,0
151,1572864,101,0,13824,9,3,flexible,101,101,0,0
151,1572864,101,0,15552,6,5,flexible,101,101,0,0
151,1572864,101,0,16384,14,0,flexible,101,101,0,0
151,1572864,101,0,17496,3,7,flexible,101,101,0,0
151,1572864,101,0,18432,11,2,flexible,101,101,0,0
151,1572864,101,0,19683,0,9,flexible,101,101,0,0
151,1572864,101,0,20736,8,4,flexible,101,101,0,0
151,1572864,101,0,23328,5,6,flexible,101,101,0,0
151,1572864,101,0,24576,13,1,flexible,101,101,0,0
151,1572864,101,0,26244,2,8,flexible,101,101,0,0
151,1572864,101,0,27648,10,3,flexible,101,101,0,0
151,1572864,101,0,31104,7,5,flexible,101,101,0,0
151,1572864,101,0,32768,15,0,flexible,101,101,0,0
151,1572864,101,0,34992,4,7,flexible,101,101,0,0
151,1572864,101,0,36864,12,2,flexible,101,101,0,0
151,1572864,101,0,39366,1,9,flexible,101,101,0,0
151,1572864,101,0,41472,9,4,flexible,101,101,0,0
151,1572864,101,0,46656,6,6,flexible,101,101,0,0
151,1572864,101,0,49152,14,1,flexible,101,101,0,0
151,1572864,101,0,52488,3,8,flexible,101,101,0,0
151,1572864,101,0,55296,11,3,flexible,101,101,0,0
151,1572864,101,0,59049,0,10,flexible,101,101,0,0
151,1572864,101,0,62208,8,5,flexible,101,101,0,0
151,1572864,101,0,65536,16,0,flexible,101,101,0,0
151,1572864,101,0,69984,5,7,flexible,101,101,0,0
151,1572864,101,0,73728,13,2,flexible,101,101,0,0
151,1572864,101,0,78732,2,9,flexible,101,101,0,0
151,1572864,101,0,82944,10,4,flexible,101,101,0,0
151,1572864,101,0,93312,7,6,flexible,101,101,0,0
151,1572864,101,0,98304,15,1,flexible,101,101,0,0
151,1572864,101,0,104976,4,8,flexible,101,101,0,0
151,1572864,101,0,110592,12,3,flexible,101,101,0,0
151,1572864,101,0,118098,1,10,flexible,101,101,0,0
151,1572864,101,0,124416,9,5,flexible,101,101,0,0
151,1572864,101,0,131072,17,0,flexible,101,101,0,0
151,1572864,101,0,139968,6,7,flexible,101,101,0,0
151,1572864,101,0,147456,14,2,flexible,101,101,0,0
151,1572864,101,0,157464,3,9,flexible,101,101,0,0
151,1572864,101,0,165888,11,4,flexible,101,101,0,0
151,1572864,101,0,177147,0,11,flexible,101,101,0,0
151,1572864,101,0,186624,8,6,flexible,101,101,0,0
151,1572864,101,0,196608,16,1,flexible,101,101,0,0
151,1572864,101,0,209952,5,8,flexible,101,101,0,0
151,1572864,101,0,221184,13,3,flexible,101,101,0,0
151,1572864,101,0,236196,2,10,flexible,101,101,0,0
151,1572864,101,0,248832,10,5,flexible,101,101,0,0
151,1572864,101,0,262144,18,0,forced,100,101,1,0
151,1572864,101,0,279936,7,7,flexible,101,101,0,0
151,1572864,101,0,294912,15,2,flexible,101,101,0,0
151,1572864,101,0,314928,4,9,flexible,101,101,0,0
151,1572864,101,0,331776,12,4,flexible,101,101,0,0
151,1572864,101,0,354294,1,11,flexible,101,101,0,0
151,1572864,101,0,373248,9,6,flexible,101,101,0,0
151,1572864,101,0,393216,17,1,flexible,101,101,0,0
151,1572864,101,0,419904,6,8,flexible,101,101,0,0
151,1572864,101,0,442368,14,3,flexible,101,101,0,0
151,1572864,101,0,472392,3,10,flexible,101,101,0,0
151,1572864,101,0,497664,11,5,flexible,101,101,0,0
151,1572864,101,0,524288,19,0,flexible,101,101,0,0
151,1572864,101,0,531441,0,12,flexible,101,101,0,0
151,1572864,101,0,559872,8,7,flexible,101,101,0,0
151,1572864,101,0,589824,16,2,flexible,101,101,0,0
151,1572864,101,0,629856,5,9,flexible,101,101,0,0
151,1572864,101,0,663552,13,4,flexible,101,101,0,0
151,1572864,101,0,708588,2,11,flexible,101,101,0,0
151,1572864,101,0,746496,10,6,flexible,101,101,0,0
151,1572864,101,0,786432,18,1,flexible,101,101,0,0
151,1572864,101,0,839808,7,8,flexible,101,101,0,0
151,1572864,101,0,884736,15,3,flexible,101,101,0,0
151,1572864,101,0,944784,4,10,flexible,101,101,0,0
151,1572864,101,0,995328,12,5,flexible,101,101,0,0
151,1572864,101,0,1048576,20,0,flexible,101,101,0,0
151,1572864,101,0,1062882,1,12,flexible,101,101,0,0
151,1572864,101,0,1119744,9,7,flexible,101,101,0,0
151,1572864,101,0,1179648,17,2,flexible,101,101,0,0
151,1572864,101,0,1259712,6,9,flexible,101,101,0,0
151,1572864,101,0,1327104,14,4,flexible,101,101,0,0
151,1572864,101,0,1417176,3,11,flexible,101,101,0,0
151,1572864,101,0,1492992,11,6,flexible,101,101,0,0
151,1572864,101,0,1572864,19,1,flexible,101,101,0,0
152,1594323,102,1,1,0,0,flexible,102,102,0,0
152,1594323,102,1,2,1,0,flexible,102,102,0,0
152,1594323,102,1,3,0,1,flexible,102,102,0,0
152,1594323,102,1,4,2,0,forced,101,102,1,0
152,1594323,102,1,6,1,1,flexible,102,102,0,0
152,1594323,102,1,8,3,0,flexible,102,102,0,0
152,1594323,102,1,9,0,2,flexible,102,102,0,0
152,1594323,102,1,12,2,1,flexible,102,102,0,0
152,1594323,102,1,16,4,0,flexible,102,102,0,0
152,1594323,102,1,18,1,2,forced,101,102,1,0
152,1594323,102,1,24,3,1,forced,101,102,1,0
152,1594323,102,1,27,0,3,flexible,102,102,0,0
152,1594323,102,1,32,5,0,forced,101,102,1,0
152,1594323,102,1,36,2,2,flexible,102,102,0,0
152,1594323,102,1,48,4,1,flexible,102,102,0,0
152,1594323,102,1,54,1,3,flexible,102,102,0,0
152,1594323,102,1,64,6,0,flexible,102,102,0,0
152,1594323,102,1,72,3,2,flexible,102,102,0,0
152,1594323,102,1,81,0,4,forced,101,102,1,0
152,1594323,102,1,96,5,1,flexible,102,102,0,0
152,1594323,102,1,108,2,3,forced,101,102,1,0
152,1594323,102,1,128,7,0,flexible,102,102,0,0
152,1594323,102,1,144,4,2,forced,101,102,1,0
152,1594323,102,1,162,1,4,flexible,102,102,0,0
152,1594323,102,1,192,6,1,forced,101,102,1,0
152,1594323,102,1,216,3,3,flexible,102,102,0,0
152,1594323,102,1,243,0,5,flexible,102,102,0,0
152,1594323,102,1,256,8,0,forced,101,102,1,0
152,1594323,102,1,288,5,2,flexible,102,102,0,0
152,1594323,102,1,324,2,4,flexible,102,102,0,0
152,1594323,102,1,384,7,1,flexible,102,102,0,0
152,1594323,102,1,432,4,3,flexible,102,102,0,0
152,1594323,102,1,486,1,5,forced,101,102,1,0
152,1594323,102,1,512,9,0,flexible,102,102,0,0
152,1594323,102,1,576,6,2,flexible,102,102,0,0
152,1594323,102,1,648,3,4,forced,101,102,1,0
152,1594323,102,1,729,0,6,flexible,102,102,0,0
152,1594323,102,1,768,8,1,flexible,102,102,0,0
152,1594323,102,1,864,5,3,forced,101,102,1,0
152,1594323,102,1,972,2,5,flexible,102,102,0,0
152,1594323,102,1,1024,10,0,flexible,102,102,0,0
152,1594323,102,1,1152,7,2,forced,101,102,1,0
152,1594323,102,1,1296,4,4,flexible,102,102,0,0
152,1594323,102,1,1458,1,6,flexible,102,102,0,0
152,1594323,102,1,1536,9,1,forced,101,102,1,0
152,1594323,102,1,1728,6,3,flexible,102,102,0,0
152,1594323,102,1,1944,3,5,flexible,102,102,0,0
152,1594323,102,1,2048,11,0,forced,101,102,1,0
152,1594323,102,1,2187,0,7,forced,101,102,1,0
152,1594323,102,1,2304,8,2,flexible,102,102,0,0
152,1594323,102,1,2592,5,4,flexible,102,102,0,0
152,1594323,102,1,2916,2,6,forced,101,102,1,0
152,1594323,102,1,3072,10,1,flexible,102,102,0,0
152,1594323,102,1,3456,7,3,flexible,102,102,0,0
152,1594323,102,1,3888,4,5,forced,101,102,1,0
152,1594323,102,1,4096,12,0,flexible,102,102,0,0
152,1594323,102,1,4374,1,7,flexible,102,102,0,0
152,1594323,102,1,4608,9,2,flexible,102,102,0,0
152,1594323,102,1,5184,6,4,forced,101,102,1,0
152,1594323,102,1,5832,3,6,flexible,102,102,0,0
152,1594323,102,1,6144,11,1,flexible,102,102,0,0
152,1594323,102,1,6561,0,8,flexible,102,102,0,0
152,1594323,102,1,6912,8,3,forced,101,102,1,0
152,1594323,102,1,7776,5,5,flexible,102,102,0,0
152,1594323,102,1,8192,13,0,flexible,102,102,0,0
152,1594323,102,1,8748,2,7,flexible,102,102,0,0
152,1594323,102,1,9216,10,2,forced,101,102,1,0
152,1594323,102,1,10368,7,4,flexible,102,102,0,0
152,1594323,102,1,11664,4,6,flexible,102,102,0,0
152,1594323,102,1,12288,12,1,forced,101,102,1,0
152,1594323,102,1,13122,1,8,forced,101,102,1,0
152,1594323,102,1,13824,9,3,flexible,102,102,0,0
152,1594323,102,1,15552,6,5,flexible,102,102,0,0
152,1594323,102,1,16384,14,0,forced,101,102,1,0
152,1594323,102,1,17496,3,7,forced,101,102,1,0
152,1594323,102,1,18432,11,2,flexible,102,102,0,0
152,1594323,102,1,19683,0,9,flexible,102,102,0,0
152,1594323,102,1,20736,8,4,flexible,102,102,0,0
152,1594323,102,1,23328,5,6,forced,101,102,1,0
152,1594323,102,1,24576,13,1,flexible,102,102,0,0
152,1594323,102,1,26244,2,8,flexible,102,102,0,0
152,1594323,102,1,27648,10,3,flexible,102,102,0,0
152,1594323,102,1,31104,7,5,forced,101,102,1,0
152,1594323,102,1,32768,15,0,flexible,102,102,0,0
152,1594323,102,1,34992,4,7,flexible,102,102,0,0
152,1594323,102,1,36864,12,2,flexible,102,102,0,0
152,1594323,102,1,39366,1,9,flexible,102,102,0,0
152,1594323,102,1,41472,9,4,forced,101,102,1,0
152,1594323,102,1,46656,6,6,flexible,102,102,0,0
152,1594323,102,1,49152,14,1,flexible,102,102,0,0
152,1594323,102,1,52488,3,8,flexible,102,102,0,0
152,1594323,102,1,55296,11,3,forced,101,102,1,0
152,1594323,102,1,59049,0,10,forced,101,102,1,0
152,1594323,102,1,62208,8,5,flexible,102,102,0,0
152,1594323,102,1,65536,16,0,flexible,102,102,0,0
152,1594323,102,1,69984,5,7,flexible,102,102,0,0
152,1594323,102,1,73728,13,2,forced,101,102,1,0
152,1594323,102,1,78732,2,9,forced,101,102,1,0
152,1594323,102,1,82944,10,4,flexible,102,102,0,0
152,1594323,102,1,93312,7,6,flexible,102,102,0,0
152,1594323,102,1,98304,15,1,forced,101,102,1,0
152,1594323,102,1,104976,4,8,forced,101,102,1,0
152,1594323,102,1,110592,12,3,flexible,102,102,0,0
152,1594323,102,1,118098,1,10,flexible,102,102,0,0
152,1594323,102,1,124416,9,5,flexible,102,102,0,0
152,1594323,102,1,131072,17,0,forced,101,102,1,0
152,1594323,102,1,139968,6,7,forced,101,102,1,0
152,1594323,102,1,147456,14,2,flexible,102,102,0,0
152,1594323,102,1,157464,3,9,flexible,102,102,0,0
152,1594323,102,1,165888,11,4,flexible,102,102,0,0
152,1594323,102,1,177147,0,11,flexible,102,102,0,0
152,1594323,102,1,186624,8,6,forced,101,102,1,0
152,1594323,102,1,196608,16,1,flexible,102,102,0,0
152,1594323,102,1,209952,5,8,flexible,102,102,0,0
152,1594323,102,1,221184,13,3,flexible,102,102,0,0
152,1594323,102,1,236196,2,10,flexible,102,102,0,0
152,1594323,102,1,248832,10,5,forced,101,102,1,0
152,1594323,102,1,262144,18,0,forced,101,102,1,0
152,1594323,102,1,279936,7,7,flexible,102,102,0,0
152,1594323,102,1,294912,15,2,flexible,102,102,0,0
152,1594323,102,1,314928,4,9,flexible,102,102,0,0
152,1594323,102,1,331776,12,4,forced,101,102,1,0
152,1594323,102,1,354294,1,11,forced,101,102,1,0
152,1594323,102,1,373248,9,6,flexible,102,102,0,0
152,1594323,102,1,393216,17,1,none,102,101,0,1
152,1594323,102,1,419904,6,8,flexible,102,102,0,0
152,1594323,102,1,442368,14,3,flexible,102,102,0,0
152,1594323,102,1,472392,3,10,flexible,102,102,0,0
152,1594323,102,1,497664,11,5,flexible,102,102,0,0
152,1594323,102,1,524288,19,0,none,102,101,0,1
152,1594323,102,1,531441,0,12,flexible,102,102,0,0
152,1594323,102,1,559872,8,7,flexible,102,102,0,0
152,1594323,102,1,589824,16,2,forced,101,102,1,0
152,1594323,102,1,629856,5,9,forced,101,102,1,0
152,1594323,102,1,663552,13,4,flexible,102,102,0,0
152,1594323,102,1,708588,2,11,flexible,102,102,0,0
152,1594323,102,1,746496,10,6,flexible,102,102,0,0
152,1594323,102,1,786432,18,1,forced,101,102,1,0
152,1594323,102,1,839808,7,8,flexible,102,102,0,0
152,1594323,102,1,884736,15,3,flexible,102,102,0,0
152,1594323,102,1,944784,4,10,flexible,102,102,0,0
152,1594323,102,1,995328,12,5,flexible,102,102,0,0
152,1594323,102,1,1048576,20,0,forced,101,102,1,0
152,1594323,102,1,1062882,1,12,flexible,102,102,0,0
152,1594323,102,1,1119744,9,7,forced,101,102,1,0
152,1594323,102,1,1179648,17,2,forced,101,102,1,0
152,1594323,102,1,1259712,6,9,flexible,102,102,0,0
152,1594323,102,1,1327104,14,4,flexible,102,102,0,0
152,1594323,102,1,1417176,3,11,flexible,102,102,0,0
152,1594323,102,1,1492992,11,6,forced,101,102,1,0
152,1594323,102,1,1572864,19,1,forced,101,102,1,0
152,1594323,102,1,1594323,0,13,forced,101,102,1,0
153,1679616,103,1,1,0,0,forced,102,103,1,0
153,1679616,103,1,2,1,0,none,103,102,0,1
153,1679616,103,1,3,0,1,forced,102,103,1,0
153,1679616,103,1,4,2,0,forced,102,103,1,0
153,1679616,103,1,6,1,1,forced,102,103,1,0
153,1679616,103,1,8,3,0,forced,102,103,1,0
153,1679616,103,1,9,0,2,none,103,102,0,1
153,1679616,103,1,12,2,1,none,103,102,0,1
153,1679616,103,1,16,4,0,none,103,102,0,1
153,1679616,103,1,18,1,2,forced,102,103,1,0
153,1679616,103,1,24,3,1,forced,102,103,1,0
153,1679616,103,1,27,0,3,forced,102,103,1,0
153,1679616,103,1,32,5,0,forced,102,103,1,0
153,1679616,103,1,36,2,2,forced,102,103,1,0
153,1679616,103,1,48,4,1,forced,102,103,1,0
153,1679616,103,1,54,1,3,none,103,102,0,1
153,1679616,103,1,64,6,0,forced,102,103,1,0
153,1679616,103,1,72,3,2,none,103,102,0,1
153,1679616,103,1,81,0,4,forced,102,103,1,0
153,1679616,103,1,96,5,1,none,103,102,0,1
153,1679616,103,1,108,2,3,forced,102,103,1,0
153,1679616,103,1,128,7,0,none,103,102,0,1
153,1679616,103,1,144,4,2,forced,102,103,1,0
153,1679616,103,1,162,1,4,forced,102,103,1,0
153,1679616,103,1,192,6,1,forced,102,103,1,0
153,1679616,103,1,216,3,3,forced,102,103,1,0
153,1679616,103,1,243,0,5,none,103,102,0,1
153,1679616,103,1,256,8,0,forced,102,103,1,0
153,1679616,103,1,288,5,2,forced,102,103,1,0
153,1679616,103,1,324,2,4,none,103,102,0,1
153,1679616,103,1,384,7,1,forced,102,103,1,0
153,1679616,103,1,432,4,3,none,103,102,0,1
153,1679616,103,1,486,1,5,forced,102,103,1,0
153,1679616,103,1,512,9,0,forced,102,103,1,0
153,1679616,103,1,576,6,2,none,103,102,0,1
153,1679616,103,1,648,3,4,forced,102,103,1,0
153,1679616,103,1,729,0,6,forced,102,103,1,0
153,1679616,103,1,768,8,1,none,103,102,0,1
153,1679616,103,1,864,5,3,forced,102,103,1,0
153,1679616,103,1,972,2,5,forced,102,103,1,0
153,1679616,103,1,1024,10,0,none,103,102,0,1
153,1679616,103,1,1152,7,2,forced,102,103,1,0
153,1679616,103,1,1296,4,4,forced,102,103,1,0
153,1679616,103,1,1458,1,6,none,103,102,0,1
153,1679616,103,1,1536,9,1,forced,102,103,1,0
153,1679616,103,1,1728,6,3,forced,102,103,1,0
153,1679616,103,1,1944,3,5,none,103,102,0,1
153,1679616,103,1,2048,11,0,forced,102,103,1,0
153,1679616,103,1,2187,0,7,forced,102,103,1,0
153,1679616,103,1,2304,8,2,forced,102,103,1,0
153,1679616,103,1,2592,5,4,none,103,102,0,1
153,1679616,103,1,2916,2,6,forced,102,103,1,0
153,1679616,103,1,3072,10,1,forced,102,103,1,0
153,1679616,103,1,3456,7,3,none,103,102,0,1
153,1679616,103,1,3888,4,5,forced,102,103,1,0
153,1679616,103,1,4096,12,0,forced,102,103,1,0
153,1679616,103,1,4374,1,7,forced,102,103,1,0
153,1679616,103,1,4608,9,2,none,103,102,0,1
153,1679616,103,1,5184,6,4,forced,102,103,1,0
153,1679616,103,1,5832,3,6,forced,102,103,1,0
153,1679616,103,1,6144,11,1,none,103,102,0,1
153,1679616,103,1,6561,0,8,none,103,102,0,1
153,1679616,103,1,6912,8,3,forced,102,103,1,0
153,1679616,103,1,7776,5,5,forced,102,103,1,0
153,1679616,103,1,8192,13,0,none,103,102,0,1
153,1679616,103,1,8748,2,7,none,103,102,0,1
153,1679616,103,1,9216,10,2,forced,102,103,1,0
153,1679616,103,1,10368,7,4,forced,102,103,1,0
153,1679616,103,1,11664,4,6,none,103,102,0,1
153,1679616,103,1,12288,12,1,forced,102,103,1,0
153,1679616,103,1,13122,1,8,forced,102,103,1,0
153,1679616,103,1,13824,9,3,forced,102,103,1,0
153,1679616,103,1,15552,6,5,none,103,102,0,1
153,1679616,103,1,16384,14,0,forced,102,103,1,0
153,1679616,103,1,17496,3,7,forced,102,103,1,0
153,1679616,103,1,18432,11,2,forced,102,103,1,0
153,1679616,103,1,19683,0,9,forced,102,103,1,0
153,1679616,103,1,20736,8,4,none,103,102,0,1
153,1679616,103,1,23328,5,6,forced,102,103,1,0
153,1679616,103,1,24576,13,1,forced,102,103,1,0
153,1679616,103,1,26244,2,8,forced,102,103,1,0
153,1679616,103,1,27648,10,3,none,103,102,0,1
153,1679616,103,1,31104,7,5,forced,102,103,1,0
153,1679616,103,1,32768,15,0,forced,102,103,1,0
153,1679616,103,1,34992,4,7,forced,102,103,1,0
153,1679616,103,1,36864,12,2,none,103,102,0,1
153,1679616,103,1,39366,1,9,none,103,102,0,1
153,1679616,103,1,41472,9,4,forced,102,103,1,0
153,1679616,103,1,46656,6,6,forced,102,103,1,0
153,1679616,103,1,49152,14,1,none,103,102,0,1
153,1679616,103,1,52488,3,8,none,103,102,0,1
153,1679616,103,1,55296,11,3,forced,102,103,1,0
153,1679616,103,1,59049,0,10,forced,102,103,1,0
153,1679616,103,1,62208,8,5,forced,102,103,1,0
153,1679616,103,1,65536,16,0,none,103,102,0,1
153,1679616,103,1,69984,5,7,none,103,102,0,1
153,1679616,103,1,73728,13,2,forced,102,103,1,0
153,1679616,103,1,78732,2,9,forced,102,103,1,0
153,1679616,103,1,82944,10,4,forced,102,103,1,0
153,1679616,103,1,93312,7,6,none,103,102,0,1
153,1679616,103,1,98304,15,1,forced,102,103,1,0
153,1679616,103,1,104976,4,8,forced,102,103,1,0
153,1679616,103,1,110592,12,3,forced,102,103,1,0
153,1679616,103,1,118098,1,10,forced,102,103,1,0
153,1679616,103,1,124416,9,5,none,103,102,0,1
153,1679616,103,1,131072,17,0,forced,102,103,1,0
153,1679616,103,1,139968,6,7,forced,102,103,1,0
153,1679616,103,1,147456,14,2,forced,102,103,1,0
153,1679616,103,1,157464,3,9,forced,102,103,1,0
153,1679616,103,1,165888,11,4,none,103,102,0,1
153,1679616,103,1,177147,0,11,none,103,102,0,1
153,1679616,103,1,186624,8,6,forced,102,103,1,0
153,1679616,103,1,196608,16,1,forced,102,103,1,0
153,1679616,103,1,209952,5,8,forced,102,103,1,0
153,1679616,103,1,221184,13,3,none,103,102,0,1
153,1679616,103,1,236196,2,10,none,103,102,0,1
153,1679616,103,1,248832,10,5,forced,102,103,1,0
153,1679616,103,1,262144,18,0,forced,102,103,1,0
153,1679616,103,1,279936,7,7,forced,102,103,1,0
153,1679616,103,1,294912,15,2,none,103,102,0,1
153,1679616,103,1,314928,4,9,none,103,102,0,1
153,1679616,103,1,331776,12,4,forced,102,103,1,0
153,1679616,103,1,354294,1,11,forced,102,103,1,0
153,1679616,103,1,373248,9,6,forced,102,103,1,0
153,1679616,103,1,393216,17,1,none,103,102,0,1
153,1679616,103,1,419904,6,8,none,103,102,0,1
153,1679616,103,1,442368,14,3,flexible,103,103,0,0
153,1679616,103,1,472392,3,10,flexible,103,103,0,0
153,1679616,103,1,497664,11,5,forced,102,103,1,0
153,1679616,103,1,524288,19,0,none,103,102,0,1
153,1679616,103,1,531441,0,12,forced,102,103,1,0
153,1679616,103,1,559872,8,7,none,103,102,0,1
153,1679616,103,1,589824,16,2,forced,102,103,1,0
153,1679616,103,1,629856,5,9,forced,102,103,1,0
153,1679616,103,1,663552,13,4,forced,102,103,1,0
153,1679616,103,1,708588,2,11,forced,102,103,1,0
153,1679616,103,1,746496,10,6,none,103,102,0,1
153,1679616,103,1,786432,18,1,forced,102,103,1,0
153,1679616,103,1,839808,7,8,forced,102,103,1,0
153,1679616,103,1,884736,15,3,flexible,103,103,0,0
153,1679616,103,1,944784,4,10,flexible,103,103,0,0
153,1679616,103,1,995328,12,5,none,103,102,0,1
153,1679616,103,1,1048576,20,0,forced,102,103,1,0
153,1679616,103,1,1062882,1,12,none,103,102,0,1
153,1679616,103,1,1119744,9,7,forced,102,103,1,0
153,1679616,103,1,1179648,17,2,forced,102,103,1,0
153,1679616,103,1,1259712,6,9,forced,102,103,1,0
153,1679616,103,1,1327104,14,4,flexible,103,103,0,0
153,1679616,103,1,1417176,3,11,flexible,103,103,0,0
153,1679616,103,1,1492992,11,6,forced,102,103,1,0
153,1679616,103,1,1572864,19,1,forced,102,103,1,0
153,1679616,103,1,1594323,0,13,forced,102,103,1,0
153,1679616,103,1,1679616,8,8,forced,102,103,1,0
154,1769472,103,0,1,0,0,forced,102,103,1,0
154,1769472,103,0,2,1,0,flexible,103,103,0,0
154,1769472,103,0,3,0,1,flexible,103,103,0,0
154,1769472,103,0,4,2,0,flexible,103,103,0,0
154,1769472,103,0,6,1,1,forced,102,103,1,0
154,1769472,103,0,8,3,0,forced,102,103,1,0
154,1769472,103,0,9,0,2,flexible,103,103,0,0
154,1769472,103,0,12,2,1,flexible,103,103,0,0
154,1769472,103,0,16,4,0,flexible,103,103,0,0
154,1769472,103,0,18,1,2,flexible,103,103,0,0
154,1769472,103,0,24,3,1,flexible,103,103,0,0
154,1769472,103,0,27,0,3,forced,102,103,1,0
154,1769472,103,0,32,5,0,flexible,103,103,0,0
154,1769472,103,0,36,2,2,forced,102,103,1,0
154,1769472,103,0,48,4,1,forced,102,103,1,0
154,1769472,103,0,54,1,3,flexible,103,103,0,0
154,1769472,103,0,64,6,0,forced,102,103,1,0
154,1769472,103,0,72,3,2,flexible,103,103,0,0
154,1769472,103,0,81,0,4,flexible,103,103,0,0
154,1769472,103,0,96,5,1,flexible,103,103,0,0
154,1769472,103,0,108,2,3,flexible,103,103,0,0
154,1769472,103,0,128,7,0,flexible,103,103,0,0
154,1769472,103,0,144,4,2,flexible,103,103,0,0
154,1769472,103,0,162,1,4,forced,102,103,1,0
154,1769472,103,0,192,6,1,flexible,103,103,0,0
154,1769472,103,0,216,3,3,forced,102,103,1,0
154,1769472,103,0,243,0,5,flexible,103,103,0,0
154,1769472,103,0,256,8,0,flexible,103,103,0,0
154,1769472,103,0,288,5,2,forced,102,103,1,0
154,1769472,103,0,324,2,4,flexible,103,103,0,0
154,1769472,103,0,384,7,1,forced,102,103,1,0
154,1769472,103,0,432,4,3,flexible,103,103,0,0
154,1769472,103,0,486,1,5,flexible,103,103,0,0
154,1769472,103,0,512,9,0,forced,102,103,1,0
154,1769472,103,0,576,6,2,flexible,103,103,0,0
154,1769472,103,0,648,3,4,flexible,103,103,0,0
154,1769472,103,0,729,0,6,forced,102,103,1,0
154,1769472,103,0,768,8,1,flexible,103,103,0,0
154,1769472,103,0,864,5,3,flexible,103,103,0,0
154,1769472,103,0,972,2,5,forced,102,103,1,0
154,1769472,103,0,1024,10,0,flexible,103,103,0,0
154,1769472,103,0,1152,7,2,flexible,103,103,0,0
154,1769472,103,0,1296,4,4,forced,102,103,1,0
154,1769472,103,0,1458,1,6,flexible,103,103,0,0
154,1769472,103,0,1536,9,1,flexible,103,103,0,0
154,1769472,103,0,1728,6,3,forced,102,103,1,0
154,1769472,103,0,1944,3,5,flexible,103,103,0,0
154,1769472,103,0,2048,11,0,flexible,103,103,0,0
154,1769472,103,0,2187,0,7,flexible,103,103,0,0
154,1769472,103,0,2304,8,2,forced,102,103,1,0
154,1769472,103,0,2592,5,4,flexible,103,103,0,0
154,1769472,103,0,2916,2,6,flexible,103,103,0,0
154,1769472,103,0,3072,10,1,forced,102,103,1,0
154,1769472,103,0,3456,7,3,flexible,103,103,0,0
154,1769472,103,0,3888,4,5,flexible,103,103,0,0
154,1769472,103,0,4096,12,0,forced,102,103,1,0
154,1769472,103,0,4374,1,7,forced,102,103,1,0
154,1769472,103,0,4608,9,2,flexible,103,103,0,0
154,1769472,103,0,5184,6,4,flexible,103,103,0,0
154,1769472,103,0,5832,3,6,forced,102,103,1,0
154,1769472,103,0,6144,11,1,flexible,103,103,0,0
154,1769472,103,0,6561,0,8,flexible,103,103,0,0
154,1769472,103,0,6912,8,3,flexible,103,103,0,0
154,1769472,103,0,7776,5,5,forced,102,103,1,0
154,1769472,103,0,8192,13,0,flexible,103,103,0,0
154,1769472,103,0,8748,2,7,flexible,103,103,0,0
154,1769472,103,0,9216,10,2,flexible,103,103,0,0
154,1769472,103,0,10368,7,4,forced,102,103,1,0
154,1769472,103,0,11664,4,6,flexible,103,103,0,0
154,1769472,103,0,12288,12,1,flexible,103,103,0,0
154,1769472,103,0,13122,1,8,flexible,103,103,0,0
154,1769472,103,0,13824,9,3,forced,102,103,1,0
154,1769472,103,0,15552,6,5,flexible,103,103,0,0
154,1769472,103,0,16384,14,0,flexible,103,103,0,0
154,1769472,103,0,17496,3,7,flexible,103,103,0,0
154,1769472,103,0,18432,11,2,forced,102,103,1,0
154,1769472,103,0,19683,0,9,forced,102,103,1,0
154,1769472,103,0,20736,8,4,flexible,103,103,0,0
154,1769472,103,0,23328,5,6,flexible,103,103,0,0
154,1769472,103,0,24576,13,1,forced,102,103,1,0
154,1769472,103,0,26244,2,8,forced,102,103,1,0
154,1769472,103,0,27648,10,3,flexible,103,103,0,0
154,1769472,103,0,31104,7,5,flexible,103,103,0,0
154,1769472,103,0,32768,15,0,flexible,103,103,0,0
154,1769472,103,0,34992,4,7,forced,102,103,1,0
154,1769472,103,0,36864,12,2,flexible,103,103,0,0
154,1769472,103,0,39366,1,9,flexible,103,103,0,0
154,1769472,103,0,41472,9,4,flexible,103,103,0,0
154,1769472,103,0,46656,6,6,forced,102,103,1,0
154,1769472,103,0,49152,14,1,flexible,103,103,0,0
154,1769472,103,0,52488,3,8,flexible,103,103,0,0
154,1769472,103,0,55296,11,3,flexible,103,103,0,0
154,1769472,103,0,59049,0,10,flexible,103,103,0,0
154,1769472,103,0,62208,8,5,forced,102,103,1,0
154,1769472,103,0,65536,16,0,flexible,103,103,0,0
154,1769472,103,0,69984,5,7,flexible,103,103,0,0
154,1769472,103,0,73728,13,2,flexible,103,103,0,0
154,1769472,103,0,78732,2,9,flexible,103,103,0,0
154,1769472,103,0,82944,10,4,forced,102,103,1,0
154,1769472,103,0,93312,7,6,flexible,103,103,0,0
154,1769472,103,0,98304,15,1,flexible,103,103,0,0
154,1769472,103,0,104976,4,8,flexible,103,103,0,0
154,1769472,103,0,110592,12,3,forced,102,103,1,0
154,1769472,103,0,118098,1,10,forced,102,103,1,0
154,1769472,103,0,124416,9,5,flexible,103,103,0,0
154,1769472,103,0,131072,17,0,flexible,103,103,0,0
154,1769472,103,0,139968,6,7,flexible,103,103,0,0
154,1769472,103,0,147456,14,2,forced,102,103,1,0
154,1769472,103,0,157464,3,9,forced,102,103,1,0
154,1769472,103,0,165888,11,4,flexible,103,103,0,0
154,1769472,103,0,177147,0,11,flexible,103,103,0,0
154,1769472,103,0,186624,8,6,flexible,103,103,0,0
154,1769472,103,0,196608,16,1,flexible,103,103,0,0
154,1769472,103,0,209952,5,8,forced,102,103,1,0
154,1769472,103,0,221184,13,3,flexible,103,103,0,0
154,1769472,103,0,236196,2,10,flexible,103,103,0,0
154,1769472,103,0,248832,10,5,flexible,103,103,0,0
154,1769472,103,0,262144,18,0,forced,102,103,1,0
154,1769472,103,0,279936,7,7,forced,102,103,1,0
154,1769472,103,0,294912,15,2,flexible,103,103,0,0
154,1769472,103,0,314928,4,9,flexible,103,103,0,0
154,1769472,103,0,331776,12,4,flexible,103,103,0,0
154,1769472,103,0,354294,1,11,flexible,103,103,0,0
154,1769472,103,0,373248,9,6,forced,102,103,1,0
154,1769472,103,0,393216,17,1,flexible,103,103,0,0
154,1769472,103,0,419904,6,8,flexible,103,103,0,0
154,1769472,103,0,442368,14,3,flexible,103,103,0,0
154,1769472,103,0,472392,3,10,flexible,103,103,0,0
154,1769472,103,0,497664,11,5,flexible,103,103,0,0
154,1769472,103,0,524288,19,0,flexible,103,103,0,0
154,1769472,103,0,531441,0,12,flexible,103,103,0,0
154,1769472,103,0,559872,8,7,flexible,103,103,0,0
154,1769472,103,0,589824,16,2,flexible,103,103,0,0
154,1769472,103,0,629856,5,9,flexible,103,103,0,0
154,1769472,103,0,663552,13,4,forced,102,103,1,0
154,1769472,103,0,708588,2,11,forced,102,103,1,0
154,1769472,103,0,746496,10,6,flexible,103,103,0,0
154,1769472,103,0,786432,18,1,flexible,103,103,0,0
154,1769472,103,0,839808,7,8,flexible,103,103,0,0
154,1769472,103,0,884736,15,3,flexible,103,103,0,0
154,1769472,103,0,944784,4,10,flexible,103,103,0,0
154,1769472,103,0,995328,12,5,flexible,103,103,0,0
154,1769472,103,0,1048576,20,0,flexible,103,103,0,0
154,1769472,103,0,1062882,1,12,flexible,103,103,0,0
154,1769472,103,0,1119744,9,7,flexible,103,103,0,0
154,1769472,103,0,1179648,17,2,flexible,103,103,0,0
154,1769472,103,0,1259712,6,9,forced,102,103,1,0
154,1769472,103,0,1327104,14,4,flexible,103,103,0,0
154,1769472,103,0,1417176,3,11,flexible,103,103,0,0
154,1769472,103,0,1492992,11,6,flexible,103,103,0,0
154,1769472,103,0,1572864,19,1,flexible,103,103,0,0
154,1769472,103,0,1594323,0,13,flexible,103,103,0,0
154,1769472,103,0,1679616,8,8,forced,102,103,1,0
154,1769472,103,0,1769472,16,3,flexible,103,103,0,0
155,1889568,104,1,1,0,0,forced,103,104,1,0
155,1889568,104,1,2,1,0,forced,103,104,1,0
155,1889568,104,1,3,0,1,none,104,103,0,1
155,1889568,104,1,4,2,0,none,104,103,0,1
155,1889568,104,1,6,1,1,forced,103,104,1,0
155,1889568,104,1,8,3,0,forced,103,104,1,0
155,1889568,104,1,9,0,2,forced,103,104,1,0
155,1889568,104,1,12,2,1,forced,103,104,1,0
155,1889568,104,1,16,4,0,forced,103,104,1,0
155,1889568,104,1,18,1,2,none,104,103,0,1
155,1889568,104,1,24,3,1,none,104,103,0,1
155,1889568,104,1,27,0,3,forced,103,104,1,0
155,1889568,104,1,32,5,0,none,104,103,0,1
155,1889568,104,1,36,2,2,forced,103,104,1,0
155,1889568,104,1,48,4,1,forced,103,104,1,0
155,1889568,104,1,54,1,3,forced,103,104,1,0
155,1889568,104,1,64,6,0,forced,103,104,1,0
155,1889568,104,1,72,3,2,forced,103,104,1,0
155,1889568,104,1,81,0,4,none,104,103,0,1
155,1889568,104,1,96,5,1,forced,103,104,1,0
155,1889568,104,1,108,2,3,none,104,103,0,1
155,1889568,104,1,128,7,0,forced,103,104,1,0
155,1889568,104,1,144,4,2,none,104,103,0,1
155,1889568,104,1,162,1,4,forced,103,104,1,0
155,1889568,104,1,192,6,1,none,104,103,0,1
155,1889568,104,1,216,3,3,forced,103,104,1,0
155,1889568,104,1,243,0,5,forced,103,104,1,0
155,1889568,104,1,256,8,0,none,104,103,0,1
155,1889568,104,1,288,5,2,forced,103,104,1,0
155,1889568,104,1,324,2,4,forced,103,104,1,0
155,1889568,104,1,384,7,1,forced,103,104,1,0
155,1889568,104,1,432,4,3,forced,103,104,1,0
155,1889568,104,1,486,1,5,none,104,103,0,1
155,1889568,104,1,512,9,0,forced,103,104,1,0
155,1889568,104,1,576,6,2,forced,103,104,1,0
155,1889568,104,1,648,3,4,none,104,103,0,1
155,1889568,104,1,729,0,6,forced,103,104,1,0
155,1889568,104,1,768,8,1,forced,103,104,1,0
155,1889568,104,1,864,5,3,none,104,103,0,1
155,1889568,104,1,972,2,5,forced,103,104,1,0
155,1889568,104,1,1024,10,0,forced,103,104,1,0
155,1889568,104,1,1152,7,2,none,104,103,0,1
155,1889568,104,1,1296,4,4,forced,103,104,1,0
155,1889568,104,1,1458,1,6,forced,103,104,1,0
155,1889568,104,1,1536,9,1,none,104,103,0,1
155,1889568,104,1,1728,6,3,forced,103,104,1,0
155,1889568,104,1,1944,3,5,forced,103,104,1,0
155,1889568,104,1,2048,11,0,none,104,103,0,1
155,1889568,104,1,2187,0,7,none,104,103,0,1
155,1889568,104,1,2304,8,2,forced,103,104,1,0
155,1889568,104,1,2592,5,4,forced,103,104,1,0
155,1889568,104,1,2916,2,6,none,104,103,0,1
155,1889568,104,1,3072,10,1,forced,103,104,1,0
155,1889568,104,1,3456,7,3,forced,103,104,1,0
155,1889568,104,1,3888,4,5,none,104,103,0,1
155,1889568,104,1,4096,12,0,forced,103,104,1,0
155,1889568,104,1,4374,1,7,forced,103,104,1,0
155,1889568,104,1,4608,9,2,forced,103,104,1,0
155,1889568,104,1,5184,6,4,none,104,103,0,1
155,1889568,104,1,5832,3,6,forced,103,104,1,0
155,1889568,104,1,6144,11,1,forced,103,104,1,0
155,1889568,104,1,6561,0,8,forced,103,104,1,0
155,1889568,104,1,6912,8,3,none,104,103,0,1
155,1889568,104,1,7776,5,5,forced,103,104,1,0
155,1889568,104,1,8192,13,0,forced,103,104,1,0
155,1889568,104,1,8748,2,7,forced,103,104,1,0
155,1889568,104,1,9216,10,2,none,104,103,0,1
155,1889568,104,1,10368,7,4,forced,103,104,1,0
155,1889568,104,1,11664,4,6,forced,103,104,1,0
155,1889568,104,1,12288,12,1,none,104,103,0,1
155,1889568,104,1,13122,1,8,none,104,103,0,1
155,1889568,104,1,13824,9,3,forced,103,104,1,0
155,1889568,104,1,15552,6,5,forced,103,104,1,0
155,1889568,104,1,16384,14,0,none,104,103,0,1
155,1889568,104,1,17496,3,7,none,104,103,0,1
155,1889568,104,1,18432,11,2,forced,103,104,1,0
155,1889568,104,1,19683,0,9,forced,103,104,1,0
155,1889568,104,1,20736,8,4,forced,103,104,1,0
155,1889568,104,1,23328,5,6,none,104,103,0,1
155,1889568,104,1,24576,13,1,forced,103,104,1,0
155,1889568,104,1,26244,2,8,forced,103,104,1,0
155,1889568,104,1,27648,10,3,forced,103,104,1,0
155,1889568,104,1,31104,7,5,none,104,103,0,1
155,1889568,104,1,32768,15,0,forced,103,104,1,0
155,1889568,104,1,34992,4,7,forced,103,104,1,0
155,1889568,104,1,36864,12,2,forced,103,104,1,0
155,1889568,104,1,39366,1,9,forced,103,104,1,0
155,1889568,104,1,41472,9,4,none,104,103,0,1
155,1889568,104,1,46656,6,6,forced,103,104,1,0
155,1889568,104,1,49152,14,1,forced,103,104,1,0
155,1889568,104,1,52488,3,8,forced,103,104,1,0
155,1889568,104,1,55296,11,3,none,104,103,0,1
155,1889568,104,1,59049,0,10,none,104,103,0,1
155,1889568,104,1,62208,8,5,forced,103,104,1,0
155,1889568,104,1,65536,16,0,flexible,104,104,0,0
155,1889568,104,1,69984,5,7,forced,103,104,1,0
155,1889568,104,1,73728,13,2,none,104,103,0,1
155,1889568,104,1,78732,2,9,none,104,103,0,1
155,1889568,104,1,82944,10,4,forced,103,104,1,0
155,1889568,104,1,93312,7,6,forced,103,104,1,0
155,1889568,104,1,98304,15,1,none,104,103,0,1
155,1889568,104,1,104976,4,8,none,104,103,0,1
155,1889568,104,1,110592,12,3,forced,103,104,1,0
155,1889568,104,1,118098,1,10,forced,103,104,1,0
155,1889568,104,1,124416,9,5,forced,103,104,1,0
155,1889568,104,1,131072,17,0,flexible,104,104,0,0
155,1889568,104,1,139968,6,7,none,104,103,0,1
155,1889568,104,1,147456,14,2,forced,103,104,1,0
155,1889568,104,1,157464,3,9,forced,103,104,1,0
155,1889568,104,1,165888,11,4,forced,103,104,1,0
155,1889568,104,1,177147,0,11,forced,103,104,1,0
155,1889568,104,1,186624,8,6,none,104,103,0,1
155,1889568,104,1,196608,16,1,flexible,104,104,0,0
155,1889568,104,1,209952,5,8,forced,103,104,1,0
155,1889568,104,1,221184,13,3,forced,103,104,1,0
155,1889568,104,1,236196,2,10,forced,103,104,1,0
155,1889568,104,1,248832,10,5,none,104,103,0,1
155,1889568,104,1,262144,18,0,forced,103,104,1,0
155,1889568,104,1,279936,7,7,forced,103,104,1,0
155,1889568,104,1,294912,15,2,forced,103,104,1,0
155,1889568,104,1,314928,4,9,forced,103,104,1,0
155,1889568,104,1,331776,12,4,none,104,103,0,1
155,1889568,104,1,354294,1,11,none,104,103,0,1
155,1889568,104,1,373248,9,6,forced,103,104,1,0
155,1889568,104,1,393216,17,1,flexible,104,104,0,0
155,1889568,104,1,419904,6,8,forced,103,104,1,0
155,1889568,104,1,442368,14,3,none,104,103,0,1
155,1889568,104,1,472392,3,10,none,104,103,0,1
155,1889568,104,1,497664,11,5,flexible,104,104,0,0
155,1889568,104,1,524288,19,0,flexible,104,104,0,0
155,1889568,104,1,531441,0,12,flexible,104,104,0,0
155,1889568,104,1,559872,8,7,forced,103,104,1,0
155,1889568,104,1,589824,16,2,none,104,103,0,1
155,1889568,104,1,629856,5,9,none,104,103,0,1
155,1889568,104,1,663552,13,4,forced,103,104,1,0
155,1889568,104,1,708588,2,11,forced,103,104,1,0
155,1889568,104,1,746496,10,6,forced,103,104,1,0
155,1889568,104,1,786432,18,1,flexible,104,104,0,0
155,1889568,104,1,839808,7,8,none,104,103,0,1
155,1889568,104,1,884736,15,3,forced,103,104,1,0
155,1889568,104,1,944784,4,10,forced,103,104,1,0
155,1889568,104,1,995328,12,5,flexible,104,104,0,0
155,1889568,104,1,1048576,20,0,flexible,104,104,0,0
155,1889568,104,1,1062882,1,12,flexible,104,104,0,0
155,1889568,104,1,1119744,9,7,none,104,103,0,1
155,1889568,104,1,1179648,17,2,flexible,104,104,0,0
155,1889568,104,1,1259712,6,9,forced,103,104,1,0
155,1889568,104,1,1327104,14,4,forced,103,104,1,0
155,1889568,104,1,1417176,3,11,forced,103,104,1,0
155,1889568,104,1,1492992,11,6,flexible,104,104,0,0
155,1889568,104,1,1572864,19,1,flexible,104,104,0,0
155,1889568,104,1,1594323,0,13,flexible,104,104,0,0
155,1889568,104,1,1679616,8,8,forced,103,104,1,0
155,1889568,104,1,1769472,16,3,forced,103,104,1,0
155,1889568,104,1,1889568,5,10,forced,103,104,1,0
156,1990656,104,0,1,0,0,flexible,104,104,0,0
156,1990656,104,0,2,1,0,flexible,104,104,0,0
156,1990656,104,0,3,0,1,flexible,104,104,0,0
156,1990656,104,0,4,2,0,flexible,104,104,0,0
156,1990656,104,0,6,1,1,flexible,104,104,0,0
156,1990656,104,0,8,3,0,flexible,104,104,0,0
156,1990656,104,0,9,0,2,flexible,104,104,0,0
156,1990656,104,0,12,2,1,flexible,104,104,0,0
156,1990656,104,0,16,4,0,flexible,104,104,0,0
156,1990656,104,0,18,1,2,flexible,104,104,0,0
156,1990656,104,0,24,3,1,flexible,104,104,0,0
156,1990656,104,0,27,0,3,flexible,104,104,0,0
156,1990656,104,0,32,5,0,flexible,104,104,0,0
156,1990656,104,0,36,2,2,flexible,104,104,0,0
156,1990656,104,0,48,4,1,flexible,104,104,0,0
156,1990656,104,0,54,1,3,flexible,104,104,0,0
156,1990656,104,0,64,6,0,flexible,104,104,0,0
156,1990656,104,0,72,3,2,flexible,104,104,0,0
156,1990656,104,0,81,0,4,flexible,104,104,0,0
156,1990656,104,0,96,5,1,flexible,104,104,0,0
156,1990656,104,0,108,2,3,flexible,104,104,0,0
156,1990656,104,0,128,7,0,flexible,104,104,0,0
156,1990656,104,0,144,4,2,flexible,104,104,0,0
156,1990656,104,0,162,1,4,flexible,104,104,0,0
156,1990656,104,0,192,6,1,flexible,104,104,0,0
156,1990656,104,0,216,3,3,flexible,104,104,0,0
156,1990656,104,0,243,0,5,flexible,104,104,0,0
156,1990656,104,0,256,8,0,flexible,104,104,0,0
156,1990656,104,0,288,5,2,flexible,104,104,0,0
156,1990656,104,0,324,2,4,flexible,104,104,0,0
156,1990656,104,0,384,7,1,flexible,104,104,0,0
156,1990656,104,0,432,4,3,flexible,104,104,0,0
156,1990656,104,0,486,1,5,flexible,104,104,0,0
156,1990656,104,0,512,9,0,flexible,104,104,0,0
156,1990656,104,0,576,6,2,flexible,104,104,0,0
156,1990656,104,0,648,3,4,flexible,104,104,0,0
156,1990656,104,0,729,0,6,flexible,104,104,0,0
156,1990656,104,0,768,8,1,flexible,104,104,0,0
156,1990656,104,0,864,5,3,flexible,104,104,0,0
156,1990656,104,0,972,2,5,flexible,104,104,0,0
156,1990656,104,0,1024,10,0,flexible,104,104,0,0
156,1990656,104,0,1152,7,2,flexible,104,104,0,0
156,1990656,104,0,1296,4,4,flexible,104,104,0,0
156,1990656,104,0,1458,1,6,flexible,104,104,0,0
156,1990656,104,0,1536,9,1,flexible,104,104,0,0
156,1990656,104,0,1728,6,3,flexible,104,104,0,0
156,1990656,104,0,1944,3,5,flexible,104,104,0,0
156,1990656,104,0,2048,11,0,flexible,104,104,0,0
156,1990656,104,0,2187,0,7,flexible,104,104,0,0
156,1990656,104,0,2304,8,2,flexible,104,104,0,0
156,1990656,104,0,2592,5,4,flexible,104,104,0,0
156,1990656,104,0,2916,2,6,flexible,104,104,0,0
156,1990656,104,0,3072,10,1,flexible,104,104,0,0
156,1990656,104,0,3456,7,3,flexible,104,104,0,0
156,1990656,104,0,3888,4,5,flexible,104,104,0,0
156,1990656,104,0,4096,12,0,flexible,104,104,0,0
156,1990656,104,0,4374,1,7,flexible,104,104,0,0
156,1990656,104,0,4608,9,2,flexible,104,104,0,0
156,1990656,104,0,5184,6,4,flexible,104,104,0,0
156,1990656,104,0,5832,3,6,flexible,104,104,0,0
156,1990656,104,0,6144,11,1,flexible,104,104,0,0
156,1990656,104,0,6561,0,8,flexible,104,104,0,0
156,1990656,104,0,6912,8,3,flexible,104,104,0,0
156,1990656,104,0,7776,5,5,flexible,104,104,0,0
156,1990656,104,0,8192,13,0,flexible,104,104,0,0
156,1990656,104,0,8748,2,7,flexible,104,104,0,0
156,1990656,104,0,9216,10,2,flexible,104,104,0,0
156,1990656,104,0,10368,7,4,flexible,104,104,0,0
156,1990656,104,0,11664,4,6,flexible,104,104,0,0
156,1990656,104,0,12288,12,1,flexible,104,104,0,0
156,1990656,104,0,13122,1,8,flexible,104,104,0,0
156,1990656,104,0,13824,9,3,flexible,104,104,0,0
156,1990656,104,0,15552,6,5,flexible,104,104,0,0
156,1990656,104,0,16384,14,0,flexible,104,104,0,0
156,1990656,104,0,17496,3,7,flexible,104,104,0,0
156,1990656,104,0,18432,11,2,flexible,104,104,0,0
156,1990656,104,0,19683,0,9,flexible,104,104,0,0
156,1990656,104,0,20736,8,4,flexible,104,104,0,0
156,1990656,104,0,23328,5,6,flexible,104,104,0,0
156,1990656,104,0,24576,13,1,flexible,104,104,0,0
156,1990656,104,0,26244,2,8,flexible,104,104,0,0
156,1990656,104,0,27648,10,3,flexible,104,104,0,0
156,1990656,104,0,31104,7,5,flexible,104,104,0,0
156,1990656,104,0,32768,15,0,flexible,104,104,0,0
156,1990656,104,0,34992,4,7,flexible,104,104,0,0
156,1990656,104,0,36864,12,2,flexible,104,104,0,0
156,1990656,104,0,39366,1,9,flexible,104,104,0,0
156,1990656,104,0,41472,9,4,flexible,104,104,0,0
156,1990656,104,0,46656,6,6,flexible,104,104,0,0
156,1990656,104,0,49152,14,1,flexible,104,104,0,0
156,1990656,104,0,52488,3,8,flexible,104,104,0,0
156,1990656,104,0,55296,11,3,flexible,104,104,0,0
156,1990656,104,0,59049,0,10,flexible,104,104,0,0
156,1990656,104,0,62208,8,5,flexible,104,104,0,0
156,1990656,104,0,65536,16,0,flexible,104,104,0,0
156,1990656,104,0,69984,5,7,flexible,104,104,0,0
156,1990656,104,0,73728,13,2,flexible,104,104,0,0
156,1990656,104,0,78732,2,9,flexible,104,104,0,0
156,1990656,104,0,82944,10,4,flexible,104,104,0,0
156,1990656,104,0,93312,7,6,flexible,104,104,0,0
156,1990656,104,0,98304,15,1,flexible,104,104,0,0
156,1990656,104,0,104976,4,8,flexible,104,104,0,0
156,1990656,104,0,110592,12,3,flexible,104,104,0,0
156,1990656,104,0,118098,1,10,flexible,104,104,0,0
156,1990656,104,0,124416,9,5,flexible,104,104,0,0
156,1990656,104,0,131072,17,0,flexible,104,104,0,0
156,1990656,104,0,139968,6,7,flexible,104,104,0,0
156,1990656,104,0,147456,14,2,flexible,104,104,0,0
156,1990656,104,0,157464,3,9,flexible,104,104,0,0
156,1990656,104,0,165888,11,4,flexible,104,104,0,0
156,1990656,104,0,177147,0,11,flexible,104,104,0,0
156,1990656,104,0,186624,8,6,flexible,104,104,0,0
156,1990656,104,0,196608,16,1,flexible,104,104,0,0
156,1990656,104,0,209952,5,8,flexible,104,104,0,0
156,1990656,104,0,221184,13,3,flexible,104,104,0,0
156,1990656,104,0,236196,2,10,flexible,104,104,0,0
156,1990656,104,0,248832,10,5,flexible,104,104,0,0
156,1990656,104,0,262144,18,0,flexible,104,104,0,0
156,1990656,104,0,279936,7,7,flexible,104,104,0,0
156,1990656,104,0,294912,15,2,flexible,104,104,0,0
156,1990656,104,0,314928,4,9,flexible,104,104,0,0
156,1990656,104,0,331776,12,4,flexible,104,104,0,0
156,1990656,104,0,354294,1,11,flexible,104,104,0,0
156,1990656,104,0,373248,9,6,flexible,104,104,0,0
156,1990656,104,0,393216,17,1,flexible,104,104,0,0
156,1990656,104,0,419904,6,8,flexible,104,104,0,0
156,1990656,104,0,442368,14,3,flexible,104,104,0,0
156,1990656,104,0,472392,3,10,flexible,104,104,0,0
156,1990656,104,0,497664,11,5,flexible,104,104,0,0
156,1990656,104,0,524288,19,0,flexible,104,104,0,0
156,1990656,104,0,531441,0,12,flexible,104,104,0,0
156,1990656,104,0,559872,8,7,flexible,104,104,0,0
156,1990656,104,0,589824,16,2,flexible,104,104,0,0
156,1990656,104,0,629856,5,9,flexible,104,104,0,0
156,1990656,104,0,663552,13,4,flexible,104,104,0,0
156,1990656,104,0,708588,2,11,flexible,104,104,0,0
156,1990656,104,0,746496,10,6,flexible,104,104,0,0
156,1990656,104,0,786432,18,1,flexible,104,104,0,0
156,1990656,104,0,839808,7,8,flexible,104,104,0,0
156,1990656,104,0,884736,15,3,flexible,104,104,0,0
156,1990656,104,0,944784,4,10,flexible,104,104,0,0
156,1990656,104,0,995328,12,5,flexible,104,104,0,0
156,1990656,104,0,1048576,20,0,flexible,104,104,0,0
156,1990656,104,0,1062882,1,12,flexible,104,104,0,0
156,1990656,104,0,1119744,9,7,flexible,104,104,0,0
156,1990656,104,0,1179648,17,2,flexible,104,104,0,0
156,1990656,104,0,1259712,6,9,flexible,104,104,0,0
156,1990656,104,0,1327104,14,4,flexible,104,104,0,0
156,1990656,104,0,1417176,3,11,flexible,104,104,0,0
156,1990656,104,0,1492992,11,6,flexible,104,104,0,0
156,1990656,104,0,1572864,19,1,flexible,104,104,0,0
156,1990656,104,0,1594323,0,13,flexible,104,104,0,0
156,1990656,104,0,1679616,8,8,flexible,104,104,0,0
156,1990656,104,0,1769472,16,3,flexible,104,104,0,0
156,1990656,104,0,1889568,5,10,flexible,104,104,0,0
156,1990656,104,0,1990656,13,5,flexible,104,104,0,0
157,2097152,105,1,1,0,0,flexible,105,105,0,0
157,2097152,105,1,2,1,0,flexible,105,105,0,0
157,2097152,105,1,3,0,1,flexible,105,105,0,0
157,2097152,105,1,4,2,0,flexible,105,105,0,0
157,2097152,105,1,6,1,1,flexible,105,105,0,0
157,2097152,105,1,8,3,0,flexible,105,105,0,0
157,2097152,105,1,9,0,2,flexible,105,105,0,0
157,2097152,105,1,12,2,1,flexible,105,105,0,0
157,2097152,105,1,16,4,0,flexible,105,105,0,0
157,2097152,105,1,18,1,2,flexible,105,105,0,0
157,2097152,105,1,24,3,1,flexible,105,105,0,0
157,2097152,105,1,27,0,3,flexible,105,105,0,0
157,2097152,105,1,32,5,0,flexible,105,105,0,0
157,2097152,105,1,36,2,2,flexible,105,105,0,0
157,2097152,105,1,48,4,1,flexible,105,105,0,0
157,2097152,105,1,54,1,3,flexible,105,105,0,0
157,2097152,105,1,64,6,0,flexible,105,105,0,0
157,2097152,105,1,72,3,2,flexible,105,105,0,0
157,2097152,105,1,81,0,4,flexible,105,105,0,0
157,2097152,105,1,96,5,1,flexible,105,105,0,0
157,2097152,105,1,108,2,3,flexible,105,105,0,0
157,2097152,105,1,128,7,0,flexible,105,105,0,0
157,2097152,105,1,144,4,2,flexible,105,105,0,0
157,2097152,105,1,162,1,4,flexible,105,105,0,0
157,2097152,105,1,192,6,1,flexible,105,105,0,0
157,2097152,105,1,216,3,3,flexible,105,105,0,0
157,2097152,105,1,243,0,5,flexible,105,105,0,0
157,2097152,105,1,256,8,0,flexible,105,105,0,0
157,2097152,105,1,288,5,2,flexible,105,105,0,0
157,2097152,105,1,324,2,4,flexible,105,105,0,0
157,2097152,105,1,384,7,1,flexible,105,105,0,0
157,2097152,105,1,432,4,3,flexible,105,105,0,0
157,2097152,105,1,486,1,5,flexible,105,105,0,0
157,2097152,105,1,512,9,0,flexible,105,105,0,0
157,2097152,105,1,576,6,2,flexible,105,105,0,0
157,2097152,105,1,648,3,4,flexible,105,105,0,0
157,2097152,105,1,729,0,6,flexible,105,105,0,0
157,2097152,105,1,768,8,1,flexible,105,105,0,0
157,2097152,105,1,864,5,3,flexible,105,105,0,0
157,2097152,105,1,972,2,5,flexible,105,105,0,0
157,2097152,105,1,1024,10,0,flexible,105,105,0,0
157,2097152,105,1,1152,7,2,flexible,105,105,0,0
157,2097152,105,1,1296,4,4,flexible,105,105,0,0
157,2097152,105,1,1458,1,6,flexible,105,105,0,0
157,2097152,105,1,1536,9,1,flexible,105,105,0,0
157,2097152,105,1,1728,6,3,flexible,105,105,0,0
157,2097152,105,1,1944,3,5,flexible,105,105,0,0
157,2097152,105,1,2048,11,0,flexible,105,105,0,0
157,2097152,105,1,2187,0,7,flexible,105,105,0,0
157,2097152,105,1,2304,8,2,flexible,105,105,0,0
157,2097152,105,1,2592,5,4,flexible,105,105,0,0
157,2097152,105,1,2916,2,6,flexible,105,105,0,0
157,2097152,105,1,3072,10,1,flexible,105,105,0,0
157,2097152,105,1,3456,7,3,flexible,105,105,0,0
157,2097152,105,1,3888,4,5,flexible,105,105,0,0
157,2097152,105,1,4096,12,0,flexible,105,105,0,0
157,2097152,105,1,4374,1,7,flexible,105,105,0,0
157,2097152,105,1,4608,9,2,flexible,105,105,0,0
157,2097152,105,1,5184,6,4,flexible,105,105,0,0
157,2097152,105,1,5832,3,6,flexible,105,105,0,0
157,2097152,105,1,6144,11,1,flexible,105,105,0,0
157,2097152,105,1,6561,0,8,flexible,105,105,0,0
157,2097152,105,1,6912,8,3,flexible,105,105,0,0
157,2097152,105,1,7776,5,5,flexible,105,105,0,0
157,2097152,105,1,8192,13,0,flexible,105,105,0,0
157,2097152,105,1,8748,2,7,flexible,105,105,0,0
157,2097152,105,1,9216,10,2,flexible,105,105,0,0
157,2097152,105,1,10368,7,4,flexible,105,105,0,0
157,2097152,105,1,11664,4,6,flexible,105,105,0,0
157,2097152,105,1,12288,12,1,flexible,105,105,0,0
157,2097152,105,1,13122,1,8,flexible,105,105,0,0
157,2097152,105,1,13824,9,3,flexible,105,105,0,0
157,2097152,105,1,15552,6,5,flexible,105,105,0,0
157,2097152,105,1,16384,14,0,flexible,105,105,0,0
157,2097152,105,1,17496,3,7,flexible,105,105,0,0
157,2097152,105,1,18432,11,2,flexible,105,105,0,0
157,2097152,105,1,19683,0,9,flexible,105,105,0,0
157,2097152,105,1,20736,8,4,flexible,105,105,0,0
157,2097152,105,1,23328,5,6,flexible,105,105,0,0
157,2097152,105,1,24576,13,1,flexible,105,105,0,0
157,2097152,105,1,26244,2,8,flexible,105,105,0,0
157,2097152,105,1,27648,10,3,flexible,105,105,0,0
157,2097152,105,1,31104,7,5,flexible,105,105,0,0
157,2097152,105,1,32768,15,0,flexible,105,105,0,0
157,2097152,105,1,34992,4,7,flexible,105,105,0,0
157,2097152,105,1,36864,12,2,flexible,105,105,0,0
157,2097152,105,1,39366,1,9,flexible,105,105,0,0
157,2097152,105,1,41472,9,4,flexible,105,105,0,0
157,2097152,105,1,46656,6,6,flexible,105,105,0,0
157,2097152,105,1,49152,14,1,flexible,105,105,0,0
157,2097152,105,1,52488,3,8,flexible,105,105,0,0
157,2097152,105,1,55296,11,3,flexible,105,105,0,0
157,2097152,105,1,59049,0,10,flexible,105,105,0,0
157,2097152,105,1,62208,8,5,flexible,105,105,0,0
157,2097152,105,1,65536,16,0,flexible,105,105,0,0
157,2097152,105,1,69984,5,7,flexible,105,105,0,0
157,2097152,105,1,73728,13,2,flexible,105,105,0,0
157,2097152,105,1,78732,2,9,flexible,105,105,0,0
157,2097152,105,1,82944,10,4,flexible,105,105,0,0
157,2097152,105,1,93312,7,6,flexible,105,105,0,0
157,2097152,105,1,98304,15,1,flexible,105,105,0,0
157,2097152,105,1,104976,4,8,flexible,105,105,0,0
157,2097152,105,1,110592,12,3,flexible,105,105,0,0
157,2097152,105,1,118098,1,10,flexible,105,105,0,0
157,2097152,105,1,124416,9,5,flexible,105,105,0,0
157,2097152,105,1,131072,17,0,flexible,105,105,0,0
157,2097152,105,1,139968,6,7,flexible,105,105,0,0
157,2097152,105,1,147456,14,2,flexible,105,105,0,0
157,2097152,105,1,157464,3,9,flexible,105,105,0,0
157,2097152,105,1,165888,11,4,flexible,105,105,0,0
157,2097152,105,1,177147,0,11,flexible,105,105,0,0
157,2097152,105,1,186624,8,6,flexible,105,105,0,0
157,2097152,105,1,196608,16,1,flexible,105,105,0,0
157,2097152,105,1,209952,5,8,flexible,105,105,0,0
157,2097152,105,1,221184,13,3,flexible,105,105,0,0
157,2097152,105,1,236196,2,10,flexible,105,105,0,0
157,2097152,105,1,248832,10,5,flexible,105,105,0,0
157,2097152,105,1,262144,18,0,flexible,105,105,0,0
157,2097152,105,1,279936,7,7,flexible,105,105,0,0
157,2097152,105,1,294912,15,2,flexible,105,105,0,0
157,2097152,105,1,314928,4,9,flexible,105,105,0,0
157,2097152,105,1,331776,12,4,flexible,105,105,0,0
157,2097152,105,1,354294,1,11,flexible,105,105,0,0
157,2097152,105,1,373248,9,6,flexible,105,105,0,0
157,2097152,105,1,393216,17,1,flexible,105,105,0,0
157,2097152,105,1,419904,6,8,flexible,105,105,0,0
157,2097152,105,1,442368,14,3,flexible,105,105,0,0
157,2097152,105,1,472392,3,10,flexible,105,105,0,0
157,2097152,105,1,497664,11,5,flexible,105,105,0,0
157,2097152,105,1,524288,19,0,flexible,105,105,0,0
157,2097152,105,1,531441,0,12,flexible,105,105,0,0
157,2097152,105,1,559872,8,7,flexible,105,105,0,0
157,2097152,105,1,589824,16,2,flexible,105,105,0,0
157,2097152,105,1,629856,5,9,flexible,105,105,0,0
157,2097152,105,1,663552,13,4,flexible,105,105,0,0
157,2097152,105,1,708588,2,11,flexible,105,105,0,0
157,2097152,105,1,746496,10,6,flexible,105,105,0,0
157,2097152,105,1,786432,18,1,flexible,105,105,0,0
157,2097152,105,1,839808,7,8,flexible,105,105,0,0
157,2097152,105,1,884736,15,3,flexible,105,105,0,0
157,2097152,105,1,944784,4,10,flexible,105,105,0,0
157,2097152,105,1,995328,12,5,flexible,105,105,0,0
157,2097152,105,1,1048576,20,0,flexible,105,105,0,0
157,2097152,105,1,1062882,1,12,flexible,105,105,0,0
157,2097152,105,1,1119744,9,7,flexible,105,105,0,0
157,2097152,105,1,1179648,17,2,flexible,105,105,0,0
157,2097152,105,1,1259712,6,9,flexible,105,105,0,0
157,2097152,105,1,1327104,14,4,flexible,105,105,0,0
157,2097152,105,1,1417176,3,11,flexible,105,105,0,0
157,2097152,105,1,1492992,11,6,flexible,105,105,0,0
157,2097152,105,1,1572864,19,1,flexible,105,105,0,0
157,2097152,105,1,1594323,0,13,flexible,105,105,0,0
157,2097152,105,1,1679616,8,8,flexible,105,105,0,0
157,2097152,105,1,1769472,16,3,flexible,105,105,0,0
157,2097152,105,1,1889568,5,10,flexible,105,105,0,0
157,2097152,105,1,1990656,13,5,flexible,105,105,0,0
157,2097152,105,1,2097152,21,0,forced,104,105,1,0
158,2125764,106,1,1,0,0,flexible,106,106,0,0
158,2125764,106,1,2,1,0,flexible,106,106,0,0
158,2125764,106,1,3,0,1,flexible,106,106,0,0
158,2125764,106,1,4,2,0,forced,105,106,1,0
158,2125764,106,1,6,1,1,flexible,106,106,0,0
158,2125764,106,1,8,3,0,flexible,106,106,0,0
158,2125764,106,1,9,0,2,flexible,106,106,0,0
158,2125764,106,1,12,2,1,flexible,106,106,0,0
158,2125764,106,1,16,4,0,flexible,106,106,0,0
158,2125764,106,1,18,1,2,forced,105,106,1,0
158,2125764,106,1,24,3,1,forced,105,106,1,0
158,2125764,106,1,27,0,3,flexible,106,106,0,0
158,2125764,106,1,32,5,0,forced,105,106,1,0
158,2125764,106,1,36,2,2,flexible,106,106,0,0
158,2125764,106,1,48,4,1,flexible,106,106,0,0
158,2125764,106,1,54,1,3,flexible,106,106,0,0
158,2125764,106,1,64,6,0,flexible,106,106,0,0
158,2125764,106,1,72,3,2,flexible,106,106,0,0
158,2125764,106,1,81,0,4,forced,105,106,1,0
158,2125764,106,1,96,5,1,flexible,106,106,0,0
158,2125764,106,1,108,2,3,forced,105,106,1,0
158,2125764,106,1,128,7,0,flexible,106,106,0,0
158,2125764,106,1,144,4,2,forced,105,106,1,0
158,2125764,106,1,162,1,4,flexible,106,106,0,0
158,2125764,106,1,192,6,1,forced,105,106,1,0
158,2125764,106,1,216,3,3,flexible,106,106,0,0
158,2125764,106,1,243,0,5,flexible,106,106,0,0
158,2125764,106,1,256,8,0,forced,105,106,1,0
158,2125764,106,1,288,5,2,flexible,106,106,0,0
158,2125764,106,1,324,2,4,flexible,106,106,0,0
158,2125764,106,1,384,7,1,flexible,106,106,0,0
158,2125764,106,1,432,4,3,flexible,106,106,0,0
158,2125764,106,1,486,1,5,forced,105,106,1,0
158,2125764,106,1,512,9,0,flexible,106,106,0,0
158,2125764,106,1,576,6,2,flexible,106,106,0,0
158,2125764,106,1,648,3,4,forced,105,106,1,0
158,2125764,106,1,729,0,6,flexible,106,106,0,0
158,2125764,106,1,768,8,1,flexible,106,106,0,0
158,2125764,106,1,864,5,3,forced,105,106,1,0
158,2125764,106,1,972,2,5,flexible,106,106,0,0
158,2125764,106,1,1024,10,0,flexible,106,106,0,0
158,2125764,106,1,1152,7,2,forced,105,106,1,0
158,2125764,106,1,1296,4,4,flexible,106,106,0,0
158,2125764,106,1,1458,1,6,flexible,106,106,0,0
158,2125764,106,1,1536,9,1,forced,105,106,1,0
158,2125764,106,1,1728,6,3,flexible,106,106,0,0
158,2125764,106,1,1944,3,5,flexible,106,106,0,0
158,2125764,106,1,2048,11,0,forced,105,106,1,0
158,2125764,106,1,2187,0,7,forced,105,106,1,0
158,2125764,106,1,2304,8,2,flexible,106,106,0,0
158,2125764,106,1,2592,5,4,flexible,106,106,0,0
158,2125764,106,1,2916,2,6,forced,105,106,1,0
158,2125764,106,1,3072,10,1,flexible,106,106,0,0
158,2125764,106,1,3456,7,3,flexible,106,106,0,0
158,2125764,106,1,3888,4,5,forced,105,106,1,0
158,2125764,106,1,4096,12,0,flexible,106,106,0,0
158,2125764,106,1,4374,1,7,flexible,106,106,0,0
158,2125764,106,1,4608,9,2,flexible,106,106,0,0
158,2125764,106,1,5184,6,4,forced,105,106,1,0
158,2125764,106,1,5832,3,6,flexible,106,106,0,0
158,2125764,106,1,6144,11,1,flexible,106,106,0,0
158,2125764,106,1,6561,0,8,flexible,106,106,0,0
158,2125764,106,1,6912,8,3,forced,105,106,1,0
158,2125764,106,1,7776,5,5,flexible,106,106,0,0
158,2125764,106,1,8192,13,0,flexible,106,106,0,0
158,2125764,106,1,8748,2,7,flexible,106,106,0,0
158,2125764,106,1,9216,10,2,forced,105,106,1,0
158,2125764,106,1,10368,7,4,flexible,106,106,0,0
158,2125764,106,1,11664,4,6,flexible,106,106,0,0
158,2125764,106,1,12288,12,1,forced,105,106,1,0
158,2125764,106,1,13122,1,8,forced,105,106,1,0
158,2125764,106,1,13824,9,3,flexible,106,106,0,0
158,2125764,106,1,15552,6,5,flexible,106,106,0,0
158,2125764,106,1,16384,14,0,forced,105,106,1,0
158,2125764,106,1,17496,3,7,forced,105,106,1,0
158,2125764,106,1,18432,11,2,flexible,106,106,0,0
158,2125764,106,1,19683,0,9,flexible,106,106,0,0
158,2125764,106,1,20736,8,4,flexible,106,106,0,0
158,2125764,106,1,23328,5,6,forced,105,106,1,0
158,2125764,106,1,24576,13,1,flexible,106,106,0,0
158,2125764,106,1,26244,2,8,flexible,106,106,0,0
158,2125764,106,1,27648,10,3,flexible,106,106,0,0
158,2125764,106,1,31104,7,5,forced,105,106,1,0
158,2125764,106,1,32768,15,0,flexible,106,106,0,0
158,2125764,106,1,34992,4,7,flexible,106,106,0,0
158,2125764,106,1,36864,12,2,flexible,106,106,0,0
158,2125764,106,1,39366,1,9,flexible,106,106,0,0
158,2125764,106,1,41472,9,4,forced,105,106,1,0
158,2125764,106,1,46656,6,6,flexible,106,106,0,0
158,2125764,106,1,49152,14,1,flexible,106,106,0,0
158,2125764,106,1,52488,3,8,flexible,106,106,0,0
158,2125764,106,1,55296,11,3,forced,105,106,1,0
158,2125764,106,1,59049,0,10,forced,105,106,1,0
158,2125764,106,1,62208,8,5,flexible,106,106,0,0
158,2125764,106,1,65536,16,0,flexible,106,106,0,0
158,2125764,106,1,69984,5,7,flexible,106,106,0,0
158,2125764,106,1,73728,13,2,forced,105,106,1,0
158,2125764,106,1,78732,2,9,forced,105,106,1,0
158,2125764,106,1,82944,10,4,flexible,106,106,0,0
158,2125764,106,1,93312,7,6,flexible,106,106,0,0
158,2125764,106,1,98304,15,1,forced,105,106,1,0
158,2125764,106,1,104976,4,8,forced,105,106,1,0
158,2125764,106,1,110592,12,3,flexible,106,106,0,0
158,2125764,106,1,118098,1,10,flexible,106,106,0,0
158,2125764,106,1,124416,9,5,flexible,106,106,0,0
158,2125764,106,1,131072,17,0,flexible,106,106,0,0
158,2125764,106,1,139968,6,7,forced,105,106,1,0
158,2125764,106,1,147456,14,2,flexible,106,106,0,0
158,2125764,106,1,157464,3,9,flexible,106,106,0,0
158,2125764,106,1,165888,11,4,flexible,106,106,0,0
158,2125764,106,1,177147,0,11,flexible,106,106,0,0
158,2125764,106,1,186624,8,6,forced,105,106,1,0
158,2125764,106,1,196608,16,1,flexible,106,106,0,0
158,2125764,106,1,209952,5,8,flexible,106,106,0,0
158,2125764,106,1,221184,13,3,flexible,106,106,0,0
158,2125764,106,1,236196,2,10,flexible,106,106,0,0
158,2125764,106,1,248832,10,5,forced,105,106,1,0
158,2125764,106,1,262144,18,0,flexible,106,106,0,0
158,2125764,106,1,279936,7,7,flexible,106,106,0,0
158,2125764,106,1,294912,15,2,flexible,106,106,0,0
158,2125764,106,1,314928,4,9,flexible,106,106,0,0
158,2125764,106,1,331776,12,4,forced,105,106,1,0
158,2125764,106,1,354294,1,11,forced,105,106,1,0
158,2125764,106,1,373248,9,6,flexible,106,106,0,0
158,2125764,106,1,393216,17,1,flexible,106,106,0,0
158,2125764,106,1,419904,6,8,flexible,106,106,0,0
158,2125764,106,1,442368,14,3,flexible,106,106,0,0
158,2125764,106,1,472392,3,10,forced,105,106,1,0
158,2125764,106,1,497664,11,5,flexible,106,106,0,0
158,2125764,106,1,524288,19,0,flexible,106,106,0,0
158,2125764,106,1,531441,0,12,flexible,106,106,0,0
158,2125764,106,1,559872,8,7,flexible,106,106,0,0
158,2125764,106,1,589824,16,2,flexible,106,106,0,0
158,2125764,106,1,629856,5,9,flexible,106,106,0,0
158,2125764,106,1,663552,13,4,flexible,106,106,0,0
158,2125764,106,1,708588,2,11,flexible,106,106,0,0
158,2125764,106,1,746496,10,6,flexible,106,106,0,0
158,2125764,106,1,786432,18,1,forced,105,106,1,0
158,2125764,106,1,839808,7,8,forced,105,106,1,0
158,2125764,106,1,884736,15,3,flexible,106,106,0,0
158,2125764,106,1,944784,4,10,flexible,106,106,0,0
158,2125764,106,1,995328,12,5,flexible,106,106,0,0
158,2125764,106,1,1048576,20,0,flexible,106,106,0,0
158,2125764,106,1,1062882,1,12,flexible,106,106,0,0
158,2125764,106,1,1119744,9,7,flexible,106,106,0,0
158,2125764,106,1,1179648,17,2,flexible,106,106,0,0
158,2125764,106,1,1259712,6,9,flexible,106,106,0,0
158,2125764,106,1,1327104,14,4,flexible,106,106,0,0
158,2125764,106,1,1417176,3,11,flexible,106,106,0,0
158,2125764,106,1,1492992,11,6,forced,105,106,1,0
158,2125764,106,1,1572864,19,1,flexible,106,106,0,0
158,2125764,106,1,1594323,0,13,forced,105,106,1,0
158,2125764,106,1,1679616,8,8,flexible,106,106,0,0
158,2125764,106,1,1769472,16,3,flexible,106,106,0,0
158,2125764,106,1,1889568,5,10,flexible,106,106,0,0
158,2125764,106,1,1990656,13,5,forced,105,106,1,0
158,2125764,106,1,2097152,21,0,forced,105,106,1,0
158,2125764,106,1,2125764,2,12,forced,105,106,1,0
159,2239488,107,1,1,0,0,forced,106,107,1,0
159,2239488,107,1,2,1,0,none,107,106,0,1
159,2239488,107,1,3,0,1,forced,106,107,1,0
159,2239488,107,1,4,2,0,forced,106,107,1,0
159,2239488,107,1,6,1,1,forced,106,107,1,0
159,2239488,107,1,8,3,0,forced,106,107,1,0
159,2239488,107,1,9,0,2,none,107,106,0,1
159,2239488,107,1,12,2,1,none,107,106,0,1
159,2239488,107,1,16,4,0,none,107,106,0,1
159,2239488,107,1,18,1,2,forced,106,107,1,0
159,2239488,107,1,24,3,1,forced,106,107,1,0
159,2239488,107,1,27,0,3,forced,106,107,1,0
159,2239488,107,1,32,5,0,forced,106,107,1,0
159,2239488,107,1,36,2,2,forced,106,107,1,0
159,2239488,107,1,48,4,1,forced,106,107,1,0
159,2239488,107,1,54,1,3,none,107,106,0,1
159,2239488,107,1,64,6,0,forced,106,107,1,0
159,2239488,107,1,72,3,2,none,107,106,0,1
159,2239488,107,1,81,0,4,forced,106,107,1,0
159,2239488,107,1,96,5,1,none,107,106,0,1
159,2239488,107,1,108,2,3,forced,106,107,1,0
159,2239488,107,1,128,7,0,none,107,106,0,1
159,2239488,107,1,144,4,2,forced,106,107,1,0
159,2239488,107,1,162,1,4,forced,106,107,1,0
159,2239488,107,1,192,6,1,forced,106,107,1,0
159,2239488,107,1,216,3,3,forced,106,107,1,0
159,2239488,107,1,243,0,5,none,107,106,0,1
159,2239488,107,1,256,8,0,forced,106,107,1,0
159,2239488,107,1,288,5,2,forced,106,107,1,0
159,2239488,107,1,324,2,4,none,107,106,0,1
159,2239488,107,1,384,7,1,forced,106,107,1,0
159,2239488,107,1,432,4,3,none,107,106,0,1
159,2239488,107,1,486,1,5,forced,106,107,1,0
159,2239488,107,1,512,9,0,forced,106,107,1,0
159,2239488,107,1,576,6,2,none,107,106,0,1
159,2239488,107,1,648,3,4,forced,106,107,1,0
159,2239488,107,1,729,0,6,forced,106,107,1,0
159,2239488,107,1,768,8,1,none,107,106,0,1
159,2239488,107,1,864,5,3,forced,106,107,1,0
159,2239488,107,1,972,2,5,forced,106,107,1,0
159,2239488,107,1,1024,10,0,none,107,106,0,1
159,2239488,107,1,1152,7,2,forced,106,107,1,0
159,2239488,107,1,1296,4,4,forced,106,107,1,0
159,2239488,107,1,1458,1,6,none,107,106,0,1
159,2239488,107,1,1536,9,1,forced,106,107,1,0
159,2239488,107,1,1728,6,3,forced,106,107,1,0
159,2239488,107,1,1944,3,5,none,107,106,0,1
159,2239488,107,1,2048,11,0,forced,106,107,1,0
159,2239488,107,1,2187,0,7,forced,106,107,1,0
159,2239488,107,1,2304,8,2,forced,106,107,1,0
159,2239488,107,1,2592,5,4,none,107,106,0,1
159,2239488,107,1,2916,2,6,forced,106,107,1,0
159,2239488,107,1,3072,10,1,forced,106,107,1,0
159,2239488,107,1,3456,7,3,none,107,106,0,1
159,2239488,107,1,3888,4,5,forced,106,107,1,0
159,2239488,107,1,4096,12,0,forced,106,107,1,0
159,2239488,107,1,4374,1,7,forced,106,107,1,0
159,2239488,107,1,4608,9,2,none,107,106,0,1
159,2239488,107,1,5184,6,4,forced,106,107,1,0
159,2239488,107,1,5832,3,6,forced,106,107,1,0
159,2239488,107,1,6144,11,1,none,107,106,0,1
159,2239488,107,1,6561,0,8,none,107,106,0,1
159,2239488,107,1,6912,8,3,forced,106,107,1,0
159,2239488,107,1,7776,5,5,forced,106,107,1,0
159,2239488,107,1,8192,13,0,none,107,106,0,1
159,2239488,107,1,8748,2,7,none,107,106,0,1
159,2239488,107,1,9216,10,2,forced,106,107,1,0
159,2239488,107,1,10368,7,4,forced,106,107,1,0
159,2239488,107,1,11664,4,6,none,107,106,0,1
159,2239488,107,1,12288,12,1,forced,106,107,1,0
159,2239488,107,1,13122,1,8,forced,106,107,1,0
159,2239488,107,1,13824,9,3,forced,106,107,1,0
159,2239488,107,1,15552,6,5,none,107,106,0,1
159,2239488,107,1,16384,14,0,forced,106,107,1,0
159,2239488,107,1,17496,3,7,forced,106,107,1,0
159,2239488,107,1,18432,11,2,forced,106,107,1,0
159,2239488,107,1,19683,0,9,forced,106,107,1,0
159,2239488,107,1,20736,8,4,none,107,106,0,1
159,2239488,107,1,23328,5,6,forced,106,107,1,0
159,2239488,107,1,24576,13,1,forced,106,107,1,0
159,2239488,107,1,26244,2,8,forced,106,107,1,0
159,2239488,107,1,27648,10,3,none,107,106,0,1
159,2239488,107,1,31104,7,5,forced,106,107,1,0
159,2239488,107,1,32768,15,0,forced,106,107,1,0
159,2239488,107,1,34992,4,7,forced,106,107,1,0
159,2239488,107,1,36864,12,2,none,107,106,0,1
159,2239488,107,1,39366,1,9,none,107,106,0,1
159,2239488,107,1,41472,9,4,forced,106,107,1,0
159,2239488,107,1,46656,6,6,forced,106,107,1,0
159,2239488,107,1,49152,14,1,none,107,106,0,1
159,2239488,107,1,52488,3,8,none,107,106,0,1
159,2239488,107,1,55296,11,3,forced,106,107,1,0
159,2239488,107,1,59049,0,10,forced,106,107,1,0
159,2239488,107,1,62208,8,5,forced,106,107,1,0
159,2239488,107,1,65536,16,0,none,107,106,0,1
159,2239488,107,1,69984,5,7,none,107,106,0,1
159,2239488,107,1,73728,13,2,forced,106,107,1,0
159,2239488,107,1,78732,2,9,forced,106,107,1,0
159,2239488,107,1,82944,10,4,forced,106,107,1,0
159,2239488,107,1,93312,7,6,none,107,106,0,1
159,2239488,107,1,98304,15,1,forced,106,107,1,0
159,2239488,107,1,104976,4,8,forced,106,107,1,0
159,2239488,107,1,110592,12,3,forced,106,107,1,0
159,2239488,107,1,118098,1,10,forced,106,107,1,0
159,2239488,107,1,124416,9,5,none,107,106,0,1
159,2239488,107,1,131072,17,0,forced,106,107,1,0
159,2239488,107,1,139968,6,7,forced,106,107,1,0
159,2239488,107,1,147456,14,2,forced,106,107,1,0
159,2239488,107,1,157464,3,9,forced,106,107,1,0
159,2239488,107,1,165888,11,4,none,107,106,0,1
159,2239488,107,1,177147,0,11,none,107,106,0,1
159,2239488,107,1,186624,8,6,forced,106,107,1,0
159,2239488,107,1,196608,16,1,forced,106,107,1,0
159,2239488,107,1,209952,5,8,forced,106,107,1,0
159,2239488,107,1,221184,13,3,none,107,106,0,1
159,2239488,107,1,236196,2,10,none,107,106,0,1
159,2239488,107,1,248832,10,5,forced,106,107,1,0
159,2239488,107,1,262144,18,0,forced,106,107,1,0
159,2239488,107,1,279936,7,7,forced,106,107,1,0
159,2239488,107,1,294912,15,2,none,107,106,0,1
159,2239488,107,1,314928,4,9,none,107,106,0,1
159,2239488,107,1,331776,12,4,forced,106,107,1,0
159,2239488,107,1,354294,1,11,forced,106,107,1,0
159,2239488,107,1,373248,9,6,forced,106,107,1,0
159,2239488,107,1,393216,17,1,none,107,106,0,1
159,2239488,107,1,419904,6,8,none,107,106,0,1
159,2239488,107,1,442368,14,3,forced,106,107,1,0
159,2239488,107,1,472392,3,10,forced,106,107,1,0
159,2239488,107,1,497664,11,5,forced,106,107,1,0
159,2239488,107,1,524288,19,0,none,107,106,0,1
159,2239488,107,1,531441,0,12,forced,106,107,1,0
159,2239488,107,1,559872,8,7,none,107,106,0,1
159,2239488,107,1,589824,16,2,flexible,107,107,0,0
159,2239488,107,1,629856,5,9,flexible,107,107,0,0
159,2239488,107,1,663552,13,4,forced,106,107,1,0
159,2239488,107,1,708588,2,11,forced,106,107,1,0
159,2239488,107,1,746496,10,6,none,107,106,0,1
159,2239488,107,1,786432,18,1,forced,106,107,1,0
159,2239488,107,1,839808,7,8,forced,106,107,1,0
159,2239488,107,1,884736,15,3,forced,106,107,1,0
159,2239488,107,1,944784,4,10,forced,106,107,1,0
159,2239488,107,1,995328,12,5,none,107,106,0,1
159,2239488,107,1,1048576,20,0,forced,106,107,1,0
159,2239488,107,1,1062882,1,12,none,107,106,0,1
159,2239488,107,1,1119744,9,7,forced,106,107,1,0
159,2239488,107,1,1179648,17,2,flexible,107,107,0,0
159,2239488,107,1,1259712,6,9,flexible,107,107,0,0
159,2239488,107,1,1327104,14,4,none,107,106,0,1
159,2239488,107,1,1417176,3,11,none,107,106,0,1
159,2239488,107,1,1492992,11,6,forced,106,107,1,0
159,2239488,107,1,1572864,19,1,forced,106,107,1,0
159,2239488,107,1,1594323,0,13,forced,106,107,1,0
159,2239488,107,1,1679616,8,8,forced,106,107,1,0
159,2239488,107,1,1769472,16,3,flexible,107,107,0,0
159,2239488,107,1,1889568,5,10,flexible,107,107,0,0
159,2239488,107,1,1990656,13,5,forced,106,107,1,0
159,2239488,107,1,2097152,21,0,forced,106,107,1,0
159,2239488,107,1,2125764,2,12,forced,106,107,1,0
159,2239488,107,1,2239488,10,7,forced,106,107,1,0
160,2359296,107,0,1,0,0,flexible,107,107,0,0
160,2359296,107,0,2,1,0,flexible,107,107,0,0
160,2359296,107,0,3,0,1,flexible,107,107,0,0
160,2359296,107,0,4,2,0,flexible,107,107,0,0
160,2359296,107,0,6,1,1,flexible,107,107,0,0
160,2359296,107,0,8,3,0,flexible,107,107,0,0
160,2359296,107,0,9,0,2,flexible,107,107,0,0
160,2359296,107,0,12,2,1,flexible,107,107,0,0
160,2359296,107,0,16,4,0,flexible,107,107,0,0
160,2359296,107,0,18,1,2,flexible,107,107,0,0
160,2359296,107,0,24,3,1,flexible,107,107,0,0
160,2359296,107,0,27,0,3,flexible,107,107,0,0
160,2359296,107,0,32,5,0,flexible,107,107,0,0
160,2359296,107,0,36,2,2,flexible,107,107,0,0
160,2359296,107,0,48,4,1,flexible,107,107,0,0
160,2359296,107,0,54,1,3,flexible,107,107,0,0
160,2359296,107,0,64,6,0,flexible,107,107,0,0
160,2359296,107,0,72,3,2,flexible,107,107,0,0
160,2359296,107,0,81,0,4,flexible,107,107,0,0
160,2359296,107,0,96,5,1,flexible,107,107,0,0
160,2359296,107,0,108,2,3,flexible,107,107,0,0
160,2359296,107,0,128,7,0,flexible,107,107,0,0
160,2359296,107,0,144,4,2,flexible,107,107,0,0
160,2359296,107,0,162,1,4,flexible,107,107,0,0
160,2359296,107,0,192,6,1,flexible,107,107,0,0
160,2359296,107,0,216,3,3,flexible,107,107,0,0
160,2359296,107,0,243,0,5,flexible,107,107,0,0
160,2359296,107,0,256,8,0,flexible,107,107,0,0
160,2359296,107,0,288,5,2,flexible,107,107,0,0
160,2359296,107,0,324,2,4,flexible,107,107,0,0
160,2359296,107,0,384,7,1,flexible,107,107,0,0
160,2359296,107,0,432,4,3,flexible,107,107,0,0
160,2359296,107,0,486,1,5,flexible,107,107,0,0
160,2359296,107,0,512,9,0,flexible,107,107,0,0
160,2359296,107,0,576,6,2,flexible,107,107,0,0
160,2359296,107,0,648,3,4,flexible,107,107,0,0
160,2359296,107,0,729,0,6,flexible,107,107,0,0
160,2359296,107,0,768,8,1,flexible,107,107,0,0
160,2359296,107,0,864,5,3,flexible,107,107,0,0
160,2359296,107,0,972,2,5,flexible,107,107,0,0
160,2359296,107,0,1024,10,0,flexible,107,107,0,0
160,2359296,107,0,1152,7,2,flexible,107,107,0,0
160,2359296,107,0,1296,4,4,flexible,107,107,0,0
160,2359296,107,0,1458,1,6,flexible,107,107,0,0
160,2359296,107,0,1536,9,1,flexible,107,107,0,0
160,2359296,107,0,1728,6,3,flexible,107,107,0,0
160,2359296,107,0,1944,3,5,flexible,107,107,0,0
160,2359296,107,0,2048,11,0,flexible,107,107,0,0
160,2359296,107,0,2187,0,7,flexible,107,107,0,0
160,2359296,107,0,2304,8,2,flexible,107,107,0,0
160,2359296,107,0,2592,5,4,flexible,107,107,0,0
160,2359296,107,0,2916,2,6,flexible,107,107,0,0
160,2359296,107,0,3072,10,1,flexible,107,107,0,0
160,2359296,107,0,3456,7,3,flexible,107,107,0,0
160,2359296,107,0,3888,4,5,flexible,107,107,0,0
160,2359296,107,0,4096,12,0,flexible,107,107,0,0
160,2359296,107,0,4374,1,7,flexible,107,107,0,0
160,2359296,107,0,4608,9,2,flexible,107,107,0,0
160,2359296,107,0,5184,6,4,flexible,107,107,0,0
160,2359296,107,0,5832,3,6,flexible,107,107,0,0
160,2359296,107,0,6144,11,1,flexible,107,107,0,0
160,2359296,107,0,6561,0,8,flexible,107,107,0,0
160,2359296,107,0,6912,8,3,flexible,107,107,0,0
160,2359296,107,0,7776,5,5,flexible,107,107,0,0
160,2359296,107,0,8192,13,0,flexible,107,107,0,0
160,2359296,107,0,8748,2,7,flexible,107,107,0,0
160,2359296,107,0,9216,10,2,flexible,107,107,0,0
160,2359296,107,0,10368,7,4,flexible,107,107,0,0
160,2359296,107,0,11664,4,6,flexible,107,107,0,0
160,2359296,107,0,12288,12,1,flexible,107,107,0,0
160,2359296,107,0,13122,1,8,flexible,107,107,0,0
160,2359296,107,0,13824,9,3,flexible,107,107,0,0
160,2359296,107,0,15552,6,5,flexible,107,107,0,0
160,2359296,107,0,16384,14,0,flexible,107,107,0,0
160,2359296,107,0,17496,3,7,flexible,107,107,0,0
160,2359296,107,0,18432,11,2,flexible,107,107,0,0
160,2359296,107,0,19683,0,9,flexible,107,107,0,0
160,2359296,107,0,20736,8,4,flexible,107,107,0,0
160,2359296,107,0,23328,5,6,flexible,107,107,0,0
160,2359296,107,0,24576,13,1,flexible,107,107,0,0
160,2359296,107,0,26244,2,8,flexible,107,107,0,0
160,2359296,107,0,27648,10,3,flexible,107,107,0,0
160,2359296,107,0,31104,7,5,flexible,107,107,0,0
160,2359296,107,0,32768,15,0,flexible,107,107,0,0
160,2359296,107,0,34992,4,7,flexible,107,107,0,0
160,2359296,107,0,36864,12,2,flexible,107,107,0,0
160,2359296,107,0,39366,1,9,flexible,107,107,0,0
160,2359296,107,0,41472,9,4,flexible,107,107,0,0
160,2359296,107,0,46656,6,6,flexible,107,107,0,0
160,2359296,107,0,49152,14,1,flexible,107,107,0,0
160,2359296,107,0,52488,3,8,flexible,107,107,0,0
160,2359296,107,0,55296,11,3,flexible,107,107,0,0
160,2359296,107,0,59049,0,10,flexible,107,107,0,0
160,2359296,107,0,62208,8,5,flexible,107,107,0,0
160,2359296,107,0,65536,16,0,flexible,107,107,0,0
160,2359296,107,0,69984,5,7,flexible,107,107,0,0
160,2359296,107,0,73728,13,2,flexible,107,107,0,0
160,2359296,107,0,78732,2,9,flexible,107,107,0,0
160,2359296,107,0,82944,10,4,flexible,107,107,0,0
160,2359296,107,0,93312,7,6,flexible,107,107,0,0
160,2359296,107,0,98304,15,1,flexible,107,107,0,0
160,2359296,107,0,104976,4,8,flexible,107,107,0,0
160,2359296,107,0,110592,12,3,flexible,107,107,0,0
160,2359296,107,0,118098,1,10,flexible,107,107,0,0
160,2359296,107,0,124416,9,5,flexible,107,107,0,0
160,2359296,107,0,131072,17,0,flexible,107,107,0,0
160,2359296,107,0,139968,6,7,flexible,107,107,0,0
160,2359296,107,0,147456,14,2,flexible,107,107,0,0
160,2359296,107,0,157464,3,9,flexible,107,107,0,0
160,2359296,107,0,165888,11,4,flexible,107,107,0,0
160,2359296,107,0,177147,0,11,flexible,107,107,0,0
160,2359296,107,0,186624,8,6,flexible,107,107,0,0
160,2359296,107,0,196608,16,1,flexible,107,107,0,0
160,2359296,107,0,209952,5,8,flexible,107,107,0,0
160,2359296,107,0,221184,13,3,flexible,107,107,0,0
160,2359296,107,0,236196,2,10,flexible,107,107,0,0
160,2359296,107,0,248832,10,5,flexible,107,107,0,0
160,2359296,107,0,262144,18,0,flexible,107,107,0,0
160,2359296,107,0,279936,7,7,flexible,107,107,0,0
160,2359296,107,0,294912,15,2,flexible,107,107,0,0
160,2359296,107,0,314928,4,9,flexible,107,107,0,0
160,2359296,107,0,331776,12,4,flexible,107,107,0,0
160,2359296,107,0,354294,1,11,flexible,107,107,0,0
160,2359296,107,0,373248,9,6,flexible,107,107,0,0
160,2359296,107,0,393216,17,1,flexible,107,107,0,0
160,2359296,107,0,419904,6,8,flexible,107,107,0,0
160,2359296,107,0,442368,14,3,flexible,107,107,0,0
160,2359296,107,0,472392,3,10,flexible,107,107,0,0
160,2359296,107,0,497664,11,5,flexible,107,107,0,0
160,2359296,107,0,524288,19,0,flexible,107,107,0,0
160,2359296,107,0,531441,0,12,flexible,107,107,0,0
160,2359296,107,0,559872,8,7,flexible,107,107,0,0
160,2359296,107,0,589824,16,2,flexible,107,107,0,0
160,2359296,107,0,629856,5,9,flexible,107,107,0,0
160,2359296,107,0,663552,13,4,flexible,107,107,0,0
160,2359296,107,0,708588,2,11,flexible,107,107,0,0
160,2359296,107,0,746496,10,6,flexible,107,107,0,0
160,2359296,107,0,786432,18,1,flexible,107,107,0,0
160,2359296,107,0,839808,7,8,flexible,107,107,0,0
160,2359296,107,0,884736,15,3,flexible,107,107,0,0
160,2359296,107,0,944784,4,10,flexible,107,107,0,0
160,2359296,107,0,995328,12,5,flexible,107,107,0,0
160,2359296,107,0,1048576,20,0,flexible,107,107,0,0
160,2359296,107,0,1062882,1,12,flexible,107,107,0,0
160,2359296,107,0,1119744,9,7,flexible,107,107,0,0
160,2359296,107,0,1179648,17,2,flexible,107,107,0,0
160,2359296,107,0,1259712,6,9,flexible,107,107,0,0
160,2359296,107,0,1327104,14,4,flexible,107,107,0,0
160,2359296,107,0,1417176,3,11,flexible,107,107,0,0
160,2359296,107,0,1492992,11,6,flexible,107,107,0,0
160,2359296,107,0,1572864,19,1,flexible,107,107,0,0
160,2359296,107,0,1594323,0,13,flexible,107,107,0,0
160,2359296,107,0,1679616,8,8,flexible,107,107,0,0
160,2359296,107,0,1769472,16,3,flexible,107,107,0,0
160,2359296,107,0,1889568,5,10,flexible,107,107,0,0
160,2359296,107,0,1990656,13,5,flexible,107,107,0,0
160,2359296,107,0,2097152,21,0,forced,106,107,1,0
160,2359296,107,0,2125764,2,12,flexible,107,107,0,0
160,2359296,107,0,2239488,10,7,flexible,107,107,0,0
160,2359296,107,0,2359296,18,2,flexible,107,107,0,0
161,2519424,108,1,1,0,0,flexible,108,108,0,0
161,2519424,108,1,2,1,0,flexible,108,108,0,0
161,2519424,108,1,3,0,1,flexible,108,108,0,0
161,2519424,108,1,4,2,0,flexible,108,108,0,0
161,2519424,108,1,6,1,1,flexible,108,108,0,0
161,2519424,108,1,8,3,0,flexible,108,108,0,0
161,2519424,108,1,9,0,2,forced,107,108,1,0
161,2519424,108,1,12,2,1,forced,107,108,1,0
161,2519424,108,1,16,4,0,forced,107,108,1,0
161,2519424,108,1,18,1,2,flexible,108,108,0,0
161,2519424,108,1,24,3,1,flexible,108,108,0,0
161,2519424,108,1,27,0,3,flexible,108,108,0,0
161,2519424,108,1,32,5,0,flexible,108,108,0,0
161,2519424,108,1,36,2,2,flexible,108,108,0,0
161,2519424,108,1,48,4,1,flexible,108,108,0,0
161,2519424,108,1,54,1,3,forced,107,108,1,0
161,2519424,108,1,64,6,0,flexible,108,108,0,0
161,2519424,108,1,72,3,2,forced,107,108,1,0
161,2519424,108,1,81,0,4,flexible,108,108,0,0
161,2519424,108,1,96,5,1,forced,107,108,1,0
161,2519424,108,1,108,2,3,flexible,108,108,0,0
161,2519424,108,1,128,7,0,forced,107,108,1,0
161,2519424,108,1,144,4,2,flexible,108,108,0,0
161,2519424,108,1,162,1,4,flexible,108,108,0,0
161,2519424,108,1,192,6,1,flexible,108,108,0,0
161,2519424,108,1,216,3,3,flexible,108,108,0,0
161,2519424,108,1,243,0,5,forced,107,108,1,0
161,2519424,108,1,256,8,0,flexible,108,108,0,0
161,2519424,108,1,288,5,2,flexible,108,108,0,0
161,2519424,108,1,324,2,4,forced,107,108,1,0
161,2519424,108,1,384,7,1,flexible,108,108,0,0
161,2519424,108,1,432,4,3,forced,107,108,1,0
161,2519424,108,1,486,1,5,flexible,108,108,0,0
161,2519424,108,1,512,9,0,flexible,108,108,0,0
161,2519424,108,1,576,6,2,forced,107,108,1,0
161,2519424,108,1,648,3,4,flexible,108,108,0,0
161,2519424,108,1,729,0,6,flexible,108,108,0,0
161,2519424,108,1,768,8,1,forced,107,108,1,0
161,2519424,108,1,864,5,3,flexible,108,108,0,0
161,2519424,108,1,972,2,5,flexible,108,108,0,0
161,2519424,108,1,1024,10,0,forced,107,108,1,0
161,2519424,108,1,1152,7,2,flexible,108,108,0,0
161,2519424,108,1,1296,4,4,flexible,108,108,0,0
161,2519424,108,1,1458,1,6,forced,107,108,1,0
161,2519424,108,1,1536,9,1,flexible,108,108,0,0
161,2519424,108,1,1728,6,3,flexible,108,108,0,0
161,2519424,108,1,1944,3,5,forced,107,108,1,0
161,2519424,108,1,2048,11,0,flexible,108,108,0,0
161,2519424,108,1,2187,0,7,flexible,108,108,0,0
161,2519424,108,1,2304,8,2,flexible,108,108,0,0
161,2519424,108,1,2592,5,4,forced,107,108,1,0
161,2519424,108,1,2916,2,6,flexible,108,108,0,0
161,2519424,108,1,3072,10,1,flexible,108,108,0,0
161,2519424,108,1,3456,7,3,forced,107,108,1,0
161,2519424,108,1,3888,4,5,flexible,108,108,0,0
161,2519424,108,1,4096,12,0,flexible,108,108,0,0
161,2519424,108,1,4374,1,7,flexible,108,108,0,0
161,2519424,108,1,4608,9,2,forced,107,108,1,0
161,2519424,108,1,5184,6,4,flexible,108,108,0,0
161,2519424,108,1,5832,3,6,flexible,108,108,0,0
161,2519424,108,1,6144,11,1,forced,107,108,1,0
161,2519424,108,1,6561,0,8,forced,107,108,1,0
161,2519424,108,1,6912,8,3,flexible,108,108,0,0
161,2519424,108,1,7776,5,5,flexible,108,108,0,0
161,2519424,108,1,8192,13,0,forced,107,108,1,0
161,2519424,108,1,8748,2,7,forced,107,108,1,0
161,2519424,108,1,9216,10,2,flexible,108,108,0,0
161,2519424,108,1,10368,7,4,flexible,108,108,0,0
161,2519424,108,1,11664,4,6,forced,107,108,1,0
161,2519424,108,1,12288,12,1,flexible,108,108,0,0
161,2519424,108,1,13122,1,8,flexible,108,108,0,0
161,2519424,108,1,13824,9,3,flexible,108,108,0,0
161,2519424,108,1,15552,6,5,forced,107,108,1,0
161,2519424,108,1,16384,14,0,flexible,108,108,0,0
161,2519424,108,1,17496,3,7,flexible,108,108,0,0
161,2519424,108,1,18432,11,2,flexible,108,108,0,0
161,2519424,108,1,19683,0,9,flexible,108,108,0,0
161,2519424,108,1,20736,8,4,forced,107,108,1,0
161,2519424,108,1,23328,5,6,flexible,108,108,0,0
161,2519424,108,1,24576,13,1,flexible,108,108,0,0
161,2519424,108,1,26244,2,8,flexible,108,108,0,0
161,2519424,108,1,27648,10,3,forced,107,108,1,0
161,2519424,108,1,31104,7,5,flexible,108,108,0,0
161,2519424,108,1,32768,15,0,flexible,108,108,0,0
161,2519424,108,1,34992,4,7,flexible,108,108,0,0
161,2519424,108,1,36864,12,2,forced,107,108,1,0
161,2519424,108,1,39366,1,9,flexible,108,108,0,0
161,2519424,108,1,41472,9,4,flexible,108,108,0,0
161,2519424,108,1,46656,6,6,flexible,108,108,0,0
161,2519424,108,1,49152,14,1,forced,107,108,1,0
161,2519424,108,1,52488,3,8,forced,107,108,1,0
161,2519424,108,1,55296,11,3,flexible,108,108,0,0
161,2519424,108,1,59049,0,10,flexible,108,108,0,0
161,2519424,108,1,62208,8,5,flexible,108,108,0,0
161,2519424,108,1,65536,16,0,forced,107,108,1,0
161,2519424,108,1,69984,5,7,forced,107,108,1,0
161,2519424,108,1,73728,13,2,flexible,108,108,0,0
161,2519424,108,1,78732,2,9,flexible,108,108,0,0
161,2519424,108,1,82944,10,4,flexible,108,108,0,0
161,2519424,108,1,93312,7,6,forced,107,108,1,0
161,2519424,108,1,98304,15,1,flexible,108,108,0,0
161,2519424,108,1,104976,4,8,flexible,108,108,0,0
161,2519424,108,1,110592,12,3,flexible,108,108,0,0
161,2519424,108,1,118098,1,10,flexible,108,108,0,0
161,2519424,108,1,124416,9,5,forced,107,108,1,0
161,2519424,108,1,131072,17,0,flexible,108,108,0,0
161,2519424,108,1,139968,6,7,flexible,108,108,0,0
161,2519424,108,1,147456,14,2,flexible,108,108,0,0
161,2519424,108,1,157464,3,9,flexible,108,108,0,0
161,2519424,108,1,165888,11,4,forced,107,108,1,0
161,2519424,108,1,177147,0,11,forced,107,108,1,0
161,2519424,108,1,186624,8,6,flexible,108,108,0,0
161,2519424,108,1,196608,16,1,flexible,108,108,0,0
161,2519424,108,1,209952,5,8,flexible,108,108,0,0
161,2519424,108,1,221184,13,3,forced,107,108,1,0
161,2519424,108,1,236196,2,10,flexible,108,108,0,0
161,2519424,108,1,248832,10,5,flexible,108,108,0,0
161,2519424,108,1,262144,18,0,flexible,108,108,0,0
161,2519424,108,1,279936,7,7,flexible,108,108,0,0
161,2519424,108,1,294912,15,2,forced,107,108,1,0
161,2519424,108,1,314928,4,9,forced,107,108,1,0
161,2519424,108,1,331776,12,4,flexible,108,108,0,0
161,2519424,108,1,354294,1,11,flexible,108,108,0,0
161,2519424,108,1,373248,9,6,flexible,108,108,0,0
161,2519424,108,1,393216,17,1,forced,107,108,1,0
161,2519424,108,1,419904,6,8,forced,107,108,1,0
161,2519424,108,1,442368,14,3,flexible,108,108,0,0
161,2519424,108,1,472392,3,10,flexible,108,108,0,0
161,2519424,108,1,497664,11,5,flexible,108,108,0,0
161,2519424,108,1,524288,19,0,flexible,108,108,0,0
161,2519424,108,1,531441,0,12,flexible,108,108,0,0
161,2519424,108,1,559872,8,7,forced,107,108,1,0
161,2519424,108,1,589824,16,2,flexible,108,108,0,0
161,2519424,108,1,629856,5,9,flexible,108,108,0,0
161,2519424,108,1,663552,13,4,flexible,108,108,0,0
161,2519424,108,1,708588,2,11,flexible,108,108,0,0
161,2519424,108,1,746496,10,6,flexible,108,108,0,0
161,2519424,108,1,786432,18,1,flexible,108,108,0,0
161,2519424,108,1,839808,7,8,flexible,108,108,0,0
161,2519424,108,1,884736,15,3,flexible,108,108,0,0
161,2519424,108,1,944784,4,10,flexible,108,108,0,0
161,2519424,108,1,995328,12,5,forced,107,108,1,0
161,2519424,108,1,1048576,20,0,flexible,108,108,0,0
161,2519424,108,1,1062882,1,12,flexible,108,108,0,0
161,2519424,108,1,1119744,9,7,flexible,108,108,0,0
161,2519424,108,1,1179648,17,2,flexible,108,108,0,0
161,2519424,108,1,1259712,6,9,flexible,108,108,0,0
161,2519424,108,1,1327104,14,4,flexible,108,108,0,0
161,2519424,108,1,1417176,3,11,flexible,108,108,0,0
161,2519424,108,1,1492992,11,6,flexible,108,108,0,0
161,2519424,108,1,1572864,19,1,flexible,108,108,0,0
161,2519424,108,1,1594323,0,13,flexible,108,108,0,0
161,2519424,108,1,1679616,8,8,flexible,108,108,0,0
161,2519424,108,1,1769472,16,3,forced,107,108,1,0
161,2519424,108,1,1889568,5,10,forced,107,108,1,0
161,2519424,108,1,1990656,13,5,flexible,108,108,0,0
161,2519424,108,1,2097152,21,0,forced,107,108,1,0
161,2519424,108,1,2125764,2,12,flexible,108,108,0,0
161,2519424,108,1,2239488,10,7,flexible,108,108,0,0
161,2519424,108,1,2359296,18,2,forced,107,108,1,0
161,2519424,108,1,2519424,7,9,forced,107,108,1,0
162,2654208,109,1,1,0,0,flexible,109,109,0,0
162,2654208,109,1,2,1,0,flexible,109,109,0,0
162,2654208,109,1,3,0,1,flexible,109,109,0,0
162,2654208,109,1,4,2,0,forced,108,109,1,0
162,2654208,109,1,6,1,1,none,109,108,0,1
162,2654208,109,1,8,3,0,none,109,108,0,1
162,2654208,109,1,9,0,2,forced,108,109,1,0
162,2654208,109,1,12,2,1,forced,108,109,1,0
162,2654208,109,1,16,4,0,forced,108,109,1,0
162,2654208,109,1,18,1,2,forced,108,109,1,0
162,2654208,109,1,24,3,1,forced,108,109,1,0
162,2654208,109,1,27,0,3,none,109,108,0,1
162,2654208,109,1,32,5,0,forced,108,109,1,0
162,2654208,109,1,36,2,2,none,109,108,0,1
162,2654208,109,1,48,4,1,none,109,108,0,1
162,2654208,109,1,54,1,3,forced,108,109,1,0
162,2654208,109,1,64,6,0,none,109,108,0,1
162,2654208,109,1,72,3,2,forced,108,109,1,0
162,2654208,109,1,81,0,4,forced,108,109,1,0
162,2654208,109,1,96,5,1,forced,108,109,1,0
162,2654208,109,1,108,2,3,forced,108,109,1,0
162,2654208,109,1,128,7,0,forced,108,109,1,0
162,2654208,109,1,144,4,2,forced,108,109,1,0
162,2654208,109,1,162,1,4,none,109,108,0,1
162,2654208,109,1,192,6,1,forced,108,109,1,0
162,2654208,109,1,216,3,3,none,109,108,0,1
162,2654208,109,1,243,0,5,forced,108,109,1,0
162,2654208,109,1,256,8,0,forced,108,109,1,0
162,2654208,109,1,288,5,2,none,109,108,0,1
162,2654208,109,1,324,2,4,forced,108,109,1,0
162,2654208,109,1,384,7,1,none,109,108,0,1
162,2654208,109,1,432,4,3,forced,108,109,1,0
162,2654208,109,1,486,1,5,forced,108,109,1,0
162,2654208,109,1,512,9,0,none,109,108,0,1
162,2654208,109,1,576,6,2,forced,108,109,1,0
162,2654208,109,1,648,3,4,forced,108,109,1,0
162,2654208,109,1,729,0,6,none,109,108,0,1
162,2654208,109,1,768,8,1,forced,108,109,1,0
162,2654208,109,1,864,5,3,forced,108,109,1,0
162,2654208,109,1,972,2,5,none,109,108,0,1
162,2654208,109,1,1024,10,0,forced,108,109,1,0
162,2654208,109,1,1152,7,2,forced,108,109,1,0
162,2654208,109,1,1296,4,4,none,109,108,0,1
162,2654208,109,1,1458,1,6,forced,108,109,1,0
162,2654208,109,1,1536,9,1,forced,108,109,1,0
162,2654208,109,1,1728,6,3,none,109,108,0,1
162,2654208,109,1,1944,3,5,forced,108,109,1,0
162,2654208,109,1,2048,11,0,forced,108,109,1,0
162,2654208,109,1,2187,0,7,forced,108,109,1,0
162,2654208,109,1,2304,8,2,none,109,108,0,1
162,2654208,109,1,2592,5,4,forced,108,109,1,0
162,2654208,109,1,2916,2,6,forced,108,109,1,0
162,2654208,109,1,3072,10,1,none,109,108,0,1
162,2654208,109,1,3456,7,3,forced,108,109,1,0
162,2654208,109,1,3888,4,5,forced,108,109,1,0
162,2654208,109,1,4096,12,0,none,109,108,0,1
162,2654208,109,1,4374,1,7,none,109,108,0,1
162,2654208,109,1,4608,9,2,forced,108,109,1,0
162,2654208,109,1,5184,6,4,forced,108,109,1,0
162,2654208,109,1,5832,3,6,none,109,108,0,1
162,2654208,109,1,6144,11,1,forced,108,109,1,0
162,2654208,109,1,6561,0,8,forced,108,109,1,0
162,2654208,109,1,6912,8,3,forced,108,109,1,0
162,2654208,109,1,7776,5,5,none,109,108,0,1
162,2654208,109,1,8192,13,0,forced,108,109,1,0
162,2654208,109,1,8748,2,7,forced,108,109,1,0
162,2654208,109,1,9216,10,2,forced,108,109,1,0
162,2654208,109,1,10368,7,4,none,109,108,0,1
162,2654208,109,1,11664,4,6,forced,108,109,1,0
162,2654208,109,1,12288,12,1,forced,108,109,1,0
162,2654208,109,1,13122,1,8,forced,108,109,1,0
162,2654208,109,1,13824,9,3,none,109,108,0,1
162,2654208,109,1,15552,6,5,forced,108,109,1,0
162,2654208,109,1,16384,14,0,forced,108,109,1,0
162,2654208,109,1,17496,3,7,forced,108,109,1,0
162,2654208,109,1,18432,11,2,none,109,108,0,1
162,2654208,109,1,19683,0,9,none,109,108,0,1
162,2654208,109,1,20736,8,4,forced,108,109,1,0
162,2654208,109,1,23328,5,6,forced,108,109,1,0
162,2654208,109,1,24576,13,1,none,109,108,0,1
162,2654208,109,1,26244,2,8,none,109,108,0,1
162,2654208,109,1,27648,10,3,forced,108,109,1,0
162,2654208,109,1,31104,7,5,forced,108,109,1,0
162,2654208,109,1,32768,15,0,none,109,108,0,1
162,2654208,109,1,34992,4,7,none,109,108,0,1
162,2654208,109,1,36864,12,2,forced,108,109,1,0
162,2654208,109,1,39366,1,9,forced,108,109,1,0
162,2654208,109,1,41472,9,4,forced,108,109,1,0
162,2654208,109,1,46656,6,6,none,109,108,0,1
162,2654208,109,1,49152,14,1,forced,108,109,1,0
162,2654208,109,1,52488,3,8,forced,108,109,1,0
162,2654208,109,1,55296,11,3,forced,108,109,1,0
162,2654208,109,1,59049,0,10,forced,108,109,1,0
162,2654208,109,1,62208,8,5,none,109,108,0,1
162,2654208,109,1,65536,16,0,forced,108,109,1,0
162,2654208,109,1,69984,5,7,forced,108,109,1,0
162,2654208,109,1,73728,13,2,forced,108,109,1,0
162,2654208,109,1,78732,2,9,forced,108,109,1,0
162,2654208,109,1,82944,10,4,none,109,108,0,1
162,2654208,109,1,93312,7,6,forced,108,109,1,0
162,2654208,109,1,98304,15,1,forced,108,109,1,0
162,2654208,109,1,104976,4,8,forced,108,109,1,0
162,2654208,109,1,110592,12,3,none,109,108,0,1
162,2654208,109,1,118098,1,10,none,109,108,0,1
162,2654208,109,1,124416,9,5,forced,108,109,1,0
162,2654208,109,1,131072,17,0,forced,108,109,1,0
162,2654208,109,1,139968,6,7,forced,108,109,1,0
162,2654208,109,1,147456,14,2,none,109,108,0,1
162,2654208,109,1,157464,3,9,none,109,108,0,1
162,2654208,109,1,165888,11,4,forced,108,109,1,0
162,2654208,109,1,177147,0,11,forced,108,109,1,0
162,2654208,109,1,186624,8,6,forced,108,109,1,0
162,2654208,109,1,196608,16,1,none,109,108,0,1
162,2654208,109,1,209952,5,8,none,109,108,0,1
162,2654208,109,1,221184,13,3,forced,108,109,1,0
162,2654208,109,1,236196,2,10,forced,108,109,1,0
162,2654208,109,1,248832,10,5,forced,108,109,1,0
162,2654208,109,1,262144,18,0,none,109,108,0,1
162,2654208,109,1,279936,7,7,none,109,108,0,1
162,2654208,109,1,294912,15,2,forced,108,109,1,0
162,2654208,109,1,314928,4,9,forced,108,109,1,0
162,2654208,109,1,331776,12,4,forced,108,109,1,0
162,2654208,109,1,354294,1,11,forced,108,109,1,0
162,2654208,109,1,373248,9,6,none,109,108,0,1
162,2654208,109,1,393216,17,1,forced,108,109,1,0
162,2654208,109,1,419904,6,8,forced,108,109,1,0
162,2654208,109,1,442368,14,3,forced,108,109,1,0
162,2654208,109,1,472392,3,10,forced,108,109,1,0
162,2654208,109,1,497664,11,5,none,109,108,0,1
162,2654208,109,1,524288,19,0,forced,108,109,1,0
162,2654208,109,1,531441,0,12,none,109,108,0,1
162,2654208,109,1,559872,8,7,forced,108,109,1,0
162,2654208,109,1,589824,16,2,forced,108,109,1,0
162,2654208,109,1,629856,5,9,forced,108,109,1,0
162,2654208,109,1,663552,13,4,none,109,108,0,1
162,2654208,109,1,708588,2,11,none,109,108,0,1
162,2654208,109,1,746496,10,6,flexible,109,109,0,0
162,2654208,109,1,786432,18,1,forced,108,109,1,0
162,2654208,109,1,839808,7,8,forced,108,109,1,0
162,2654208,109,1,884736,15,3,none,109,108,0,1
162,2654208,109,1,944784,4,10,none,109,108,0,1
162,2654208,109,1,995328,12,5,forced,108,109,1,0
162,2654208,109,1,1048576,20,0,forced,108,109,1,0
162,2654208,109,1,1062882,1,12,forced,108,109,1,0
162,2654208,109,1,1119744,9,7,forced,108,109,1,0
162,2654208,109,1,1179648,17,2,none,109,108,0,1
162,2654208,109,1,1259712,6,9,none,109,108,0,1
162,2654208,109,1,1327104,14,4,forced,108,109,1,0
162,2654208,109,1,1417176,3,11,forced,108,109,1,0
162,2654208,109,1,1492992,11,6,flexible,109,109,0,0
162,2654208,109,1,1572864,19,1,none,109,108,0,1
162,2654208,109,1,1594323,0,13,forced,108,109,1,0
162,2654208,109,1,1679616,8,8,none,109,108,0,1
162,2654208,109,1,1769472,16,3,forced,108,109,1,0
162,2654208,109,1,1889568,5,10,forced,108,109,1,0
162,2654208,109,1,1990656,13,5,forced,108,109,1,0
162,2654208,109,1,2097152,21,0,forced,108,109,1,0
162,2654208,109,1,2125764,2,12,forced,108,109,1,0
162,2654208,109,1,2239488,10,7,flexible,109,109,0,0
162,2654208,109,1,2359296,18,2,forced,108,109,1,0
162,2654208,109,1,2519424,7,9,forced,108,109,1,0
162,2654208,109,1,2654208,15,4,forced,108,109,1,0
163,2834352,110,1,1,0,0,flexible,110,110,0,0
163,2834352,110,1,2,1,0,flexible,110,110,0,0
163,2834352,110,1,3,0,1,flexible,110,110,0,0
163,2834352,110,1,4,2,0,forced,109,110,1,0
163,2834352,110,1,6,1,1,none,110,109,0,1
163,2834352,110,1,8,3,0,none,110,109,0,1
163,2834352,110,1,9,0,2,forced,109,110,1,0
163,2834352,110,1,12,2,1,forced,109,110,1,0
163,2834352,110,1,16,4,0,forced,109,110,1,0
163,2834352,110,1,18,1,2,forced,109,110,1,0
163,2834352,110,1,24,3,1,forced,109,110,1,0
163,2834352,110,1,27,0,3,none,110,109,0,1
163,2834352,110,1,32,5,0,forced,109,110,1,0
163,2834352,110,1,36,2,2,none,110,109,0,1
163,2834352,110,1,48,4,1,none,110,109,0,1
163,2834352,110,1,54,1,3,forced,109,110,1,0
163,2834352,110,1,64,6,0,none,110,109,0,1
163,2834352,110,1,72,3,2,forced,109,110,1,0
163,2834352,110,1,81,0,4,forced,109,110,1,0
163,2834352,110,1,96,5,1,forced,109,110,1,0
163,2834352,110,1,108,2,3,forced,109,110,1,0
163,2834352,110,1,128,7,0,forced,109,110,1,0
163,2834352,110,1,144,4,2,forced,109,110,1,0
163,2834352,110,1,162,1,4,none,110,109,0,1
163,2834352,110,1,192,6,1,forced,109,110,1,0
163,2834352,110,1,216,3,3,none,110,109,0,1
163,2834352,110,1,243,0,5,forced,109,110,1,0
163,2834352,110,1,256,8,0,forced,109,110,1,0
163,2834352,110,1,288,5,2,none,110,109,0,1
163,2834352,110,1,324,2,4,forced,109,110,1,0
163,2834352,110,1,384,7,1,none,110,109,0,1
163,2834352,110,1,432,4,3,forced,109,110,1,0
163,2834352,110,1,486,1,5,forced,109,110,1,0
163,2834352,110,1,512,9,0,none,110,109,0,1
163,2834352,110,1,576,6,2,forced,109,110,1,0
163,2834352,110,1,648,3,4,forced,109,110,1,0
163,2834352,110,1,729,0,6,none,110,109,0,1
163,2834352,110,1,768,8,1,forced,109,110,1,0
163,2834352,110,1,864,5,3,forced,109,110,1,0
163,2834352,110,1,972,2,5,none,110,109,0,1
163,2834352,110,1,1024,10,0,forced,109,110,1,0
163,2834352,110,1,1152,7,2,forced,109,110,1,0
163,2834352,110,1,1296,4,4,none,110,109,0,1
163,2834352,110,1,1458,1,6,forced,109,110,1,0
163,2834352,110,1,1536,9,1,forced,109,110,1,0
163,2834352,110,1,1728,6,3,none,110,109,0,1
163,2834352,110,1,1944,3,5,forced,109,110,1,0
163,2834352,110,1,2048,11,0,forced,109,110,1,0
163,2834352,110,1,2187,0,7,forced,109,110,1,0
163,2834352,110,1,2304,8,2,none,110,109,0,1
163,2834352,110,1,2592,5,4,forced,109,110,1,0
163,2834352,110,1,2916,2,6,forced,109,110,1,0
163,2834352,110,1,3072,10,1,none,110,109,0,1
163,2834352,110,1,3456,7,3,forced,109,110,1,0
163,2834352,110,1,3888,4,5,forced,109,110,1,0
163,2834352,110,1,4096,12,0,none,110,109,0,1
163,2834352,110,1,4374,1,7,none,110,109,0,1
163,2834352,110,1,4608,9,2,forced,109,110,1,0
163,2834352,110,1,5184,6,4,forced,109,110,1,0
163,2834352,110,1,5832,3,6,none,110,109,0,1
163,2834352,110,1,6144,11,1,forced,109,110,1,0
163,2834352,110,1,6561,0,8,forced,109,110,1,0
163,2834352,110,1,6912,8,3,forced,109,110,1,0
163,2834352,110,1,7776,5,5,none,110,109,0,1
163,2834352,110,1,8192,13,0,forced,109,110,1,0
163,2834352,110,1,8748,2,7,forced,109,110,1,0
163,2834352,110,1,9216,10,2,forced,109,110,1,0
163,2834352,110,1,10368,7,4,none,110,109,0,1
163,2834352,110,1,11664,4,6,forced,109,110,1,0
163,2834352,110,1,12288,12,1,forced,109,110,1,0
163,2834352,110,1,13122,1,8,forced,109,110,1,0
163,2834352,110,1,13824,9,3,none,110,109,0,1
163,2834352,110,1,15552,6,5,forced,109,110,1,0
163,2834352,110,1,16384,14,0,forced,109,110,1,0
163,2834352,110,1,17496,3,7,forced,109,110,1,0
163,2834352,110,1,18432,11,2,none,110,109,0,1
163,2834352,110,1,19683,0,9,none,110,109,0,1
163,2834352,110,1,20736,8,4,forced,109,110,1,0
163,2834352,110,1,23328,5,6,forced,109,110,1,0
163,2834352,110,1,24576,13,1,none,110,109,0,1
163,2834352,110,1,26244,2,8,none,110,109,0,1
163,2834352,110,1,27648,10,3,forced,109,110,1,0
163,2834352,110,1,31104,7,5,forced,109,110,1,0
163,2834352,110,1,32768,15,0,none,110,109,0,1
163,2834352,110,1,34992,4,7,none,110,109,0,1
163,2834352,110,1,36864,12,2,forced,109,110,1,0
163,2834352,110,1,39366,1,9,forced,109,110,1,0
163,2834352,110,1,41472,9,4,forced,109,110,1,0
163,2834352,110,1,46656,6,6,none,110,109,0,1
163,2834352,110,1,49152,14,1,forced,109,110,1,0
163,2834352,110,1,52488,3,8,forced,109,110,1,0
163,2834352,110,1,55296,11,3,forced,109,110,1,0
163,2834352,110,1,59049,0,10,forced,109,110,1,0
163,2834352,110,1,62208,8,5,none,110,109,0,1
163,2834352,110,1,65536,16,0,forced,109,110,1,0
163,2834352,110,1,69984,5,7,forced,109,110,1,0
163,2834352,110,1,73728,13,2,forced,109,110,1,0
163,2834352,110,1,78732,2,9,forced,109,110,1,0
163,2834352,110,1,82944,10,4,none,110,109,0,1
163,2834352,110,1,93312,7,6,forced,109,110,1,0
163,2834352,110,1,98304,15,1,forced,109,110,1,0
163,2834352,110,1,104976,4,8,forced,109,110,1,0
163,2834352,110,1,110592,12,3,none,110,109,0,1
163,2834352,110,1,118098,1,10,none,110,109,0,1
163,2834352,110,1,124416,9,5,forced,109,110,1,0
163,2834352,110,1,131072,17,0,forced,109,110,1,0
163,2834352,110,1,139968,6,7,forced,109,110,1,0
163,2834352,110,1,147456,14,2,none,110,109,0,1
163,2834352,110,1,157464,3,9,none,110,109,0,1
163,2834352,110,1,165888,11,4,forced,109,110,1,0
163,2834352,110,1,177147,0,11,forced,109,110,1,0
163,2834352,110,1,186624,8,6,forced,109,110,1,0
163,2834352,110,1,196608,16,1,none,110,109,0,1
163,2834352,110,1,209952,5,8,none,110,109,0,1
163,2834352,110,1,221184,13,3,forced,109,110,1,0
163,2834352,110,1,236196,2,10,forced,109,110,1,0
163,2834352,110,1,248832,10,5,forced,109,110,1,0
163,2834352,110,1,262144,18,0,none,110,109,0,1
163,2834352,110,1,279936,7,7,none,110,109,0,1
163,2834352,110,1,294912,15,2,forced,109,110,1,0
163,2834352,110,1,314928,4,9,forced,109,110,1,0
163,2834352,110,1,331776,12,4,forced,109,110,1,0
163,2834352,110,1,354294,1,11,forced,109,110,1,0
163,2834352,110,1,373248,9,6,none,110,109,0,1
163,2834352,110,1,393216,17,1,forced,109,110,1,0
163,2834352,110,1,419904,6,8,forced,109,110,1,0
163,2834352,110,1,442368,14,3,forced,109,110,1,0
163,2834352,110,1,472392,3,10,forced,109,110,1,0
163,2834352,110,1,497664,11,5,none,110,109,0,1
163,2834352,110,1,524288,19,0,forced,109,110,1,0
163,2834352,110,1,531441,0,12,none,110,109,0,1
163,2834352,110,1,559872,8,7,forced,109,110,1,0
163,2834352,110,1,589824,16,2,forced,109,110,1,0
163,2834352,110,1,629856,5,9,forced,109,110,1,0
163,2834352,110,1,663552,13,4,none,110,109,0,1
163,2834352,110,1,708588,2,11,none,110,109,0,1
163,2834352,110,1,746496,10,6,flexible,110,110,0,0
163,2834352,110,1,786432,18,1,forced,109,110,1,0
163,2834352,110,1,839808,7,8,forced,109,110,1,0
163,2834352,110,1,884736,15,3,none,110,109,0,1
163,2834352,110,1,944784,4,10,none,110,109,0,1
163,2834352,110,1,995328,12,5,forced,109,110,1,0
163,2834352,110,1,1048576,20,0,forced,109,110,1,0
163,2834352,110,1,1062882,1,12,forced,109,110,1,0
163,2834352,110,1,1119744,9,7,forced,109,110,1,0
163,2834352,110,1,1179648,17,2,none,110,109,0,1
163,2834352,110,1,1259712,6,9,none,110,109,0,1
163,2834352,110,1,1327104,14,4,forced,109,110,1,0
163,2834352,110,1,1417176,3,11,forced,109,110,1,0
163,2834352,110,1,1492992,11,6,flexible,110,110,0,0
163,2834352,110,1,1572864,19,1,none,110,109,0,1
163,2834352,110,1,1594323,0,13,forced,109,110,1,0
163,2834352,110,1,1679616,8,8,none,110,109,0,1
163,2834352,110,1,1769472,16,3,forced,109,110,1,0
163,2834352,110,1,1889568,5,10,forced,109,110,1,0
163,2834352,110,1,1990656,13,5,forced,109,110,1,0
163,2834352,110,1,2097152,21,0,forced,109,110,1,0
163,2834352,110,1,2125764,2,12,forced,109,110,1,0
163,2834352,110,1,2239488,10,7,flexible,110,110,0,0
163,2834352,110,1,2359296,18,2,forced,109,110,1,0
163,2834352,110,1,2519424,7,9,forced,109,110,1,0
163,2834352,110,1,2654208,15,4,forced,109,110,1,0
163,2834352,110,1,2834352,4,11,forced,109,110,1,0
164,2985984,110,0,1,0,0,flexible,110,110,0,0
164,2985984,110,0,2,1,0,flexible,110,110,0,0
164,2985984,110,0,3,0,1,flexible,110,110,0,0
164,2985984,110,0,4,2,0,forced,109,110,1,0
164,2985984,110,0,6,1,1,flexible,110,110,0,0
164,2985984,110,0,8,3,0,flexible,110,110,0,0
164,2985984,110,0,9,0,2,flexible,110,110,0,0
164,2985984,110,0,12,2,1,flexible,110,110,0,0
164,2985984,110,0,16,4,0,flexible,110,110,0,0
164,2985984,110,0,18,1,2,forced,109,110,1,0
164,2985984,110,0,24,3,1,forced,109,110,1,0
164,2985984,110,0,27,0,3,flexible,110,110,0,0
164,2985984,110,0,32,5,0,forced,109,110,1,0
164,2985984,110,0,36,2,2,flexible,110,110,0,0
164,2985984,110,0,48,4,1,flexible,110,110,0,0
164,2985984,110,0,54,1,3,flexible,110,110,0,0
164,2985984,110,0,64,6,0,flexible,110,110,0,0
164,2985984,110,0,72,3,2,flexible,110,110,0,0
164,2985984,110,0,81,0,4,forced,109,110,1,0
164,2985984,110,0,96,5,1,flexible,110,110,0,0
164,2985984,110,0,108,2,3,forced,109,110,1,0
164,2985984,110,0,128,7,0,flexible,110,110,0,0
164,2985984,110,0,144,4,2,forced,109,110,1,0
164,2985984,110,0,162,1,4,flexible,110,110,0,0
164,2985984,110,0,192,6,1,forced,109,110,1,0
164,2985984,110,0,216,3,3,flexible,110,110,0,0
164,2985984,110,0,243,0,5,flexible,110,110,0,0
164,2985984,110,0,256,8,0,forced,109,110,1,0
164,2985984,110,0,288,5,2,flexible,110,110,0,0
164,2985984,110,0,324,2,4,flexible,110,110,0,0
164,2985984,110,0,384,7,1,flexible,110,110,0,0
164,2985984,110,0,432,4,3,flexible,110,110,0,0
164,2985984,110,0,486,1,5,forced,109,110,1,0
164,2985984,110,0,512,9,0,flexible,110,110,0,0
164,2985984,110,0,576,6,2,flexible,110,110,0,0
164,2985984,110,0,648,3,4,forced,109,110,1,0
164,2985984,110,0,729,0,6,flexible,110,110,0,0
164,2985984,110,0,768,8,1,flexible,110,110,0,0
164,2985984,110,0,864,5,3,forced,109,110,1,0
164,2985984,110,0,972,2,5,flexible,110,110,0,0
164,2985984,110,0,1024,10,0,flexible,110,110,0,0
164,2985984,110,0,1152,7,2,forced,109,110,1,0
164,2985984,110,0,1296,4,4,flexible,110,110,0,0
164,2985984,110,0,1458,1,6,flexible,110,110,0,0
164,2985984,110,0,1536,9,1,forced,109,110,1,0
164,2985984,110,0,1728,6,3,flexible,110,110,0,0
164,2985984,110,0,1944,3,5,flexible,110,110,0,0
164,2985984,110,0,2048,11,0,forced,109,110,1,0
164,2985984,110,0,2187,0,7,forced,109,110,1,0
164,2985984,110,0,2304,8,2,flexible,110,110,0,0
164,2985984,110,0,2592,5,4,flexible,110,110,0,0
164,2985984,110,0,2916,2,6,forced,109,110,1,0
164,2985984,110,0,3072,10,1,flexible,110,110,0,0
164,2985984,110,0,3456,7,3,flexible,110,110,0,0
164,2985984,110,0,3888,4,5,forced,109,110,1,0
164,2985984,110,0,4096,12,0,flexible,110,110,0,0
164,2985984,110,0,4374,1,7,flexible,110,110,0,0
164,2985984,110,0,4608,9,2,flexible,110,110,0,0
164,2985984,110,0,5184,6,4,forced,109,110,1,0
164,2985984,110,0,5832,3,6,flexible,110,110,0,0
164,2985984,110,0,6144,11,1,flexible,110,110,0,0
164,2985984,110,0,6561,0,8,flexible,110,110,0,0
164,2985984,110,0,6912,8,3,forced,109,110,1,0
164,2985984,110,0,7776,5,5,flexible,110,110,0,0
164,2985984,110,0,8192,13,0,flexible,110,110,0,0
164,2985984,110,0,8748,2,7,flexible,110,110,0,0
164,2985984,110,0,9216,10,2,forced,109,110,1,0
164,2985984,110,0,10368,7,4,flexible,110,110,0,0
164,2985984,110,0,11664,4,6,flexible,110,110,0,0
164,2985984,110,0,12288,12,1,forced,109,110,1,0
164,2985984,110,0,13122,1,8,forced,109,110,1,0
164,2985984,110,0,13824,9,3,flexible,110,110,0,0
164,2985984,110,0,15552,6,5,flexible,110,110,0,0
164,2985984,110,0,16384,14,0,forced,109,110,1,0
164,2985984,110,0,17496,3,7,forced,109,110,1,0
164,2985984,110,0,18432,11,2,flexible,110,110,0,0
164,2985984,110,0,19683,0,9,flexible,110,110,0,0
164,2985984,110,0,20736,8,4,flexible,110,110,0,0
164,2985984,110,0,23328,5,6,forced,109,110,1,0
164,2985984,110,0,24576,13,1,flexible,110,110,0,0
164,2985984,110,0,26244,2,8,flexible,110,110,0,0
164,2985984,110,0,27648,10,3,flexible,110,110,0,0
164,2985984,110,0,31104,7,5,forced,109,110,1,0
164,2985984,110,0,32768,15,0,flexible,110,110,0,0
164,2985984,110,0,34992,4,7,flexible,110,110,0,0
164,2985984,110,0,36864,12,2,flexible,110,110,0,0
164,2985984,110,0,39366,1,9,flexible,110,110,0,0
164,2985984,110,0,41472,9,4,forced,109,110,1,0
164,2985984,110,0,46656,6,6,flexible,110,110,0,0
164,2985984,110,0,49152,14,1,flexible,110,110,0,0
164,2985984,110,0,52488,3,8,flexible,110,110,0,0
164,2985984,110,0,55296,11,3,forced,109,110,1,0
164,2985984,110,0,59049,0,10,forced,109,110,1,0
164,2985984,110,0,62208,8,5,flexible,110,110,0,0
164,2985984,110,0,65536,16,0,flexible,110,110,0,0
164,2985984,110,0,69984,5,7,flexible,110,110,0,0
164,2985984,110,0,73728,13,2,forced,109,110,1,0
164,2985984,110,0,78732,2,9,forced,109,110,1,0
164,2985984,110,0,82944,10,4,flexible,110,110,0,0
164,2985984,110,0,93312,7,6,flexible,110,110,0,0
164,2985984,110,0,98304,15,1,forced,109,110,1,0
164,2985984,110,0,104976,4,8,forced,109,110,1,0
164,2985984,110,0,110592,12,3,flexible,110,110,0,0
164,2985984,110,0,118098,1,10,flexible,110,110,0,0
164,2985984,110,0,124416,9,5,flexible,110,110,0,0
164,2985984,110,0,131072,17,0,forced,109,110,1,0
164,2985984,110,0,139968,6,7,forced,109,110,1,0
164,2985984,110,0,147456,14,2,flexible,110,110,0,0
164,2985984,110,0,157464,3,9,flexible,110,110,0,0
164,2985984,110,0,165888,11,4,flexible,110,110,0,0
164,2985984,110,0,177147,0,11,flexible,110,110,0,0
164,2985984,110,0,186624,8,6,forced,109,110,1,0
164,2985984,110,0,196608,16,1,flexible,110,110,0,0
164,2985984,110,0,209952,5,8,flexible,110,110,0,0
164,2985984,110,0,221184,13,3,flexible,110,110,0,0
164,2985984,110,0,236196,2,10,flexible,110,110,0,0
164,2985984,110,0,248832,10,5,forced,109,110,1,0
164,2985984,110,0,262144,18,0,flexible,110,110,0,0
164,2985984,110,0,279936,7,7,flexible,110,110,0,0
164,2985984,110,0,294912,15,2,flexible,110,110,0,0
164,2985984,110,0,314928,4,9,flexible,110,110,0,0
164,2985984,110,0,331776,12,4,flexible,110,110,0,0
164,2985984,110,0,354294,1,11,forced,109,110,1,0
164,2985984,110,0,373248,9,6,flexible,110,110,0,0
164,2985984,110,0,393216,17,1,flexible,110,110,0,0
164,2985984,110,0,419904,6,8,flexible,110,110,0,0
164,2985984,110,0,442368,14,3,forced,109,110,1,0
164,2985984,110,0,472392,3,10,forced,109,110,1,0
164,2985984,110,0,497664,11,5,flexible,110,110,0,0
164,2985984,110,0,524288,19,0,flexible,110,110,0,0
164,2985984,110,0,531441,0,12,flexible,110,110,0,0
164,2985984,110,0,559872,8,7,flexible,110,110,0,0
164,2985984,110,0,589824,16,2,forced,109,110,1,0
164,2985984,110,0,629856,5,9,forced,109,110,1,0
164,2985984,110,0,663552,13,4,flexible,110,110,0,0
164,2985984,110,0,708588,2,11,flexible,110,110,0,0
164,2985984,110,0,746496,10,6,flexible,110,110,0,0
164,2985984,110,0,786432,18,1,flexible,110,110,0,0
164,2985984,110,0,839808,7,8,flexible,110,110,0,0
164,2985984,110,0,884736,15,3,flexible,110,110,0,0
164,2985984,110,0,944784,4,10,flexible,110,110,0,0
164,2985984,110,0,995328,12,5,flexible,110,110,0,0
164,2985984,110,0,1048576,20,0,flexible,110,110,0,0
164,2985984,110,0,1062882,1,12,flexible,110,110,0,0
164,2985984,110,0,1119744,9,7,forced,109,110,1,0
164,2985984,110,0,1179648,17,2,flexible,110,110,0,0
164,2985984,110,0,1259712,6,9,flexible,110,110,0,0
164,2985984,110,0,1327104,14,4,flexible,110,110,0,0
164,2985984,110,0,1417176,3,11,flexible,110,110,0,0
164,2985984,110,0,1492992,11,6,flexible,110,110,0,0
164,2985984,110,0,1572864,19,1,flexible,110,110,0,0
164,2985984,110,0,1594323,0,13,forced,109,110,1,0
164,2985984,110,0,1679616,8,8,flexible,110,110,0,0
164,2985984,110,0,1769472,16,3,flexible,110,110,0,0
164,2985984,110,0,1889568,5,10,flexible,110,110,0,0
164,2985984,110,0,1990656,13,5,flexible,110,110,0,0
164,2985984,110,0,2097152,21,0,forced,109,110,1,0
164,2985984,110,0,2125764,2,12,forced,109,110,1,0
164,2985984,110,0,2239488,10,7,flexible,110,110,0,0
164,2985984,110,0,2359296,18,2,flexible,110,110,0,0
164,2985984,110,0,2519424,7,9,flexible,110,110,0,0
164,2985984,110,0,2654208,15,4,forced,109,110,1,0
164,2985984,110,0,2834352,4,11,forced,109,110,1,0
164,2985984,110,0,2985984,12,6,flexible,110,110,0,0
165,3145728,111,1,1,0,0,forced,110,111,1,0
165,3145728,111,1,2,1,0,none,111,110,0,1
165,3145728,111,1,3,0,1,forced,110,111,1,0
165,3145728,111,1,4,2,0,forced,110,111,1,0
165,3145728,111,1,6,1,1,forced,110,111,1,0
165,3145728,111,1,8,3,0,forced,110,111,1,0
165,3145728,111,1,9,0,2,none,111,110,0,1
165,3145728,111,1,12,2,1,none,111,110,0,1
165,3145728,111,1,16,4,0,none,111,110,0,1
165,3145728,111,1,18,1,2,forced,110,111,1,0
165,3145728,111,1,24,3,1,forced,110,111,1,0
165,3145728,111,1,27,0,3,forced,110,111,1,0
165,3145728,111,1,32,5,0,forced,110,111,1,0
165,3145728,111,1,36,2,2,forced,110,111,1,0
165,3145728,111,1,48,4,1,forced,110,111,1,0
165,3145728,111,1,54,1,3,none,111,110,0,1
165,3145728,111,1,64,6,0,forced,110,111,1,0
165,3145728,111,1,72,3,2,none,111,110,0,1
165,3145728,111,1,81,0,4,forced,110,111,1,0
165,3145728,111,1,96,5,1,none,111,110,0,1
165,3145728,111,1,108,2,3,forced,110,111,1,0
165,3145728,111,1,128,7,0,none,111,110,0,1
165,3145728,111,1,144,4,2,forced,110,111,1,0
165,3145728,111,1,162,1,4,forced,110,111,1,0
165,3145728,111,1,192,6,1,forced,110,111,1,0
165,3145728,111,1,216,3,3,forced,110,111,1,0
165,3145728,111,1,243,0,5,none,111,110,0,1
165,3145728,111,1,256,8,0,forced,110,111,1,0
165,3145728,111,1,288,5,2,forced,110,111,1,0
165,3145728,111,1,324,2,4,none,111,110,0,1
165,3145728,111,1,384,7,1,forced,110,111,1,0
165,3145728,111,1,432,4,3,none,111,110,0,1
165,3145728,111,1,486,1,5,forced,110,111,1,0
165,3145728,111,1,512,9,0,forced,110,111,1,0
165,3145728,111,1,576,6,2,none,111,110,0,1
165,3145728,111,1,648,3,4,forced,110,111,1,0
165,3145728,111,1,729,0,6,forced,110,111,1,0
165,3145728,111,1,768,8,1,none,111,110,0,1
165,3145728,111,1,864,5,3,forced,110,111,1,0
165,3145728,111,1,972,2,5,forced,110,111,1,0
165,3145728,111,1,1024,10,0,none,111,110,0,1
165,3145728,111,1,1152,7,2,forced,110,111,1,0
165,3145728,111,1,1296,4,4,forced,110,111,1,0
165,3145728,111,1,1458,1,6,none,111,110,0,1
165,3145728,111,1,1536,9,1,forced,110,111,1,0
165,3145728,111,1,1728,6,3,forced,110,111,1,0
165,3145728,111,1,1944,3,5,none,111,110,0,1
165,3145728,111,1,2048,11,0,forced,110,111,1,0
165,3145728,111,1,2187,0,7,forced,110,111,1,0
165,3145728,111,1,2304,8,2,forced,110,111,1,0
165,3145728,111,1,2592,5,4,none,111,110,0,1
165,3145728,111,1,2916,2,6,forced,110,111,1,0
165,3145728,111,1,3072,10,1,forced,110,111,1,0
165,3145728,111,1,3456,7,3,none,111,110,0,1
165,3145728,111,1,3888,4,5,forced,110,111,1,0
165,3145728,111,1,4096,12,0,forced,110,111,1,0
165,3145728,111,1,4374,1,7,forced,110,111,1,0
165,3145728,111,1,4608,9,2,none,111,110,0,1
165,3145728,111,1,5184,6,4,forced,110,111,1,0
165,3145728,111,1,5832,3,6,forced,110,111,1,0
165,3145728,111,1,6144,11,1,none,111,110,0,1
165,3145728,111,1,6561,0,8,none,111,110,0,1
165,3145728,111,1,6912,8,3,forced,110,111,1,0
165,3145728,111,1,7776,5,5,forced,110,111,1,0
165,3145728,111,1,8192,13,0,none,111,110,0,1
165,3145728,111,1,8748,2,7,none,111,110,0,1
165,3145728,111,1,9216,10,2,forced,110,111,1,0
165,3145728,111,1,10368,7,4,forced,110,111,1,0
165,3145728,111,1,11664,4,6,none,111,110,0,1
165,3145728,111,1,12288,12,1,forced,110,111,1,0
165,3145728,111,1,13122,1,8,forced,110,111,1,0
165,3145728,111,1,13824,9,3,forced,110,111,1,0
165,3145728,111,1,15552,6,5,none,111,110,0,1
165,3145728,111,1,16384,14,0,forced,110,111,1,0
165,3145728,111,1,17496,3,7,forced,110,111,1,0
165,3145728,111,1,18432,11,2,forced,110,111,1,0
165,3145728,111,1,19683,0,9,forced,110,111,1,0
165,3145728,111,1,20736,8,4,none,111,110,0,1
165,3145728,111,1,23328,5,6,forced,110,111,1,0
165,3145728,111,1,24576,13,1,forced,110,111,1,0
165,3145728,111,1,26244,2,8,forced,110,111,1,0
165,3145728,111,1,27648,10,3,none,111,110,0,1
165,3145728,111,1,31104,7,5,forced,110,111,1,0
165,3145728,111,1,32768,15,0,forced,110,111,1,0
165,3145728,111,1,34992,4,7,forced,110,111,1,0
165,3145728,111,1,36864,12,2,none,111,110,0,1
165,3145728,111,1,39366,1,9,none,111,110,0,1
165,3145728,111,1,41472,9,4,forced,110,111,1,0
165,3145728,111,1,46656,6,6,forced,110,111,1,0
165,3145728,111,1,49152,14,1,none,111,110,0,1
165,3145728,111,1,52488,3,8,none,111,110,0,1
165,3145728,111,1,55296,11,3,forced,110,111,1,0
165,3145728,111,1,59049,0,10,forced,110,111,1,0
165,3145728,111,1,62208,8,5,forced,110,111,1,0
165,3145728,111,1,65536,16,0,none,111,110,0,1
165,3145728,111,1,69984,5,7,none,111,110,0,1
165,3145728,111,1,73728,13,2,forced,110,111,1,0
165,3145728,111,1,78732,2,9,forced,110,111,1,0
165,3145728,111,1,82944,10,4,forced,110,111,1,0
165,3145728,111,1,93312,7,6,none,111,110,0,1
165,3145728,111,1,98304,15,1,forced,110,111,1,0
165,3145728,111,1,104976,4,8,forced,110,111,1,0
165,3145728,111,1,110592,12,3,forced,110,111,1,0
165,3145728,111,1,118098,1,10,forced,110,111,1,0
165,3145728,111,1,124416,9,5,none,111,110,0,1
165,3145728,111,1,131072,17,0,forced,110,111,1,0
165,3145728,111,1,139968,6,7,forced,110,111,1,0
165,3145728,111,1,147456,14,2,forced,110,111,1,0
165,3145728,111,1,157464,3,9,forced,110,111,1,0
165,3145728,111,1,165888,11,4,none,111,110,0,1
165,3145728,111,1,177147,0,11,none,111,110,0,1
165,3145728,111,1,186624,8,6,forced,110,111,1,0
165,3145728,111,1,196608,16,1,forced,110,111,1,0
165,3145728,111,1,209952,5,8,forced,110,111,1,0
165,3145728,111,1,221184,13,3,none,111,110,0,1
165,3145728,111,1,236196,2,10,none,111,110,0,1
165,3145728,111,1,248832,10,5,forced,110,111,1,0
165,3145728,111,1,262144,18,0,forced,110,111,1,0
165,3145728,111,1,279936,7,7,forced,110,111,1,0
165,3145728,111,1,294912,15,2,none,111,110,0,1
165,3145728,111,1,314928,4,9,none,111,110,0,1
165,3145728,111,1,331776,12,4,forced,110,111,1,0
165,3145728,111,1,354294,1,11,forced,110,111,1,0
165,3145728,111,1,373248,9,6,forced,110,111,1,0
165,3145728,111,1,393216,17,1,none,111,110,0,1
165,3145728,111,1,419904,6,8,none,111,110,0,1
165,3145728,111,1,442368,14,3,forced,110,111,1,0
165,3145728,111,1,472392,3,10,forced,110,111,1,0
165,3145728,111,1,497664,11,5,forced,110,111,1,0
165,3145728,111,1,524288,19,0,forced,110,111,1,0
165,3145728,111,1,531441,0,12,forced,110,111,1,0
165,3145728,111,1,559872,8,7,none,111,110,0,1
165,3145728,111,1,589824,16,2,forced,110,111,1,0
165,3145728,111,1,629856,5,9,forced,110,111,1,0
165,3145728,111,1,663552,13,4,forced,110,111,1,0
165,3145728,111,1,708588,2,11,forced,110,111,1,0
165,3145728,111,1,746496,10,6,none,111,110,0,1
165,3145728,111,1,786432,18,1,none,111,110,0,1
165,3145728,111,1,839808,7,8,flexible,111,111,0,0
165,3145728,111,1,884736,15,3,forced,110,111,1,0
165,3145728,111,1,944784,4,10,forced,110,111,1,0
165,3145728,111,1,995328,12,5,none,111,110,0,1
165,3145728,111,1,1048576,20,0,none,111,110,0,1
165,3145728,111,1,1062882,1,12,none,111,110,0,1
165,3145728,111,1,1119744,9,7,forced,110,111,1,0
165,3145728,111,1,1179648,17,2,forced,110,111,1,0
165,3145728,111,1,1259712,6,9,forced,110,111,1,0
165,3145728,111,1,1327104,14,4,none,111,110,0,1
165,3145728,111,1,1417176,3,11,none,111,110,0,1
165,3145728,111,1,1492992,11,6,forced,110,111,1,0
165,3145728,111,1,1572864,19,1,forced,110,111,1,0
165,3145728,111,1,1594323,0,13,forced,110,111,1,0
165,3145728,111,1,1679616,8,8,flexible,111,111,0,0
165,3145728,111,1,1769472,16,3,none,111,110,0,1
165,3145728,111,1,1889568,5,10,none,111,110,0,1
165,3145728,111,1,1990656,13,5,forced,110,111,1,0
165,3145728,111,1,2097152,21,0,forced,110,111,1,0
165,3145728,111,1,2125764,2,12,forced,110,111,1,0
165,3145728,111,1,2239488,10,7,forced,110,111,1,0
165,3145728,111,1,2359296,18,2,forced,110,111,1,0
165,3145728,111,1,2519424,7,9,flexible,111,111,0,0
165,3145728,111,1,2654208,15,4,forced,110,111,1,0
165,3145728,111,1,2834352,4,11,forced,110,111,1,0
165,3145728,111,1,2985984,12,6,forced,110,111,1,0
165,3145728,111,1,3145728,20,1,forced,110,111,1,0
166,3188646,112,1,1,0,0,forced,111,112,1,0
166,3188646,112,1,2,1,0,none,112,111,0,1
166,3188646,112,1,3,0,1,forced,111,112,1,0
166,3188646,112,1,4,2,0,forced,111,112,1,0
166,3188646,112,1,6,1,1,forced,111,112,1,0
166,3188646,112,1,8,3,0,forced,111,112,1,0
166,3188646,112,1,9,0,2,none,112,111,0,1
166,3188646,112,1,12,2,1,none,112,111,0,1
166,3188646,112,1,16,4,0,none,112,111,0,1
166,3188646,112,1,18,1,2,forced,111,112,1,0
166,3188646,112,1,24,3,1,forced,111,112,1,0
166,3188646,112,1,27,0,3,forced,111,112,1,0
166,3188646,112,1,32,5,0,forced,111,112,1,0
166,3188646,112,1,36,2,2,forced,111,112,1,0
166,3188646,112,1,48,4,1,forced,111,112,1,0
166,3188646,112,1,54,1,3,none,112,111,0,1
166,3188646,112,1,64,6,0,forced,111,112,1,0
166,3188646,112,1,72,3,2,none,112,111,0,1
166,3188646,112,1,81,0,4,forced,111,112,1,0
166,3188646,112,1,96,5,1,none,112,111,0,1
166,3188646,112,1,108,2,3,forced,111,112,1,0
166,3188646,112,1,128,7,0,none,112,111,0,1
166,3188646,112,1,144,4,2,forced,111,112,1,0
166,3188646,112,1,162,1,4,forced,111,112,1,0
166,3188646,112,1,192,6,1,forced,111,112,1,0
166,3188646,112,1,216,3,3,forced,111,112,1,0
166,3188646,112,1,243,0,5,none,112,111,0,1
166,3188646,112,1,256,8,0,forced,111,112,1,0
166,3188646,112,1,288,5,2,forced,111,112,1,0
166,3188646,112,1,324,2,4,none,112,111,0,1
166,3188646,112,1,384,7,1,forced,111,112,1,0
166,3188646,112,1,432,4,3,none,112,111,0,1
166,3188646,112,1,486,1,5,forced,111,112,1,0
166,3188646,112,1,512,9,0,forced,111,112,1,0
166,3188646,112,1,576,6,2,none,112,111,0,1
166,3188646,112,1,648,3,4,forced,111,112,1,0
166,3188646,112,1,729,0,6,forced,111,112,1,0
166,3188646,112,1,768,8,1,none,112,111,0,1
166,3188646,112,1,864,5,3,forced,111,112,1,0
166,3188646,112,1,972,2,5,forced,111,112,1,0
166,3188646,112,1,1024,10,0,none,112,111,0,1
166,3188646,112,1,1152,7,2,forced,111,112,1,0
166,3188646,112,1,1296,4,4,forced,111,112,1,0
166,3188646,112,1,1458,1,6,none,112,111,0,1
166,3188646,112,1,1536,9,1,forced,111,112,1,0
166,3188646,112,1,1728,6,3,forced,111,112,1,0
166,3188646,112,1,1944,3,5,none,112,111,0,1
166,3188646,112,1,2048,11,0,forced,111,112,1,0
166,3188646,112,1,2187,0,7,forced,111,112,1,0
166,3188646,112,1,2304,8,2,forced,111,112,1,0
166,3188646,112,1,2592,5,4,none,112,111,0,1
166,3188646,112,1,2916,2,6,forced,111,112,1,0
166,3188646,112,1,3072,10,1,forced,111,112,1,0
166,3188646,112,1,3456,7,3,none,112,111,0,1
166,3188646,112,1,3888,4,5,forced,111,112,1,0
166,3188646,112,1,4096,12,0,forced,111,112,1,0
166,3188646,112,1,4374,1,7,forced,111,112,1,0
166,3188646,112,1,4608,9,2,none,112,111,0,1
166,3188646,112,1,5184,6,4,forced,111,112,1,0
166,3188646,112,1,5832,3,6,forced,111,112,1,0
166,3188646,112,1,6144,11,1,none,112,111,0,1
166,3188646,112,1,6561,0,8,none,112,111,0,1
166,3188646,112,1,6912,8,3,forced,111,112,1,0
166,3188646,112,1,7776,5,5,forced,111,112,1,0
166,3188646,112,1,8192,13,0,none,112,111,0,1
166,3188646,112,1,8748,2,7,none,112,111,0,1
166,3188646,112,1,9216,10,2,forced,111,112,1,0
166,3188646,112,1,10368,7,4,forced,111,112,1,0
166,3188646,112,1,11664,4,6,none,112,111,0,1
166,3188646,112,1,12288,12,1,forced,111,112,1,0
166,3188646,112,1,13122,1,8,forced,111,112,1,0
166,3188646,112,1,13824,9,3,forced,111,112,1,0
166,3188646,112,1,15552,6,5,none,112,111,0,1
166,3188646,112,1,16384,14,0,forced,111,112,1,0
166,3188646,112,1,17496,3,7,forced,111,112,1,0
166,3188646,112,1,18432,11,2,forced,111,112,1,0
166,3188646,112,1,19683,0,9,forced,111,112,1,0
166,3188646,112,1,20736,8,4,none,112,111,0,1
166,3188646,112,1,23328,5,6,forced,111,112,1,0
166,3188646,112,1,24576,13,1,forced,111,112,1,0
166,3188646,112,1,26244,2,8,forced,111,112,1,0
166,3188646,112,1,27648,10,3,none,112,111,0,1
166,3188646,112,1,31104,7,5,forced,111,112,1,0
166,3188646,112,1,32768,15,0,forced,111,112,1,0
166,3188646,112,1,34992,4,7,forced,111,112,1,0
166,3188646,112,1,36864,12,2,none,112,111,0,1
166,3188646,112,1,39366,1,9,none,112,111,0,1
166,3188646,112,1,41472,9,4,forced,111,112,1,0
166,3188646,112,1,46656,6,6,forced,111,112,1,0
166,3188646,112,1,49152,14,1,none,112,111,0,1
166,3188646,112,1,52488,3,8,none,112,111,0,1
166,3188646,112,1,55296,11,3,forced,111,112,1,0
166,3188646,112,1,59049,0,10,forced,111,112,1,0
166,3188646,112,1,62208,8,5,forced,111,112,1,0
166,3188646,112,1,65536,16,0,none,112,111,0,1
166,3188646,112,1,69984,5,7,none,112,111,0,1
166,3188646,112,1,73728,13,2,forced,111,112,1,0
166,3188646,112,1,78732,2,9,forced,111,112,1,0
166,3188646,112,1,82944,10,4,forced,111,112,1,0
166,3188646,112,1,93312,7,6,none,112,111,0,1
166,3188646,112,1,98304,15,1,forced,111,112,1,0
166,3188646,112,1,104976,4,8,forced,111,112,1,0
166,3188646,112,1,110592,12,3,forced,111,112,1,0
166,3188646,112,1,118098,1,10,forced,111,112,1,0
166,3188646,112,1,124416,9,5,none,112,111,0,1
166,3188646,112,1,131072,17,0,forced,111,112,1,0
166,3188646,112,1,139968,6,7,forced,111,112,1,0
166,3188646,112,1,147456,14,2,forced,111,112,1,0
166,3188646,112,1,157464,3,9,forced,111,112,1,0
166,3188646,112,1,165888,11,4,none,112,111,0,1
166,3188646,112,1,177147,0,11,none,112,111,0,1
166,3188646,112,1,186624,8,6,forced,111,112,1,0
166,3188646,112,1,196608,16,1,forced,111,112,1,0
166,3188646,112,1,209952,5,8,forced,111,112,1,0
166,3188646,112,1,221184,13,3,none,112,111,0,1
166,3188646,112,1,236196,2,10,none,112,111,0,1
166,3188646,112,1,248832,10,5,forced,111,112,1,0
166,3188646,112,1,262144,18,0,forced,111,112,1,0
166,3188646,112,1,279936,7,7,forced,111,112,1,0
166,3188646,112,1,294912,15,2,none,112,111,0,1
166,3188646,112,1,314928,4,9,none,112,111,0,1
166,3188646,112,1,331776,12,4,forced,111,112,1,0
166,3188646,112,1,354294,1,11,forced,111,112,1,0
166,3188646,112,1,373248,9,6,forced,111,112,1,0
166,3188646,112,1,393216,17,1,none,112,111,0,1
166,3188646,112,1,419904,6,8,none,112,111,0,1
166,3188646,112,1,442368,14,3,forced,111,112,1,0
166,3188646,112,1,472392,3,10,forced,111,112,1,0
166,3188646,112,1,497664,11,5,forced,111,112,1,0
166,3188646,112,1,524288,19,0,forced,111,112,1,0
166,3188646,112,1,531441,0,12,forced,111,112,1,0
166,3188646,112,1,559872,8,7,none,112,111,0,1
166,3188646,112,1,589824,16,2,forced,111,112,1,0
166,3188646,112,1,629856,5,9,forced,111,112,1,0
166,3188646,112,1,663552,13,4,forced,111,112,1,0
166,3188646,112,1,708588,2,11,forced,111,112,1,0
166,3188646,112,1,746496,10,6,none,112,111,0,1
166,3188646,112,1,786432,18,1,none,112,111,0,1
166,3188646,112,1,839808,7,8,flexible,112,112,0,0
166,3188646,112,1,884736,15,3,forced,111,112,1,0
166,3188646,112,1,944784,4,10,forced,111,112,1,0
166,3188646,112,1,995328,12,5,none,112,111,0,1
166,3188646,112,1,1048576,20,0,none,112,111,0,1
166,3188646,112,1,1062882,1,12,none,112,111,0,1
166,3188646,112,1,1119744,9,7,forced,111,112,1,0
166,3188646,112,1,1179648,17,2,forced,111,112,1,0
166,3188646,112,1,1259712,6,9,forced,111,112,1,0
166,3188646,112,1,1327104,14,4,none,112,111,0,1
166,3188646,112,1,1417176,3,11,none,112,111,0,1
166,3188646,112,1,1492992,11,6,forced,111,112,1,0
166,3188646,112,1,1572864,19,1,forced,111,112,1,0
166,3188646,112,1,1594323,0,13,forced,111,112,1,0
166,3188646,112,1,1679616,8,8,flexible,112,112,0,0
166,3188646,112,1,1769472,16,3,none,112,111,0,1
166,3188646,112,1,1889568,5,10,none,112,111,0,1
166,3188646,112,1,1990656,13,5,forced,111,112,1,0
166,3188646,112,1,2097152,21,0,forced,111,112,1,0
166,3188646,112,1,2125764,2,12,forced,111,112,1,0
166,3188646,112,1,2239488,10,7,forced,111,112,1,0
166,3188646,112,1,2359296,18,2,forced,111,112,1,0
166,3188646,112,1,2519424,7,9,flexible,112,112,0,0
166,3188646,112,1,2654208,15,4,forced,111,112,1,0
166,3188646,112,1,2834352,4,11,forced,111,112,1,0
166,3188646,112,1,2985984,12,6,forced,111,112,1,0
166,3188646,112,1,3145728,20,1,forced,111,112,1,0
166,3188646,112,1,3188646,1,13,forced,111,112,1,0
167,3359232,112,0,1,0,0,forced,111,112,1,0
167,3359232,112,0,2,1,0,flexible,112,112,0,0
167,3359232,112,0,3,0,1,flexible,112,112,0,0
167,3359232,112,0,4,2,0,flexible,112,112,0,0
167,3359232,112,0,6,1,1,forced,111,112,1,0
167,3359232,112,0,8,3,0,forced,111,112,1,0
167,3359232,112,0,9,0,2,flexible,112,112,0,0
167,3359232,112,0,12,2,1,flexible,112,112,0,0
167,3359232,112,0,16,4,0,flexible,112,112,0,0
167,3359232,112,0,18,1,2,flexible,112,112,0,0
167,3359232,112,0,24,3,1,flexible,112,112,0,0
167,3359232,112,0,27,0,3,forced,111,112,1,0
167,3359232,112,0,32,5,0,flexible,112,112,0,0
167,3359232,112,0,36,2,2,forced,111,112,1,0
167,3359232,112,0,48,4,1,forced,111,112,1,0
167,3359232,112,0,54,1,3,flexible,112,112,0,0
167,3359232,112,0,64,6,0,forced,111,112,1,0
167,3359232,112,0,72,3,2,flexible,112,112,0,0
167,3359232,112,0,81,0,4,flexible,112,112,0,0
167,3359232,112,0,96,5,1,flexible,112,112,0,0
167,3359232,112,0,108,2,3,flexible,112,112,0,0
167,3359232,112,0,128,7,0,flexible,112,112,0,0
167,3359232,112,0,144,4,2,flexible,112,112,0,0
167,3359232,112,0,162,1,4,forced,111,112,1,0
167,3359232,112,0,192,6,1,flexible,112,112,0,0
167,3359232,112,0,216,3,3,forced,111,112,1,0
167,3359232,112,0,243,0,5,flexible,112,112,0,0
167,3359232,112,0,256,8,0,flexible,112,112,0,0
167,3359232,112,0,288,5,2,forced,111,112,1,0
167,3359232,112,0,324,2,4,flexible,112,112,0,0
167,3359232,112,0,384,7,1,forced,111,112,1,0
167,3359232,112,0,432,4,3,flexible,112,112,0,0
167,3359232,112,0,486,1,5,flexible,112,112,0,0
167,3359232,112,0,512,9,0,forced,111,112,1,0
167,3359232,112,0,576,6,2,flexible,112,112,0,0
167,3359232,112,0,648,3,4,flexible,112,112,0,0
167,3359232,112,0,729,0,6,forced,111,112,1,0
167,3359232,112,0,768,8,1,flexible,112,112,0,0
167,3359232,112,0,864,5,3,flexible,112,112,0,0
167,3359232,112,0,972,2,5,forced,111,112,1,0
167,3359232,112,0,1024,10,0,flexible,112,112,0,0
167,3359232,112,0,1152,7,2,flexible,112,112,0,0
167,3359232,112,0,1296,4,4,forced,111,112,1,0
167,3359232,112,0,1458,1,6,flexible,112,112,0,0
167,3359232,112,0,1536,9,1,flexible,112,112,0,0
167,3359232,112,0,1728,6,3,forced,111,112,1,0
167,3359232,112,0,1944,3,5,flexible,112,112,0,0
167,3359232,112,0,2048,11,0,flexible,112,112,0,0
167,3359232,112,0,2187,0,7,flexible,112,112,0,0
167,3359232,112,0,2304,8,2,forced,111,112,1,0
167,3359232,112,0,2592,5,4,flexible,112,112,0,0
167,3359232,112,0,2916,2,6,flexible,112,112,0,0
167,3359232,112,0,3072,10,1,forced,111,112,1,0
167,3359232,112,0,3456,7,3,flexible,112,112,0,0
167,3359232,112,0,3888,4,5,flexible,112,112,0,0
167,3359232,112,0,4096,12,0,forced,111,112,1,0
167,3359232,112,0,4374,1,7,forced,111,112,1,0
167,3359232,112,0,4608,9,2,flexible,112,112,0,0
167,3359232,112,0,5184,6,4,flexible,112,112,0,0
167,3359232,112,0,5832,3,6,forced,111,112,1,0
167,3359232,112,0,6144,11,1,flexible,112,112,0,0
167,3359232,112,0,6561,0,8,flexible,112,112,0,0
167,3359232,112,0,6912,8,3,flexible,112,112,0,0
167,3359232,112,0,7776,5,5,forced,111,112,1,0
167,3359232,112,0,8192,13,0,flexible,112,112,0,0
167,3359232,112,0,8748,2,7,flexible,112,112,0,0
167,3359232,112,0,9216,10,2,flexible,112,112,0,0
167,3359232,112,0,10368,7,4,forced,111,112,1,0
167,3359232,112,0,11664,4,6,flexible,112,112,0,0
167,3359232,112,0,12288,12,1,flexible,112,112,0,0
167,3359232,112,0,13122,1,8,flexible,112,112,0,0
167,3359232,112,0,13824,9,3,forced,111,112,1,0
167,3359232,112,0,15552,6,5,flexible,112,112,0,0
167,3359232,112,0,16384,14,0,flexible,112,112,0,0
167,3359232,112,0,17496,3,7,flexible,112,112,0,0
167,3359232,112,0,18432,11,2,forced,111,112,1,0
167,3359232,112,0,19683,0,9,forced,111,112,1,0
167,3359232,112,0,20736,8,4,flexible,112,112,0,0
167,3359232,112,0,23328,5,6,flexible,112,112,0,0
167,3359232,112,0,24576,13,1,forced,111,112,1,0
167,3359232,112,0,26244,2,8,forced,111,112,1,0
167,3359232,112,0,27648,10,3,flexible,112,112,0,0
167,3359232,112,0,31104,7,5,flexible,112,112,0,0
167,3359232,112,0,32768,15,0,forced,111,112,1,0
167,3359232,112,0,34992,4,7,forced,111,112,1,0
167,3359232,112,0,36864,12,2,flexible,112,112,0,0
167,3359232,112,0,39366,1,9,flexible,112,112,0,0
167,3359232,112,0,41472,9,4,flexible,112,112,0,0
167,3359232,112,0,46656,6,6,forced,111,112,1,0
167,3359232,112,0,49152,14,1,flexible,112,112,0,0
167,3359232,112,0,52488,3,8,flexible,112,112,0,0
167,3359232,112,0,55296,11,3,flexible,112,112,0,0
167,3359232,112,0,59049,0,10,flexible,112,112,0,0
167,3359232,112,0,62208,8,5,forced,111,112,1,0
167,3359232,112,0,65536,16,0,flexible,112,112,0,0
167,3359232,112,0,69984,5,7,flexible,112,112,0,0
167,3359232,112,0,73728,13,2,flexible,112,112,0,0
167,3359232,112,0,78732,2,9,flexible,112,112,0,0
167,3359232,112,0,82944,10,4,forced,111,112,1,0
167,3359232,112,0,93312,7,6,flexible,112,112,0,0
167,3359232,112,0,98304,15,1,flexible,112,112,0,0
167,3359232,112,0,104976,4,8,flexible,112,112,0,0
167,3359232,112,0,110592,12,3,forced,111,112,1,0
167,3359232,112,0,118098,1,10,forced,111,112,1,0
167,3359232,112,0,124416,9,5,flexible,112,112,0,0
167,3359232,112,0,131072,17,0,flexible,112,112,0,0
167,3359232,112,0,139968,6,7,flexible,112,112,0,0
167,3359232,112,0,147456,14,2,forced,111,112,1,0
167,3359232,112,0,157464,3,9,flexible,112,112,0,0
167,3359232,112,0,165888,11,4,flexible,112,112,0,0
167,3359232,112,0,177147,0,11,flexible,112,112,0,0
167,3359232,112,0,186624,8,6,flexible,112,112,0,0
167,3359232,112,0,196608,16,1,forced,111,112,1,0
167,3359232,112,0,209952,5,8,forced,111,112,1,0
167,3359232,112,0,221184,13,3,flexible,112,112,0,0
167,3359232,112,0,236196,2,10,flexible,112,112,0,0
167,3359232,112,0,248832,10,5,flexible,112,112,0,0
167,3359232,112,0,262144,18,0,forced,111,112,1,0
167,3359232,112,0,279936,7,7,forced,111,112,1,0
167,3359232,112,0,294912,15,2,flexible,112,112,0,0
167,3359232,112,0,314928,4,9,flexible,112,112,0,0
167,3359232,112,0,331776,12,4,flexible,112,112,0,0
167,3359232,112,0,354294,1,11,flexible,112,112,0,0
167,3359232,112,0,373248,9,6,flexible,112,112,0,0
167,3359232,112,0,393216,17,1,flexible,112,112,0,0
167,3359232,112,0,419904,6,8,flexible,112,112,0,0
167,3359232,112,0,442368,14,3,flexible,112,112,0,0
167,3359232,112,0,472392,3,10,flexible,112,112,0,0
167,3359232,112,0,497664,11,5,forced,111,112,1,0
167,3359232,112,0,524288,19,0,forced,111,112,1,0
167,3359232,112,0,531441,0,12,flexible,112,112,0,0
167,3359232,112,0,559872,8,7,flexible,112,112,0,0
167,3359232,112,0,589824,16,2,flexible,112,112,0,0
167,3359232,112,0,629856,5,9,flexible,112,112,0,0
167,3359232,112,0,663552,13,4,forced,111,112,1,0
167,3359232,112,0,708588,2,11,flexible,112,112,0,0
167,3359232,112,0,746496,10,6,flexible,112,112,0,0
167,3359232,112,0,786432,18,1,none,112,111,0,1
167,3359232,112,0,839808,7,8,flexible,112,112,0,0
167,3359232,112,0,884736,15,3,flexible,112,112,0,0
167,3359232,112,0,944784,4,10,flexible,112,112,0,0
167,3359232,112,0,995328,12,5,flexible,112,112,0,0
167,3359232,112,0,1048576,20,0,none,112,111,0,1
167,3359232,112,0,1062882,1,12,flexible,112,112,0,0
167,3359232,112,0,1119744,9,7,flexible,112,112,0,0
167,3359232,112,0,1179648,17,2,forced,111,112,1,0
167,3359232,112,0,1259712,6,9,forced,111,112,1,0
167,3359232,112,0,1327104,14,4,flexible,112,112,0,0
167,3359232,112,0,1417176,3,11,flexible,112,112,0,0
167,3359232,112,0,1492992,11,6,flexible,112,112,0,0
167,3359232,112,0,1572864,19,1,forced,111,112,1,0
167,3359232,112,0,1594323,0,13,flexible,112,112,0,0
167,3359232,112,0,1679616,8,8,flexible,112,112,0,0
167,3359232,112,0,1769472,16,3,flexible,112,112,0,0
167,3359232,112,0,1889568,5,10,flexible,112,112,0,0
167,3359232,112,0,1990656,13,5,flexible,112,112,0,0
167,3359232,112,0,2097152,21,0,forced,111,112,1,0
167,3359232,112,0,2125764,2,12,flexible,112,112,0,0
167,3359232,112,0,2239488,10,7,flexible,112,112,0,0
167,3359232,112,0,2359296,18,2,forced,111,112,1,0
167,3359232,112,0,2519424,7,9,flexible,112,112,0,0
167,3359232,112,0,2654208,15,4,flexible,112,112,0,0
167,3359232,112,0,2834352,4,11,flexible,112,112,0,0
167,3359232,112,0,2985984,12,6,forced,111,112,1,0
167,3359232,112,0,3145728,20,1,forced,111,112,1,0
167,3359232,112,0,3188646,1,13,forced,111,112,1,0
167,3359232,112,0,3359232,9,8,flexible,112,112,0,0
168,3538944,112,0,1,0,0,flexible,112,112,0,0
168,3538944,112,0,2,1,0,flexible,112,112,0,0
168,3538944,112,0,3,0,1,flexible,112,112,0,0
168,3538944,112,0,4,2,0,flexible,112,112,0,0
168,3538944,112,0,6,1,1,flexible,112,112,0,0
168,3538944,112,0,8,3,0,flexible,112,112,0,0
168,3538944,112,0,9,0,2,flexible,112,112,0,0
168,3538944,112,0,12,2,1,flexible,112,112,0,0
168,3538944,112,0,16,4,0,flexible,112,112,0,0
168,3538944,112,0,18,1,2,flexible,112,112,0,0
168,3538944,112,0,24,3,1,flexible,112,112,0,0
168,3538944,112,0,27,0,3,flexible,112,112,0,0
168,3538944,112,0,32,5,0,flexible,112,112,0,0
168,3538944,112,0,36,2,2,flexible,112,112,0,0
168,3538944,112,0,48,4,1,flexible,112,112,0,0
168,3538944,112,0,54,1,3,flexible,112,112,0,0
168,3538944,112,0,64,6,0,flexible,112,112,0,0
168,3538944,112,0,72,3,2,flexible,112,112,0,0
168,3538944,112,0,81,0,4,flexible,112,112,0,0
168,3538944,112,0,96,5,1,flexible,112,112,0,0
168,3538944,112,0,108,2,3,flexible,112,112,0,0
168,3538944,112,0,128,7,0,flexible,112,112,0,0
168,3538944,112,0,144,4,2,flexible,112,112,0,0
168,3538944,112,0,162,1,4,flexible,112,112,0,0
168,3538944,112,0,192,6,1,flexible,112,112,0,0
168,3538944,112,0,216,3,3,flexible,112,112,0,0
168,3538944,112,0,243,0,5,flexible,112,112,0,0
168,3538944,112,0,256,8,0,flexible,112,112,0,0
168,3538944,112,0,288,5,2,flexible,112,112,0,0
168,3538944,112,0,324,2,4,flexible,112,112,0,0
168,3538944,112,0,384,7,1,flexible,112,112,0,0
168,3538944,112,0,432,4,3,flexible,112,112,0,0
168,3538944,112,0,486,1,5,flexible,112,112,0,0
168,3538944,112,0,512,9,0,flexible,112,112,0,0
168,3538944,112,0,576,6,2,flexible,112,112,0,0
168,3538944,112,0,648,3,4,flexible,112,112,0,0
168,3538944,112,0,729,0,6,flexible,112,112,0,0
168,3538944,112,0,768,8,1,flexible,112,112,0,0
168,3538944,112,0,864,5,3,flexible,112,112,0,0
168,3538944,112,0,972,2,5,flexible,112,112,0,0
168,3538944,112,0,1024,10,0,flexible,112,112,0,0
168,3538944,112,0,1152,7,2,flexible,112,112,0,0
168,3538944,112,0,1296,4,4,flexible,112,112,0,0
168,3538944,112,0,1458,1,6,flexible,112,112,0,0
168,3538944,112,0,1536,9,1,flexible,112,112,0,0
168,3538944,112,0,1728,6,3,flexible,112,112,0,0
168,3538944,112,0,1944,3,5,flexible,112,112,0,0
168,3538944,112,0,2048,11,0,flexible,112,112,0,0
168,3538944,112,0,2187,0,7,flexible,112,112,0,0
168,3538944,112,0,2304,8,2,flexible,112,112,0,0
168,3538944,112,0,2592,5,4,flexible,112,112,0,0
168,3538944,112,0,2916,2,6,flexible,112,112,0,0
168,3538944,112,0,3072,10,1,flexible,112,112,0,0
168,3538944,112,0,3456,7,3,flexible,112,112,0,0
168,3538944,112,0,3888,4,5,flexible,112,112,0,0
168,3538944,112,0,4096,12,0,flexible,112,112,0,0
168,3538944,112,0,4374,1,7,flexible,112,112,0,0
168,3538944,112,0,4608,9,2,flexible,112,112,0,0
168,3538944,112,0,5184,6,4,flexible,112,112,0,0
168,3538944,112,0,5832,3,6,flexible,112,112,0,0
168,3538944,112,0,6144,11,1,flexible,112,112,0,0
168,3538944,112,0,6561,0,8,flexible,112,112,0,0
168,3538944,112,0,6912,8,3,flexible,112,112,0,0
168,3538944,112,0,7776,5,5,flexible,112,112,0,0
168,3538944,112,0,8192,13,0,flexible,112,112,0,0
168,3538944,112,0,8748,2,7,flexible,112,112,0,0
168,3538944,112,0,9216,10,2,flexible,112,112,0,0
168,3538944,112,0,10368,7,4,flexible,112,112,0,0
168,3538944,112,0,11664,4,6,flexible,112,112,0,0
168,3538944,112,0,12288,12,1,flexible,112,112,0,0
168,3538944,112,0,13122,1,8,flexible,112,112,0,0
168,3538944,112,0,13824,9,3,flexible,112,112,0,0
168,3538944,112,0,15552,6,5,flexible,112,112,0,0
168,3538944,112,0,16384,14,0,flexible,112,112,0,0
168,3538944,112,0,17496,3,7,flexible,112,112,0,0
168,3538944,112,0,18432,11,2,flexible,112,112,0,0
168,3538944,112,0,19683,0,9,flexible,112,112,0,0
168,3538944,112,0,20736,8,4,flexible,112,112,0,0
168,3538944,112,0,23328,5,6,flexible,112,112,0,0
168,3538944,112,0,24576,13,1,flexible,112,112,0,0
168,3538944,112,0,26244,2,8,flexible,112,112,0,0
168,3538944,112,0,27648,10,3,flexible,112,112,0,0
168,3538944,112,0,31104,7,5,flexible,112,112,0,0
168,3538944,112,0,32768,15,0,flexible,112,112,0,0
168,3538944,112,0,34992,4,7,flexible,112,112,0,0
168,3538944,112,0,36864,12,2,flexible,112,112,0,0
168,3538944,112,0,39366,1,9,flexible,112,112,0,0
168,3538944,112,0,41472,9,4,flexible,112,112,0,0
168,3538944,112,0,46656,6,6,flexible,112,112,0,0
168,3538944,112,0,49152,14,1,flexible,112,112,0,0
168,3538944,112,0,52488,3,8,flexible,112,112,0,0
168,3538944,112,0,55296,11,3,flexible,112,112,0,0
168,3538944,112,0,59049,0,10,flexible,112,112,0,0
168,3538944,112,0,62208,8,5,flexible,112,112,0,0
168,3538944,112,0,65536,16,0,flexible,112,112,0,0
168,3538944,112,0,69984,5,7,flexible,112,112,0,0
168,3538944,112,0,73728,13,2,flexible,112,112,0,0
168,3538944,112,0,78732,2,9,flexible,112,112,0,0
168,3538944,112,0,82944,10,4,flexible,112,112,0,0
168,3538944,112,0,93312,7,6,flexible,112,112,0,0
168,3538944,112,0,98304,15,1,flexible,112,112,0,0
168,3538944,112,0,104976,4,8,flexible,112,112,0,0
168,3538944,112,0,110592,12,3,flexible,112,112,0,0
168,3538944,112,0,118098,1,10,flexible,112,112,0,0
168,3538944,112,0,124416,9,5,flexible,112,112,0,0
168,3538944,112,0,131072,17,0,flexible,112,112,0,0
168,3538944,112,0,139968,6,7,flexible,112,112,0,0
168,3538944,112,0,147456,14,2,flexible,112,112,0,0
168,3538944,112,0,157464,3,9,flexible,112,112,0,0
168,3538944,112,0,165888,11,4,flexible,112,112,0,0
168,3538944,112,0,177147,0,11,flexible,112,112,0,0
168,3538944,112,0,186624,8,6,flexible,112,112,0,0
168,3538944,112,0,196608,16,1,flexible,112,112,0,0
168,3538944,112,0,209952,5,8,flexible,112,112,0,0
168,3538944,112,0,221184,13,3,flexible,112,112,0,0
168,3538944,112,0,236196,2,10,flexible,112,112,0,0
168,3538944,112,0,248832,10,5,flexible,112,112,0,0
168,3538944,112,0,262144,18,0,flexible,112,112,0,0
168,3538944,112,0,279936,7,7,flexible,112,112,0,0
168,3538944,112,0,294912,15,2,flexible,112,112,0,0
168,3538944,112,0,314928,4,9,flexible,112,112,0,0
168,3538944,112,0,331776,12,4,flexible,112,112,0,0
168,3538944,112,0,354294,1,11,flexible,112,112,0,0
168,3538944,112,0,373248,9,6,flexible,112,112,0,0
168,3538944,112,0,393216,17,1,flexible,112,112,0,0
168,3538944,112,0,419904,6,8,flexible,112,112,0,0
168,3538944,112,0,442368,14,3,flexible,112,112,0,0
168,3538944,112,0,472392,3,10,flexible,112,112,0,0
168,3538944,112,0,497664,11,5,flexible,112,112,0,0
168,3538944,112,0,524288,19,0,flexible,112,112,0,0
168,3538944,112,0,531441,0,12,flexible,112,112,0,0
168,3538944,112,0,559872,8,7,flexible,112,112,0,0
168,3538944,112,0,589824,16,2,flexible,112,112,0,0
168,3538944,112,0,629856,5,9,flexible,112,112,0,0
168,3538944,112,0,663552,13,4,flexible,112,112,0,0
168,3538944,112,0,708588,2,11,flexible,112,112,0,0
168,3538944,112,0,746496,10,6,flexible,112,112,0,0
168,3538944,112,0,786432,18,1,flexible,112,112,0,0
168,3538944,112,0,839808,7,8,flexible,112,112,0,0
168,3538944,112,0,884736,15,3,flexible,112,112,0,0
168,3538944,112,0,944784,4,10,flexible,112,112,0,0
168,3538944,112,0,995328,12,5,flexible,112,112,0,0
168,3538944,112,0,1048576,20,0,flexible,112,112,0,0
168,3538944,112,0,1062882,1,12,flexible,112,112,0,0
168,3538944,112,0,1119744,9,7,flexible,112,112,0,0
168,3538944,112,0,1179648,17,2,flexible,112,112,0,0
168,3538944,112,0,1259712,6,9,flexible,112,112,0,0
168,3538944,112,0,1327104,14,4,flexible,112,112,0,0
168,3538944,112,0,1417176,3,11,flexible,112,112,0,0
168,3538944,112,0,1492992,11,6,flexible,112,112,0,0
168,3538944,112,0,1572864,19,1,flexible,112,112,0,0
168,3538944,112,0,1594323,0,13,flexible,112,112,0,0
168,3538944,112,0,1679616,8,8,flexible,112,112,0,0
168,3538944,112,0,1769472,16,3,flexible,112,112,0,0
168,3538944,112,0,1889568,5,10,flexible,112,112,0,0
168,3538944,112,0,1990656,13,5,flexible,112,112,0,0
168,3538944,112,0,2097152,21,0,flexible,112,112,0,0
168,3538944,112,0,2125764,2,12,flexible,112,112,0,0
168,3538944,112,0,2239488,10,7,flexible,112,112,0,0
168,3538944,112,0,2359296,18,2,flexible,112,112,0,0
168,3538944,112,0,2519424,7,9,flexible,112,112,0,0
168,3538944,112,0,2654208,15,4,flexible,112,112,0,0
168,3538944,112,0,2834352,4,11,flexible,112,112,0,0
168,3538944,112,0,2985984,12,6,flexible,112,112,0,0
168,3538944,112,0,3145728,20,1,flexible,112,112,0,0
168,3538944,112,0,3188646,1,13,flexible,112,112,0,0
168,3538944,112,0,3359232,9,8,flexible,112,112,0,0
168,3538944,112,0,3538944,17,3,flexible,112,112,0,0
169,3779136,113,1,1,0,0,flexible,113,113,0,0
169,3779136,113,1,2,1,0,flexible,113,113,0,0
169,3779136,113,1,3,0,1,flexible,113,113,0,0
169,3779136,113,1,4,2,0,forced,112,113,1,0
169,3779136,113,1,6,1,1,flexible,113,113,0,0
169,3779136,113,1,8,3,0,flexible,113,113,0,0
169,3779136,113,1,9,0,2,flexible,113,113,0,0
169,3779136,113,1,12,2,1,flexible,113,113,0,0
169,3779136,113,1,16,4,0,flexible,113,113,0,0
169,3779136,113,1,18,1,2,forced,112,113,1,0
169,3779136,113,1,24,3,1,forced,112,113,1,0
169,3779136,113,1,27,0,3,flexible,113,113,0,0
169,3779136,113,1,32,5,0,forced,112,113,1,0
169,3779136,113,1,36,2,2,flexible,113,113,0,0
169,3779136,113,1,48,4,1,flexible,113,113,0,0
169,3779136,113,1,54,1,3,flexible,113,113,0,0
169,3779136,113,1,64,6,0,flexible,113,113,0,0
169,3779136,113,1,72,3,2,flexible,113,113,0,0
169,3779136,113,1,81,0,4,forced,112,113,1,0
169,3779136,113,1,96,5,1,flexible,113,113,0,0
169,3779136,113,1,108,2,3,forced,112,113,1,0
169,3779136,113,1,128,7,0,flexible,113,113,0,0
169,3779136,113,1,144,4,2,forced,112,113,1,0
169,3779136,113,1,162,1,4,flexible,113,113,0,0
169,3779136,113,1,192,6,1,forced,112,113,1,0
169,3779136,113,1,216,3,3,flexible,113,113,0,0
169,3779136,113,1,243,0,5,flexible,113,113,0,0
169,3779136,113,1,256,8,0,forced,112,113,1,0
169,3779136,113,1,288,5,2,flexible,113,113,0,0
169,3779136,113,1,324,2,4,flexible,113,113,0,0
169,3779136,113,1,384,7,1,flexible,113,113,0,0
169,3779136,113,1,432,4,3,flexible,113,113,0,0
169,3779136,113,1,486,1,5,forced,112,113,1,0
169,3779136,113,1,512,9,0,flexible,113,113,0,0
169,3779136,113,1,576,6,2,flexible,113,113,0,0
169,3779136,113,1,648,3,4,forced,112,113,1,0
169,3779136,113,1,729,0,6,flexible,113,113,0,0
169,3779136,113,1,768,8,1,flexible,113,113,0,0
169,3779136,113,1,864,5,3,forced,112,113,1,0
169,3779136,113,1,972,2,5,flexible,113,113,0,0
169,3779136,113,1,1024,10,0,flexible,113,113,0,0
169,3779136,113,1,1152,7,2,forced,112,113,1,0
169,3779136,113,1,1296,4,4,flexible,113,113,0,0
169,3779136,113,1,1458,1,6,flexible,113,113,0,0
169,3779136,113,1,1536,9,1,forced,112,113,1,0
169,3779136,113,1,1728,6,3,flexible,113,113,0,0
169,3779136,113,1,1944,3,5,flexible,113,113,0,0
169,3779136,113,1,2048,11,0,forced,112,113,1,0
169,3779136,113,1,2187,0,7,forced,112,113,1,0
169,3779136,113,1,2304,8,2,flexible,113,113,0,0
169,3779136,113,1,2592,5,4,flexible,113,113,0,0
169,3779136,113,1,2916,2,6,forced,112,113,1,0
169,3779136,113,1,3072,10,1,flexible,113,113,0,0
169,3779136,113,1,3456,7,3,flexible,113,113,0,0
169,3779136,113,1,3888,4,5,forced,112,113,1,0
169,3779136,113,1,4096,12,0,flexible,113,113,0,0
169,3779136,113,1,4374,1,7,flexible,113,113,0,0
169,3779136,113,1,4608,9,2,flexible,113,113,0,0
169,3779136,113,1,5184,6,4,forced,112,113,1,0
169,3779136,113,1,5832,3,6,flexible,113,113,0,0
169,3779136,113,1,6144,11,1,flexible,113,113,0,0
169,3779136,113,1,6561,0,8,flexible,113,113,0,0
169,3779136,113,1,6912,8,3,forced,112,113,1,0
169,3779136,113,1,7776,5,5,flexible,113,113,0,0
169,3779136,113,1,8192,13,0,flexible,113,113,0,0
169,3779136,113,1,8748,2,7,flexible,113,113,0,0
169,3779136,113,1,9216,10,2,forced,112,113,1,0
169,3779136,113,1,10368,7,4,flexible,113,113,0,0
169,3779136,113,1,11664,4,6,flexible,113,113,0,0
169,3779136,113,1,12288,12,1,forced,112,113,1,0
169,3779136,113,1,13122,1,8,forced,112,113,1,0
169,3779136,113,1,13824,9,3,flexible,113,113,0,0
169,3779136,113,1,15552,6,5,flexible,113,113,0,0
169,3779136,113,1,16384,14,0,forced,112,113,1,0
169,3779136,113,1,17496,3,7,forced,112,113,1,0
169,3779136,113,1,18432,11,2,flexible,113,113,0,0
169,3779136,113,1,19683,0,9,flexible,113,113,0,0
169,3779136,113,1,20736,8,4,flexible,113,113,0,0
169,3779136,113,1,23328,5,6,forced,112,113,1,0
169,3779136,113,1,24576,13,1,flexible,113,113,0,0
169,3779136,113,1,26244,2,8,flexible,113,113,0,0
169,3779136,113,1,27648,10,3,flexible,113,113,0,0
169,3779136,113,1,31104,7,5,forced,112,113,1,0
169,3779136,113,1,32768,15,0,flexible,113,113,0,0
169,3779136,113,1,34992,4,7,flexible,113,113,0,0
169,3779136,113,1,36864,12,2,flexible,113,113,0,0
169,3779136,113,1,39366,1,9,flexible,113,113,0,0
169,3779136,113,1,41472,9,4,forced,112,113,1,0
169,3779136,113,1,46656,6,6,flexible,113,113,0,0
169,3779136,113,1,49152,14,1,flexible,113,113,0,0
169,3779136,113,1,52488,3,8,flexible,113,113,0,0
169,3779136,113,1,55296,11,3,forced,112,113,1,0
169,3779136,113,1,59049,0,10,forced,112,113,1,0
169,3779136,113,1,62208,8,5,flexible,113,113,0,0
169,3779136,113,1,65536,16,0,flexible,113,113,0,0
169,3779136,113,1,69984,5,7,flexible,113,113,0,0
169,3779136,113,1,73728,13,2,forced,112,113,1,0
169,3779136,113,1,78732,2,9,forced,112,113,1,0
169,3779136,113,1,82944,10,4,flexible,113,113,0,0
169,3779136,113,1,93312,7,6,flexible,113,113,0,0
169,3779136,113,1,98304,15,1,forced,112,113,1,0
169,3779136,113,1,104976,4,8,forced,112,113,1,0
169,3779136,113,1,110592,12,3,flexible,113,113,0,0
169,3779136,113,1,118098,1,10,flexible,113,113,0,0
169,3779136,113,1,124416,9,5,flexible,113,113,0,0
169,3779136,113,1,131072,17,0,flexible,113,113,0,0
169,3779136,113,1,139968,6,7,forced,112,113,1,0
169,3779136,113,1,147456,14,2,flexible,113,113,0,0
169,3779136,113,1,157464,3,9,flexible,113,113,0,0
169,3779136,113,1,165888,11,4,flexible,113,113,0,0
169,3779136,113,1,177147,0,11,flexible,113,113,0,0
169,3779136,113,1,186624,8,6,forced,112,113,1,0
169,3779136,113,1,196608,16,1,flexible,113,113,0,0
169,3779136,113,1,209952,5,8,flexible,113,113,0,0
169,3779136,113,1,221184,13,3,flexible,113,113,0,0
169,3779136,113,1,236196,2,10,flexible,113,113,0,0
169,3779136,113,1,248832,10,5,forced,112,113,1,0
169,3779136,113,1,262144,18,0,flexible,113,113,0,0
169,3779136,113,1,279936,7,7,flexible,113,113,0,0
169,3779136,113,1,294912,15,2,flexible,113,113,0,0
169,3779136,113,1,314928,4,9,flexible,113,113,0,0
169,3779136,113,1,331776,12,4,forced,112,113,1,0
169,3779136,113,1,354294,1,11,flexible,113,113,0,0
169,3779136,113,1,373248,9,6,flexible,113,113,0,0
169,3779136,113,1,393216,17,1,flexible,113,113,0,0
169,3779136,113,1,419904,6,8,flexible,113,113,0,0
169,3779136,113,1,442368,14,3,forced,112,113,1,0
169,3779136,113,1,472392,3,10,forced,112,113,1,0
169,3779136,113,1,497664,11,5,flexible,113,113,0,0
169,3779136,113,1,524288,19,0,flexible,113,113,0,0
169,3779136,113,1,531441,0,12,flexible,113,113,0,0
169,3779136,113,1,559872,8,7,flexible,113,113,0,0
169,3779136,113,1,589824,16,2,forced,112,113,1,0
169,3779136,113,1,629856,5,9,forced,112,113,1,0
169,3779136,113,1,663552,13,4,flexible,113,113,0,0
169,3779136,113,1,708588,2,11,flexible,113,113,0,0
169,3779136,113,1,746496,10,6,flexible,113,113,0,0
169,3779136,113,1,786432,18,1,flexible,113,113,0,0
169,3779136,113,1,839808,7,8,forced,112,113,1,0
169,3779136,113,1,884736,15,3,flexible,113,113,0,0
169,3779136,113,1,944784,4,10,flexible,113,113,0,0
169,3779136,113,1,995328,12,5,flexible,113,113,0,0
169,3779136,113,1,1048576,20,0,flexible,113,113,0,0
169,3779136,113,1,1062882,1,12,flexible,113,113,0,0
169,3779136,113,1,1119744,9,7,flexible,113,113,0,0
169,3779136,113,1,1179648,17,2,flexible,113,113,0,0
169,3779136,113,1,1259712,6,9,flexible,113,113,0,0
169,3779136,113,1,1327104,14,4,flexible,113,113,0,0
169,3779136,113,1,1417176,3,11,flexible,113,113,0,0
169,3779136,113,1,1492992,11,6,forced,112,113,1,0
169,3779136,113,1,1572864,19,1,flexible,113,113,0,0
169,3779136,113,1,1594323,0,13,forced,112,113,1,0
169,3779136,113,1,1679616,8,8,flexible,113,113,0,0
169,3779136,113,1,1769472,16,3,flexible,113,113,0,0
169,3779136,113,1,1889568,5,10,flexible,113,113,0,0
169,3779136,113,1,1990656,13,5,flexible,113,113,0,0
169,3779136,113,1,2097152,21,0,flexible,113,113,0,0
169,3779136,113,1,2125764,2,12,flexible,113,113,0,0
169,3779136,113,1,2239488,10,7,flexible,113,113,0,0
169,3779136,113,1,2359296,18,2,flexible,113,113,0,0
169,3779136,113,1,2519424,7,9,flexible,113,113,0,0
169,3779136,113,1,2654208,15,4,flexible,113,113,0,0
169,3779136,113,1,2834352,4,11,forced,112,113,1,0
169,3779136,113,1,2985984,12,6,flexible,113,113,0,0
169,3779136,113,1,3145728,20,1,flexible,113,113,0,0
169,3779136,113,1,3188646,1,13,flexible,113,113,0,0
169,3779136,113,1,3359232,9,8,flexible,113,113,0,0
169,3779136,113,1,3538944,17,3,flexible,113,113,0,0
169,3779136,113,1,3779136,6,10,forced,112,113,1,0
170,3981312,114,1,1,0,0,forced,113,114,1,0
170,3981312,114,1,2,1,0,none,114,113,0,1
170,3981312,114,1,3,0,1,forced,113,114,1,0
170,3981312,114,1,4,2,0,forced,113,114,1,0
170,3981312,114,1,6,1,1,forced,113,114,1,0
170,3981312,114,1,8,3,0,forced,113,114,1,0
170,3981312,114,1,9,0,2,none,114,113,0,1
170,3981312,114,1,12,2,1,none,114,113,0,1
170,3981312,114,1,16,4,0,none,114,113,0,1
170,3981312,114,1,18,1,2,forced,113,114,1,0
170,3981312,114,1,24,3,1,forced,113,114,1,0
170,3981312,114,1,27,0,3,forced,113,114,1,0
170,3981312,114,1,32,5,0,forced,113,114,1,0
170,3981312,114,1,36,2,2,forced,113,114,1,0
170,3981312,114,1,48,4,1,forced,113,114,1,0
170,3981312,114,1,54,1,3,none,114,113,0,1
170,3981312,114,1,64,6,0,forced,113,114,1,0
170,3981312,114,1,72,3,2,none,114,113,0,1
170,3981312,114,1,81,0,4,forced,113,114,1,0
170,3981312,114,1,96,5,1,none,114,113,0,1
170,3981312,114,1,108,2,3,forced,113,114,1,0
170,3981312,114,1,128,7,0,none,114,113,0,1
170,3981312,114,1,144,4,2,forced,113,114,1,0
170,3981312,114,1,162,1,4,forced,113,114,1,0
170,3981312,114,1,192,6,1,forced,113,114,1,0
170,3981312,114,1,216,3,3,forced,113,114,1,0
170,3981312,114,1,243,0,5,none,114,113,0,1
170,3981312,114,1,256,8,0,forced,113,114,1,0
170,3981312,114,1,288,5,2,forced,113,114,1,0
170,3981312,114,1,324,2,4,none,114,113,0,1
170,3981312,114,1,384,7,1,forced,113,114,1,0
170,3981312,114,1,432,4,3,none,114,113,0,1
170,3981312,114,1,486,1,5,forced,113,114,1,0
170,3981312,114,1,512,9,0,forced,113,114,1,0
170,3981312,114,1,576,6,2,none,114,113,0,1
170,3981312,114,1,648,3,4,forced,113,114,1,0
170,3981312,114,1,729,0,6,forced,113,114,1,0
170,3981312,114,1,768,8,1,none,114,113,0,1
170,3981312,114,1,864,5,3,forced,113,114,1,0
170,3981312,114,1,972,2,5,forced,113,114,1,0
170,3981312,114,1,1024,10,0,none,114,113,0,1
170,3981312,114,1,1152,7,2,forced,113,114,1,0
170,3981312,114,1,1296,4,4,forced,113,114,1,0
170,3981312,114,1,1458,1,6,none,114,113,0,1
170,3981312,114,1,1536,9,1,forced,113,114,1,0
170,3981312,114,1,1728,6,3,forced,113,114,1,0
170,3981312,114,1,1944,3,5,none,114,113,0,1
170,3981312,114,1,2048,11,0,forced,113,114,1,0
170,3981312,114,1,2187,0,7,forced,113,114,1,0
170,3981312,114,1,2304,8,2,forced,113,114,1,0
170,3981312,114,1,2592,5,4,none,114,113,0,1
170,3981312,114,1,2916,2,6,forced,113,114,1,0
170,3981312,114,1,3072,10,1,forced,113,114,1,0
170,3981312,114,1,3456,7,3,none,114,113,0,1
170,3981312,114,1,3888,4,5,forced,113,114,1,0
170,3981312,114,1,4096,12,0,forced,113,114,1,0
170,3981312,114,1,4374,1,7,forced,113,114,1,0
170,3981312,114,1,4608,9,2,none,114,113,0,1
170,3981312,114,1,5184,6,4,forced,113,114,1,0
170,3981312,114,1,5832,3,6,forced,113,114,1,0
170,3981312,114,1,6144,11,1,none,114,113,0,1
170,3981312,114,1,6561,0,8,none,114,113,0,1
170,3981312,114,1,6912,8,3,forced,113,114,1,0
170,3981312,114,1,7776,5,5,forced,113,114,1,0
170,3981312,114,1,8192,13,0,none,114,113,0,1
170,3981312,114,1,8748,2,7,none,114,113,0,1
170,3981312,114,1,9216,10,2,forced,113,114,1,0
170,3981312,114,1,10368,7,4,forced,113,114,1,0
170,3981312,114,1,11664,4,6,none,114,113,0,1
170,3981312,114,1,12288,12,1,forced,113,114,1,0
170,3981312,114,1,13122,1,8,forced,113,114,1,0
170,3981312,114,1,13824,9,3,forced,113,114,1,0
170,3981312,114,1,15552,6,5,none,114,113,0,1
170,3981312,114,1,16384,14,0,forced,113,114,1,0
170,3981312,114,1,17496,3,7,forced,113,114,1,0
170,3981312,114,1,18432,11,2,forced,113,114,1,0
170,3981312,114,1,19683,0,9,forced,113,114,1,0
170,3981312,114,1,20736,8,4,none,114,113,0,1
170,3981312,114,1,23328,5,6,forced,113,114,1,0
170,3981312,114,1,24576,13,1,forced,113,114,1,0
170,3981312,114,1,26244,2,8,forced,113,114,1,0
170,3981312,114,1,27648,10,3,none,114,113,0,1
170,3981312,114,1,31104,7,5,forced,113,114,1,0
170,3981312,114,1,32768,15,0,forced,113,114,1,0
170,3981312,114,1,34992,4,7,forced,113,114,1,0
170,3981312,114,1,36864,12,2,none,114,113,0,1
170,3981312,114,1,39366,1,9,none,114,113,0,1
170,3981312,114,1,41472,9,4,forced,113,114,1,0
170,3981312,114,1,46656,6,6,forced,113,114,1,0
170,3981312,114,1,49152,14,1,none,114,113,0,1
170,3981312,114,1,52488,3,8,none,114,113,0,1
170,3981312,114,1,55296,11,3,forced,113,114,1,0
170,3981312,114,1,59049,0,10,forced,113,114,1,0
170,3981312,114,1,62208,8,5,forced,113,114,1,0
170,3981312,114,1,65536,16,0,none,114,113,0,1
170,3981312,114,1,69984,5,7,none,114,113,0,1
170,3981312,114,1,73728,13,2,forced,113,114,1,0
170,3981312,114,1,78732,2,9,forced,113,114,1,0
170,3981312,114,1,82944,10,4,forced,113,114,1,0
170,3981312,114,1,93312,7,6,none,114,113,0,1
170,3981312,114,1,98304,15,1,forced,113,114,1,0
170,3981312,114,1,104976,4,8,forced,113,114,1,0
170,3981312,114,1,110592,12,3,forced,113,114,1,0
170,3981312,114,1,118098,1,10,forced,113,114,1,0
170,3981312,114,1,124416,9,5,none,114,113,0,1
170,3981312,114,1,131072,17,0,forced,113,114,1,0
170,3981312,114,1,139968,6,7,forced,113,114,1,0
170,3981312,114,1,147456,14,2,forced,113,114,1,0
170,3981312,114,1,157464,3,9,forced,113,114,1,0
170,3981312,114,1,165888,11,4,none,114,113,0,1
170,3981312,114,1,177147,0,11,none,114,113,0,1
170,3981312,114,1,186624,8,6,forced,113,114,1,0
170,3981312,114,1,196608,16,1,forced,113,114,1,0
170,3981312,114,1,209952,5,8,forced,113,114,1,0
170,3981312,114,1,221184,13,3,none,114,113,0,1
170,3981312,114,1,236196,2,10,none,114,113,0,1
170,3981312,114,1,248832,10,5,forced,113,114,1,0
170,3981312,114,1,262144,18,0,flexible,114,114,0,0
170,3981312,114,1,279936,7,7,forced,113,114,1,0
170,3981312,114,1,294912,15,2,none,114,113,0,1
170,3981312,114,1,314928,4,9,none,114,113,0,1
170,3981312,114,1,331776,12,4,forced,113,114,1,0
170,3981312,114,1,354294,1,11,forced,113,114,1,0
170,3981312,114,1,373248,9,6,forced,113,114,1,0
170,3981312,114,1,393216,17,1,none,114,113,0,1
170,3981312,114,1,419904,6,8,none,114,113,0,1
170,3981312,114,1,442368,14,3,forced,113,114,1,0
170,3981312,114,1,472392,3,10,forced,113,114,1,0
170,3981312,114,1,497664,11,5,forced,113,114,1,0
170,3981312,114,1,524288,19,0,flexible,114,114,0,0
170,3981312,114,1,531441,0,12,forced,113,114,1,0
170,3981312,114,1,559872,8,7,none,114,113,0,1
170,3981312,114,1,589824,16,2,forced,113,114,1,0
170,3981312,114,1,629856,5,9,forced,113,114,1,0
170,3981312,114,1,663552,13,4,forced,113,114,1,0
170,3981312,114,1,708588,2,11,forced,113,114,1,0
170,3981312,114,1,746496,10,6,none,114,113,0,1
170,3981312,114,1,786432,18,1,flexible,114,114,0,0
170,3981312,114,1,839808,7,8,forced,113,114,1,0
170,3981312,114,1,884736,15,3,flexible,114,114,0,0
170,3981312,114,1,944784,4,10,forced,113,114,1,0
170,3981312,114,1,995328,12,5,none,114,113,0,1
170,3981312,114,1,1048576,20,0,flexible,114,114,0,0
170,3981312,114,1,1062882,1,12,none,114,113,0,1
170,3981312,114,1,1119744,9,7,flexible,114,114,0,0
170,3981312,114,1,1179648,17,2,flexible,114,114,0,0
170,3981312,114,1,1259712,6,9,forced,113,114,1,0
170,3981312,114,1,1327104,14,4,none,114,113,0,1
170,3981312,114,1,1417176,3,11,none,114,113,0,1
170,3981312,114,1,1492992,11,6,forced,113,114,1,0
170,3981312,114,1,1572864,19,1,forced,113,114,1,0
170,3981312,114,1,1594323,0,13,forced,113,114,1,0
170,3981312,114,1,1679616,8,8,forced,113,114,1,0
170,3981312,114,1,1769472,16,3,flexible,114,114,0,0
170,3981312,114,1,1889568,5,10,none,114,113,0,1
170,3981312,114,1,1990656,13,5,forced,113,114,1,0
170,3981312,114,1,2097152,21,0,flexible,114,114,0,0
170,3981312,114,1,2125764,2,12,forced,113,114,1,0
170,3981312,114,1,2239488,10,7,flexible,114,114,0,0
170,3981312,114,1,2359296,18,2,flexible,114,114,0,0
170,3981312,114,1,2519424,7,9,none,114,113,0,1
170,3981312,114,1,2654208,15,4,flexible,114,114,0,0
170,3981312,114,1,2834352,4,11,forced,113,114,1,0
170,3981312,114,1,2985984,12,6,forced,113,114,1,0
170,3981312,114,1,3145728,20,1,flexible,114,114,0,0
170,3981312,114,1,3188646,1,13,forced,113,114,1,0
170,3981312,114,1,3359232,9,8,flexible,114,114,0,0
170,3981312,114,1,3538944,17,3,flexible,114,114,0,0
170,3981312,114,1,3779136,6,10,forced,113,114,1,0
170,3981312,114,1,3981312,14,5,forced,113,114,1,0
171,4194304,115,1,1,0,0,forced,114,115,1,0
171,4194304,115,1,2,1,0,none,115,114,0,1
171,4194304,115,1,3,0,1,forced,114,115,1,0
171,4194304,115,1,4,2,0,forced,114,115,1,0
171,4194304,115,1,6,1,1,forced,114,115,1,0
171,4194304,115,1,8,3,0,forced,114,115,1,0
171,4194304,115,1,9,0,2,none,115,114,0,1
171,4194304,115,1,12,2,1,none,115,114,0,1
171,4194304,115,1,16,4,0,none,115,114,0,1
171,4194304,115,1,18,1,2,forced,114,115,1,0
171,4194304,115,1,24,3,1,forced,114,115,1,0
171,4194304,115,1,27,0,3,forced,114,115,1,0
171,4194304,115,1,32,5,0,forced,114,115,1,0
171,4194304,115,1,36,2,2,forced,114,115,1,0
171,4194304,115,1,48,4,1,forced,114,115,1,0
171,4194304,115,1,54,1,3,none,115,114,0,1
171,4194304,115,1,64,6,0,forced,114,115,1,0
171,4194304,115,1,72,3,2,none,115,114,0,1
171,4194304,115,1,81,0,4,forced,114,115,1,0
171,4194304,115,1,96,5,1,none,115,114,0,1
171,4194304,115,1,108,2,3,forced,114,115,1,0
171,4194304,115,1,128,7,0,none,115,114,0,1
171,4194304,115,1,144,4,2,forced,114,115,1,0
171,4194304,115,1,162,1,4,forced,114,115,1,0
171,4194304,115,1,192,6,1,forced,114,115,1,0
171,4194304,115,1,216,3,3,forced,114,115,1,0
171,4194304,115,1,243,0,5,none,115,114,0,1
171,4194304,115,1,256,8,0,forced,114,115,1,0
171,4194304,115,1,288,5,2,forced,114,115,1,0
171,4194304,115,1,324,2,4,none,115,114,0,1
171,4194304,115,1,384,7,1,forced,114,115,1,0
171,4194304,115,1,432,4,3,none,115,114,0,1
171,4194304,115,1,486,1,5,forced,114,115,1,0
171,4194304,115,1,512,9,0,forced,114,115,1,0
171,4194304,115,1,576,6,2,none,115,114,0,1
171,4194304,115,1,648,3,4,forced,114,115,1,0
171,4194304,115,1,729,0,6,forced,114,115,1,0
171,4194304,115,1,768,8,1,none,115,114,0,1
171,4194304,115,1,864,5,3,forced,114,115,1,0
171,4194304,115,1,972,2,5,forced,114,115,1,0
171,4194304,115,1,1024,10,0,none,115,114,0,1
171,4194304,115,1,1152,7,2,forced,114,115,1,0
171,4194304,115,1,1296,4,4,forced,114,115,1,0
171,4194304,115,1,1458,1,6,none,115,114,0,1
171,4194304,115,1,1536,9,1,forced,114,115,1,0
171,4194304,115,1,1728,6,3,forced,114,115,1,0
171,4194304,115,1,1944,3,5,none,115,114,0,1
171,4194304,115,1,2048,11,0,forced,114,115,1,0
171,4194304,115,1,2187,0,7,forced,114,115,1,0
171,4194304,115,1,2304,8,2,forced,114,115,1,0
171,4194304,115,1,2592,5,4,none,115,114,0,1
171,4194304,115,1,2916,2,6,forced,114,115,1,0
171,4194304,115,1,3072,10,1,forced,114,115,1,0
171,4194304,115,1,3456,7,3,none,115,114,0,1
171,4194304,115,1,3888,4,5,forced,114,115,1,0
171,4194304,115,1,4096,12,0,forced,114,115,1,0
171,4194304,115,1,4374,1,7,forced,114,115,1,0
171,4194304,115,1,4608,9,2,none,115,114,0,1
171,4194304,115,1,5184,6,4,forced,114,115,1,0
171,4194304,115,1,5832,3,6,forced,114,115,1,0
171,4194304,115,1,6144,11,1,none,115,114,0,1
171,4194304,115,1,6561,0,8,none,115,114,0,1
171,4194304,115,1,6912,8,3,forced,114,115,1,0
171,4194304,115,1,7776,5,5,forced,114,115,1,0
171,4194304,115,1,8192,13,0,none,115,114,0,1
171,4194304,115,1,8748,2,7,none,115,114,0,1
171,4194304,115,1,9216,10,2,forced,114,115,1,0
171,4194304,115,1,10368,7,4,forced,114,115,1,0
171,4194304,115,1,11664,4,6,none,115,114,0,1
171,4194304,115,1,12288,12,1,forced,114,115,1,0
171,4194304,115,1,13122,1,8,forced,114,115,1,0
171,4194304,115,1,13824,9,3,forced,114,115,1,0
171,4194304,115,1,15552,6,5,none,115,114,0,1
171,4194304,115,1,16384,14,0,forced,114,115,1,0
171,4194304,115,1,17496,3,7,forced,114,115,1,0
171,4194304,115,1,18432,11,2,forced,114,115,1,0
171,4194304,115,1,19683,0,9,forced,114,115,1,0
171,4194304,115,1,20736,8,4,none,115,114,0,1
171,4194304,115,1,23328,5,6,forced,114,115,1,0
171,4194304,115,1,24576,13,1,forced,114,115,1,0
171,4194304,115,1,26244,2,8,forced,114,115,1,0
171,4194304,115,1,27648,10,3,none,115,114,0,1
171,4194304,115,1,31104,7,5,forced,114,115,1,0
171,4194304,115,1,32768,15,0,forced,114,115,1,0
171,4194304,115,1,34992,4,7,forced,114,115,1,0
171,4194304,115,1,36864,12,2,none,115,114,0,1
171,4194304,115,1,39366,1,9,none,115,114,0,1
171,4194304,115,1,41472,9,4,forced,114,115,1,0
171,4194304,115,1,46656,6,6,forced,114,115,1,0
171,4194304,115,1,49152,14,1,none,115,114,0,1
171,4194304,115,1,52488,3,8,none,115,114,0,1
171,4194304,115,1,55296,11,3,forced,114,115,1,0
171,4194304,115,1,59049,0,10,forced,114,115,1,0
171,4194304,115,1,62208,8,5,forced,114,115,1,0
171,4194304,115,1,65536,16,0,none,115,114,0,1
171,4194304,115,1,69984,5,7,none,115,114,0,1
171,4194304,115,1,73728,13,2,forced,114,115,1,0
171,4194304,115,1,78732,2,9,forced,114,115,1,0
171,4194304,115,1,82944,10,4,forced,114,115,1,0
171,4194304,115,1,93312,7,6,none,115,114,0,1
171,4194304,115,1,98304,15,1,forced,114,115,1,0
171,4194304,115,1,104976,4,8,forced,114,115,1,0
171,4194304,115,1,110592,12,3,forced,114,115,1,0
171,4194304,115,1,118098,1,10,forced,114,115,1,0
171,4194304,115,1,124416,9,5,none,115,114,0,1
171,4194304,115,1,131072,17,0,forced,114,115,1,0
171,4194304,115,1,139968,6,7,forced,114,115,1,0
171,4194304,115,1,147456,14,2,forced,114,115,1,0
171,4194304,115,1,157464,3,9,forced,114,115,1,0
171,4194304,115,1,165888,11,4,none,115,114,0,1
171,4194304,115,1,177147,0,11,none,115,114,0,1
171,4194304,115,1,186624,8,6,forced,114,115,1,0
171,4194304,115,1,196608,16,1,forced,114,115,1,0
171,4194304,115,1,209952,5,8,forced,114,115,1,0
171,4194304,115,1,221184,13,3,none,115,114,0,1
171,4194304,115,1,236196,2,10,none,115,114,0,1
171,4194304,115,1,248832,10,5,forced,114,115,1,0
171,4194304,115,1,262144,18,0,flexible,115,115,0,0
171,4194304,115,1,279936,7,7,forced,114,115,1,0
171,4194304,115,1,294912,15,2,none,115,114,0,1
171,4194304,115,1,314928,4,9,none,115,114,0,1
171,4194304,115,1,331776,12,4,forced,114,115,1,0
171,4194304,115,1,354294,1,11,forced,114,115,1,0
171,4194304,115,1,373248,9,6,forced,114,115,1,0
171,4194304,115,1,393216,17,1,none,115,114,0,1
171,4194304,115,1,419904,6,8,none,115,114,0,1
171,4194304,115,1,442368,14,3,forced,114,115,1,0
171,4194304,115,1,472392,3,10,forced,114,115,1,0
171,4194304,115,1,497664,11,5,forced,114,115,1,0
171,4194304,115,1,524288,19,0,flexible,115,115,0,0
171,4194304,115,1,531441,0,12,forced,114,115,1,0
171,4194304,115,1,559872,8,7,none,115,114,0,1
171,4194304,115,1,589824,16,2,forced,114,115,1,0
171,4194304,115,1,629856,5,9,forced,114,115,1,0
171,4194304,115,1,663552,13,4,forced,114,115,1,0
171,4194304,115,1,708588,2,11,forced,114,115,1,0
171,4194304,115,1,746496,10,6,none,115,114,0,1
171,4194304,115,1,786432,18,1,flexible,115,115,0,0
171,4194304,115,1,839808,7,8,forced,114,115,1,0
171,4194304,115,1,884736,15,3,flexible,115,115,0,0
171,4194304,115,1,944784,4,10,forced,114,115,1,0
171,4194304,115,1,995328,12,5,none,115,114,0,1
171,4194304,115,1,1048576,20,0,flexible,115,115,0,0
171,4194304,115,1,1062882,1,12,none,115,114,0,1
171,4194304,115,1,1119744,9,7,flexible,115,115,0,0
171,4194304,115,1,1179648,17,2,flexible,115,115,0,0
171,4194304,115,1,1259712,6,9,forced,114,115,1,0
171,4194304,115,1,1327104,14,4,none,115,114,0,1
171,4194304,115,1,1417176,3,11,none,115,114,0,1
171,4194304,115,1,1492992,11,6,forced,114,115,1,0
171,4194304,115,1,1572864,19,1,forced,114,115,1,0
171,4194304,115,1,1594323,0,13,forced,114,115,1,0
171,4194304,115,1,1679616,8,8,forced,114,115,1,0
171,4194304,115,1,1769472,16,3,flexible,115,115,0,0
171,4194304,115,1,1889568,5,10,none,115,114,0,1
171,4194304,115,1,1990656,13,5,forced,114,115,1,0
171,4194304,115,1,2097152,21,0,flexible,115,115,0,0
171,4194304,115,1,2125764,2,12,forced,114,115,1,0
171,4194304,115,1,2239488,10,7,flexible,115,115,0,0
171,4194304,115,1,2359296,18,2,flexible,115,115,0,0
171,4194304,115,1,2519424,7,9,none,115,114,0,1
171,4194304,115,1,2654208,15,4,flexible,115,115,0,0
171,4194304,115,1,2834352,4,11,forced,114,115,1,0
171,4194304,115,1,2985984,12,6,forced,114,115,1,0
171,4194304,115,1,3145728,20,1,flexible,115,115,0,0
171,4194304,115,1,3188646,1,13,forced,114,115,1,0
171,4194304,115,1,3359232,9,8,flexible,115,115,0,0
171,4194304,115,1,3538944,17,3,flexible,115,115,0,0
171,4194304,115,1,3779136,6,10,forced,114,115,1,0
171,4194304,115,1,3981312,14,5,forced,114,115,1,0
171,4194304,115,1,4194304,22,0,forced,114,115,1,0
172,4251528,116,1,1,0,0,forced,115,116,1,0
172,4251528,116,1,2,1,0,none,116,115,0,1
172,4251528,116,1,3,0,1,forced,115,116,1,0
172,4251528,116,1,4,2,0,forced,115,116,1,0
172,4251528,116,1,6,1,1,forced,115,116,1,0
172,4251528,116,1,8,3,0,forced,115,116,1,0
172,4251528,116,1,9,0,2,none,116,115,0,1
172,4251528,116,1,12,2,1,none,116,115,0,1
172,4251528,116,1,16,4,0,none,116,115,0,1
172,4251528,116,1,18,1,2,forced,115,116,1,0
172,4251528,116,1,24,3,1,forced,115,116,1,0
172,4251528,116,1,27,0,3,forced,115,116,1,0
172,4251528,116,1,32,5,0,forced,115,116,1,0
172,4251528,116,1,36,2,2,forced,115,116,1,0
172,4251528,116,1,48,4,1,forced,115,116,1,0
172,4251528,116,1,54,1,3,none,116,115,0,1
172,4251528,116,1,64,6,0,forced,115,116,1,0
172,4251528,116,1,72,3,2,none,116,115,0,1
172,4251528,116,1,81,0,4,forced,115,116,1,0
172,4251528,116,1,96,5,1,none,116,115,0,1
172,4251528,116,1,108,2,3,forced,115,116,1,0
172,4251528,116,1,128,7,0,none,116,115,0,1
172,4251528,116,1,144,4,2,forced,115,116,1,0
172,4251528,116,1,162,1,4,forced,115,116,1,0
172,4251528,116,1,192,6,1,forced,115,116,1,0
172,4251528,116,1,216,3,3,forced,115,116,1,0
172,4251528,116,1,243,0,5,none,116,115,0,1
172,4251528,116,1,256,8,0,forced,115,116,1,0
172,4251528,116,1,288,5,2,forced,115,116,1,0
172,4251528,116,1,324,2,4,none,116,115,0,1
172,4251528,116,1,384,7,1,forced,115,116,1,0
172,4251528,116,1,432,4,3,none,116,115,0,1
172,4251528,116,1,486,1,5,forced,115,116,1,0
172,4251528,116,1,512,9,0,forced,115,116,1,0
172,4251528,116,1,576,6,2,none,116,115,0,1
172,4251528,116,1,648,3,4,forced,115,116,1,0
172,4251528,116,1,729,0,6,forced,115,116,1,0
172,4251528,116,1,768,8,1,none,116,115,0,1
172,4251528,116,1,864,5,3,forced,115,116,1,0
172,4251528,116,1,972,2,5,forced,115,116,1,0
172,4251528,116,1,1024,10,0,none,116,115,0,1
172,4251528,116,1,1152,7,2,forced,115,116,1,0
172,4251528,116,1,1296,4,4,forced,115,116,1,0
172,4251528,116,1,1458,1,6,none,116,115,0,1
172,4251528,116,1,1536,9,1,forced,115,116,1,0
172,4251528,116,1,1728,6,3,forced,115,116,1,0
172,4251528,116,1,1944,3,5,none,116,115,0,1
172,4251528,116,1,2048,11,0,forced,115,116,1,0
172,4251528,116,1,2187,0,7,forced,115,116,1,0
172,4251528,116,1,2304,8,2,forced,115,116,1,0
172,4251528,116,1,2592,5,4,none,116,115,0,1
172,4251528,116,1,2916,2,6,forced,115,116,1,0
172,4251528,116,1,3072,10,1,forced,115,116,1,0
172,4251528,116,1,3456,7,3,none,116,115,0,1
172,4251528,116,1,3888,4,5,forced,115,116,1,0
172,4251528,116,1,4096,12,0,forced,115,116,1,0
172,4251528,116,1,4374,1,7,forced,115,116,1,0
172,4251528,116,1,4608,9,2,none,116,115,0,1
172,4251528,116,1,5184,6,4,forced,115,116,1,0
172,4251528,116,1,5832,3,6,forced,115,116,1,0
172,4251528,116,1,6144,11,1,none,116,115,0,1
172,4251528,116,1,6561,0,8,none,116,115,0,1
172,4251528,116,1,6912,8,3,forced,115,116,1,0
172,4251528,116,1,7776,5,5,forced,115,116,1,0
172,4251528,116,1,8192,13,0,none,116,115,0,1
172,4251528,116,1,8748,2,7,none,116,115,0,1
172,4251528,116,1,9216,10,2,forced,115,116,1,0
172,4251528,116,1,10368,7,4,forced,115,116,1,0
172,4251528,116,1,11664,4,6,none,116,115,0,1
172,4251528,116,1,12288,12,1,forced,115,116,1,0
172,4251528,116,1,13122,1,8,forced,115,116,1,0
172,4251528,116,1,13824,9,3,forced,115,116,1,0
172,4251528,116,1,15552,6,5,none,116,115,0,1
172,4251528,116,1,16384,14,0,forced,115,116,1,0
172,4251528,116,1,17496,3,7,forced,115,116,1,0
172,4251528,116,1,18432,11,2,forced,115,116,1,0
172,4251528,116,1,19683,0,9,forced,115,116,1,0
172,4251528,116,1,20736,8,4,none,116,115,0,1
172,4251528,116,1,23328,5,6,forced,115,116,1,0
172,4251528,116,1,24576,13,1,forced,115,116,1,0
172,4251528,116,1,26244,2,8,forced,115,116,1,0
172,4251528,116,1,27648,10,3,none,116,115,0,1
172,4251528,116,1,31104,7,5,forced,115,116,1,0
172,4251528,116,1,32768,15,0,forced,115,116,1,0
172,4251528,116,1,34992,4,7,forced,115,116,1,0
172,4251528,116,1,36864,12,2,none,116,115,0,1
172,4251528,116,1,39366,1,9,none,116,115,0,1
172,4251528,116,1,41472,9,4,forced,115,116,1,0
172,4251528,116,1,46656,6,6,forced,115,116,1,0
172,4251528,116,1,49152,14,1,none,116,115,0,1
172,4251528,116,1,52488,3,8,none,116,115,0,1
172,4251528,116,1,55296,11,3,forced,115,116,1,0
172,4251528,116,1,59049,0,10,forced,115,116,1,0
172,4251528,116,1,62208,8,5,forced,115,116,1,0
172,4251528,116,1,65536,16,0,none,116,115,0,1
172,4251528,116,1,69984,5,7,none,116,115,0,1
172,4251528,116,1,73728,13,2,forced,115,116,1,0
172,4251528,116,1,78732,2,9,forced,115,116,1,0
172,4251528,116,1,82944,10,4,forced,115,116,1,0
172,4251528,116,1,93312,7,6,none,116,115,0,1
172,4251528,116,1,98304,15,1,forced,115,116,1,0
172,4251528,116,1,104976,4,8,forced,115,116,1,0
172,4251528,116,1,110592,12,3,forced,115,116,1,0
172,4251528,116,1,118098,1,10,forced,115,116,1,0
172,4251528,116,1,124416,9,5,none,116,115,0,1
172,4251528,116,1,131072,17,0,forced,115,116,1,0
172,4251528,116,1,139968,6,7,forced,115,116,1,0
172,4251528,116,1,147456,14,2,forced,115,116,1,0
172,4251528,116,1,157464,3,9,forced,115,116,1,0
172,4251528,116,1,165888,11,4,none,116,115,0,1
172,4251528,116,1,177147,0,11,none,116,115,0,1
172,4251528,116,1,186624,8,6,forced,115,116,1,0
172,4251528,116,1,196608,16,1,forced,115,116,1,0
172,4251528,116,1,209952,5,8,forced,115,116,1,0
172,4251528,116,1,221184,13,3,none,116,115,0,1
172,4251528,116,1,236196,2,10,none,116,115,0,1
172,4251528,116,1,248832,10,5,forced,115,116,1,0
172,4251528,116,1,262144,18,0,flexible,116,116,0,0
172,4251528,116,1,279936,7,7,forced,115,116,1,0
172,4251528,116,1,294912,15,2,none,116,115,0,1
172,4251528,116,1,314928,4,9,none,116,115,0,1
172,4251528,116,1,331776,12,4,forced,115,116,1,0
172,4251528,116,1,354294,1,11,forced,115,116,1,0
172,4251528,116,1,373248,9,6,forced,115,116,1,0
172,4251528,116,1,393216,17,1,none,116,115,0,1
172,4251528,116,1,419904,6,8,none,116,115,0,1
172,4251528,116,1,442368,14,3,forced,115,116,1,0
172,4251528,116,1,472392,3,10,forced,115,116,1,0
172,4251528,116,1,497664,11,5,forced,115,116,1,0
172,4251528,116,1,524288,19,0,flexible,116,116,0,0
172,4251528,116,1,531441,0,12,forced,115,116,1,0
172,4251528,116,1,559872,8,7,none,116,115,0,1
172,4251528,116,1,589824,16,2,forced,115,116,1,0
172,4251528,116,1,629856,5,9,forced,115,116,1,0
172,4251528,116,1,663552,13,4,forced,115,116,1,0
172,4251528,116,1,708588,2,11,forced,115,116,1,0
172,4251528,116,1,746496,10,6,none,116,115,0,1
172,4251528,116,1,786432,18,1,flexible,116,116,0,0
172,4251528,116,1,839808,7,8,forced,115,116,1,0
172,4251528,116,1,884736,15,3,flexible,116,116,0,0
172,4251528,116,1,944784,4,10,forced,115,116,1,0
172,4251528,116,1,995328,12,5,none,116,115,0,1
172,4251528,116,1,1048576,20,0,flexible,116,116,0,0
172,4251528,116,1,1062882,1,12,none,116,115,0,1
172,4251528,116,1,1119744,9,7,flexible,116,116,0,0
172,4251528,116,1,1179648,17,2,flexible,116,116,0,0
172,4251528,116,1,1259712,6,9,forced,115,116,1,0
172,4251528,116,1,1327104,14,4,none,116,115,0,1
172,4251528,116,1,1417176,3,11,none,116,115,0,1
172,4251528,116,1,1492992,11,6,forced,115,116,1,0
172,4251528,116,1,1572864,19,1,forced,115,116,1,0
172,4251528,116,1,1594323,0,13,forced,115,116,1,0
172,4251528,116,1,1679616,8,8,forced,115,116,1,0
172,4251528,116,1,1769472,16,3,flexible,116,116,0,0
172,4251528,116,1,1889568,5,10,none,116,115,0,1
172,4251528,116,1,1990656,13,5,forced,115,116,1,0
172,4251528,116,1,2097152,21,0,flexible,116,116,0,0
172,4251528,116,1,2125764,2,12,forced,115,116,1,0
172,4251528,116,1,2239488,10,7,flexible,116,116,0,0
172,4251528,116,1,2359296,18,2,flexible,116,116,0,0
172,4251528,116,1,2519424,7,9,none,116,115,0,1
172,4251528,116,1,2654208,15,4,flexible,116,116,0,0
172,4251528,116,1,2834352,4,11,forced,115,116,1,0
172,4251528,116,1,2985984,12,6,forced,115,116,1,0
172,4251528,116,1,3145728,20,1,flexible,116,116,0,0
172,4251528,116,1,3188646,1,13,forced,115,116,1,0
172,4251528,116,1,3359232,9,8,flexible,116,116,0,0
172,4251528,116,1,3538944,17,3,flexible,116,116,0,0
172,4251528,116,1,3779136,6,10,forced,115,116,1,0
172,4251528,116,1,3981312,14,5,forced,115,116,1,0
172,4251528,116,1,4194304,22,0,forced,115,116,1,0
172,4251528,116,1,4251528,3,12,forced,115,116,1,0
173,4478976,116,0,1,0,0,forced,115,116,1,0
173,4478976,116,0,2,1,0,flexible,116,116,0,0
173,4478976,116,0,3,0,1,flexible,116,116,0,0
173,4478976,116,0,4,2,0,flexible,116,116,0,0
173,4478976,116,0,6,1,1,forced,115,116,1,0
173,4478976,116,0,8,3,0,forced,115,116,1,0
173,4478976,116,0,9,0,2,flexible,116,116,0,0
173,4478976,116,0,12,2,1,flexible,116,116,0,0
173,4478976,116,0,16,4,0,flexible,116,116,0,0
173,4478976,116,0,18,1,2,flexible,116,116,0,0
173,4478976,116,0,24,3,1,flexible,116,116,0,0
173,4478976,116,0,27,0,3,forced,115,116,1,0
173,4478976,116,0,32,5,0,flexible,116,116,0,0
173,4478976,116,0,36,2,2,forced,115,116,1,0
173,4478976,116,0,48,4,1,forced,115,116,1,0
173,4478976,116,0,54,1,3,flexible,116,116,0,0
173,4478976,116,0,64,6,0,forced,115,116,1,0
173,4478976,116,0,72,3,2,flexible,116,116,0,0
173,4478976,116,0,81,0,4,flexible,116,116,0,0
173,4478976,116,0,96,5,1,flexible,116,116,0,0
173,4478976,116,0,108,2,3,flexible,116,116,0,0
173,4478976,116,0,128,7,0,flexible,116,116,0,0
173,4478976,116,0,144,4,2,flexible,116,116,0,0
173,4478976,116,0,162,1,4,forced,115,116,1,0
173,4478976,116,0,192,6,1,flexible,116,116,0,0
173,4478976,116,0,216,3,3,forced,115,116,1,0
173,4478976,116,0,243,0,5,flexible,116,116,0,0
173,4478976,116,0,256,8,0,flexible,116,116,0,0
173,4478976,116,0,288,5,2,forced,115,116,1,0
173,4478976,116,0,324,2,4,flexible,116,116,0,0
173,4478976,116,0,384,7,1,forced,115,116,1,0
173,4478976,116,0,432,4,3,flexible,116,116,0,0
173,4478976,116,0,486,1,5,flexible,116,116,0,0
173,4478976,116,0,512,9,0,forced,115,116,1,0
173,4478976,116,0,576,6,2,flexible,116,116,0,0
173,4478976,116,0,648,3,4,flexible,116,116,0,0
173,4478976,116,0,729,0,6,forced,115,116,1,0
173,4478976,116,0,768,8,1,flexible,116,116,0,0
173,4478976,116,0,864,5,3,flexible,116,116,0,0
173,4478976,116,0,972,2,5,forced,115,116,1,0
173,4478976,116,0,1024,10,0,flexible,116,116,0,0
173,4478976,116,0,1152,7,2,flexible,116,116,0,0
173,4478976,116,0,1296,4,4,forced,115,116,1,0
173,4478976,116,0,1458,1,6,flexible,116,116,0,0
173,4478976,116,0,1536,9,1,flexible,116,116,0,0
173,4478976,116,0,1728,6,3,forced,115,116,1,0
173,4478976,116,0,1944,3,5,flexible,116,116,0,0
173,4478976,116,0,2048,11,0,flexible,116,116,0,0
173,4478976,116,0,2187,0,7,flexible,116,116,0,0
173,4478976,116,0,2304,8,2,forced,115,116,1,0
173,4478976,116,0,2592,5,4,flexible,116,116,0,0
173,4478976,116,0,2916,2,6,flexible,116,116,0,0
173,4478976,116,0,3072,10,1,forced,115,116,1,0
173,4478976,116,0,3456,7,3,flexible,116,116,0,0
173,4478976,116,0,3888,4,5,flexible,116,116,0,0
173,4478976,116,0,4096,12,0,forced,115,116,1,0
173,4478976,116,0,4374,1,7,forced,115,116,1,0
173,4478976,116,0,4608,9,2,flexible,116,116,0,0
173,4478976,116,0,5184,6,4,flexible,116,116,0,0
173,4478976,116,0,5832,3,6,forced,115,116,1,0
173,4478976,116,0,6144,11,1,flexible,116,116,0,0
173,4478976,116,0,6561,0,8,flexible,116,116,0,0
173,4478976,116,0,6912,8,3,flexible,116,116,0,0
173,4478976,116,0,7776,5,5,forced,115,116,1,0
173,4478976,116,0,8192,13,0,flexible,116,116,0,0
173,4478976,116,0,8748,2,7,flexible,116,116,0,0
173,4478976,116,0,9216,10,2,flexible,116,116,0,0
173,4478976,116,0,10368,7,4,forced,115,116,1,0
173,4478976,116,0,11664,4,6,flexible,116,116,0,0
173,4478976,116,0,12288,12,1,flexible,116,116,0,0
173,4478976,116,0,13122,1,8,flexible,116,116,0,0
173,4478976,116,0,13824,9,3,forced,115,116,1,0
173,4478976,116,0,15552,6,5,flexible,116,116,0,0
173,4478976,116,0,16384,14,0,flexible,116,116,0,0
173,4478976,116,0,17496,3,7,flexible,116,116,0,0
173,4478976,116,0,18432,11,2,forced,115,116,1,0
173,4478976,116,0,19683,0,9,forced,115,116,1,0
173,4478976,116,0,20736,8,4,flexible,116,116,0,0
173,4478976,116,0,23328,5,6,flexible,116,116,0,0
173,4478976,116,0,24576,13,1,forced,115,116,1,0
173,4478976,116,0,26244,2,8,forced,115,116,1,0
173,4478976,116,0,27648,10,3,flexible,116,116,0,0
173,4478976,116,0,31104,7,5,flexible,116,116,0,0
173,4478976,116,0,32768,15,0,forced,115,116,1,0
173,4478976,116,0,34992,4,7,forced,115,116,1,0
173,4478976,116,0,36864,12,2,flexible,116,116,0,0
173,4478976,116,0,39366,1,9,flexible,116,116,0,0
173,4478976,116,0,41472,9,4,flexible,116,116,0,0
173,4478976,116,0,46656,6,6,forced,115,116,1,0
173,4478976,116,0,49152,14,1,flexible,116,116,0,0
173,4478976,116,0,52488,3,8,flexible,116,116,0,0
173,4478976,116,0,55296,11,3,flexible,116,116,0,0
173,4478976,116,0,59049,0,10,flexible,116,116,0,0
173,4478976,116,0,62208,8,5,forced,115,116,1,0
173,4478976,116,0,65536,16,0,flexible,116,116,0,0
173,4478976,116,0,69984,5,7,flexible,116,116,0,0
173,4478976,116,0,73728,13,2,flexible,116,116,0,0
173,4478976,116,0,78732,2,9,flexible,116,116,0,0
173,4478976,116,0,82944,10,4,forced,115,116,1,0
173,4478976,116,0,93312,7,6,flexible,116,116,0,0
173,4478976,116,0,98304,15,1,flexible,116,116,0,0
173,4478976,116,0,104976,4,8,flexible,116,116,0,0
173,4478976,116,0,110592,12,3,forced,115,116,1,0
173,4478976,116,0,118098,1,10,forced,115,116,1,0
173,4478976,116,0,124416,9,5,flexible,116,116,0,0
173,4478976,116,0,131072,17,0,flexible,116,116,0,0
173,4478976,116,0,139968,6,7,flexible,116,116,0,0
173,4478976,116,0,147456,14,2,forced,115,116,1,0
173,4478976,116,0,157464,3,9,forced,115,116,1,0
173,4478976,116,0,165888,11,4,flexible,116,116,0,0
173,4478976,116,0,177147,0,11,flexible,116,116,0,0
173,4478976,116,0,186624,8,6,flexible,116,116,0,0
173,4478976,116,0,196608,16,1,forced,115,116,1,0
173,4478976,116,0,209952,5,8,flexible,116,116,0,0
173,4478976,116,0,221184,13,3,flexible,116,116,0,0
173,4478976,116,0,236196,2,10,flexible,116,116,0,0
173,4478976,116,0,248832,10,5,flexible,116,116,0,0
173,4478976,116,0,262144,18,0,flexible,116,116,0,0
173,4478976,116,0,279936,7,7,forced,115,116,1,0
173,4478976,116,0,294912,15,2,flexible,116,116,0,0
173,4478976,116,0,314928,4,9,flexible,116,116,0,0
173,4478976,116,0,331776,12,4,flexible,116,116,0,0
173,4478976,116,0,354294,1,11,flexible,116,116,0,0
173,4478976,116,0,373248,9,6,forced,115,116,1,0
173,4478976,116,0,393216,17,1,flexible,116,116,0,0
173,4478976,116,0,419904,6,8,flexible,116,116,0,0
173,4478976,116,0,442368,14,3,flexible,116,116,0,0
173,4478976,116,0,472392,3,10,flexible,116,116,0,0
173,4478976,116,0,497664,11,5,flexible,116,116,0,0
173,4478976,116,0,524288,19,0,flexible,116,116,0,0
173,4478976,116,0,531441,0,12,flexible,116,116,0,0
173,4478976,116,0,559872,8,7,flexible,116,116,0,0
173,4478976,116,0,589824,16,2,flexible,116,116,0,0
173,4478976,116,0,629856,5,9,flexible,116,116,0,0
173,4478976,116,0,663552,13,4,forced,115,116,1,0
173,4478976,116,0,708588,2,11,flexible,116,116,0,0
173,4478976,116,0,746496,10,6,flexible,116,116,0,0
173,4478976,116,0,786432,18,1,flexible,116,116,0,0
173,4478976,116,0,839808,7,8,flexible,116,116,0,0
173,4478976,116,0,884736,15,3,flexible,116,116,0,0
173,4478976,116,0,944784,4,10,flexible,116,116,0,0
173,4478976,116,0,995328,12,5,flexible,116,116,0,0
173,4478976,116,0,1048576,20,0,flexible,116,116,0,0
173,4478976,116,0,1062882,1,12,flexible,116,116,0,0
173,4478976,116,0,1119744,9,7,flexible,116,116,0,0
173,4478976,116,0,1179648,17,2,flexible,116,116,0,0
173,4478976,116,0,1259712,6,9,flexible,116,116,0,0
173,4478976,116,0,1327104,14,4,flexible,116,116,0,0
173,4478976,116,0,1417176,3,11,flexible,116,116,0,0
173,4478976,116,0,1492992,11,6,flexible,116,116,0,0
173,4478976,116,0,1572864,19,1,forced,115,116,1,0
173,4478976,116,0,1594323,0,13,flexible,116,116,0,0
173,4478976,116,0,1679616,8,8,forced,115,116,1,0
173,4478976,116,0,1769472,16,3,flexible,116,116,0,0
173,4478976,116,0,1889568,5,10,flexible,116,116,0,0
173,4478976,116,0,1990656,13,5,flexible,116,116,0,0
173,4478976,116,0,2097152,21,0,flexible,116,116,0,0
173,4478976,116,0,2125764,2,12,flexible,116,116,0,0
173,4478976,116,0,2239488,10,7,flexible,116,116,0,0
173,4478976,116,0,2359296,18,2,flexible,116,116,0,0
173,4478976,116,0,2519424,7,9,flexible,116,116,0,0
173,4478976,116,0,2654208,15,4,flexible,116,116,0,0
173,4478976,116,0,2834352,4,11,flexible,116,116,0,0
173,4478976,116,0,2985984,12,6,flexible,116,116,0,0
173,4478976,116,0,3145728,20,1,flexible,116,116,0,0
173,4478976,116,0,3188646,1,13,forced,115,116,1,0
173,4478976,116,0,3359232,9,8,flexible,116,116,0,0
173,4478976,116,0,3538944,17,3,flexible,116,116,0,0
173,4478976,116,0,3779136,6,10,flexible,116,116,0,0
173,4478976,116,0,3981312,14,5,forced,115,116,1,0
173,4478976,116,0,4194304,22,0,forced,115,116,1,0
173,4478976,116,0,4251528,3,12,forced,115,116,1,0
173,4478976,116,0,4478976,11,7,flexible,116,116,0,0
174,4718592,117,1,1,0,0,forced,116,117,1,0
174,4718592,117,1,2,1,0,none,117,116,0,1
174,4718592,117,1,3,0,1,forced,116,117,1,0
174,4718592,117,1,4,2,0,forced,116,117,1,0
174,4718592,117,1,6,1,1,forced,116,117,1,0
174,4718592,117,1,8,3,0,forced,116,117,1,0
174,4718592,117,1,9,0,2,none,117,116,0,1
174,4718592,117,1,12,2,1,none,117,116,0,1
174,4718592,117,1,16,4,0,none,117,116,0,1
174,4718592,117,1,18,1,2,forced,116,117,1,0
174,4718592,117,1,24,3,1,forced,116,117,1,0
174,4718592,117,1,27,0,3,forced,116,117,1,0
174,4718592,117,1,32,5,0,forced,116,117,1,0
174,4718592,117,1,36,2,2,forced,116,117,1,0
174,4718592,117,1,48,4,1,forced,116,117,1,0
174,4718592,117,1,54,1,3,none,117,116,0,1
174,4718592,117,1,64,6,0,forced,116,117,1,0
174,4718592,117,1,72,3,2,none,117,116,0,1
174,4718592,117,1,81,0,4,forced,116,117,1,0
174,4718592,117,1,96,5,1,none,117,116,0,1
174,4718592,117,1,108,2,3,forced,116,117,1,0
174,4718592,117,1,128,7,0,none,117,116,0,1
174,4718592,117,1,144,4,2,forced,116,117,1,0
174,4718592,117,1,162,1,4,forced,116,117,1,0
174,4718592,117,1,192,6,1,forced,116,117,1,0
174,4718592,117,1,216,3,3,forced,116,117,1,0
174,4718592,117,1,243,0,5,none,117,116,0,1
174,4718592,117,1,256,8,0,forced,116,117,1,0
174,4718592,117,1,288,5,2,forced,116,117,1,0
174,4718592,117,1,324,2,4,none,117,116,0,1
174,4718592,117,1,384,7,1,forced,116,117,1,0
174,4718592,117,1,432,4,3,none,117,116,0,1
174,4718592,117,1,486,1,5,forced,116,117,1,0
174,4718592,117,1,512,9,0,forced,116,117,1,0
174,4718592,117,1,576,6,2,none,117,116,0,1
174,4718592,117,1,648,3,4,forced,116,117,1,0
174,4718592,117,1,729,0,6,forced,116,117,1,0
174,4718592,117,1,768,8,1,none,117,116,0,1
174,4718592,117,1,864,5,3,forced,116,117,1,0
174,4718592,117,1,972,2,5,forced,116,117,1,0
174,4718592,117,1,1024,10,0,none,117,116,0,1
174,4718592,117,1,1152,7,2,forced,116,117,1,0
174,4718592,117,1,1296,4,4,forced,116,117,1,0
174,4718592,117,1,1458,1,6,none,117,116,0,1
174,4718592,117,1,1536,9,1,forced,116,117,1,0
174,4718592,117,1,1728,6,3,forced,116,117,1,0
174,4718592,117,1,1944,3,5,none,117,116,0,1
174,4718592,117,1,2048,11,0,forced,116,117,1,0
174,4718592,117,1,2187,0,7,forced,116,117,1,0
174,4718592,117,1,2304,8,2,forced,116,117,1,0
174,4718592,117,1,2592,5,4,none,117,116,0,1
174,4718592,117,1,2916,2,6,forced,116,117,1,0
174,4718592,117,1,3072,10,1,forced,116,117,1,0
174,4718592,117,1,3456,7,3,none,117,116,0,1
174,4718592,117,1,3888,4,5,forced,116,117,1,0
174,4718592,117,1,4096,12,0,forced,116,117,1,0
174,4718592,117,1,4374,1,7,forced,116,117,1,0
174,4718592,117,1,4608,9,2,none,117,116,0,1
174,4718592,117,1,5184,6,4,forced,116,117,1,0
174,4718592,117,1,5832,3,6,forced,116,117,1,0
174,4718592,117,1,6144,11,1,none,117,116,0,1
174,4718592,117,1,6561,0,8,none,117,116,0,1
174,4718592,117,1,6912,8,3,forced,116,117,1,0
174,4718592,117,1,7776,5,5,forced,116,117,1,0
174,4718592,117,1,8192,13,0,none,117,116,0,1
174,4718592,117,1,8748,2,7,none,117,116,0,1
174,4718592,117,1,9216,10,2,forced,116,117,1,0
174,4718592,117,1,10368,7,4,forced,116,117,1,0
174,4718592,117,1,11664,4,6,none,117,116,0,1
174,4718592,117,1,12288,12,1,forced,116,117,1,0
174,4718592,117,1,13122,1,8,forced,116,117,1,0
174,4718592,117,1,13824,9,3,forced,116,117,1,0
174,4718592,117,1,15552,6,5,none,117,116,0,1
174,4718592,117,1,16384,14,0,forced,116,117,1,0
174,4718592,117,1,17496,3,7,forced,116,117,1,0
174,4718592,117,1,18432,11,2,forced,116,117,1,0
174,4718592,117,1,19683,0,9,forced,116,117,1,0
174,4718592,117,1,20736,8,4,none,117,116,0,1
174,4718592,117,1,23328,5,6,forced,116,117,1,0
174,4718592,117,1,24576,13,1,forced,116,117,1,0
174,4718592,117,1,26244,2,8,forced,116,117,1,0
174,4718592,117,1,27648,10,3,none,117,116,0,1
174,4718592,117,1,31104,7,5,forced,116,117,1,0
174,4718592,117,1,32768,15,0,forced,116,117,1,0
174,4718592,117,1,34992,4,7,forced,116,117,1,0
174,4718592,117,1,36864,12,2,none,117,116,0,1
174,4718592,117,1,39366,1,9,none,117,116,0,1
174,4718592,117,1,41472,9,4,forced,116,117,1,0
174,4718592,117,1,46656,6,6,forced,116,117,1,0
174,4718592,117,1,49152,14,1,none,117,116,0,1
174,4718592,117,1,52488,3,8,none,117,116,0,1
174,4718592,117,1,55296,11,3,forced,116,117,1,0
174,4718592,117,1,59049,0,10,forced,116,117,1,0
174,4718592,117,1,62208,8,5,forced,116,117,1,0
174,4718592,117,1,65536,16,0,none,117,116,0,1
174,4718592,117,1,69984,5,7,none,117,116,0,1
174,4718592,117,1,73728,13,2,forced,116,117,1,0
174,4718592,117,1,78732,2,9,forced,116,117,1,0
174,4718592,117,1,82944,10,4,forced,116,117,1,0
174,4718592,117,1,93312,7,6,none,117,116,0,1
174,4718592,117,1,98304,15,1,forced,116,117,1,0
174,4718592,117,1,104976,4,8,forced,116,117,1,0
174,4718592,117,1,110592,12,3,forced,116,117,1,0
174,4718592,117,1,118098,1,10,forced,116,117,1,0
174,4718592,117,1,124416,9,5,none,117,116,0,1
174,4718592,117,1,131072,17,0,forced,116,117,1,0
174,4718592,117,1,139968,6,7,forced,116,117,1,0
174,4718592,117,1,147456,14,2,forced,116,117,1,0
174,4718592,117,1,157464,3,9,forced,116,117,1,0
174,4718592,117,1,165888,11,4,none,117,116,0,1
174,4718592,117,1,177147,0,11,none,117,116,0,1
174,4718592,117,1,186624,8,6,forced,116,117,1,0
174,4718592,117,1,196608,16,1,forced,116,117,1,0
174,4718592,117,1,209952,5,8,forced,116,117,1,0
174,4718592,117,1,221184,13,3,none,117,116,0,1
174,4718592,117,1,236196,2,10,none,117,116,0,1
174,4718592,117,1,248832,10,5,flexible,117,117,0,0
174,4718592,117,1,262144,18,0,forced,116,117,1,0
174,4718592,117,1,279936,7,7,forced,116,117,1,0
174,4718592,117,1,294912,15,2,none,117,116,0,1
174,4718592,117,1,314928,4,9,none,117,116,0,1
174,4718592,117,1,331776,12,4,forced,116,117,1,0
174,4718592,117,1,354294,1,11,forced,116,117,1,0
174,4718592,117,1,373248,9,6,forced,116,117,1,0
174,4718592,117,1,393216,17,1,none,117,116,0,1
174,4718592,117,1,419904,6,8,none,117,116,0,1
174,4718592,117,1,442368,14,3,forced,116,117,1,0
174,4718592,117,1,472392,3,10,forced,116,117,1,0
174,4718592,117,1,497664,11,5,flexible,117,117,0,0
174,4718592,117,1,524288,19,0,none,117,116,0,1
174,4718592,117,1,531441,0,12,forced,116,117,1,0
174,4718592,117,1,559872,8,7,none,117,116,0,1
174,4718592,117,1,589824,16,2,forced,116,117,1,0
174,4718592,117,1,629856,5,9,forced,116,117,1,0
174,4718592,117,1,663552,13,4,forced,116,117,1,0
174,4718592,117,1,708588,2,11,forced,116,117,1,0
174,4718592,117,1,746496,10,6,flexible,117,117,0,0
174,4718592,117,1,786432,18,1,forced,116,117,1,0
174,4718592,117,1,839808,7,8,forced,116,117,1,0
174,4718592,117,1,884736,15,3,forced,116,117,1,0
174,4718592,117,1,944784,4,10,forced,116,117,1,0
174,4718592,117,1,995328,12,5,none,117,116,0,1
174,4718592,117,1,1048576,20,0,forced,116,117,1,0
174,4718592,117,1,1062882,1,12,none,117,116,0,1
174,4718592,117,1,1119744,9,7,flexible,117,117,0,0
174,4718592,117,1,1179648,17,2,forced,116,117,1,0
174,4718592,117,1,1259712,6,9,forced,116,117,1,0
174,4718592,117,1,1327104,14,4,none,117,116,0,1
174,4718592,117,1,1417176,3,11,none,117,116,0,1
174,4718592,117,1,1492992,11,6,flexible,117,117,0,0
174,4718592,117,1,1572864,19,1,forced,116,117,1,0
174,4718592,117,1,1594323,0,13,forced,116,117,1,0
174,4718592,117,1,1679616,8,8,forced,116,117,1,0
174,4718592,117,1,1769472,16,3,none,117,116,0,1
174,4718592,117,1,1889568,5,10,none,117,116,0,1
174,4718592,117,1,1990656,13,5,forced,116,117,1,0
174,4718592,117,1,2097152,21,0,forced,116,117,1,0
174,4718592,117,1,2125764,2,12,forced,116,117,1,0
174,4718592,117,1,2239488,10,7,flexible,117,117,0,0
174,4718592,117,1,2359296,18,2,none,117,116,0,1
174,4718592,117,1,2519424,7,9,none,117,116,0,1
174,4718592,117,1,2654208,15,4,forced,116,117,1,0
174,4718592,117,1,2834352,4,11,forced,116,117,1,0
174,4718592,117,1,2985984,12,6,flexible,117,117,0,0
174,4718592,117,1,3145728,20,1,none,117,116,0,1
174,4718592,117,1,3188646,1,13,forced,116,117,1,0
174,4718592,117,1,3359232,9,8,flexible,117,117,0,0
174,4718592,117,1,3538944,17,3,forced,116,117,1,0
174,4718592,117,1,3779136,6,10,forced,116,117,1,0
174,4718592,117,1,3981312,14,5,forced,116,117,1,0
174,4718592,117,1,4194304,22,0,forced,116,117,1,0
174,4718592,117,1,4251528,3,12,forced,116,117,1,0
174,4718592,117,1,4478976,11,7,flexible,117,117,0,0
174,4718592,117,1,4718592,19,2,forced,116,117,1,0
175,4782969,117,0,1,0,0,flexible,117,117,0,0
175,4782969,117,0,2,1,0,flexible,117,117,0,0
175,4782969,117,0,3,0,1,flexible,117,117,0,0
175,4782969,117,0,4,2,0,flexible,117,117,0,0
175,4782969,117,0,6,1,1,flexible,117,117,0,0
175,4782969,117,0,8,3,0,flexible,117,117,0,0
175,4782969,117,0,9,0,2,flexible,117,117,0,0
175,4782969,117,0,12,2,1,flexible,117,117,0,0
175,4782969,117,0,16,4,0,flexible,117,117,0,0
175,4782969,117,0,18,1,2,flexible,117,117,0,0
175,4782969,117,0,24,3,1,flexible,117,117,0,0
175,4782969,117,0,27,0,3,flexible,117,117,0,0
175,4782969,117,0,32,5,0,flexible,117,117,0,0
175,4782969,117,0,36,2,2,flexible,117,117,0,0
175,4782969,117,0,48,4,1,flexible,117,117,0,0
175,4782969,117,0,54,1,3,flexible,117,117,0,0
175,4782969,117,0,64,6,0,flexible,117,117,0,0
175,4782969,117,0,72,3,2,flexible,117,117,0,0
175,4782969,117,0,81,0,4,flexible,117,117,0,0
175,4782969,117,0,96,5,1,flexible,117,117,0,0
175,4782969,117,0,108,2,3,flexible,117,117,0,0
175,4782969,117,0,128,7,0,flexible,117,117,0,0
175,4782969,117,0,144,4,2,flexible,117,117,0,0
175,4782969,117,0,162,1,4,flexible,117,117,0,0
175,4782969,117,0,192,6,1,flexible,117,117,0,0
175,4782969,117,0,216,3,3,flexible,117,117,0,0
175,4782969,117,0,243,0,5,flexible,117,117,0,0
175,4782969,117,0,256,8,0,flexible,117,117,0,0
175,4782969,117,0,288,5,2,flexible,117,117,0,0
175,4782969,117,0,324,2,4,flexible,117,117,0,0
175,4782969,117,0,384,7,1,flexible,117,117,0,0
175,4782969,117,0,432,4,3,flexible,117,117,0,0
175,4782969,117,0,486,1,5,flexible,117,117,0,0
175,4782969,117,0,512,9,0,flexible,117,117,0,0
175,4782969,117,0,576,6,2,flexible,117,117,0,0
175,4782969,117,0,648,3,4,flexible,117,117,0,0
175,4782969,117,0,729,0,6,flexible,117,117,0,0
175,4782969,117,0,768,8,1,flexible,117,117,0,0
175,4782969,117,0,864,5,3,flexible,117,117,0,0
175,4782969,117,0,972,2,5,flexible,117,117,0,0
175,4782969,117,0,1024,10,0,flexible,117,117,0,0
175,4782969,117,0,1152,7,2,flexible,117,117,0,0
175,4782969,117,0,1296,4,4,flexible,117,117,0,0
175,4782969,117,0,1458,1,6,flexible,117,117,0,0
175,4782969,117,0,1536,9,1,flexible,117,117,0,0
175,4782969,117,0,1728,6,3,flexible,117,117,0,0
175,4782969,117,0,1944,3,5,flexible,117,117,0,0
175,4782969,117,0,2048,11,0,flexible,117,117,0,0
175,4782969,117,0,2187,0,7,flexible,117,117,0,0
175,4782969,117,0,2304,8,2,flexible,117,117,0,0
175,4782969,117,0,2592,5,4,flexible,117,117,0,0
175,4782969,117,0,2916,2,6,flexible,117,117,0,0
175,4782969,117,0,3072,10,1,flexible,117,117,0,0
175,4782969,117,0,3456,7,3,flexible,117,117,0,0
175,4782969,117,0,3888,4,5,flexible,117,117,0,0
175,4782969,117,0,4096,12,0,flexible,117,117,0,0
175,4782969,117,0,4374,1,7,flexible,117,117,0,0
175,4782969,117,0,4608,9,2,flexible,117,117,0,0
175,4782969,117,0,5184,6,4,flexible,117,117,0,0
175,4782969,117,0,5832,3,6,flexible,117,117,0,0
175,4782969,117,0,6144,11,1,flexible,117,117,0,0
175,4782969,117,0,6561,0,8,flexible,117,117,0,0
175,4782969,117,0,6912,8,3,flexible,117,117,0,0
175,4782969,117,0,7776,5,5,flexible,117,117,0,0
175,4782969,117,0,8192,13,0,flexible,117,117,0,0
175,4782969,117,0,8748,2,7,flexible,117,117,0,0
175,4782969,117,0,9216,10,2,flexible,117,117,0,0
175,4782969,117,0,10368,7,4,flexible,117,117,0,0
175,4782969,117,0,11664,4,6,flexible,117,117,0,0
175,4782969,117,0,12288,12,1,flexible,117,117,0,0
175,4782969,117,0,13122,1,8,flexible,117,117,0,0
175,4782969,117,0,13824,9,3,flexible,117,117,0,0
175,4782969,117,0,15552,6,5,flexible,117,117,0,0
175,4782969,117,0,16384,14,0,flexible,117,117,0,0
175,4782969,117,0,17496,3,7,flexible,117,117,0,0
175,4782969,117,0,18432,11,2,flexible,117,117,0,0
175,4782969,117,0,19683,0,9,flexible,117,117,0,0
175,4782969,117,0,20736,8,4,flexible,117,117,0,0
175,4782969,117,0,23328,5,6,flexible,117,117,0,0
175,4782969,117,0,24576,13,1,flexible,117,117,0,0
175,4782969,117,0,26244,2,8,flexible,117,117,0,0
175,4782969,117,0,27648,10,3,flexible,117,117,0,0
175,4782969,117,0,31104,7,5,flexible,117,117,0,0
175,4782969,117,0,32768,15,0,flexible,117,117,0,0
175,4782969,117,0,34992,4,7,flexible,117,117,0,0
175,4782969,117,0,36864,12,2,flexible,117,117,0,0
175,4782969,117,0,39366,1,9,flexible,117,117,0,0
175,4782969,117,0,41472,9,4,flexible,117,117,0,0
175,4782969,117,0,46656,6,6,flexible,117,117,0,0
175,4782969,117,0,49152,14,1,flexible,117,117,0,0
175,4782969,117,0,52488,3,8,flexible,117,117,0,0
175,4782969,117,0,55296,11,3,flexible,117,117,0,0
175,4782969,117,0,59049,0,10,flexible,117,117,0,0
175,4782969,117,0,62208,8,5,flexible,117,117,0,0
175,4782969,117,0,65536,16,0,flexible,117,117,0,0
175,4782969,117,0,69984,5,7,flexible,117,117,0,0
175,4782969,117,0,73728,13,2,flexible,117,117,0,0
175,4782969,117,0,78732,2,9,flexible,117,117,0,0
175,4782969,117,0,82944,10,4,flexible,117,117,0,0
175,4782969,117,0,93312,7,6,flexible,117,117,0,0
175,4782969,117,0,98304,15,1,flexible,117,117,0,0
175,4782969,117,0,104976,4,8,flexible,117,117,0,0
175,4782969,117,0,110592,12,3,flexible,117,117,0,0
175,4782969,117,0,118098,1,10,flexible,117,117,0,0
175,4782969,117,0,124416,9,5,flexible,117,117,0,0
175,4782969,117,0,131072,17,0,flexible,117,117,0,0
175,4782969,117,0,139968,6,7,flexible,117,117,0,0
175,4782969,117,0,147456,14,2,flexible,117,117,0,0
175,4782969,117,0,157464,3,9,flexible,117,117,0,0
175,4782969,117,0,165888,11,4,flexible,117,117,0,0
175,4782969,117,0,177147,0,11,flexible,117,117,0,0
175,4782969,117,0,186624,8,6,flexible,117,117,0,0
175,4782969,117,0,196608,16,1,flexible,117,117,0,0
175,4782969,117,0,209952,5,8,flexible,117,117,0,0
175,4782969,117,0,221184,13,3,flexible,117,117,0,0
175,4782969,117,0,236196,2,10,flexible,117,117,0,0
175,4782969,117,0,248832,10,5,flexible,117,117,0,0
175,4782969,117,0,262144,18,0,flexible,117,117,0,0
175,4782969,117,0,279936,7,7,flexible,117,117,0,0
175,4782969,117,0,294912,15,2,flexible,117,117,0,0
175,4782969,117,0,314928,4,9,flexible,117,117,0,0
175,4782969,117,0,331776,12,4,flexible,117,117,0,0
175,4782969,117,0,354294,1,11,flexible,117,117,0,0
175,4782969,117,0,373248,9,6,flexible,117,117,0,0
175,4782969,117,0,393216,17,1,flexible,117,117,0,0
175,4782969,117,0,419904,6,8,flexible,117,117,0,0
175,4782969,117,0,442368,14,3,flexible,117,117,0,0
175,4782969,117,0,472392,3,10,flexible,117,117,0,0
175,4782969,117,0,497664,11,5,flexible,117,117,0,0
175,4782969,117,0,524288,19,0,flexible,117,117,0,0
175,4782969,117,0,531441,0,12,flexible,117,117,0,0
175,4782969,117,0,559872,8,7,flexible,117,117,0,0
175,4782969,117,0,589824,16,2,flexible,117,117,0,0
175,4782969,117,0,629856,5,9,flexible,117,117,0,0
175,4782969,117,0,663552,13,4,flexible,117,117,0,0
175,4782969,117,0,708588,2,11,flexible,117,117,0,0
175,4782969,117,0,746496,10,6,flexible,117,117,0,0
175,4782969,117,0,786432,18,1,flexible,117,117,0,0
175,4782969,117,0,839808,7,8,flexible,117,117,0,0
175,4782969,117,0,884736,15,3,flexible,117,117,0,0
175,4782969,117,0,944784,4,10,flexible,117,117,0,0
175,4782969,117,0,995328,12,5,flexible,117,117,0,0
175,4782969,117,0,1048576,20,0,flexible,117,117,0,0
175,4782969,117,0,1062882,1,12,flexible,117,117,0,0
175,4782969,117,0,1119744,9,7,flexible,117,117,0,0
175,4782969,117,0,1179648,17,2,flexible,117,117,0,0
175,4782969,117,0,1259712,6,9,flexible,117,117,0,0
175,4782969,117,0,1327104,14,4,flexible,117,117,0,0
175,4782969,117,0,1417176,3,11,flexible,117,117,0,0
175,4782969,117,0,1492992,11,6,flexible,117,117,0,0
175,4782969,117,0,1572864,19,1,flexible,117,117,0,0
175,4782969,117,0,1594323,0,13,flexible,117,117,0,0
175,4782969,117,0,1679616,8,8,flexible,117,117,0,0
175,4782969,117,0,1769472,16,3,flexible,117,117,0,0
175,4782969,117,0,1889568,5,10,flexible,117,117,0,0
175,4782969,117,0,1990656,13,5,flexible,117,117,0,0
175,4782969,117,0,2097152,21,0,flexible,117,117,0,0
175,4782969,117,0,2125764,2,12,flexible,117,117,0,0
175,4782969,117,0,2239488,10,7,flexible,117,117,0,0
175,4782969,117,0,2359296,18,2,flexible,117,117,0,0
175,4782969,117,0,2519424,7,9,flexible,117,117,0,0
175,4782969,117,0,2654208,15,4,flexible,117,117,0,0
175,4782969,117,0,2834352,4,11,flexible,117,117,0,0
175,4782969,117,0,2985984,12,6,flexible,117,117,0,0
175,4782969,117,0,3145728,20,1,flexible,117,117,0,0
175,4782969,117,0,3188646,1,13,flexible,117,117,0,0
175,4782969,117,0,3359232,9,8,flexible,117,117,0,0
175,4782969,117,0,3538944,17,3,flexible,117,117,0,0
175,4782969,117,0,3779136,6,10,flexible,117,117,0,0
175,4782969,117,0,3981312,14,5,flexible,117,117,0,0
175,4782969,117,0,4194304,22,0,forced,116,117,1,0
175,4782969,117,0,4251528,3,12,flexible,117,117,0,0
175,4782969,117,0,4478976,11,7,flexible,117,117,0,0
175,4782969,117,0,4718592,19,2,flexible,117,117,0,0
175,4782969,117,0,4782969,0,14,flexible,117,117,0,0
176,5038848,118,1,1,0,0,flexible,118,118,0,0
176,5038848,118,1,2,1,0,flexible,118,118,0,0
176,5038848,118,1,3,0,1,flexible,118,118,0,0
176,5038848,118,1,4,2,0,forced,117,118,1,0
176,5038848,118,1,6,1,1,flexible,118,118,0,0
176,5038848,118,1,8,3,0,flexible,118,118,0,0
176,5038848,118,1,9,0,2,flexible,118,118,0,0
176,5038848,118,1,12,2,1,flexible,118,118,0,0
176,5038848,118,1,16,4,0,flexible,118,118,0,0
176,5038848,118,1,18,1,2,forced,117,118,1,0
176,5038848,118,1,24,3,1,forced,117,118,1,0
176,5038848,118,1,27,0,3,flexible,118,118,0,0
176,5038848,118,1,32,5,0,forced,117,118,1,0
176,5038848,118,1,36,2,2,flexible,118,118,0,0
176,5038848,118,1,48,4,1,flexible,118,118,0,0
176,5038848,118,1,54,1,3,flexible,118,118,0,0
176,5038848,118,1,64,6,0,flexible,118,118,0,0
176,5038848,118,1,72,3,2,flexible,118,118,0,0
176,5038848,118,1,81,0,4,forced,117,118,1,0
176,5038848,118,1,96,5,1,flexible,118,118,0,0
176,5038848,118,1,108,2,3,forced,117,118,1,0
176,5038848,118,1,128,7,0,flexible,118,118,0,0
176,5038848,118,1,144,4,2,forced,117,118,1,0
176,5038848,118,1,162,1,4,flexible,118,118,0,0
176,5038848,118,1,192,6,1,forced,117,118,1,0
176,5038848,118,1,216,3,3,flexible,118,118,0,0
176,5038848,118,1,243,0,5,flexible,118,118,0,0
176,5038848,118,1,256,8,0,forced,117,118,1,0
176,5038848,118,1,288,5,2,flexible,118,118,0,0
176,5038848,118,1,324,2,4,flexible,118,118,0,0
176,5038848,118,1,384,7,1,flexible,118,118,0,0
176,5038848,118,1,432,4,3,flexible,118,118,0,0
176,5038848,118,1,486,1,5,forced,117,118,1,0
176,5038848,118,1,512,9,0,flexible,118,118,0,0
176,5038848,118,1,576,6,2,flexible,118,118,0,0
176,5038848,118,1,648,3,4,forced,117,118,1,0
176,5038848,118,1,729,0,6,flexible,118,118,0,0
176,5038848,118,1,768,8,1,flexible,118,118,0,0
176,5038848,118,1,864,5,3,forced,117,118,1,0
176,5038848,118,1,972,2,5,flexible,118,118,0,0
176,5038848,118,1,1024,10,0,flexible,118,118,0,0
176,5038848,118,1,1152,7,2,forced,117,118,1,0
176,5038848,118,1,1296,4,4,flexible,118,118,0,0
176,5038848,118,1,1458,1,6,flexible,118,118,0,0
176,5038848,118,1,1536,9,1,forced,117,118,1,0
176,5038848,118,1,1728,6,3,flexible,118,118,0,0
176,5038848,118,1,1944,3,5,flexible,118,118,0,0
176,5038848,118,1,2048,11,0,forced,117,118,1,0
176,5038848,118,1,2187,0,7,forced,117,118,1,0
176,5038848,118,1,2304,8,2,flexible,118,118,0,0
176,5038848,118,1,2592,5,4,flexible,118,118,0,0
176,5038848,118,1,2916,2,6,forced,117,118,1,0
176,5038848,118,1,3072,10,1,flexible,118,118,0,0
176,5038848,118,1,3456,7,3,flexible,118,118,0,0
176,5038848,118,1,3888,4,5,forced,117,118,1,0
176,5038848,118,1,4096,12,0,flexible,118,118,0,0
176,5038848,118,1,4374,1,7,flexible,118,118,0,0
176,5038848,118,1,4608,9,2,flexible,118,118,0,0
176,5038848,118,1,5184,6,4,forced,117,118,1,0
176,5038848,118,1,5832,3,6,flexible,118,118,0,0
176,5038848,118,1,6144,11,1,flexible,118,118,0,0
176,5038848,118,1,6561,0,8,flexible,118,118,0,0
176,5038848,118,1,6912,8,3,forced,117,118,1,0
176,5038848,118,1,7776,5,5,flexible,118,118,0,0
176,5038848,118,1,8192,13,0,flexible,118,118,0,0
176,5038848,118,1,8748,2,7,flexible,118,118,0,0
176,5038848,118,1,9216,10,2,forced,117,118,1,0
176,5038848,118,1,10368,7,4,flexible,118,118,0,0
176,5038848,118,1,11664,4,6,flexible,118,118,0,0
176,5038848,118,1,12288,12,1,forced,117,118,1,0
176,5038848,118,1,13122,1,8,forced,117,118,1,0
176,5038848,118,1,13824,9,3,flexible,118,118,0,0
176,5038848,118,1,15552,6,5,flexible,118,118,0,0
176,5038848,118,1,16384,14,0,forced,117,118,1,0
176,5038848,118,1,17496,3,7,forced,117,118,1,0
176,5038848,118,1,18432,11,2,flexible,118,118,0,0
176,5038848,118,1,19683,0,9,flexible,118,118,0,0
176,5038848,118,1,20736,8,4,flexible,118,118,0,0
176,5038848,118,1,23328,5,6,forced,117,118,1,0
176,5038848,118,1,24576,13,1,flexible,118,118,0,0
176,5038848,118,1,26244,2,8,flexible,118,118,0,0
176,5038848,118,1,27648,10,3,flexible,118,118,0,0
176,5038848,118,1,31104,7,5,forced,117,118,1,0
176,5038848,118,1,32768,15,0,flexible,118,118,0,0
176,5038848,118,1,34992,4,7,flexible,118,118,0,0
176,5038848,118,1,36864,12,2,flexible,118,118,0,0
176,5038848,118,1,39366,1,9,flexible,118,118,0,0
176,5038848,118,1,41472,9,4,forced,117,118,1,0
176,5038848,118,1,46656,6,6,flexible,118,118,0,0
176,5038848,118,1,49152,14,1,flexible,118,118,0,0
176,5038848,118,1,52488,3,8,flexible,118,118,0,0
176,5038848,118,1,55296,11,3,forced,117,118,1,0
176,5038848,118,1,59049,0,10,forced,117,118,1,0
176,5038848,118,1,62208,8,5,flexible,118,118,0,0
176,5038848,118,1,65536,16,0,flexible,118,118,0,0
176,5038848,118,1,69984,5,7,flexible,118,118,0,0
176,5038848,118,1,73728,13,2,forced,117,118,1,0
176,5038848,118,1,78732,2,9,forced,117,118,1,0
176,5038848,118,1,82944,10,4,flexible,118,118,0,0
176,5038848,118,1,93312,7,6,flexible,118,118,0,0
176,5038848,118,1,98304,15,1,forced,117,118,1,0
176,5038848,118,1,104976,4,8,forced,117,118,1,0
176,5038848,118,1,110592,12,3,flexible,118,118,0,0
176,5038848,118,1,118098,1,10,flexible,118,118,0,0
176,5038848,118,1,124416,9,5,flexible,118,118,0,0
176,5038848,118,1,131072,17,0,forced,117,118,1,0
176,5038848,118,1,139968,6,7,forced,117,118,1,0
176,5038848,118,1,147456,14,2,flexible,118,118,0,0
176,5038848,118,1,157464,3,9,flexible,118,118,0,0
176,5038848,118,1,165888,11,4,flexible,118,118,0,0
176,5038848,118,1,177147,0,11,flexible,118,118,0,0
176,5038848,118,1,186624,8,6,forced,117,118,1,0
176,5038848,118,1,196608,16,1,flexible,118,118,0,0
176,5038848,118,1,209952,5,8,flexible,118,118,0,0
176,5038848,118,1,221184,13,3,flexible,118,118,0,0
176,5038848,118,1,236196,2,10,flexible,118,118,0,0
176,5038848,118,1,248832,10,5,forced,117,118,1,0
176,5038848,118,1,262144,18,0,flexible,118,118,0,0
176,5038848,118,1,279936,7,7,flexible,118,118,0,0
176,5038848,118,1,294912,15,2,flexible,118,118,0,0
176,5038848,118,1,314928,4,9,flexible,118,118,0,0
176,5038848,118,1,331776,12,4,forced,117,118,1,0
176,5038848,118,1,354294,1,11,forced,117,118,1,0
176,5038848,118,1,373248,9,6,flexible,118,118,0,0
176,5038848,118,1,393216,17,1,flexible,118,118,0,0
176,5038848,118,1,419904,6,8,flexible,118,118,0,0
176,5038848,118,1,442368,14,3,forced,117,118,1,0
176,5038848,118,1,472392,3,10,forced,117,118,1,0
176,5038848,118,1,497664,11,5,flexible,118,118,0,0
176,5038848,118,1,524288,19,0,flexible,118,118,0,0
176,5038848,118,1,531441,0,12,flexible,118,118,0,0
176,5038848,118,1,559872,8,7,flexible,118,118,0,0
176,5038848,118,1,589824,16,2,forced,117,118,1,0
176,5038848,118,1,629856,5,9,forced,117,118,1,0
176,5038848,118,1,663552,13,4,flexible,118,118,0,0
176,5038848,118,1,708588,2,11,flexible,118,118,0,0
176,5038848,118,1,746496,10,6,flexible,118,118,0,0
176,5038848,118,1,786432,18,1,forced,117,118,1,0
176,5038848,118,1,839808,7,8,forced,117,118,1,0
176,5038848,118,1,884736,15,3,flexible,118,118,0,0
176,5038848,118,1,944784,4,10,flexible,118,118,0,0
176,5038848,118,1,995328,12,5,flexible,118,118,0,0
176,5038848,118,1,1048576,20,0,flexible,118,118,0,0
176,5038848,118,1,1062882,1,12,flexible,118,118,0,0
176,5038848,118,1,1119744,9,7,forced,117,118,1,0
176,5038848,118,1,1179648,17,2,flexible,118,118,0,0
176,5038848,118,1,1259712,6,9,flexible,118,118,0,0
176,5038848,118,1,1327104,14,4,flexible,118,118,0,0
176,5038848,118,1,1417176,3,11,flexible,118,118,0,0
176,5038848,118,1,1492992,11,6,flexible,118,118,0,0
176,5038848,118,1,1572864,19,1,flexible,118,118,0,0
176,5038848,118,1,1594323,0,13,flexible,118,118,0,0
176,5038848,118,1,1679616,8,8,flexible,118,118,0,0
176,5038848,118,1,1769472,16,3,flexible,118,118,0,0
176,5038848,118,1,1889568,5,10,flexible,118,118,0,0
176,5038848,118,1,1990656,13,5,forced,117,118,1,0
176,5038848,118,1,2097152,21,0,flexible,118,118,0,0
176,5038848,118,1,2125764,2,12,forced,117,118,1,0
176,5038848,118,1,2239488,10,7,flexible,118,118,0,0
176,5038848,118,1,2359296,18,2,flexible,118,118,0,0
176,5038848,118,1,2519424,7,9,flexible,118,118,0,0
176,5038848,118,1,2654208,15,4,flexible,118,118,0,0
176,5038848,118,1,2834352,4,11,flexible,118,118,0,0
176,5038848,118,1,2985984,12,6,flexible,118,118,0,0
176,5038848,118,1,3145728,20,1,flexible,118,118,0,0
176,5038848,118,1,3188646,1,13,flexible,118,118,0,0
176,5038848,118,1,3359232,9,8,flexible,118,118,0,0
176,5038848,118,1,3538944,17,3,forced,117,118,1,0
176,5038848,118,1,3779136,6,10,forced,117,118,1,0
176,5038848,118,1,3981312,14,5,flexible,118,118,0,0
176,5038848,118,1,4194304,22,0,forced,117,118,1,0
176,5038848,118,1,4251528,3,12,flexible,118,118,0,0
176,5038848,118,1,4478976,11,7,flexible,118,118,0,0
176,5038848,118,1,4718592,19,2,forced,117,118,1,0
176,5038848,118,1,4782969,0,14,flexible,118,118,0,0
176,5038848,118,1,5038848,8,9,forced,117,118,1,0
177,5308416,119,1,1,0,0,forced,118,119,1,0
177,5308416,119,1,2,1,0,none,119,118,0,1
177,5308416,119,1,3,0,1,forced,118,119,1,0
177,5308416,119,1,4,2,0,forced,118,119,1,0
177,5308416,119,1,6,1,1,forced,118,119,1,0
177,5308416,119,1,8,3,0,forced,118,119,1,0
177,5308416,119,1,9,0,2,none,119,118,0,1
177,5308416,119,1,12,2,1,none,119,118,0,1
177,5308416,119,1,16,4,0,none,119,118,0,1
177,5308416,119,1,18,1,2,forced,118,119,1,0
177,5308416,119,1,24,3,1,forced,118,119,1,0
177,5308416,119,1,27,0,3,forced,118,119,1,0
177,5308416,119,1,32,5,0,forced,118,119,1,0
177,5308416,119,1,36,2,2,forced,118,119,1,0
177,5308416,119,1,48,4,1,forced,118,119,1,0
177,5308416,119,1,54,1,3,none,119,118,0,1
177,5308416,119,1,64,6,0,forced,118,119,1,0
177,5308416,119,1,72,3,2,none,119,118,0,1
177,5308416,119,1,81,0,4,forced,118,119,1,0
177,5308416,119,1,96,5,1,none,119,118,0,1
177,5308416,119,1,108,2,3,forced,118,119,1,0
177,5308416,119,1,128,7,0,none,119,118,0,1
177,5308416,119,1,144,4,2,forced,118,119,1,0
177,5308416,119,1,162,1,4,forced,118,119,1,0
177,5308416,119,1,192,6,1,forced,118,119,1,0
177,5308416,119,1,216,3,3,forced,118,119,1,0
177,5308416,119,1,243,0,5,none,119,118,0,1
177,5308416,119,1,256,8,0,forced,118,119,1,0
177,5308416,119,1,288,5,2,forced,118,119,1,0
177,5308416,119,1,324,2,4,none,119,118,0,1
177,5308416,119,1,384,7,1,forced,118,119,1,0
177,5308416,119,1,432,4,3,none,119,118,0,1
177,5308416,119,1,486,1,5,forced,118,119,1,0
177,5308416,119,1,512,9,0,forced,118,119,1,0
177,5308416,119,1,576,6,2,none,119,118,0,1
177,5308416,119,1,648,3,4,forced,118,119,1,0
177,5308416,119,1,729,0,6,forced,118,119,1,0
177,5308416,119,1,768,8,1,none,119,118,0,1
177,5308416,119,1,864,5,3,forced,118,119,1,0
177,5308416,119,1,972,2,5,forced,118,119,1,0
177,5308416,119,1,1024,10,0,none,119,118,0,1
177,5308416,119,1,1152,7,2,forced,118,119,1,0
177,5308416,119,1,1296,4,4,forced,118,119,1,0
177,5308416,119,1,1458,1,6,none,119,118,0,1
177,5308416,119,1,1536,9,1,forced,118,119,1,0
177,5308416,119,1,1728,6,3,forced,118,119,1,0
177,5308416,119,1,1944,3,5,none,119,118,0,1
177,5308416,119,1,2048,11,0,forced,118,119,1,0
177,5308416,119,1,2187,0,7,forced,118,119,1,0
177,5308416,119,1,2304,8,2,forced,118,119,1,0
177,5308416,119,1,2592,5,4,none,119,118,0,1
177,5308416,119,1,2916,2,6,forced,118,119,1,0
177,5308416,119,1,3072,10,1,forced,118,119,1,0
177,5308416,119,1,3456,7,3,none,119,118,0,1
177,5308416,119,1,3888,4,5,forced,118,119,1,0
177,5308416,119,1,4096,12,0,forced,118,119,1,0
177,5308416,119,1,4374,1,7,forced,118,119,1,0
177,5308416,119,1,4608,9,2,none,119,118,0,1
177,5308416,119,1,5184,6,4,forced,118,119,1,0
177,5308416,119,1,5832,3,6,forced,118,119,1,0
177,5308416,119,1,6144,11,1,none,119,118,0,1
177,5308416,119,1,6561,0,8,none,119,118,0,1
177,5308416,119,1,6912,8,3,forced,118,119,1,0
177,5308416,119,1,7776,5,5,forced,118,119,1,0
177,5308416,119,1,8192,13,0,none,119,118,0,1
177,5308416,119,1,8748,2,7,none,119,118,0,1
177,5308416,119,1,9216,10,2,forced,118,119,1,0
177,5308416,119,1,10368,7,4,forced,118,119,1,0
177,5308416,119,1,11664,4,6,none,119,118,0,1
177,5308416,119,1,12288,12,1,forced,118,119,1,0
177,5308416,119,1,13122,1,8,forced,118,119,1,0
177,5308416,119,1,13824,9,3,forced,118,119,1,0
177,5308416,119,1,15552,6,5,none,119,118,0,1
177,5308416,119,1,16384,14,0,forced,118,119,1,0
177,5308416,119,1,17496,3,7,forced,118,119,1,0
177,5308416,119,1,18432,11,2,forced,118,119,1,0
177,5308416,119,1,19683,0,9,forced,118,119,1,0
177,5308416,119,1,20736,8,4,none,119,118,0,1
177,5308416,119,1,23328,5,6,forced,118,119,1,0
177,5308416,119,1,24576,13,1,forced,118,119,1,0
177,5308416,119,1,26244,2,8,forced,118,119,1,0
177,5308416,119,1,27648,10,3,none,119,118,0,1
177,5308416,119,1,31104,7,5,forced,118,119,1,0
177,5308416,119,1,32768,15,0,forced,118,119,1,0
177,5308416,119,1,34992,4,7,forced,118,119,1,0
177,5308416,119,1,36864,12,2,none,119,118,0,1
177,5308416,119,1,39366,1,9,none,119,118,0,1
177,5308416,119,1,41472,9,4,forced,118,119,1,0
177,5308416,119,1,46656,6,6,forced,118,119,1,0
177,5308416,119,1,49152,14,1,none,119,118,0,1
177,5308416,119,1,52488,3,8,none,119,118,0,1
177,5308416,119,1,55296,11,3,forced,118,119,1,0
177,5308416,119,1,59049,0,10,forced,118,119,1,0
177,5308416,119,1,62208,8,5,forced,118,119,1,0
177,5308416,119,1,65536,16,0,none,119,118,0,1
177,5308416,119,1,69984,5,7,none,119,118,0,1
177,5308416,119,1,73728,13,2,forced,118,119,1,0
177,5308416,119,1,78732,2,9,forced,118,119,1,0
177,5308416,119,1,82944,10,4,forced,118,119,1,0
177,5308416,119,1,93312,7,6,none,119,118,0,1
177,5308416,119,1,98304,15,1,forced,118,119,1,0
177,5308416,119,1,104976,4,8,forced,118,119,1,0
177,5308416,119,1,110592,12,3,forced,118,119,1,0
177,5308416,119,1,118098,1,10,forced,118,119,1,0
177,5308416,119,1,124416,9,5,none,119,118,0,1
177,5308416,119,1,131072,17,0,forced,118,119,1,0
177,5308416,119,1,139968,6,7,forced,118,119,1,0
177,5308416,119,1,147456,14,2,forced,118,119,1,0
177,5308416,119,1,157464,3,9,forced,118,119,1,0
177,5308416,119,1,165888,11,4,none,119,118,0,1
177,5308416,119,1,177147,0,11,none,119,118,0,1
177,5308416,119,1,186624,8,6,forced,118,119,1,0
177,5308416,119,1,196608,16,1,forced,118,119,1,0
177,5308416,119,1,209952,5,8,forced,118,119,1,0
177,5308416,119,1,221184,13,3,none,119,118,0,1
177,5308416,119,1,236196,2,10,none,119,118,0,1
177,5308416,119,1,248832,10,5,forced,118,119,1,0
177,5308416,119,1,262144,18,0,forced,118,119,1,0
177,5308416,119,1,279936,7,7,forced,118,119,1,0
177,5308416,119,1,294912,15,2,none,119,118,0,1
177,5308416,119,1,314928,4,9,none,119,118,0,1
177,5308416,119,1,331776,12,4,forced,118,119,1,0
177,5308416,119,1,354294,1,11,forced,118,119,1,0
177,5308416,119,1,373248,9,6,forced,118,119,1,0
177,5308416,119,1,393216,17,1,none,119,118,0,1
177,5308416,119,1,419904,6,8,none,119,118,0,1
177,5308416,119,1,442368,14,3,forced,118,119,1,0
177,5308416,119,1,472392,3,10,forced,118,119,1,0
177,5308416,119,1,497664,11,5,forced,118,119,1,0
177,5308416,119,1,524288,19,0,none,119,118,0,1
177,5308416,119,1,531441,0,12,forced,118,119,1,0
177,5308416,119,1,559872,8,7,none,119,118,0,1
177,5308416,119,1,589824,16,2,forced,118,119,1,0
177,5308416,119,1,629856,5,9,forced,118,119,1,0
177,5308416,119,1,663552,13,4,forced,118,119,1,0
177,5308416,119,1,708588,2,11,forced,118,119,1,0
177,5308416,119,1,746496,10,6,none,119,118,0,1
177,5308416,119,1,786432,18,1,forced,118,119,1,0
177,5308416,119,1,839808,7,8,forced,118,119,1,0
177,5308416,119,1,884736,15,3,forced,118,119,1,0
177,5308416,119,1,944784,4,10,forced,118,119,1,0
177,5308416,119,1,995328,12,5,none,119,118,0,1
177,5308416,119,1,1048576,20,0,forced,118,119,1,0
177,5308416,119,1,1062882,1,12,none,119,118,0,1
177,5308416,119,1,1119744,9,7,forced,118,119,1,0
177,5308416,119,1,1179648,17,2,forced,118,119,1,0
177,5308416,119,1,1259712,6,9,forced,118,119,1,0
177,5308416,119,1,1327104,14,4,none,119,118,0,1
177,5308416,119,1,1417176,3,11,none,119,118,0,1
177,5308416,119,1,1492992,11,6,flexible,119,119,0,0
177,5308416,119,1,1572864,19,1,forced,118,119,1,0
177,5308416,119,1,1594323,0,13,flexible,119,119,0,0
177,5308416,119,1,1679616,8,8,forced,118,119,1,0
177,5308416,119,1,1769472,16,3,none,119,118,0,1
177,5308416,119,1,1889568,5,10,none,119,118,0,1
177,5308416,119,1,1990656,13,5,forced,118,119,1,0
177,5308416,119,1,2097152,21,0,forced,118,119,1,0
177,5308416,119,1,2125764,2,12,forced,118,119,1,0
177,5308416,119,1,2239488,10,7,forced,118,119,1,0
177,5308416,119,1,2359296,18,2,none,119,118,0,1
177,5308416,119,1,2519424,7,9,none,119,118,0,1
177,5308416,119,1,2654208,15,4,forced,118,119,1,0
177,5308416,119,1,2834352,4,11,forced,118,119,1,0
177,5308416,119,1,2985984,12,6,flexible,119,119,0,0
177,5308416,119,1,3145728,20,1,none,119,118,0,1
177,5308416,119,1,3188646,1,13,flexible,119,119,0,0
177,5308416,119,1,3359232,9,8,none,119,118,0,1
177,5308416,119,1,3538944,17,3,forced,118,119,1,0
177,5308416,119,1,3779136,6,10,forced,118,119,1,0
177,5308416,119,1,3981312,14,5,forced,118,119,1,0
177,5308416,119,1,4194304,22,0,forced,118,119,1,0
177,5308416,119,1,4251528,3,12,forced,118,119,1,0
177,5308416,119,1,4478976,11,7,flexible,119,119,0,0
177,5308416,119,1,4718592,19,2,forced,118,119,1,0
177,5308416,119,1,4782969,0,14,flexible,119,119,0,0
177,5308416,119,1,5038848,8,9,forced,118,119,1,0
177,5308416,119,1,5308416,16,4,forced,118,119,1,0
178,5668704,120,1,1,0,0,forced,119,120,1,0
178,5668704,120,1,2,1,0,none,120,119,0,1
178,5668704,120,1,3,0,1,forced,119,120,1,0
178,5668704,120,1,4,2,0,forced,119,120,1,0
178,5668704,120,1,6,1,1,forced,119,120,1,0
178,5668704,120,1,8,3,0,forced,119,120,1,0
178,5668704,120,1,9,0,2,none,120,119,0,1
178,5668704,120,1,12,2,1,none,120,119,0,1
178,5668704,120,1,16,4,0,none,120,119,0,1
178,5668704,120,1,18,1,2,forced,119,120,1,0
178,5668704,120,1,24,3,1,forced,119,120,1,0
178,5668704,120,1,27,0,3,forced,119,120,1,0
178,5668704,120,1,32,5,0,forced,119,120,1,0
178,5668704,120,1,36,2,2,forced,119,120,1,0
178,5668704,120,1,48,4,1,forced,119,120,1,0
178,5668704,120,1,54,1,3,none,120,119,0,1
178,5668704,120,1,64,6,0,forced,119,120,1,0
178,5668704,120,1,72,3,2,none,120,119,0,1
178,5668704,120,1,81,0,4,forced,119,120,1,0
178,5668704,120,1,96,5,1,none,120,119,0,1
178,5668704,120,1,108,2,3,forced,119,120,1,0
178,5668704,120,1,128,7,0,none,120,119,0,1
178,5668704,120,1,144,4,2,forced,119,120,1,0
178,5668704,120,1,162,1,4,forced,119,120,1,0
178,5668704,120,1,192,6,1,forced,119,120,1,0
178,5668704,120,1,216,3,3,forced,119,120,1,0
178,5668704,120,1,243,0,5,none,120,119,0,1
178,5668704,120,1,256,8,0,forced,119,120,1,0
178,5668704,120,1,288,5,2,forced,119,120,1,0
178,5668704,120,1,324,2,4,none,120,119,0,1
178,5668704,120,1,384,7,1,forced,119,120,1,0
178,5668704,120,1,432,4,3,none,120,119,0,1
178,5668704,120,1,486,1,5,forced,119,120,1,0
178,5668704,120,1,512,9,0,forced,119,120,1,0
178,5668704,120,1,576,6,2,none,120,119,0,1
178,5668704,120,1,648,3,4,forced,119,120,1,0
178,5668704,120,1,729,0,6,forced,119,120,1,0
178,5668704,120,1,768,8,1,none,120,119,0,1
178,5668704,120,1,864,5,3,forced,119,120,1,0
178,5668704,120,1,972,2,5,forced,119,120,1,0
178,5668704,120,1,1024,10,0,none,120,119,0,1
178,5668704,120,1,1152,7,2,forced,119,120,1,0
178,5668704,120,1,1296,4,4,forced,119,120,1,0
178,5668704,120,1,1458,1,6,none,120,119,0,1
178,5668704,120,1,1536,9,1,forced,119,120,1,0
178,5668704,120,1,1728,6,3,forced,119,120,1,0
178,5668704,120,1,1944,3,5,none,120,119,0,1
178,5668704,120,1,2048,11,0,forced,119,120,1,0
178,5668704,120,1,2187,0,7,forced,119,120,1,0
178,5668704,120,1,2304,8,2,forced,119,120,1,0
178,5668704,120,1,2592,5,4,none,120,119,0,1
178,5668704,120,1,2916,2,6,forced,119,120,1,0
178,5668704,120,1,3072,10,1,forced,119,120,1,0
178,5668704,120,1,3456,7,3,none,120,119,0,1
178,5668704,120,1,3888,4,5,forced,119,120,1,0
178,5668704,120,1,4096,12,0,forced,119,120,1,0
178,5668704,120,1,4374,1,7,forced,119,120,1,0
178,5668704,120,1,4608,9,2,none,120,119,0,1
178,5668704,120,1,5184,6,4,forced,119,120,1,0
178,5668704,120,1,5832,3,6,forced,119,120,1,0
178,5668704,120,1,6144,11,1,none,120,119,0,1
178,5668704,120,1,6561,0,8,none,120,119,0,1
178,5668704,120,1,6912,8,3,forced,119,120,1,0
178,5668704,120,1,7776,5,5,forced,119,120,1,0
178,5668704,120,1,8192,13,0,none,120,119,0,1
178,5668704,120,1,8748,2,7,none,120,119,0,1
178,5668704,120,1,9216,10,2,forced,119,120,1,0
178,5668704,120,1,10368,7,4,forced,119,120,1,0
178,5668704,120,1,11664,4,6,none,120,119,0,1
178,5668704,120,1,12288,12,1,forced,119,120,1,0
178,5668704,120,1,13122,1,8,forced,119,120,1,0
178,5668704,120,1,13824,9,3,forced,119,120,1,0
178,5668704,120,1,15552,6,5,none,120,119,0,1
178,5668704,120,1,16384,14,0,forced,119,120,1,0
178,5668704,120,1,17496,3,7,forced,119,120,1,0
178,5668704,120,1,18432,11,2,forced,119,120,1,0
178,5668704,120,1,19683,0,9,forced,119,120,1,0
178,5668704,120,1,20736,8,4,none,120,119,0,1
178,5668704,120,1,23328,5,6,forced,119,120,1,0
178,5668704,120,1,24576,13,1,forced,119,120,1,0
178,5668704,120,1,26244,2,8,forced,119,120,1,0
178,5668704,120,1,27648,10,3,none,120,119,0,1
178,5668704,120,1,31104,7,5,forced,119,120,1,0
178,5668704,120,1,32768,15,0,forced,119,120,1,0
178,5668704,120,1,34992,4,7,forced,119,120,1,0
178,5668704,120,1,36864,12,2,none,120,119,0,1
178,5668704,120,1,39366,1,9,none,120,119,0,1
178,5668704,120,1,41472,9,4,forced,119,120,1,0
178,5668704,120,1,46656,6,6,forced,119,120,1,0
178,5668704,120,1,49152,14,1,none,120,119,0,1
178,5668704,120,1,52488,3,8,none,120,119,0,1
178,5668704,120,1,55296,11,3,forced,119,120,1,0
178,5668704,120,1,59049,0,10,forced,119,120,1,0
178,5668704,120,1,62208,8,5,forced,119,120,1,0
178,5668704,120,1,65536,16,0,none,120,119,0,1
178,5668704,120,1,69984,5,7,none,120,119,0,1
178,5668704,120,1,73728,13,2,forced,119,120,1,0
178,5668704,120,1,78732,2,9,forced,119,120,1,0
178,5668704,120,1,82944,10,4,forced,119,120,1,0
178,5668704,120,1,93312,7,6,none,120,119,0,1
178,5668704,120,1,98304,15,1,forced,119,120,1,0
178,5668704,120,1,104976,4,8,forced,119,120,1,0
178,5668704,120,1,110592,12,3,forced,119,120,1,0
178,5668704,120,1,118098,1,10,forced,119,120,1,0
178,5668704,120,1,124416,9,5,none,120,119,0,1
178,5668704,120,1,131072,17,0,forced,119,120,1,0
178,5668704,120,1,139968,6,7,forced,119,120,1,0
178,5668704,120,1,147456,14,2,forced,119,120,1,0
178,5668704,120,1,157464,3,9,forced,119,120,1,0
178,5668704,120,1,165888,11,4,none,120,119,0,1
178,5668704,120,1,177147,0,11,none,120,119,0,1
178,5668704,120,1,186624,8,6,forced,119,120,1,0
178,5668704,120,1,196608,16,1,forced,119,120,1,0
178,5668704,120,1,209952,5,8,forced,119,120,1,0
178,5668704,120,1,221184,13,3,none,120,119,0,1
178,5668704,120,1,236196,2,10,none,120,119,0,1
178,5668704,120,1,248832,10,5,forced,119,120,1,0
178,5668704,120,1,262144,18,0,forced,119,120,1,0
178,5668704,120,1,279936,7,7,forced,119,120,1,0
178,5668704,120,1,294912,15,2,none,120,119,0,1
178,5668704,120,1,314928,4,9,none,120,119,0,1
178,5668704,120,1,331776,12,4,forced,119,120,1,0
178,5668704,120,1,354294,1,11,forced,119,120,1,0
178,5668704,120,1,373248,9,6,forced,119,120,1,0
178,5668704,120,1,393216,17,1,none,120,119,0,1
178,5668704,120,1,419904,6,8,none,120,119,0,1
178,5668704,120,1,442368,14,3,forced,119,120,1,0
178,5668704,120,1,472392,3,10,forced,119,120,1,0
178,5668704,120,1,497664,11,5,forced,119,120,1,0
178,5668704,120,1,524288,19,0,none,120,119,0,1
178,5668704,120,1,531441,0,12,forced,119,120,1,0
178,5668704,120,1,559872,8,7,none,120,119,0,1
178,5668704,120,1,589824,16,2,forced,119,120,1,0
178,5668704,120,1,629856,5,9,forced,119,120,1,0
178,5668704,120,1,663552,13,4,forced,119,120,1,0
178,5668704,120,1,708588,2,11,forced,119,120,1,0
178,5668704,120,1,746496,10,6,none,120,119,0,1
178,5668704,120,1,786432,18,1,forced,119,120,1,0
178,5668704,120,1,839808,7,8,forced,119,120,1,0
178,5668704,120,1,884736,15,3,forced,119,120,1,0
178,5668704,120,1,944784,4,10,forced,119,120,1,0
178,5668704,120,1,995328,12,5,none,120,119,0,1
178,5668704,120,1,1048576,20,0,forced,119,120,1,0
178,5668704,120,1,1062882,1,12,none,120,119,0,1
178,5668704,120,1,1119744,9,7,forced,119,120,1,0
178,5668704,120,1,1179648,17,2,forced,119,120,1,0
178,5668704,120,1,1259712,6,9,forced,119,120,1,0
178,5668704,120,1,1327104,14,4,none,120,119,0,1
178,5668704,120,1,1417176,3,11,none,120,119,0,1
178,5668704,120,1,1492992,11,6,flexible,120,120,0,0
178,5668704,120,1,1572864,19,1,forced,119,120,1,0
178,5668704,120,1,1594323,0,13,flexible,120,120,0,0
178,5668704,120,1,1679616,8,8,forced,119,120,1,0
178,5668704,120,1,1769472,16,3,none,120,119,0,1
178,5668704,120,1,1889568,5,10,none,120,119,0,1
178,5668704,120,1,1990656,13,5,forced,119,120,1,0
178,5668704,120,1,2097152,21,0,forced,119,120,1,0
178,5668704,120,1,2125764,2,12,forced,119,120,1,0
178,5668704,120,1,2239488,10,7,forced,119,120,1,0
178,5668704,120,1,2359296,18,2,none,120,119,0,1
178,5668704,120,1,2519424,7,9,none,120,119,0,1
178,5668704,120,1,2654208,15,4,forced,119,120,1,0
178,5668704,120,1,2834352,4,11,forced,119,120,1,0
178,5668704,120,1,2985984,12,6,flexible,120,120,0,0
178,5668704,120,1,3145728,20,1,none,120,119,0,1
178,5668704,120,1,3188646,1,13,flexible,120,120,0,0
178,5668704,120,1,3359232,9,8,none,120,119,0,1
178,5668704,120,1,3538944,17,3,forced,119,120,1,0
178,5668704,120,1,3779136,6,10,forced,119,120,1,0
178,5668704,120,1,3981312,14,5,forced,119,120,1,0
178,5668704,120,1,4194304,22,0,forced,119,120,1,0
178,5668704,120,1,4251528,3,12,forced,119,120,1,0
178,5668704,120,1,4478976,11,7,flexible,120,120,0,0
178,5668704,120,1,4718592,19,2,forced,119,120,1,0
178,5668704,120,1,4782969,0,14,flexible,120,120,0,0
178,5668704,120,1,5038848,8,9,forced,119,120,1,0
178,5668704,120,1,5308416,16,4,forced,119,120,1,0
178,5668704,120,1,5668704,5,11,forced,119,120,1,0
179,5971968,120,0,1,0,0,forced,119,120,1,0
179,5971968,120,0,2,1,0,flexible,120,120,0,0
179,5971968,120,0,3,0,1,flexible,120,120,0,0
179,5971968,120,0,4,2,0,flexible,120,120,0,0
179,5971968,120,0,6,1,1,forced,119,120,1,0
179,5971968,120,0,8,3,0,forced,119,120,1,0
179,5971968,120,0,9,0,2,flexible,120,120,0,0
179,5971968,120,0,12,2,1,flexible,120,120,0,0
179,5971968,120,0,16,4,0,flexible,120,120,0,0
179,5971968,120,0,18,1,2,flexible,120,120,0,0
179,5971968,120,0,24,3,1,flexible,120,120,0,0
179,5971968,120,0,27,0,3,forced,119,120,1,0
179,5971968,120,0,32,5,0,flexible,120,120,0,0
179,5971968,120,0,36,2,2,forced,119,120,1,0
179,5971968,120,0,48,4,1,forced,119,120,1,0
179,5971968,120,0,54,1,3,flexible,120,120,0,0
179,5971968,120,0,64,6,0,forced,119,120,1,0
179,5971968,120,0,72,3,2,flexible,120,120,0,0
179,5971968,120,0,81,0,4,flexible,120,120,0,0
179,5971968,120,0,96,5,1,flexible,120,120,0,0
179,5971968,120,0,108,2,3,flexible,120,120,0,0
179,5971968,120,0,128,7,0,flexible,120,120,0,0
179,5971968,120,0,144,4,2,flexible,120,120,0,0
179,5971968,120,0,162,1,4,forced,119,120,1,0
179,5971968,120,0,192,6,1,flexible,120,120,0,0
179,5971968,120,0,216,3,3,forced,119,120,1,0
179,5971968,120,0,243,0,5,flexible,120,120,0,0
179,5971968,120,0,256,8,0,flexible,120,120,0,0
179,5971968,120,0,288,5,2,forced,119,120,1,0
179,5971968,120,0,324,2,4,flexible,120,120,0,0
179,5971968,120,0,384,7,1,forced,119,120,1,0
179,5971968,120,0,432,4,3,flexible,120,120,0,0
179,5971968,120,0,486,1,5,flexible,120,120,0,0
179,5971968,120,0,512,9,0,forced,119,120,1,0
179,5971968,120,0,576,6,2,flexible,120,120,0,0
179,5971968,120,0,648,3,4,flexible,120,120,0,0
179,5971968,120,0,729,0,6,forced,119,120,1,0
179,5971968,120,0,768,8,1,flexible,120,120,0,0
179,5971968,120,0,864,5,3,flexible,120,120,0,0
179,5971968,120,0,972,2,5,forced,119,120,1,0
179,5971968,120,0,1024,10,0,flexible,120,120,0,0
179,5971968,120,0,1152,7,2,flexible,120,120,0,0
179,5971968,120,0,1296,4,4,forced,119,120,1,0
179,5971968,120,0,1458,1,6,flexible,120,120,0,0
179,5971968,120,0,1536,9,1,flexible,120,120,0,0
179,5971968,120,0,1728,6,3,forced,119,120,1,0
179,5971968,120,0,1944,3,5,flexible,120,120,0,0
179,5971968,120,0,2048,11,0,flexible,120,120,0,0
179,5971968,120,0,2187,0,7,flexible,120,120,0,0
179,5971968,120,0,2304,8,2,forced,119,120,1,0
179,5971968,120,0,2592,5,4,flexible,120,120,0,0
179,5971968,120,0,2916,2,6,flexible,120,120,0,0
179,5971968,120,0,3072,10,1,forced,119,120,1,0
179,5971968,120,0,3456,7,3,flexible,120,120,0,0
179,5971968,120,0,3888,4,5,flexible,120,120,0,0
179,5971968,120,0,4096,12,0,forced,119,120,1,0
179,5971968,120,0,4374,1,7,forced,119,120,1,0
179,5971968,120,0,4608,9,2,flexible,120,120,0,0
179,5971968,120,0,5184,6,4,flexible,120,120,0,0
179,5971968,120,0,5832,3,6,forced,119,120,1,0
179,5971968,120,0,6144,11,1,flexible,120,120,0,0
179,5971968,120,0,6561,0,8,flexible,120,120,0,0
179,5971968,120,0,6912,8,3,flexible,120,120,0,0
179,5971968,120,0,7776,5,5,forced,119,120,1,0
179,5971968,120,0,8192,13,0,flexible,120,120,0,0
179,5971968,120,0,8748,2,7,flexible,120,120,0,0
179,5971968,120,0,9216,10,2,flexible,120,120,0,0
179,5971968,120,0,10368,7,4,forced,119,120,1,0
179,5971968,120,0,11664,4,6,flexible,120,120,0,0
179,5971968,120,0,12288,12,1,flexible,120,120,0,0
179,5971968,120,0,13122,1,8,flexible,120,120,0,0
179,5971968,120,0,13824,9,3,forced,119,120,1,0
179,5971968,120,0,15552,6,5,flexible,120,120,0,0
179,5971968,120,0,16384,14,0,flexible,120,120,0,0
179,5971968,120,0,17496,3,7,flexible,120,120,0,0
179,5971968,120,0,18432,11,2,forced,119,120,1,0
179,5971968,120,0,19683,0,9,forced,119,120,1,0
179,5971968,120,0,20736,8,4,flexible,120,120,0,0
179,5971968,120,0,23328,5,6,flexible,120,120,0,0
179,5971968,120,0,24576,13,1,forced,119,120,1,0
179,5971968,120,0,26244,2,8,forced,119,120,1,0
179,5971968,120,0,27648,10,3,flexible,120,120,0,0
179,5971968,120,0,31104,7,5,flexible,120,120,0,0
179,5971968,120,0,32768,15,0,forced,119,120,1,0
179,5971968,120,0,34992,4,7,forced,119,120,1,0
179,5971968,120,0,36864,12,2,flexible,120,120,0,0
179,5971968,120,0,39366,1,9,flexible,120,120,0,0
179,5971968,120,0,41472,9,4,flexible,120,120,0,0
179,5971968,120,0,46656,6,6,forced,119,120,1,0
179,5971968,120,0,49152,14,1,flexible,120,120,0,0
179,5971968,120,0,52488,3,8,flexible,120,120,0,0
179,5971968,120,0,55296,11,3,flexible,120,120,0,0
179,5971968,120,0,59049,0,10,flexible,120,120,0,0
179,5971968,120,0,62208,8,5,forced,119,120,1,0
179,5971968,120,0,65536,16,0,flexible,120,120,0,0
179,5971968,120,0,69984,5,7,flexible,120,120,0,0
179,5971968,120,0,73728,13,2,flexible,120,120,0,0
179,5971968,120,0,78732,2,9,flexible,120,120,0,0
179,5971968,120,0,82944,10,4,forced,119,120,1,0
179,5971968,120,0,93312,7,6,flexible,120,120,0,0
179,5971968,120,0,98304,15,1,flexible,120,120,0,0
179,5971968,120,0,104976,4,8,flexible,120,120,0,0
179,5971968,120,0,110592,12,3,forced,119,120,1,0
179,5971968,120,0,118098,1,10,forced,119,120,1,0
179,5971968,120,0,124416,9,5,flexible,120,120,0,0
179,5971968,120,0,131072,17,0,flexible,120,120,0,0
179,5971968,120,0,139968,6,7,flexible,120,120,0,0
179,5971968,120,0,147456,14,2,forced,119,120,1,0
179,5971968,120,0,157464,3,9,forced,119,120,1,0
179,5971968,120,0,165888,11,4,flexible,120,120,0,0
179,5971968,120,0,177147,0,11,flexible,120,120,0,0
179,5971968,120,0,186624,8,6,flexible,120,120,0,0
179,5971968,120,0,196608,16,1,forced,119,120,1,0
179,5971968,120,0,209952,5,8,forced,119,120,1,0
179,5971968,120,0,221184,13,3,flexible,120,120,0,0
179,5971968,120,0,236196,2,10,flexible,120,120,0,0
179,5971968,120,0,248832,10,5,flexible,120,120,0,0
179,5971968,120,0,262144,18,0,forced,119,120,1,0
179,5971968,120,0,279936,7,7,forced,119,120,1,0
179,5971968,120,0,294912,15,2,flexible,120,120,0,0
179,5971968,120,0,314928,4,9,flexible,120,120,0,0
179,5971968,120,0,331776,12,4,flexible,120,120,0,0
179,5971968,120,0,354294,1,11,flexible,120,120,0,0
179,5971968,120,0,373248,9,6,forced,119,120,1,0
179,5971968,120,0,393216,17,1,flexible,120,120,0,0
179,5971968,120,0,419904,6,8,flexible,120,120,0,0
179,5971968,120,0,442368,14,3,flexible,120,120,0,0
179,5971968,120,0,472392,3,10,flexible,120,120,0,0
179,5971968,120,0,497664,11,5,forced,119,120,1,0
179,5971968,120,0,524288,19,0,flexible,120,120,0,0
179,5971968,120,0,531441,0,12,forced,119,120,1,0
179,5971968,120,0,559872,8,7,flexible,120,120,0,0
179,5971968,120,0,589824,16,2,flexible,120,120,0,0
179,5971968,120,0,629856,5,9,flexible,120,120,0,0
179,5971968,120,0,663552,13,4,flexible,120,120,0,0
179,5971968,120,0,708588,2,11,forced,119,120,1,0
179,5971968,120,0,746496,10,6,flexible,120,120,0,0
179,5971968,120,0,786432,18,1,flexible,120,120,0,0
179,5971968,120,0,839808,7,8,flexible,120,120,0,0
179,5971968,120,0,884736,15,3,forced,119,120,1,0
179,5971968,120,0,944784,4,10,forced,119,120,1,0
179,5971968,120,0,995328,12,5,flexible,120,120,0,0
179,5971968,120,0,1048576,20,0,flexible,120,120,0,0
179,5971968,120,0,1062882,1,12,flexible,120,120,0,0
179,5971968,120,0,1119744,9,7,flexible,120,120,0,0
179,5971968,120,0,1179648,17,2,forced,119,120,1,0
179,5971968,120,0,1259712,6,9,forced,119,120,1,0
179,5971968,120,0,1327104,14,4,flexible,120,120,0,0
179,5971968,120,0,1417176,3,11,flexible,120,120,0,0
179,5971968,120,0,1492992,11,6,flexible,120,120,0,0
179,5971968,120,0,1572864,19,1,flexible,120,120,0,0
179,5971968,120,0,1594323,0,13,flexible,120,120,0,0
179,5971968,120,0,1679616,8,8,flexible,120,120,0,0
179,5971968,120,0,1769472,16,3,flexible,120,120,0,0
179,5971968,120,0,1889568,5,10,flexible,120,120,0,0
179,5971968,120,0,1990656,13,5,flexible,120,120,0,0
179,5971968,120,0,2097152,21,0,flexible,120,120,0,0
179,5971968,120,0,2125764,2,12,flexible,120,120,0,0
179,5971968,120,0,2239488,10,7,forced,119,120,1,0
179,5971968,120,0,2359296,18,2,flexible,120,120,0,0
179,5971968,120,0,2519424,7,9,flexible,120,120,0,0
179,5971968,120,0,2654208,15,4,flexible,120,120,0,0
179,5971968,120,0,2834352,4,11,flexible,120,120,0,0
179,5971968,120,0,2985984,12,6,flexible,120,120,0,0
179,5971968,120,0,3145728,20,1,flexible,120,120,0,0
179,5971968,120,0,3188646,1,13,flexible,120,120,0,0
179,5971968,120,0,3359232,9,8,flexible,120,120,0,0
179,5971968,120,0,3538944,17,3,flexible,120,120,0,0
179,5971968,120,0,3779136,6,10,flexible,120,120,0,0
179,5971968,120,0,3981312,14,5,flexible,120,120,0,0
179,5971968,120,0,4194304,22,0,forced,119,120,1,0
179,5971968,120,0,4251528,3,12,forced,119,120,1,0
179,5971968,120,0,4478976,11,7,flexible,120,120,0,0
179,5971968,120,0,4718592,19,2,flexible,120,120,0,0
179,5971968,120,0,4782969,0,14,flexible,120,120,0,0
179,5971968,120,0,5038848,8,9,flexible,120,120,0,0
179,5971968,120,0,5308416,16,4,forced,119,120,1,0
179,5971968,120,0,5668704,5,11,forced,119,120,1,0
179,5971968,120,0,5971968,13,6,flexible,120,120,0,0
180,6291456,121,1,1,0,0,forced,120,121,1,0
180,6291456,121,1,2,1,0,forced,120,121,1,0
180,6291456,121,1,3,0,1,none,121,120,0,1
180,6291456,121,1,4,2,0,none,121,120,0,1
180,6291456,121,1,6,1,1,forced,120,121,1,0
180,6291456,121,1,8,3,0,forced,120,121,1,0
180,6291456,121,1,9,0,2,forced,120,121,1,0
180,6291456,121,1,12,2,1,forced,120,121,1,0
180,6291456,121,1,16,4,0,forced,120,121,1,0
180,6291456,121,1,18,1,2,none,121,120,0,1
180,6291456,121,1,24,3,1,none,121,120,0,1
180,6291456,121,1,27,0,3,forced,120,121,1,0
180,6291456,121,1,32,5,0,none,121,120,0,1
180,6291456,121,1,36,2,2,forced,120,121,1,0
180,6291456,121,1,48,4,1,forced,120,121,1,0
180,6291456,121,1,54,1,3,forced,120,121,1,0
180,6291456,121,1,64,6,0,forced,120,121,1,0
180,6291456,121,1,72,3,2,forced,120,121,1,0
180,6291456,121,1,81,0,4,none,121,120,0,1
180,6291456,121,1,96,5,1,forced,120,121,1,0
180,6291456,121,1,108,2,3,none,121,120,0,1
180,6291456,121,1,128,7,0,forced,120,121,1,0
180,6291456,121,1,144,4,2,none,121,120,0,1
180,6291456,121,1,162,1,4,forced,120,121,1,0
180,6291456,121,1,192,6,1,none,121,120,0,1
180,6291456,121,1,216,3,3,forced,120,121,1,0
180,6291456,121,1,243,0,5,forced,120,121,1,0
180,6291456,121,1,256,8,0,none,121,120,0,1
180,6291456,121,1,288,5,2,forced,120,121,1,0
180,6291456,121,1,324,2,4,forced,120,121,1,0
180,6291456,121,1,384,7,1,forced,120,121,1,0
180,6291456,121,1,432,4,3,forced,120,121,1,0
180,6291456,121,1,486,1,5,none,121,120,0,1
180,6291456,121,1,512,9,0,forced,120,121,1,0
180,6291456,121,1,576,6,2,forced,120,121,1,0
180,6291456,121,1,648,3,4,none,121,120,0,1
180,6291456,121,1,729,0,6,forced,120,121,1,0
180,6291456,121,1,768,8,1,forced,120,121,1,0
180,6291456,121,1,864,5,3,none,121,120,0,1
180,6291456,121,1,972,2,5,forced,120,121,1,0
180,6291456,121,1,1024,10,0,forced,120,121,1,0
180,6291456,121,1,1152,7,2,none,121,120,0,1
180,6291456,121,1,1296,4,4,forced,120,121,1,0
180,6291456,121,1,1458,1,6,forced,120,121,1,0
180,6291456,121,1,1536,9,1,none,121,120,0,1
180,6291456,121,1,1728,6,3,forced,120,121,1,0
180,6291456,121,1,1944,3,5,forced,120,121,1,0
180,6291456,121,1,2048,11,0,none,121,120,0,1
180,6291456,121,1,2187,0,7,none,121,120,0,1
180,6291456,121,1,2304,8,2,forced,120,121,1,0
180,6291456,121,1,2592,5,4,forced,120,121,1,0
180,6291456,121,1,2916,2,6,none,121,120,0,1
180,6291456,121,1,3072,10,1,forced,120,121,1,0
180,6291456,121,1,3456,7,3,forced,120,121,1,0
180,6291456,121,1,3888,4,5,none,121,120,0,1
180,6291456,121,1,4096,12,0,forced,120,121,1,0
180,6291456,121,1,4374,1,7,forced,120,121,1,0
180,6291456,121,1,4608,9,2,forced,120,121,1,0
180,6291456,121,1,5184,6,4,none,121,120,0,1
180,6291456,121,1,5832,3,6,forced,120,121,1,0
180,6291456,121,1,6144,11,1,forced,120,121,1,0
180,6291456,121,1,6561,0,8,forced,120,121,1,0
180,6291456,121,1,6912,8,3,none,121,120,0,1
180,6291456,121,1,7776,5,5,forced,120,121,1,0
180,6291456,121,1,8192,13,0,forced,120,121,1,0
180,6291456,121,1,8748,2,7,forced,120,121,1,0
180,6291456,121,1,9216,10,2,none,121,120,0,1
180,6291456,121,1,10368,7,4,forced,120,121,1,0
180,6291456,121,1,11664,4,6,forced,120,121,1,0
180,6291456,121,1,12288,12,1,none,121,120,0,1
180,6291456,121,1,13122,1,8,none,121,120,0,1
180,6291456,121,1,13824,9,3,forced,120,121,1,0
180,6291456,121,1,15552,6,5,forced,120,121,1,0
180,6291456,121,1,16384,14,0,none,121,120,0,1
180,6291456,121,1,17496,3,7,none,121,120,0,1
180,6291456,121,1,18432,11,2,forced,120,121,1,0
180,6291456,121,1,19683,0,9,forced,120,121,1,0
180,6291456,121,1,20736,8,4,forced,120,121,1,0
180,6291456,121,1,23328,5,6,none,121,120,0,1
180,6291456,121,1,24576,13,1,forced,120,121,1,0
180,6291456,121,1,26244,2,8,forced,120,121,1,0
180,6291456,121,1,27648,10,3,forced,120,121,1,0
180,6291456,121,1,31104,7,5,none,121,120,0,1
180,6291456,121,1,32768,15,0,forced,120,121,1,0
180,6291456,121,1,34992,4,7,forced,120,121,1,0
180,6291456,121,1,36864,12,2,forced,120,121,1,0
180,6291456,121,1,39366,1,9,forced,120,121,1,0
180,6291456,121,1,41472,9,4,none,121,120,0,1
180,6291456,121,1,46656,6,6,forced,120,121,1,0
180,6291456,121,1,49152,14,1,forced,120,121,1,0
180,6291456,121,1,52488,3,8,forced,120,121,1,0
180,6291456,121,1,55296,11,3,none,121,120,0,1
180,6291456,121,1,59049,0,10,none,121,120,0,1
180,6291456,121,1,62208,8,5,forced,120,121,1,0
180,6291456,121,1,65536,16,0,forced,120,121,1,0
180,6291456,121,1,69984,5,7,forced,120,121,1,0
180,6291456,121,1,73728,13,2,none,121,120,0,1
180,6291456,121,1,78732,2,9,none,121,120,0,1
180,6291456,121,1,82944,10,4,forced,120,121,1,0
180,6291456,121,1,93312,7,6,forced,120,121,1,0
180,6291456,121,1,98304,15,1,none,121,120,0,1
180,6291456,121,1,104976,4,8,none,121,120,0,1
180,6291456,121,1,110592,12,3,forced,120,121,1,0
180,6291456,121,1,118098,1,10,forced,120,121,1,0
180,6291456,121,1,124416,9,5,forced,120,121,1,0
180,6291456,121,1,131072,17,0,none,121,120,0,1
180,6291456,121,1,139968,6,7,none,121,120,0,1
180,6291456,121,1,147456,14,2,forced,120,121,1,0
180,6291456,121,1,157464,3,9,forced,120,121,1,0
180,6291456,121,1,165888,11,4,forced,120,121,1,0
180,6291456,121,1,177147,0,11,forced,120,121,1,0
180,6291456,121,1,186624,8,6,none,121,120,0,1
180,6291456,121,1,196608,16,1,forced,120,121,1,0
180,6291456,121,1,209952,5,8,forced,120,121,1,0
180,6291456,121,1,221184,13,3,forced,120,121,1,0
180,6291456,121,1,236196,2,10,forced,120,121,1,0
180,6291456,121,1,248832,10,5,none,121,120,0,1
180,6291456,121,1,262144,18,0,forced,120,121,1,0
180,6291456,121,1,279936,7,7,forced,120,121,1,0
180,6291456,121,1,294912,15,2,forced,120,121,1,0
180,6291456,121,1,314928,4,9,forced,120,121,1,0
180,6291456,121,1,331776,12,4,none,121,120,0,1
180,6291456,121,1,354294,1,11,none,121,120,0,1
180,6291456,121,1,373248,9,6,forced,120,121,1,0
180,6291456,121,1,393216,17,1,forced,120,121,1,0
180,6291456,121,1,419904,6,8,forced,120,121,1,0
180,6291456,121,1,442368,14,3,none,121,120,0,1
180,6291456,121,1,472392,3,10,none,121,120,0,1
180,6291456,121,1,497664,11,5,forced,120,121,1,0
180,6291456,121,1,524288,19,0,forced,120,121,1,0
180,6291456,121,1,531441,0,12,forced,120,121,1,0
180,6291456,121,1,559872,8,7,forced,120,121,1,0
180,6291456,121,1,589824,16,2,none,121,120,0,1
180,6291456,121,1,629856,5,9,none,121,120,0,1
180,6291456,121,1,663552,13,4,forced,120,121,1,0
180,6291456,121,1,708588,2,11,forced,120,121,1,0
180,6291456,121,1,746496,10,6,forced,120,121,1,0
180,6291456,121,1,786432,18,1,none,121,120,0,1
180,6291456,121,1,839808,7,8,none,121,120,0,1
180,6291456,121,1,884736,15,3,forced,120,121,1,0
180,6291456,121,1,944784,4,10,forced,120,121,1,0
180,6291456,121,1,995328,12,5,forced,120,121,1,0
180,6291456,121,1,1048576,20,0,forced,120,121,1,0
180,6291456,121,1,1062882,1,12,forced,120,121,1,0
180,6291456,121,1,1119744,9,7,none,121,120,0,1
180,6291456,121,1,1179648,17,2,forced,120,121,1,0
180,6291456,121,1,1259712,6,9,forced,120,121,1,0
180,6291456,121,1,1327104,14,4,forced,120,121,1,0
180,6291456,121,1,1417176,3,11,forced,120,121,1,0
180,6291456,121,1,1492992,11,6,none,121,120,0,1
180,6291456,121,1,1572864,19,1,none,121,120,0,1
180,6291456,121,1,1594323,0,13,none,121,120,0,1
180,6291456,121,1,1679616,8,8,flexible,121,121,0,0
180,6291456,121,1,1769472,16,3,forced,120,121,1,0
180,6291456,121,1,1889568,5,10,forced,120,121,1,0
180,6291456,121,1,1990656,13,5,none,121,120,0,1
180,6291456,121,1,2097152,21,0,none,121,120,0,1
180,6291456,121,1,2125764,2,12,none,121,120,0,1
180,6291456,121,1,2239488,10,7,forced,120,121,1,0
180,6291456,121,1,2359296,18,2,forced,120,121,1,0
180,6291456,121,1,2519424,7,9,forced,120,121,1,0
180,6291456,121,1,2654208,15,4,none,121,120,0,1
180,6291456,121,1,2834352,4,11,none,121,120,0,1
180,6291456,121,1,2985984,12,6,forced,120,121,1,0
180,6291456,121,1,3145728,20,1,forced,120,121,1,0
180,6291456,121,1,3188646,1,13,forced,120,121,1,0
180,6291456,121,1,3359232,9,8,flexible,121,121,0,0
180,6291456,121,1,3538944,17,3,none,121,120,0,1
180,6291456,121,1,3779136,6,10,none,121,120,0,1
180,6291456,121,1,3981312,14,5,forced,120,121,1,0
180,6291456,121,1,4194304,22,0,forced,120,121,1,0
180,6291456,121,1,4251528,3,12,forced,120,121,1,0
180,6291456,121,1,4478976,11,7,forced,120,121,1,0
180,6291456,121,1,4718592,19,2,forced,120,121,1,0
180,6291456,121,1,4782969,0,14,forced,120,121,1,0
180,6291456,121,1,5038848,8,9,flexible,121,121,0,0
180,6291456,121,1,5308416,16,4,forced,120,121,1,0
180,6291456,121,1,5668704,5,11,forced,120,121,1,0
180,6291456,121,1,5971968,13,6,forced,120,121,1,0
180,6291456,121,1,6291456,21,1,forced,120,121,1,0
181,6377292,122,1,1,0,0,forced,121,122,1,0
181,6377292,122,1,2,1,0,forced,121,122,1,0
181,6377292,122,1,3,0,1,none,122,121,0,1
181,6377292,122,1,4,2,0,none,122,121,0,1
181,6377292,122,1,6,1,1,forced,121,122,1,0
181,6377292,122,1,8,3,0,forced,121,122,1,0
181,6377292,122,1,9,0,2,forced,121,122,1,0
181,6377292,122,1,12,2,1,forced,121,122,1,0
181,6377292,122,1,16,4,0,forced,121,122,1,0
181,6377292,122,1,18,1,2,none,122,121,0,1
181,6377292,122,1,24,3,1,none,122,121,0,1
181,6377292,122,1,27,0,3,forced,121,122,1,0
181,6377292,122,1,32,5,0,none,122,121,0,1
181,6377292,122,1,36,2,2,forced,121,122,1,0
181,6377292,122,1,48,4,1,forced,121,122,1,0
181,6377292,122,1,54,1,3,forced,121,122,1,0
181,6377292,122,1,64,6,0,forced,121,122,1,0
181,6377292,122,1,72,3,2,forced,121,122,1,0
181,6377292,122,1,81,0,4,none,122,121,0,1
181,6377292,122,1,96,5,1,forced,121,122,1,0
181,6377292,122,1,108,2,3,none,122,121,0,1
181,6377292,122,1,128,7,0,forced,121,122,1,0
181,6377292,122,1,144,4,2,none,122,121,0,1
181,6377292,122,1,162,1,4,forced,121,122,1,0
181,6377292,122,1,192,6,1,none,122,121,0,1
181,6377292,122,1,216,3,3,forced,121,122,1,0
181,6377292,122,1,243,0,5,forced,121,122,1,0
181,6377292,122,1,256,8,0,none,122,121,0,1
181,6377292,122,1,288,5,2,forced,121,122,1,0
181,6377292,122,1,324,2,4,forced,121,122,1,0
181,6377292,122,1,384,7,1,forced,121,122,1,0
181,6377292,122,1,432,4,3,forced,121,122,1,0
181,6377292,122,1,486,1,5,none,122,121,0,1
181,6377292,122,1,512,9,0,forced,121,122,1,0
181,6377292,122,1,576,6,2,forced,121,122,1,0
181,6377292,122,1,648,3,4,none,122,121,0,1
181,6377292,122,1,729,0,6,forced,121,122,1,0
181,6377292,122,1,768,8,1,forced,121,122,1,0
181,6377292,122,1,864,5,3,none,122,121,0,1
181,6377292,122,1,972,2,5,forced,121,122,1,0
181,6377292,122,1,1024,10,0,forced,121,122,1,0
181,6377292,122,1,1152,7,2,none,122,121,0,1
181,6377292,122,1,1296,4,4,forced,121,122,1,0
181,6377292,122,1,1458,1,6,forced,121,122,1,0
181,6377292,122,1,1536,9,1,none,122,121,0,1
181,6377292,122,1,1728,6,3,forced,121,122,1,0
181,6377292,122,1,1944,3,5,forced,121,122,1,0
181,6377292,122,1,2048,11,0,none,122,121,0,1
181,6377292,122,1,2187,0,7,none,122,121,0,1
181,6377292,122,1,2304,8,2,forced,121,122,1,0
181,6377292,122,1,2592,5,4,forced,121,122,1,0
181,6377292,122,1,2916,2,6,none,122,121,0,1
181,6377292,122,1,3072,10,1,forced,121,122,1,0
181,6377292,122,1,3456,7,3,forced,121,122,1,0
181,6377292,122,1,3888,4,5,none,122,121,0,1
181,6377292,122,1,4096,12,0,forced,121,122,1,0
181,6377292,122,1,4374,1,7,forced,121,122,1,0
181,6377292,122,1,4608,9,2,forced,121,122,1,0
181,6377292,122,1,5184,6,4,none,122,121,0,1
181,6377292,122,1,5832,3,6,forced,121,122,1,0
181,6377292,122,1,6144,11,1,forced,121,122,1,0
181,6377292,122,1,6561,0,8,forced,121,122,1,0
181,6377292,122,1,6912,8,3,none,122,121,0,1
181,6377292,122,1,7776,5,5,forced,121,122,1,0
181,6377292,122,1,8192,13,0,forced,121,122,1,0
181,6377292,122,1,8748,2,7,forced,121,122,1,0
181,6377292,122,1,9216,10,2,none,122,121,0,1
181,6377292,122,1,10368,7,4,forced,121,122,1,0
181,6377292,122,1,11664,4,6,forced,121,122,1,0
181,6377292,122,1,12288,12,1,none,122,121,0,1
181,6377292,122,1,13122,1,8,none,122,121,0,1
181,6377292,122,1,13824,9,3,forced,121,122,1,0
181,6377292,122,1,15552,6,5,forced,121,122,1,0
181,6377292,122,1,16384,14,0,none,122,121,0,1
181,6377292,122,1,17496,3,7,none,122,121,0,1
181,6377292,122,1,18432,11,2,forced,121,122,1,0
181,6377292,122,1,19683,0,9,forced,121,122,1,0
181,6377292,122,1,20736,8,4,forced,121,122,1,0
181,6377292,122,1,23328,5,6,none,122,121,0,1
181,6377292,122,1,24576,13,1,forced,121,122,1,0
181,6377292,122,1,26244,2,8,forced,121,122,1,0
181,6377292,122,1,27648,10,3,forced,121,122,1,0
181,6377292,122,1,31104,7,5,none,122,121,0,1
181,6377292,122,1,32768,15,0,forced,121,122,1,0
181,6377292,122,1,34992,4,7,forced,121,122,1,0
181,6377292,122,1,36864,12,2,forced,121,122,1,0
181,6377292,122,1,39366,1,9,forced,121,122,1,0
181,6377292,122,1,41472,9,4,none,122,121,0,1
181,6377292,122,1,46656,6,6,forced,121,122,1,0
181,6377292,122,1,49152,14,1,forced,121,122,1,0
181,6377292,122,1,52488,3,8,forced,121,122,1,0
181,6377292,122,1,55296,11,3,none,122,121,0,1
181,6377292,122,1,59049,0,10,none,122,121,0,1
181,6377292,122,1,62208,8,5,forced,121,122,1,0
181,6377292,122,1,65536,16,0,forced,121,122,1,0
181,6377292,122,1,69984,5,7,forced,121,122,1,0
181,6377292,122,1,73728,13,2,none,122,121,0,1
181,6377292,122,1,78732,2,9,none,122,121,0,1
181,6377292,122,1,82944,10,4,forced,121,122,1,0
181,6377292,122,1,93312,7,6,forced,121,122,1,0
181,6377292,122,1,98304,15,1,none,122,121,0,1
181,6377292,122,1,104976,4,8,none,122,121,0,1
181,6377292,122,1,110592,12,3,forced,121,122,1,0
181,6377292,122,1,118098,1,10,forced,121,122,1,0
181,6377292,122,1,124416,9,5,forced,121,122,1,0
181,6377292,122,1,131072,17,0,none,122,121,0,1
181,6377292,122,1,139968,6,7,none,122,121,0,1
181,6377292,122,1,147456,14,2,forced,121,122,1,0
181,6377292,122,1,157464,3,9,forced,121,122,1,0
181,6377292,122,1,165888,11,4,forced,121,122,1,0
181,6377292,122,1,177147,0,11,forced,121,122,1,0
181,6377292,122,1,186624,8,6,none,122,121,0,1
181,6377292,122,1,196608,16,1,forced,121,122,1,0
181,6377292,122,1,209952,5,8,forced,121,122,1,0
181,6377292,122,1,221184,13,3,forced,121,122,1,0
181,6377292,122,1,236196,2,10,forced,121,122,1,0
181,6377292,122,1,248832,10,5,none,122,121,0,1
181,6377292,122,1,262144,18,0,forced,121,122,1,0
181,6377292,122,1,279936,7,7,forced,121,122,1,0
181,6377292,122,1,294912,15,2,forced,121,122,1,0
181,6377292,122,1,314928,4,9,forced,121,122,1,0
181,6377292,122,1,331776,12,4,none,122,121,0,1
181,6377292,122,1,354294,1,11,none,122,121,0,1
181,6377292,122,1,373248,9,6,forced,121,122,1,0
181,6377292,122,1,393216,17,1,forced,121,122,1,0
181,6377292,122,1,419904,6,8,forced,121,122,1,0
181,6377292,122,1,442368,14,3,none,122,121,0,1
181,6377292,122,1,472392,3,10,none,122,121,0,1
181,6377292,122,1,497664,11,5,forced,121,122,1,0
181,6377292,122,1,524288,19,0,forced,121,122,1,0
181,6377292,122,1,531441,0,12,forced,121,122,1,0
181,6377292,122,1,559872,8,7,forced,121,122,1,0
181,6377292,122,1,589824,16,2,none,122,121,0,1
181,6377292,122,1,629856,5,9,none,122,121,0,1
181,6377292,122,1,663552,13,4,forced,121,122,1,0
181,6377292,122,1,708588,2,11,forced,121,122,1,0
181,6377292,122,1,746496,10,6,forced,121,122,1,0
181,6377292,122,1,786432,18,1,none,122,121,0,1
181,6377292,122,1,839808,7,8,none,122,121,0,1
181,6377292,122,1,884736,15,3,forced,121,122,1,0
181,6377292,122,1,944784,4,10,forced,121,122,1,0
181,6377292,122,1,995328,12,5,forced,121,122,1,0
181,6377292,122,1,1048576,20,0,forced,121,122,1,0
181,6377292,122,1,1062882,1,12,forced,121,122,1,0
181,6377292,122,1,1119744,9,7,none,122,121,0,1
181,6377292,122,1,1179648,17,2,forced,121,122,1,0
181,6377292,122,1,1259712,6,9,forced,121,122,1,0
181,6377292,122,1,1327104,14,4,forced,121,122,1,0
181,6377292,122,1,1417176,3,11,forced,121,122,1,0
181,6377292,122,1,1492992,11,6,none,122,121,0,1
181,6377292,122,1,1572864,19,1,none,122,121,0,1
181,6377292,122,1,1594323,0,13,none,122,121,0,1
181,6377292,122,1,1679616,8,8,flexible,122,122,0,0
181,6377292,122,1,1769472,16,3,forced,121,122,1,0
181,6377292,122,1,1889568,5,10,forced,121,122,1,0
181,6377292,122,1,1990656,13,5,none,122,121,0,1
181,6377292,122,1,2097152,21,0,none,122,121,0,1
181,6377292,122,1,2125764,2,12,none,122,121,0,1
181,6377292,122,1,2239488,10,7,forced,121,122,1,0
181,6377292,122,1,2359296,18,2,forced,121,122,1,0
181,6377292,122,1,2519424,7,9,forced,121,122,1,0
181,6377292,122,1,2654208,15,4,none,122,121,0,1
181,6377292,122,1,2834352,4,11,none,122,121,0,1
181,6377292,122,1,2985984,12,6,forced,121,122,1,0
181,6377292,122,1,3145728,20,1,forced,121,122,1,0
181,6377292,122,1,3188646,1,13,forced,121,122,1,0
181,6377292,122,1,3359232,9,8,flexible,122,122,0,0
181,6377292,122,1,3538944,17,3,none,122,121,0,1
181,6377292,122,1,3779136,6,10,none,122,121,0,1
181,6377292,122,1,3981312,14,5,forced,121,122,1,0
181,6377292,122,1,4194304,22,0,forced,121,122,1,0
181,6377292,122,1,4251528,3,12,forced,121,122,1,0
181,6377292,122,1,4478976,11,7,forced,121,122,1,0
181,6377292,122,1,4718592,19,2,forced,121,122,1,0
181,6377292,122,1,4782969,0,14,forced,121,122,1,0
181,6377292,122,1,5038848,8,9,flexible,122,122,0,0
181,6377292,122,1,5308416,16,4,forced,121,122,1,0
181,6377292,122,1,5668704,5,11,forced,121,122,1,0
181,6377292,122,1,5971968,13,6,forced,121,122,1,0
181,6377292,122,1,6291456,21,1,forced,121,122,1,0
181,6377292,122,1,6377292,2,13,forced,121,122,1,0
182,6718464,122,0,1,0,0,flexible,122,122,0,0
182,6718464,122,0,2,1,0,flexible,122,122,0,0
182,6718464,122,0,3,0,1,flexible,122,122,0,0
182,6718464,122,0,4,2,0,flexible,122,122,0,0
182,6718464,122,0,6,1,1,flexible,122,122,0,0
182,6718464,122,0,8,3,0,flexible,122,122,0,0
182,6718464,122,0,9,0,2,forced,121,122,1,0
182,6718464,122,0,12,2,1,forced,121,122,1,0
182,6718464,122,0,16,4,0,forced,121,122,1,0
182,6718464,122,0,18,1,2,flexible,122,122,0,0
182,6718464,122,0,24,3,1,flexible,122,122,0,0
182,6718464,122,0,27,0,3,flexible,122,122,0,0
182,6718464,122,0,32,5,0,flexible,122,122,0,0
182,6718464,122,0,36,2,2,flexible,122,122,0,0
182,6718464,122,0,48,4,1,flexible,122,122,0,0
182,6718464,122,0,54,1,3,forced,121,122,1,0
182,6718464,122,0,64,6,0,flexible,122,122,0,0
182,6718464,122,0,72,3,2,forced,121,122,1,0
182,6718464,122,0,81,0,4,flexible,122,122,0,0
182,6718464,122,0,96,5,1,forced,121,122,1,0
182,6718464,122,0,108,2,3,flexible,122,122,0,0
182,6718464,122,0,128,7,0,forced,121,122,1,0
182,6718464,122,0,144,4,2,flexible,122,122,0,0
182,6718464,122,0,162,1,4,flexible,122,122,0,0
182,6718464,122,0,192,6,1,flexible,122,122,0,0
182,6718464,122,0,216,3,3,flexible,122,122,0,0
182,6718464,122,0,243,0,5,forced,121,122,1,0
182,6718464,122,0,256,8,0,flexible,122,122,0,0
182,6718464,122,0,288,5,2,flexible,122,122,0,0
182,6718464,122,0,324,2,4,forced,121,122,1,0
182,6718464,122,0,384,7,1,flexible,122,122,0,0
182,6718464,122,0,432,4,3,forced,121,122,1,0
182,6718464,122,0,486,1,5,flexible,122,122,0,0
182,6718464,122,0,512,9,0,flexible,122,122,0,0
182,6718464,122,0,576,6,2,forced,121,122,1,0
182,6718464,122,0,648,3,4,flexible,122,122,0,0
182,6718464,122,0,729,0,6,flexible,122,122,0,0
182,6718464,122,0,768,8,1,forced,121,122,1,0
182,6718464,122,0,864,5,3,flexible,122,122,0,0
182,6718464,122,0,972,2,5,flexible,122,122,0,0
182,6718464,122,0,1024,10,0,forced,121,122,1,0
182,6718464,122,0,1152,7,2,flexible,122,122,0,0
182,6718464,122,0,1296,4,4,flexible,122,122,0,0
182,6718464,122,0,1458,1,6,forced,121,122,1,0
182,6718464,122,0,1536,9,1,flexible,122,122,0,0
182,6718464,122,0,1728,6,3,flexible,122,122,0,0
182,6718464,122,0,1944,3,5,forced,121,122,1,0
182,6718464,122,0,2048,11,0,flexible,122,122,0,0
182,6718464,122,0,2187,0,7,flexible,122,122,0,0
182,6718464,122,0,2304,8,2,flexible,122,122,0,0
182,6718464,122,0,2592,5,4,forced,121,122,1,0
182,6718464,122,0,2916,2,6,flexible,122,122,0,0
182,6718464,122,0,3072,10,1,flexible,122,122,0,0
182,6718464,122,0,3456,7,3,forced,121,122,1,0
182,6718464,122,0,3888,4,5,flexible,122,122,0,0
182,6718464,122,0,4096,12,0,flexible,122,122,0,0
182,6718464,122,0,4374,1,7,flexible,122,122,0,0
182,6718464,122,0,4608,9,2,forced,121,122,1,0
182,6718464,122,0,5184,6,4,flexible,122,122,0,0
182,6718464,122,0,5832,3,6,flexible,122,122,0,0
182,6718464,122,0,6144,11,1,forced,121,122,1,0
182,6718464,122,0,6561,0,8,forced,121,122,1,0
182,6718464,122,0,6912,8,3,flexible,122,122,0,0
182,6718464,122,0,7776,5,5,flexible,122,122,0,0
182,6718464,122,0,8192,13,0,forced,121,122,1,0
182,6718464,122,0,8748,2,7,forced,121,122,1,0
182,6718464,122,0,9216,10,2,flexible,122,122,0,0
182,6718464,122,0,10368,7,4,flexible,122,122,0,0
182,6718464,122,0,11664,4,6,forced,121,122,1,0
182,6718464,122,0,12288,12,1,flexible,122,122,0,0
182,6718464,122,0,13122,1,8,flexible,122,122,0,0
182,6718464,122,0,13824,9,3,flexible,122,122,0,0
182,6718464,122,0,15552,6,5,forced,121,122,1,0
182,6718464,122,0,16384,14,0,flexible,122,122,0,0
182,6718464,122,0,17496,3,7,flexible,122,122,0,0
182,6718464,122,0,18432,11,2,flexible,122,122,0,0
182,6718464,122,0,19683,0,9,flexible,122,122,0,0
182,6718464,122,0,20736,8,4,forced,121,122,1,0
182,6718464,122,0,23328,5,6,flexible,122,122,0,0
182,6718464,122,0,24576,13,1,flexible,122,122,0,0
182,6718464,122,0,26244,2,8,flexible,122,122,0,0
182,6718464,122,0,27648,10,3,forced,121,122,1,0
182,6718464,122,0,31104,7,5,flexible,122,122,0,0
182,6718464,122,0,32768,15,0,flexible,122,122,0,0
182,6718464,122,0,34992,4,7,flexible,122,122,0,0
182,6718464,122,0,36864,12,2,forced,121,122,1,0
182,6718464,122,0,39366,1,9,forced,121,122,1,0
182,6718464,122,0,41472,9,4,flexible,122,122,0,0
182,6718464,122,0,46656,6,6,flexible,122,122,0,0
182,6718464,122,0,49152,14,1,forced,121,122,1,0
182,6718464,122,0,52488,3,8,forced,121,122,1,0
182,6718464,122,0,55296,11,3,flexible,122,122,0,0
182,6718464,122,0,59049,0,10,flexible,122,122,0,0
182,6718464,122,0,62208,8,5,flexible,122,122,0,0
182,6718464,122,0,65536,16,0,forced,121,122,1,0
182,6718464,122,0,69984,5,7,forced,121,122,1,0
182,6718464,122,0,73728,13,2,flexible,122,122,0,0
182,6718464,122,0,78732,2,9,flexible,122,122,0,0
182,6718464,122,0,82944,10,4,flexible,122,122,0,0
182,6718464,122,0,93312,7,6,forced,121,122,1,0
182,6718464,122,0,98304,15,1,flexible,122,122,0,0
182,6718464,122,0,104976,4,8,flexible,122,122,0,0
182,6718464,122,0,110592,12,3,flexible,122,122,0,0
182,6718464,122,0,118098,1,10,flexible,122,122,0,0
182,6718464,122,0,124416,9,5,forced,121,122,1,0
182,6718464,122,0,131072,17,0,flexible,122,122,0,0
182,6718464,122,0,139968,6,7,flexible,122,122,0,0
182,6718464,122,0,147456,14,2,flexible,122,122,0,0
182,6718464,122,0,157464,3,9,flexible,122,122,0,0
182,6718464,122,0,165888,11,4,forced,121,122,1,0
182,6718464,122,0,177147,0,11,forced,121,122,1,0
182,6718464,122,0,186624,8,6,flexible,122,122,0,0
182,6718464,122,0,196608,16,1,flexible,122,122,0,0
182,6718464,122,0,209952,5,8,flexible,122,122,0,0
182,6718464,122,0,221184,13,3,forced,121,122,1,0
182,6718464,122,0,236196,2,10,forced,121,122,1,0
182,6718464,122,0,248832,10,5,flexible,122,122,0,0
182,6718464,122,0,262144,18,0,flexible,122,122,0,0
182,6718464,122,0,279936,7,7,flexible,122,122,0,0
182,6718464,122,0,294912,15,2,forced,121,122,1,0
182,6718464,122,0,314928,4,9,forced,121,122,1,0
182,6718464,122,0,331776,12,4,flexible,122,122,0,0
182,6718464,122,0,354294,1,11,flexible,122,122,0,0
182,6718464,122,0,373248,9,6,flexible,122,122,0,0
182,6718464,122,0,393216,17,1,forced,121,122,1,0
182,6718464,122,0,419904,6,8,forced,121,122,1,0
182,6718464,122,0,442368,14,3,flexible,122,122,0,0
182,6718464,122,0,472392,3,10,flexible,122,122,0,0
182,6718464,122,0,497664,11,5,flexible,122,122,0,0
182,6718464,122,0,524288,19,0,forced,121,122,1,0
182,6718464,122,0,531441,0,12,flexible,122,122,0,0
182,6718464,122,0,559872,8,7,forced,121,122,1,0
182,6718464,122,0,589824,16,2,flexible,122,122,0,0
182,6718464,122,0,629856,5,9,flexible,122,122,0,0
182,6718464,122,0,663552,13,4,flexible,122,122,0,0
182,6718464,122,0,708588,2,11,flexible,122,122,0,0
182,6718464,122,0,746496,10,6,flexible,122,122,0,0
182,6718464,122,0,786432,18,1,flexible,122,122,0,0
182,6718464,122,0,839808,7,8,flexible,122,122,0,0
182,6718464,122,0,884736,15,3,flexible,122,122,0,0
182,6718464,122,0,944784,4,10,flexible,122,122,0,0
182,6718464,122,0,995328,12,5,forced,121,122,1,0
182,6718464,122,0,1048576,20,0,forced,121,122,1,0
182,6718464,122,0,1062882,1,12,forced,121,122,1,0
182,6718464,122,0,1119744,9,7,flexible,122,122,0,0
182,6718464,122,0,1179648,17,2,flexible,122,122,0,0
182,6718464,122,0,1259712,6,9,flexible,122,122,0,0
182,6718464,122,0,1327104,14,4,forced,121,122,1,0
182,6718464,122,0,1417176,3,11,forced,121,122,1,0
182,6718464,122,0,1492992,11,6,flexible,122,122,0,0
182,6718464,122,0,1572864,19,1,none,122,121,0,1
182,6718464,122,0,1594323,0,13,flexible,122,122,0,0
182,6718464,122,0,1679616,8,8,flexible,122,122,0,0
182,6718464,122,0,1769472,16,3,flexible,122,122,0,0
182,6718464,122,0,1889568,5,10,flexible,122,122,0,0
182,6718464,122,0,1990656,13,5,flexible,122,122,0,0
182,6718464,122,0,2097152,21,0,none,122,121,0,1
182,6718464,122,0,2125764,2,12,flexible,122,122,0,0
182,6718464,122,0,2239488,10,7,flexible,122,122,0,0
182,6718464,122,0,2359296,18,2,forced,121,122,1,0
182,6718464,122,0,2519424,7,9,forced,121,122,1,0
182,6718464,122,0,2654208,15,4,flexible,122,122,0,0
182,6718464,122,0,2834352,4,11,flexible,122,122,0,0
182,6718464,122,0,2985984,12,6,flexible,122,122,0,0
182,6718464,122,0,3145728,20,1,forced,121,122,1,0
182,6718464,122,0,3188646,1,13,flexible,122,122,0,0
182,6718464,122,0,3359232,9,8,flexible,122,122,0,0
182,6718464,122,0,3538944,17,3,flexible,122,122,0,0
182,6718464,122,0,3779136,6,10,flexible,122,122,0,0
182,6718464,122,0,3981312,14,5,flexible,122,122,0,0
182,6718464,122,0,4194304,22,0,forced,121,122,1,0
182,6718464,122,0,4251528,3,12,flexible,122,122,0,0
182,6718464,122,0,4478976,11,7,flexible,122,122,0,0
182,6718464,122,0,4718592,19,2,forced,121,122,1,0
182,6718464,122,0,4782969,0,14,forced,121,122,1,0
182,6718464,122,0,5038848,8,9,flexible,122,122,0,0
182,6718464,122,0,5308416,16,4,flexible,122,122,0,0
182,6718464,122,0,5668704,5,11,flexible,122,122,0,0
182,6718464,122,0,5971968,13,6,forced,121,122,1,0
182,6718464,122,0,6291456,21,1,forced,121,122,1,0
182,6718464,122,0,6377292,2,13,forced,121,122,1,0
182,6718464,122,0,6718464,10,8,flexible,122,122,0,0
183,7077888,122,0,1,0,0,flexible,122,122,0,0
183,7077888,122,0,2,1,0,flexible,122,122,0,0
183,7077888,122,0,3,0,1,flexible,122,122,0,0
183,7077888,122,0,4,2,0,flexible,122,122,0,0
183,7077888,122,0,6,1,1,flexible,122,122,0,0
183,7077888,122,0,8,3,0,flexible,122,122,0,0
183,7077888,122,0,9,0,2,flexible,122,122,0,0
183,7077888,122,0,12,2,1,flexible,122,122,0,0
183,7077888,122,0,16,4,0,flexible,122,122,0,0
183,7077888,122,0,18,1,2,flexible,122,122,0,0
183,7077888,122,0,24,3,1,flexible,122,122,0,0
183,7077888,122,0,27,0,3,flexible,122,122,0,0
183,7077888,122,0,32,5,0,flexible,122,122,0,0
183,7077888,122,0,36,2,2,flexible,122,122,0,0
183,7077888,122,0,48,4,1,flexible,122,122,0,0
183,7077888,122,0,54,1,3,flexible,122,122,0,0
183,7077888,122,0,64,6,0,flexible,122,122,0,0
183,7077888,122,0,72,3,2,flexible,122,122,0,0
183,7077888,122,0,81,0,4,flexible,122,122,0,0
183,7077888,122,0,96,5,1,flexible,122,122,0,0
183,7077888,122,0,108,2,3,flexible,122,122,0,0
183,7077888,122,0,128,7,0,flexible,122,122,0,0
183,7077888,122,0,144,4,2,flexible,122,122,0,0
183,7077888,122,0,162,1,4,flexible,122,122,0,0
183,7077888,122,0,192,6,1,flexible,122,122,0,0
183,7077888,122,0,216,3,3,flexible,122,122,0,0
183,7077888,122,0,243,0,5,flexible,122,122,0,0
183,7077888,122,0,256,8,0,flexible,122,122,0,0
183,7077888,122,0,288,5,2,flexible,122,122,0,0
183,7077888,122,0,324,2,4,flexible,122,122,0,0
183,7077888,122,0,384,7,1,flexible,122,122,0,0
183,7077888,122,0,432,4,3,flexible,122,122,0,0
183,7077888,122,0,486,1,5,flexible,122,122,0,0
183,7077888,122,0,512,9,0,flexible,122,122,0,0
183,7077888,122,0,576,6,2,flexible,122,122,0,0
183,7077888,122,0,648,3,4,flexible,122,122,0,0
183,7077888,122,0,729,0,6,flexible,122,122,0,0
183,7077888,122,0,768,8,1,flexible,122,122,0,0
183,7077888,122,0,864,5,3,flexible,122,122,0,0
183,7077888,122,0,972,2,5,flexible,122,122,0,0
183,7077888,122,0,1024,10,0,flexible,122,122,0,0
183,7077888,122,0,1152,7,2,flexible,122,122,0,0
183,7077888,122,0,1296,4,4,flexible,122,122,0,0
183,7077888,122,0,1458,1,6,flexible,122,122,0,0
183,7077888,122,0,1536,9,1,flexible,122,122,0,0
183,7077888,122,0,1728,6,3,flexible,122,122,0,0
183,7077888,122,0,1944,3,5,flexible,122,122,0,0
183,7077888,122,0,2048,11,0,flexible,122,122,0,0
183,7077888,122,0,2187,0,7,flexible,122,122,0,0
183,7077888,122,0,2304,8,2,flexible,122,122,0,0
183,7077888,122,0,2592,5,4,flexible,122,122,0,0
183,7077888,122,0,2916,2,6,flexible,122,122,0,0
183,7077888,122,0,3072,10,1,flexible,122,122,0,0
183,7077888,122,0,3456,7,3,flexible,122,122,0,0
183,7077888,122,0,3888,4,5,flexible,122,122,0,0
183,7077888,122,0,4096,12,0,flexible,122,122,0,0
183,7077888,122,0,4374,1,7,flexible,122,122,0,0
183,7077888,122,0,4608,9,2,flexible,122,122,0,0
183,7077888,122,0,5184,6,4,flexible,122,122,0,0
183,7077888,122,0,5832,3,6,flexible,122,122,0,0
183,7077888,122,0,6144,11,1,flexible,122,122,0,0
183,7077888,122,0,6561,0,8,flexible,122,122,0,0
183,7077888,122,0,6912,8,3,flexible,122,122,0,0
183,7077888,122,0,7776,5,5,flexible,122,122,0,0
183,7077888,122,0,8192,13,0,flexible,122,122,0,0
183,7077888,122,0,8748,2,7,flexible,122,122,0,0
183,7077888,122,0,9216,10,2,flexible,122,122,0,0
183,7077888,122,0,10368,7,4,flexible,122,122,0,0
183,7077888,122,0,11664,4,6,flexible,122,122,0,0
183,7077888,122,0,12288,12,1,flexible,122,122,0,0
183,7077888,122,0,13122,1,8,flexible,122,122,0,0
183,7077888,122,0,13824,9,3,flexible,122,122,0,0
183,7077888,122,0,15552,6,5,flexible,122,122,0,0
183,7077888,122,0,16384,14,0,flexible,122,122,0,0
183,7077888,122,0,17496,3,7,flexible,122,122,0,0
183,7077888,122,0,18432,11,2,flexible,122,122,0,0
183,7077888,122,0,19683,0,9,flexible,122,122,0,0
183,7077888,122,0,20736,8,4,flexible,122,122,0,0
183,7077888,122,0,23328,5,6,flexible,122,122,0,0
183,7077888,122,0,24576,13,1,flexible,122,122,0,0
183,7077888,122,0,26244,2,8,flexible,122,122,0,0
183,7077888,122,0,27648,10,3,flexible,122,122,0,0
183,7077888,122,0,31104,7,5,flexible,122,122,0,0
183,7077888,122,0,32768,15,0,flexible,122,122,0,0
183,7077888,122,0,34992,4,7,flexible,122,122,0,0
183,7077888,122,0,36864,12,2,flexible,122,122,0,0
183,7077888,122,0,39366,1,9,flexible,122,122,0,0
183,7077888,122,0,41472,9,4,flexible,122,122,0,0
183,7077888,122,0,46656,6,6,flexible,122,122,0,0
183,7077888,122,0,49152,14,1,flexible,122,122,0,0
183,7077888,122,0,52488,3,8,flexible,122,122,0,0
183,7077888,122,0,55296,11,3,flexible,122,122,0,0
183,7077888,122,0,59049,0,10,flexible,122,122,0,0
183,7077888,122,0,62208,8,5,flexible,122,122,0,0
183,7077888,122,0,65536,16,0,flexible,122,122,0,0
183,7077888,122,0,69984,5,7,flexible,122,122,0,0
183,7077888,122,0,73728,13,2,flexible,122,122,0,0
183,7077888,122,0,78732,2,9,flexible,122,122,0,0
183,7077888,122,0,82944,10,4,flexible,122,122,0,0
183,7077888,122,0,93312,7,6,flexible,122,122,0,0
183,7077888,122,0,98304,15,1,flexible,122,122,0,0
183,7077888,122,0,104976,4,8,flexible,122,122,0,0
183,7077888,122,0,110592,12,3,flexible,122,122,0,0
183,7077888,122,0,118098,1,10,flexible,122,122,0,0
183,7077888,122,0,124416,9,5,flexible,122,122,0,0
183,7077888,122,0,131072,17,0,flexible,122,122,0,0
183,7077888,122,0,139968,6,7,flexible,122,122,0,0
183,7077888,122,0,147456,14,2,flexible,122,122,0,0
183,7077888,122,0,157464,3,9,flexible,122,122,0,0
183,7077888,122,0,165888,11,4,flexible,122,122,0,0
183,7077888,122,0,177147,0,11,flexible,122,122,0,0
183,7077888,122,0,186624,8,6,flexible,122,122,0,0
183,7077888,122,0,196608,16,1,flexible,122,122,0,0
183,7077888,122,0,209952,5,8,flexible,122,122,0,0
183,7077888,122,0,221184,13,3,flexible,122,122,0,0
183,7077888,122,0,236196,2,10,flexible,122,122,0,0
183,7077888,122,0,248832,10,5,flexible,122,122,0,0
183,7077888,122,0,262144,18,0,flexible,122,122,0,0
183,7077888,122,0,279936,7,7,flexible,122,122,0,0
183,7077888,122,0,294912,15,2,flexible,122,122,0,0
183,7077888,122,0,314928,4,9,flexible,122,122,0,0
183,7077888,122,0,331776,12,4,flexible,122,122,0,0
183,7077888,122,0,354294,1,11,flexible,122,122,0,0
183,7077888,122,0,373248,9,6,flexible,122,122,0,0
183,7077888,122,0,393216,17,1,flexible,122,122,0,0
183,7077888,122,0,419904,6,8,flexible,122,122,0,0
183,7077888,122,0,442368,14,3,flexible,122,122,0,0
183,7077888,122,0,472392,3,10,flexible,122,122,0,0
183,7077888,122,0,497664,11,5,flexible,122,122,0,0
183,7077888,122,0,524288,19,0,flexible,122,122,0,0
183,7077888,122,0,531441,0,12,flexible,122,122,0,0
183,7077888,122,0,559872,8,7,flexible,122,122,0,0
183,7077888,122,0,589824,16,2,flexible,122,122,0,0
183,7077888,122,0,629856,5,9,flexible,122,122,0,0
183,7077888,122,0,663552,13,4,flexible,122,122,0,0
183,7077888,122,0,708588,2,11,flexible,122,122,0,0
183,7077888,122,0,746496,10,6,flexible,122,122,0,0
183,7077888,122,0,786432,18,1,flexible,122,122,0,0
183,7077888,122,0,839808,7,8,flexible,122,122,0,0
183,7077888,122,0,884736,15,3,flexible,122,122,0,0
183,7077888,122,0,944784,4,10,flexible,122,122,0,0
183,7077888,122,0,995328,12,5,flexible,122,122,0,0
183,7077888,122,0,1048576,20,0,flexible,122,122,0,0
183,7077888,122,0,1062882,1,12,flexible,122,122,0,0
183,7077888,122,0,1119744,9,7,flexible,122,122,0,0
183,7077888,122,0,1179648,17,2,flexible,122,122,0,0
183,7077888,122,0,1259712,6,9,flexible,122,122,0,0
183,7077888,122,0,1327104,14,4,flexible,122,122,0,0
183,7077888,122,0,1417176,3,11,flexible,122,122,0,0
183,7077888,122,0,1492992,11,6,flexible,122,122,0,0
183,7077888,122,0,1572864,19,1,flexible,122,122,0,0
183,7077888,122,0,1594323,0,13,flexible,122,122,0,0
183,7077888,122,0,1679616,8,8,flexible,122,122,0,0
183,7077888,122,0,1769472,16,3,flexible,122,122,0,0
183,7077888,122,0,1889568,5,10,flexible,122,122,0,0
183,7077888,122,0,1990656,13,5,flexible,122,122,0,0
183,7077888,122,0,2097152,21,0,flexible,122,122,0,0
183,7077888,122,0,2125764,2,12,flexible,122,122,0,0
183,7077888,122,0,2239488,10,7,flexible,122,122,0,0
183,7077888,122,0,2359296,18,2,flexible,122,122,0,0
183,7077888,122,0,2519424,7,9,flexible,122,122,0,0
183,7077888,122,0,2654208,15,4,flexible,122,122,0,0
183,7077888,122,0,2834352,4,11,flexible,122,122,0,0
183,7077888,122,0,2985984,12,6,flexible,122,122,0,0
183,7077888,122,0,3145728,20,1,flexible,122,122,0,0
183,7077888,122,0,3188646,1,13,flexible,122,122,0,0
183,7077888,122,0,3359232,9,8,flexible,122,122,0,0
183,7077888,122,0,3538944,17,3,flexible,122,122,0,0
183,7077888,122,0,3779136,6,10,flexible,122,122,0,0
183,7077888,122,0,3981312,14,5,flexible,122,122,0,0
183,7077888,122,0,4194304,22,0,flexible,122,122,0,0
183,7077888,122,0,4251528,3,12,flexible,122,122,0,0
183,7077888,122,0,4478976,11,7,flexible,122,122,0,0
183,7077888,122,0,4718592,19,2,flexible,122,122,0,0
183,7077888,122,0,4782969,0,14,flexible,122,122,0,0
183,7077888,122,0,5038848,8,9,flexible,122,122,0,0
183,7077888,122,0,5308416,16,4,flexible,122,122,0,0
183,7077888,122,0,5668704,5,11,flexible,122,122,0,0
183,7077888,122,0,5971968,13,6,flexible,122,122,0,0
183,7077888,122,0,6291456,21,1,flexible,122,122,0,0
183,7077888,122,0,6377292,2,13,flexible,122,122,0,0
183,7077888,122,0,6718464,10,8,flexible,122,122,0,0
183,7077888,122,0,7077888,18,3,flexible,122,122,0,0
184,7558272,123,1,1,0,0,forced,122,123,1,0
184,7558272,123,1,2,1,0,flexible,123,123,0,0
184,7558272,123,1,3,0,1,flexible,123,123,0,0
184,7558272,123,1,4,2,0,flexible,123,123,0,0
184,7558272,123,1,6,1,1,forced,122,123,1,0
184,7558272,123,1,8,3,0,forced,122,123,1,0
184,7558272,123,1,9,0,2,flexible,123,123,0,0
184,7558272,123,1,12,2,1,flexible,123,123,0,0
184,7558272,123,1,16,4,0,flexible,123,123,0,0
184,7558272,123,1,18,1,2,flexible,123,123,0,0
184,7558272,123,1,24,3,1,flexible,123,123,0,0
184,7558272,123,1,27,0,3,forced,122,123,1,0
184,7558272,123,1,32,5,0,flexible,123,123,0,0
184,7558272,123,1,36,2,2,forced,122,123,1,0
184,7558272,123,1,48,4,1,forced,122,123,1,0
184,7558272,123,1,54,1,3,flexible,123,123,0,0
184,7558272,123,1,64,6,0,forced,122,123,1,0
184,7558272,123,1,72,3,2,flexible,123,123,0,0
184,7558272,123,1,81,0,4,flexible,123,123,0,0
184,7558272,123,1,96,5,1,flexible,123,123,0,0
184,7558272,123,1,108,2,3,flexible,123,123,0,0
184,7558272,123,1,128,7,0,flexible,123,123,0,0
184,7558272,123,1,144,4,2,flexible,123,123,0,0
184,7558272,123,1,162,1,4,forced,122,123,1,0
184,7558272,123,1,192,6,1,flexible,123,123,0,0
184,7558272,123,1,216,3,3,forced,122,123,1,0
184,7558272,123,1,243,0,5,flexible,123,123,0,0
184,7558272,123,1,256,8,0,flexible,123,123,0,0
184,7558272,123,1,288,5,2,forced,122,123,1,0
184,7558272,123,1,324,2,4,flexible,123,123,0,0
184,7558272,123,1,384,7,1,forced,122,123,1,0
184,7558272,123,1,432,4,3,flexible,123,123,0,0
184,7558272,123,1,486,1,5,flexible,123,123,0,0
184,7558272,123,1,512,9,0,forced,122,123,1,0
184,7558272,123,1,576,6,2,flexible,123,123,0,0
184,7558272,123,1,648,3,4,flexible,123,123,0,0
184,7558272,123,1,729,0,6,forced,122,123,1,0
184,7558272,123,1,768,8,1,flexible,123,123,0,0
184,7558272,123,1,864,5,3,flexible,123,123,0,0
184,7558272,123,1,972,2,5,forced,122,123,1,0
184,7558272,123,1,1024,10,0,flexible,123,123,0,0
184,7558272,123,1,1152,7,2,flexible,123,123,0,0
184,7558272,123,1,1296,4,4,forced,122,123,1,0
184,7558272,123,1,1458,1,6,flexible,123,123,0,0
184,7558272,123,1,1536,9,1,flexible,123,123,0,0
184,7558272,123,1,1728,6,3,forced,122,123,1,0
184,7558272,123,1,1944,3,5,flexible,123,123,0,0
184,7558272,123,1,2048,11,0,flexible,123,123,0,0
184,7558272,123,1,2187,0,7,flexible,123,123,0,0
184,7558272,123,1,2304,8,2,forced,122,123,1,0
184,7558272,123,1,2592,5,4,flexible,123,123,0,0
184,7558272,123,1,2916,2,6,flexible,123,123,0,0
184,7558272,123,1,3072,10,1,forced,122,123,1,0
184,7558272,123,1,3456,7,3,flexible,123,123,0,0
184,7558272,123,1,3888,4,5,flexible,123,123,0,0
184,7558272,123,1,4096,12,0,forced,122,123,1,0
184,7558272,123,1,4374,1,7,forced,122,123,1,0
184,7558272,123,1,4608,9,2,flexible,123,123,0,0
184,7558272,123,1,5184,6,4,flexible,123,123,0,0
184,7558272,123,1,5832,3,6,forced,122,123,1,0
184,7558272,123,1,6144,11,1,flexible,123,123,0,0
184,7558272,123,1,6561,0,8,flexible,123,123,0,0
184,7558272,123,1,6912,8,3,flexible,123,123,0,0
184,7558272,123,1,7776,5,5,forced,122,123,1,0
184,7558272,123,1,8192,13,0,flexible,123,123,0,0
184,7558272,123,1,8748,2,7,flexible,123,123,0,0
184,7558272,123,1,9216,10,2,flexible,123,123,0,0
184,7558272,123,1,10368,7,4,forced,122,123,1,0
184,7558272,123,1,11664,4,6,flexible,123,123,0,0
184,7558272,123,1,12288,12,1,flexible,123,123,0,0
184,7558272,123,1,13122,1,8,flexible,123,123,0,0
184,7558272,123,1,13824,9,3,forced,122,123,1,0
184,7558272,123,1,15552,6,5,flexible,123,123,0,0
184,7558272,123,1,16384,14,0,flexible,123,123,0,0
184,7558272,123,1,17496,3,7,flexible,123,123,0,0
184,7558272,123,1,18432,11,2,forced,122,123,1,0
184,7558272,123,1,19683,0,9,forced,122,123,1,0
184,7558272,123,1,20736,8,4,flexible,123,123,0,0
184,7558272,123,1,23328,5,6,flexible,123,123,0,0
184,7558272,123,1,24576,13,1,forced,122,123,1,0
184,7558272,123,1,26244,2,8,forced,122,123,1,0
184,7558272,123,1,27648,10,3,flexible,123,123,0,0
184,7558272,123,1,31104,7,5,flexible,123,123,0,0
184,7558272,123,1,32768,15,0,forced,122,123,1,0
184,7558272,123,1,34992,4,7,forced,122,123,1,0
184,7558272,123,1,36864,12,2,flexible,123,123,0,0
184,7558272,123,1,39366,1,9,flexible,123,123,0,0
184,7558272,123,1,41472,9,4,flexible,123,123,0,0
184,7558272,123,1,46656,6,6,forced,122,123,1,0
184,7558272,123,1,49152,14,1,flexible,123,123,0,0
184,7558272,123,1,52488,3,8,flexible,123,123,0,0
184,7558272,123,1,55296,11,3,flexible,123,123,0,0
184,7558272,123,1,59049,0,10,flexible,123,123,0,0
184,7558272,123,1,62208,8,5,forced,122,123,1,0
184,7558272,123,1,65536,16,0,flexible,123,123,0,0
184,7558272,123,1,69984,5,7,flexible,123,123,0,0
184,7558272,123,1,73728,13,2,flexible,123,123,0,0
184,7558272,123,1,78732,2,9,flexible,123,123,0,0
184,7558272,123,1,82944,10,4,forced,122,123,1,0
184,7558272,123,1,93312,7,6,flexible,123,123,0,0
184,7558272,123,1,98304,15,1,flexible,123,123,0,0
184,7558272,123,1,104976,4,8,flexible,123,123,0,0
184,7558272,123,1,110592,12,3,forced,122,123,1,0
184,7558272,123,1,118098,1,10,flexible,123,123,0,0
184,7558272,123,1,124416,9,5,flexible,123,123,0,0
184,7558272,123,1,131072,17,0,flexible,123,123,0,0
184,7558272,123,1,139968,6,7,flexible,123,123,0,0
184,7558272,123,1,147456,14,2,forced,122,123,1,0
184,7558272,123,1,157464,3,9,forced,122,123,1,0
184,7558272,123,1,165888,11,4,flexible,123,123,0,0
184,7558272,123,1,177147,0,11,flexible,123,123,0,0
184,7558272,123,1,186624,8,6,flexible,123,123,0,0
184,7558272,123,1,196608,16,1,forced,122,123,1,0
184,7558272,123,1,209952,5,8,forced,122,123,1,0
184,7558272,123,1,221184,13,3,flexible,123,123,0,0
184,7558272,123,1,236196,2,10,flexible,123,123,0,0
184,7558272,123,1,248832,10,5,flexible,123,123,0,0
184,7558272,123,1,262144,18,0,flexible,123,123,0,0
184,7558272,123,1,279936,7,7,forced,122,123,1,0
184,7558272,123,1,294912,15,2,flexible,123,123,0,0
184,7558272,123,1,314928,4,9,flexible,123,123,0,0
184,7558272,123,1,331776,12,4,flexible,123,123,0,0
184,7558272,123,1,354294,1,11,flexible,123,123,0,0
184,7558272,123,1,373248,9,6,forced,122,123,1,0
184,7558272,123,1,393216,17,1,flexible,123,123,0,0
184,7558272,123,1,419904,6,8,flexible,123,123,0,0
184,7558272,123,1,442368,14,3,flexible,123,123,0,0
184,7558272,123,1,472392,3,10,flexible,123,123,0,0
184,7558272,123,1,497664,11,5,forced,122,123,1,0
184,7558272,123,1,524288,19,0,flexible,123,123,0,0
184,7558272,123,1,531441,0,12,forced,122,123,1,0
184,7558272,123,1,559872,8,7,flexible,123,123,0,0
184,7558272,123,1,589824,16,2,flexible,123,123,0,0
184,7558272,123,1,629856,5,9,flexible,123,123,0,0
184,7558272,123,1,663552,13,4,forced,122,123,1,0
184,7558272,123,1,708588,2,11,flexible,123,123,0,0
184,7558272,123,1,746496,10,6,flexible,123,123,0,0
184,7558272,123,1,786432,18,1,flexible,123,123,0,0
184,7558272,123,1,839808,7,8,flexible,123,123,0,0
184,7558272,123,1,884736,15,3,forced,122,123,1,0
184,7558272,123,1,944784,4,10,forced,122,123,1,0
184,7558272,123,1,995328,12,5,flexible,123,123,0,0
184,7558272,123,1,1048576,20,0,flexible,123,123,0,0
184,7558272,123,1,1062882,1,12,flexible,123,123,0,0
184,7558272,123,1,1119744,9,7,flexible,123,123,0,0
184,7558272,123,1,1179648,17,2,forced,122,123,1,0
184,7558272,123,1,1259712,6,9,forced,122,123,1,0
184,7558272,123,1,1327104,14,4,flexible,123,123,0,0
184,7558272,123,1,1417176,3,11,flexible,123,123,0,0
184,7558272,123,1,1492992,11,6,flexible,123,123,0,0
184,7558272,123,1,1572864,19,1,flexible,123,123,0,0
184,7558272,123,1,1594323,0,13,flexible,123,123,0,0
184,7558272,123,1,1679616,8,8,forced,122,123,1,0
184,7558272,123,1,1769472,16,3,flexible,123,123,0,0
184,7558272,123,1,1889568,5,10,flexible,123,123,0,0
184,7558272,123,1,1990656,13,5,flexible,123,123,0,0
184,7558272,123,1,2097152,21,0,flexible,123,123,0,0
184,7558272,123,1,2125764,2,12,flexible,123,123,0,0
184,7558272,123,1,2239488,10,7,flexible,123,123,0,0
184,7558272,123,1,2359296,18,2,flexible,123,123,0,0
184,7558272,123,1,2519424,7,9,flexible,123,123,0,0
184,7558272,123,1,2654208,15,4,flexible,123,123,0,0
184,7558272,123,1,2834352,4,11,flexible,123,123,0,0
184,7558272,123,1,2985984,12,6,forced,122,123,1,0
184,7558272,123,1,3145728,20,1,flexible,123,123,0,0
184,7558272,123,1,3188646,1,13,flexible,123,123,0,0
184,7558272,123,1,3359232,9,8,flexible,123,123,0,0
184,7558272,123,1,3538944,17,3,flexible,123,123,0,0
184,7558272,123,1,3779136,6,10,flexible,123,123,0,0
184,7558272,123,1,3981312,14,5,flexible,123,123,0,0
184,7558272,123,1,4194304,22,0,flexible,123,123,0,0
184,7558272,123,1,4251528,3,12,flexible,123,123,0,0
184,7558272,123,1,4478976,11,7,flexible,123,123,0,0
184,7558272,123,1,4718592,19,2,flexible,123,123,0,0
184,7558272,123,1,4782969,0,14,flexible,123,123,0,0
184,7558272,123,1,5038848,8,9,flexible,123,123,0,0
184,7558272,123,1,5308416,16,4,flexible,123,123,0,0
184,7558272,123,1,5668704,5,11,forced,122,123,1,0
184,7558272,123,1,5971968,13,6,flexible,123,123,0,0
184,7558272,123,1,6291456,21,1,flexible,123,123,0,0
184,7558272,123,1,6377292,2,13,flexible,123,123,0,0
184,7558272,123,1,6718464,10,8,flexible,123,123,0,0
184,7558272,123,1,7077888,18,3,flexible,123,123,0,0
184,7558272,123,1,7558272,7,10,forced,122,123,1,0
185,7962624,124,1,1,0,0,forced,123,124,1,0
185,7962624,124,1,2,1,0,forced,123,124,1,0
185,7962624,124,1,3,0,1,none,124,123,0,1
185,7962624,124,1,4,2,0,none,124,123,0,1
185,7962624,124,1,6,1,1,forced,123,124,1,0
185,7962624,124,1,8,3,0,forced,123,124,1,0
185,7962624,124,1,9,0,2,forced,123,124,1,0
185,7962624,124,1,12,2,1,forced,123,124,1,0
185,7962624,124,1,16,4,0,forced,123,124,1,0
185,7962624,124,1,18,1,2,none,124,123,0,1
185,7962624,124,1,24,3,1,none,124,123,0,1
185,7962624,124,1,27,0,3,forced,123,124,1,0
185,7962624,124,1,32,5,0,none,124,123,0,1
185,7962624,124,1,36,2,2,forced,123,124,1,0
185,7962624,124,1,48,4,1,forced,123,124,1,0
185,7962624,124,1,54,1,3,forced,123,124,1,0
185,7962624,124,1,64,6,0,forced,123,124,1,0
185,7962624,124,1,72,3,2,forced,123,124,1,0
185,7962624,124,1,81,0,4,none,124,123,0,1
185,7962624,124,1,96,5,1,forced,123,124,1,0
185,7962624,124,1,108,2,3,none,124,123,0,1
185,7962624,124,1,128,7,0,forced,123,124,1,0
185,7962624,124,1,144,4,2,none,124,123,0,1
185,7962624,124,1,162,1,4,forced,123,124,1,0
185,7962624,124,1,192,6,1,none,124,123,0,1
185,7962624,124,1,216,3,3,forced,123,124,1,0
185,7962624,124,1,243,0,5,forced,123,124,1,0
185,7962624,124,1,256,8,0,none,124,123,0,1
185,7962624,124,1,288,5,2,forced,123,124,1,0
185,7962624,124,1,324,2,4,forced,123,124,1,0
185,7962624,124,1,384,7,1,forced,123,124,1,0
185,7962624,124,1,432,4,3,forced,123,124,1,0
185,7962624,124,1,486,1,5,none,124,123,0,1
185,7962624,124,1,512,9,0,forced,123,124,1,0
185,7962624,124,1,576,6,2,forced,123,124,1,0
185,7962624,124,1,648,3,4,none,124,123,0,1
185,7962624,124,1,729,0,6,forced,123,124,1,0
185,7962624,124,1,768,8,1,forced,123,124,1,0
185,7962624,124,1,864,5,3,none,124,123,0,1
185,7962624,124,1,972,2,5,forced,123,124,1,0
185,7962624,124,1,1024,10,0,forced,123,124,1,0
185,7962624,124,1,1152,7,2,none,124,123,0,1
185,7962624,124,1,1296,4,4,forced,123,124,1,0
185,7962624,124,1,1458,1,6,forced,123,124,1,0
185,7962624,124,1,1536,9,1,none,124,123,0,1
185,7962624,124,1,1728,6,3,forced,123,124,1,0
185,7962624,124,1,1944,3,5,forced,123,124,1,0
185,7962624,124,1,2048,11,0,none,124,123,0,1
185,7962624,124,1,2187,0,7,none,124,123,0,1
185,7962624,124,1,2304,8,2,forced,123,124,1,0
185,7962624,124,1,2592,5,4,forced,123,124,1,0
185,7962624,124,1,2916,2,6,none,124,123,0,1
185,7962624,124,1,3072,10,1,forced,123,124,1,0
185,7962624,124,1,3456,7,3,forced,123,124,1,0
185,7962624,124,1,3888,4,5,none,124,123,0,1
185,7962624,124,1,4096,12,0,forced,123,124,1,0
185,7962624,124,1,4374,1,7,forced,123,124,1,0
185,7962624,124,1,4608,9,2,forced,123,124,1,0
185,7962624,124,1,5184,6,4,none,124,123,0,1
185,7962624,124,1,5832,3,6,forced,123,124,1,0
185,7962624,124,1,6144,11,1,forced,123,124,1,0
185,7962624,124,1,6561,0,8,forced,123,124,1,0
185,7962624,124,1,6912,8,3,none,124,123,0,1
185,7962624,124,1,7776,5,5,forced,123,124,1,0
185,7962624,124,1,8192,13,0,forced,123,124,1,0
185,7962624,124,1,8748,2,7,forced,123,124,1,0
185,7962624,124,1,9216,10,2,none,124,123,0,1
185,7962624,124,1,10368,7,4,forced,123,124,1,0
185,7962624,124,1,11664,4,6,forced,123,124,1,0
185,7962624,124,1,12288,12,1,none,124,123,0,1
185,7962624,124,1,13122,1,8,none,124,123,0,1
185,7962624,124,1,13824,9,3,forced,123,124,1,0
185,7962624,124,1,15552,6,5,forced,123,124,1,0
185,7962624,124,1,16384,14,0,none,124,123,0,1
185,7962624,124,1,17496,3,7,none,124,123,0,1
185,7962624,124,1,18432,11,2,forced,123,124,1,0
185,7962624,124,1,19683,0,9,forced,123,124,1,0
185,7962624,124,1,20736,8,4,forced,123,124,1,0
185,7962624,124,1,23328,5,6,none,124,123,0,1
185,7962624,124,1,24576,13,1,forced,123,124,1,0
185,7962624,124,1,26244,2,8,forced,123,124,1,0
185,7962624,124,1,27648,10,3,forced,123,124,1,0
185,7962624,124,1,31104,7,5,none,124,123,0,1
185,7962624,124,1,32768,15,0,forced,123,124,1,0
185,7962624,124,1,34992,4,7,forced,123,124,1,0
185,7962624,124,1,36864,12,2,forced,123,124,1,0
185,7962624,124,1,39366,1,9,forced,123,124,1,0
185,7962624,124,1,41472,9,4,none,124,123,0,1
185,7962624,124,1,46656,6,6,forced,123,124,1,0
185,7962624,124,1,49152,14,1,forced,123,124,1,0
185,7962624,124,1,52488,3,8,forced,123,124,1,0
185,7962624,124,1,55296,11,3,none,124,123,0,1
185,7962624,124,1,59049,0,10,none,124,123,0,1
185,7962624,124,1,62208,8,5,forced,123,124,1,0
185,7962624,124,1,65536,16,0,forced,123,124,1,0
185,7962624,124,1,69984,5,7,forced,123,124,1,0
185,7962624,124,1,73728,13,2,none,124,123,0,1
185,7962624,124,1,78732,2,9,none,124,123,0,1
185,7962624,124,1,82944,10,4,forced,123,124,1,0
185,7962624,124,1,93312,7,6,forced,123,124,1,0
185,7962624,124,1,98304,15,1,none,124,123,0,1
185,7962624,124,1,104976,4,8,none,124,123,0,1
185,7962624,124,1,110592,12,3,forced,123,124,1,0
185,7962624,124,1,118098,1,10,forced,123,124,1,0
185,7962624,124,1,124416,9,5,forced,123,124,1,0
185,7962624,124,1,131072,17,0,none,124,123,0,1
185,7962624,124,1,139968,6,7,none,124,123,0,1
185,7962624,124,1,147456,14,2,forced,123,124,1,0
185,7962624,124,1,157464,3,9,forced,123,124,1,0
185,7962624,124,1,165888,11,4,forced,123,124,1,0
185,7962624,124,1,177147,0,11,forced,123,124,1,0
185,7962624,124,1,186624,8,6,none,124,123,0,1
185,7962624,124,1,196608,16,1,forced,123,124,1,0
185,7962624,124,1,209952,5,8,forced,123,124,1,0
185,7962624,124,1,221184,13,3,forced,123,124,1,0
185,7962624,124,1,236196,2,10,forced,123,124,1,0
185,7962624,124,1,248832,10,5,none,124,123,0,1
185,7962624,124,1,262144,18,0,forced,123,124,1,0
185,7962624,124,1,279936,7,7,forced,123,124,1,0
185,7962624,124,1,294912,15,2,forced,123,124,1,0
185,7962624,124,1,314928,4,9,forced,123,124,1,0
185,7962624,124,1,331776,12,4,none,124,123,0,1
185,7962624,124,1,354294,1,11,none,124,123,0,1
185,7962624,124,1,373248,9,6,forced,123,124,1,0
185,7962624,124,1,393216,17,1,forced,123,124,1,0
185,7962624,124,1,419904,6,8,forced,123,124,1,0
185,7962624,124,1,442368,14,3,none,124,123,0,1
185,7962624,124,1,472392,3,10,none,124,123,0,1
185,7962624,124,1,497664,11,5,forced,123,124,1,0
185,7962624,124,1,524288,19,0,flexible,124,124,0,0
185,7962624,124,1,531441,0,12,forced,123,124,1,0
185,7962624,124,1,559872,8,7,forced,123,124,1,0
185,7962624,124,1,589824,16,2,none,124,123,0,1
185,7962624,124,1,629856,5,9,none,124,123,0,1
185,7962624,124,1,663552,13,4,forced,123,124,1,0
185,7962624,124,1,708588,2,11,forced,123,124,1,0
185,7962624,124,1,746496,10,6,forced,123,124,1,0
185,7962624,124,1,786432,18,1,none,124,123,0,1
185,7962624,124,1,839808,7,8,none,124,123,0,1
185,7962624,124,1,884736,15,3,forced,123,124,1,0
185,7962624,124,1,944784,4,10,forced,123,124,1,0
185,7962624,124,1,995328,12,5,forced,123,124,1,0
185,7962624,124,1,1048576,20,0,flexible,124,124,0,0
185,7962624,124,1,1062882,1,12,forced,123,124,1,0
185,7962624,124,1,1119744,9,7,none,124,123,0,1
185,7962624,124,1,1179648,17,2,forced,123,124,1,0
185,7962624,124,1,1259712,6,9,forced,123,124,1,0
185,7962624,124,1,1327104,14,4,forced,123,124,1,0
185,7962624,124,1,1417176,3,11,forced,123,124,1,0
185,7962624,124,1,1492992,11,6,none,124,123,0,1
185,7962624,124,1,1572864,19,1,flexible,124,124,0,0
185,7962624,124,1,1594323,0,13,none,124,123,0,1
185,7962624,124,1,1679616,8,8,forced,123,124,1,0
185,7962624,124,1,1769472,16,3,flexible,124,124,0,0
185,7962624,124,1,1889568,5,10,forced,123,124,1,0
185,7962624,124,1,1990656,13,5,none,124,123,0,1
185,7962624,124,1,2097152,21,0,flexible,124,124,0,0
185,7962624,124,1,2125764,2,12,none,124,123,0,1
185,7962624,124,1,2239488,10,7,flexible,124,124,0,0
185,7962624,124,1,2359296,18,2,flexible,124,124,0,0
185,7962624,124,1,2519424,7,9,forced,123,124,1,0
185,7962624,124,1,2654208,15,4,none,124,123,0,1
185,7962624,124,1,2834352,4,11,none,124,123,0,1
185,7962624,124,1,2985984,12,6,forced,123,124,1,0
185,7962624,124,1,3145728,20,1,forced,123,124,1,0
185,7962624,124,1,3188646,1,13,forced,123,124,1,0
185,7962624,124,1,3359232,9,8,forced,123,124,1,0
185,7962624,124,1,3538944,17,3,flexible,124,124,0,0
185,7962624,124,1,3779136,6,10,none,124,123,0,1
185,7962624,124,1,3981312,14,5,forced,123,124,1,0
185,7962624,124,1,4194304,22,0,flexible,124,124,0,0
185,7962624,124,1,4251528,3,12,forced,123,124,1,0
185,7962624,124,1,4478976,11,7,flexible,124,124,0,0
185,7962624,124,1,4718592,19,2,flexible,124,124,0,0
185,7962624,124,1,4782969,0,14,forced,123,124,1,0
185,7962624,124,1,5038848,8,9,none,124,123,0,1
185,7962624,124,1,5308416,16,4,flexible,124,124,0,0
185,7962624,124,1,5668704,5,11,forced,123,124,1,0
185,7962624,124,1,5971968,13,6,forced,123,124,1,0
185,7962624,124,1,6291456,21,1,flexible,124,124,0,0
185,7962624,124,1,6377292,2,13,forced,123,124,1,0
185,7962624,124,1,6718464,10,8,flexible,124,124,0,0
185,7962624,124,1,7077888,18,3,flexible,124,124,0,0
185,7962624,124,1,7558272,7,10,forced,123,124,1,0
185,7962624,124,1,7962624,15,5,forced,123,124,1,0
186,8388608,125,1,1,0,0,forced,124,125,1,0
186,8388608,125,1,2,1,0,forced,124,125,1,0
186,8388608,125,1,3,0,1,none,125,124,0,1
186,8388608,125,1,4,2,0,none,125,124,0,1
186,8388608,125,1,6,1,1,forced,124,125,1,0
186,8388608,125,1,8,3,0,forced,124,125,1,0
186,8388608,125,1,9,0,2,forced,124,125,1,0
186,8388608,125,1,12,2,1,forced,124,125,1,0
186,8388608,125,1,16,4,0,forced,124,125,1,0
186,8388608,125,1,18,1,2,none,125,124,0,1
186,8388608,125,1,24,3,1,none,125,124,0,1
186,8388608,125,1,27,0,3,forced,124,125,1,0
186,8388608,125,1,32,5,0,none,125,124,0,1
186,8388608,125,1,36,2,2,forced,124,125,1,0
186,8388608,125,1,48,4,1,forced,124,125,1,0
186,8388608,125,1,54,1,3,forced,124,125,1,0
186,8388608,125,1,64,6,0,forced,124,125,1,0
186,8388608,125,1,72,3,2,forced,124,125,1,0
186,8388608,125,1,81,0,4,none,125,124,0,1
186,8388608,125,1,96,5,1,forced,124,125,1,0
186,8388608,125,1,108,2,3,none,125,124,0,1
186,8388608,125,1,128,7,0,forced,124,125,1,0
186,8388608,125,1,144,4,2,none,125,124,0,1
186,8388608,125,1,162,1,4,forced,124,125,1,0
186,8388608,125,1,192,6,1,none,125,124,0,1
186,8388608,125,1,216,3,3,forced,124,125,1,0
186,8388608,125,1,243,0,5,forced,124,125,1,0
186,8388608,125,1,256,8,0,none,125,124,0,1
186,8388608,125,1,288,5,2,forced,124,125,1,0
186,8388608,125,1,324,2,4,forced,124,125,1,0
186,8388608,125,1,384,7,1,forced,124,125,1,0
186,8388608,125,1,432,4,3,forced,124,125,1,0
186,8388608,125,1,486,1,5,none,125,124,0,1
186,8388608,125,1,512,9,0,forced,124,125,1,0
186,8388608,125,1,576,6,2,forced,124,125,1,0
186,8388608,125,1,648,3,4,none,125,124,0,1
186,8388608,125,1,729,0,6,forced,124,125,1,0
186,8388608,125,1,768,8,1,forced,124,125,1,0
186,8388608,125,1,864,5,3,none,125,124,0,1
186,8388608,125,1,972,2,5,forced,124,125,1,0
186,8388608,125,1,1024,10,0,forced,124,125,1,0
186,8388608,125,1,1152,7,2,none,125,124,0,1
186,8388608,125,1,1296,4,4,forced,124,125,1,0
186,8388608,125,1,1458,1,6,forced,124,125,1,0
186,8388608,125,1,1536,9,1,none,125,124,0,1
186,8388608,125,1,1728,6,3,forced,124,125,1,0
186,8388608,125,1,1944,3,5,forced,124,125,1,0
186,8388608,125,1,2048,11,0,none,125,124,0,1
186,8388608,125,1,2187,0,7,none,125,124,0,1
186,8388608,125,1,2304,8,2,forced,124,125,1,0
186,8388608,125,1,2592,5,4,forced,124,125,1,0
186,8388608,125,1,2916,2,6,none,125,124,0,1
186,8388608,125,1,3072,10,1,forced,124,125,1,0
186,8388608,125,1,3456,7,3,forced,124,125,1,0
186,8388608,125,1,3888,4,5,none,125,124,0,1
186,8388608,125,1,4096,12,0,forced,124,125,1,0
186,8388608,125,1,4374,1,7,forced,124,125,1,0
186,8388608,125,1,4608,9,2,forced,124,125,1,0
186,8388608,125,1,5184,6,4,none,125,124,0,1
186,8388608,125,1,5832,3,6,forced,124,125,1,0
186,8388608,125,1,6144,11,1,forced,124,125,1,0
186,8388608,125,1,6561,0,8,forced,124,125,1,0
186,8388608,125,1,6912,8,3,none,125,124,0,1
186,8388608,125,1,7776,5,5,forced,124,125,1,0
186,8388608,125,1,8192,13,0,forced,124,125,1,0
186,8388608,125,1,8748,2,7,forced,124,125,1,0
186,8388608,125,1,9216,10,2,none,125,124,0,1
186,8388608,125,1,10368,7,4,forced,124,125,1,0
186,8388608,125,1,11664,4,6,forced,124,125,1,0
186,8388608,125,1,12288,12,1,none,125,124,0,1
186,8388608,125,1,13122,1,8,none,125,124,0,1
186,8388608,125,1,13824,9,3,forced,124,125,1,0
186,8388608,125,1,15552,6,5,forced,124,125,1,0
186,8388608,125,1,16384,14,0,none,125,124,0,1
186,8388608,125,1,17496,3,7,none,125,124,0,1
186,8388608,125,1,18432,11,2,forced,124,125,1,0
186,8388608,125,1,19683,0,9,forced,124,125,1,0
186,8388608,125,1,20736,8,4,forced,124,125,1,0
186,8388608,125,1,23328,5,6,none,125,124,0,1
186,8388608,125,1,24576,13,1,forced,124,125,1,0
186,8388608,125,1,26244,2,8,forced,124,125,1,0
186,8388608,125,1,27648,10,3,forced,124,125,1,0
186,8388608,125,1,31104,7,5,none,125,124,0,1
186,8388608,125,1,32768,15,0,forced,124,125,1,0
186,8388608,125,1,34992,4,7,forced,124,125,1,0
186,8388608,125,1,36864,12,2,forced,124,125,1,0
186,8388608,125,1,39366,1,9,forced,124,125,1,0
186,8388608,125,1,41472,9,4,none,125,124,0,1
186,8388608,125,1,46656,6,6,forced,124,125,1,0
186,8388608,125,1,49152,14,1,forced,124,125,1,0
186,8388608,125,1,52488,3,8,forced,124,125,1,0
186,8388608,125,1,55296,11,3,none,125,124,0,1
186,8388608,125,1,59049,0,10,none,125,124,0,1
186,8388608,125,1,62208,8,5,forced,124,125,1,0
186,8388608,125,1,65536,16,0,forced,124,125,1,0
186,8388608,125,1,69984,5,7,forced,124,125,1,0
186,8388608,125,1,73728,13,2,none,125,124,0,1
186,8388608,125,1,78732,2,9,none,125,124,0,1
186,8388608,125,1,82944,10,4,forced,124,125,1,0
186,8388608,125,1,93312,7,6,forced,124,125,1,0
186,8388608,125,1,98304,15,1,none,125,124,0,1
186,8388608,125,1,104976,4,8,none,125,124,0,1
186,8388608,125,1,110592,12,3,forced,124,125,1,0
186,8388608,125,1,118098,1,10,forced,124,125,1,0
186,8388608,125,1,124416,9,5,forced,124,125,1,0
186,8388608,125,1,131072,17,0,none,125,124,0,1
186,8388608,125,1,139968,6,7,none,125,124,0,1
186,8388608,125,1,147456,14,2,forced,124,125,1,0
186,8388608,125,1,157464,3,9,forced,124,125,1,0
186,8388608,125,1,165888,11,4,forced,124,125,1,0
186,8388608,125,1,177147,0,11,forced,124,125,1,0
186,8388608,125,1,186624,8,6,none,125,124,0,1
186,8388608,125,1,196608,16,1,forced,124,125,1,0
186,8388608,125,1,209952,5,8,forced,124,125,1,0
186,8388608,125,1,221184,13,3,forced,124,125,1,0
186,8388608,125,1,236196,2,10,forced,124,125,1,0
186,8388608,125,1,248832,10,5,none,125,124,0,1
186,8388608,125,1,262144,18,0,forced,124,125,1,0
186,8388608,125,1,279936,7,7,forced,124,125,1,0
186,8388608,125,1,294912,15,2,forced,124,125,1,0
186,8388608,125,1,314928,4,9,forced,124,125,1,0
186,8388608,125,1,331776,12,4,none,125,124,0,1
186,8388608,125,1,354294,1,11,none,125,124,0,1
186,8388608,125,1,373248,9,6,forced,124,125,1,0
186,8388608,125,1,393216,17,1,forced,124,125,1,0
186,8388608,125,1,419904,6,8,forced,124,125,1,0
186,8388608,125,1,442368,14,3,none,125,124,0,1
186,8388608,125,1,472392,3,10,none,125,124,0,1
186,8388608,125,1,497664,11,5,forced,124,125,1,0
186,8388608,125,1,524288,19,0,flexible,125,125,0,0
186,8388608,125,1,531441,0,12,forced,124,125,1,0
186,8388608,125,1,559872,8,7,forced,124,125,1,0
186,8388608,125,1,589824,16,2,none,125,124,0,1
186,8388608,125,1,629856,5,9,none,125,124,0,1
186,8388608,125,1,663552,13,4,forced,124,125,1,0
186,8388608,125,1,708588,2,11,forced,124,125,1,0
186,8388608,125,1,746496,10,6,forced,124,125,1,0
186,8388608,125,1,786432,18,1,none,125,124,0,1
186,8388608,125,1,839808,7,8,none,125,124,0,1
186,8388608,125,1,884736,15,3,forced,124,125,1,0
186,8388608,125,1,944784,4,10,forced,124,125,1,0
186,8388608,125,1,995328,12,5,forced,124,125,1,0
186,8388608,125,1,1048576,20,0,flexible,125,125,0,0
186,8388608,125,1,1062882,1,12,forced,124,125,1,0
186,8388608,125,1,1119744,9,7,none,125,124,0,1
186,8388608,125,1,1179648,17,2,forced,124,125,1,0
186,8388608,125,1,1259712,6,9,forced,124,125,1,0
186,8388608,125,1,1327104,14,4,forced,124,125,1,0
186,8388608,125,1,1417176,3,11,forced,124,125,1,0
186,8388608,125,1,1492992,11,6,none,125,124,0,1
186,8388608,125,1,1572864,19,1,flexible,125,125,0,0
186,8388608,125,1,1594323,0,13,none,125,124,0,1
186,8388608,125,1,1679616,8,8,forced,124,125,1,0
186,8388608,125,1,1769472,16,3,flexible,125,125,0,0
186,8388608,125,1,1889568,5,10,forced,124,125,1,0
186,8388608,125,1,1990656,13,5,none,125,124,0,1
186,8388608,125,1,2097152,21,0,flexible,125,125,0,0
186,8388608,125,1,2125764,2,12,none,125,124,0,1
186,8388608,125,1,2239488,10,7,flexible,125,125,0,0
186,8388608,125,1,2359296,18,2,flexible,125,125,0,0
186,8388608,125,1,2519424,7,9,forced,124,125,1,0
186,8388608,125,1,2654208,15,4,none,125,124,0,1
186,8388608,125,1,2834352,4,11,none,125,124,0,1
186,8388608,125,1,2985984,12,6,forced,124,125,1,0
186,8388608,125,1,3145728,20,1,forced,124,125,1,0
186,8388608,125,1,3188646,1,13,forced,124,125,1,0
186,8388608,125,1,3359232,9,8,forced,124,125,1,0
186,8388608,125,1,3538944,17,3,flexible,125,125,0,0
186,8388608,125,1,3779136,6,10,none,125,124,0,1
186,8388608,125,1,3981312,14,5,forced,124,125,1,0
186,8388608,125,1,4194304,22,0,flexible,125,125,0,0
186,8388608,125,1,4251528,3,12,forced,124,125,1,0
186,8388608,125,1,4478976,11,7,flexible,125,125,0,0
186,8388608,125,1,4718592,19,2,flexible,125,125,0,0
186,8388608,125,1,4782969,0,14,forced,124,125,1,0
186,8388608,125,1,5038848,8,9,none,125,124,0,1
186,8388608,125,1,5308416,16,4,flexible,125,125,0,0
186,8388608,125,1,5668704,5,11,forced,124,125,1,0
186,8388608,125,1,5971968,13,6,forced,124,125,1,0
186,8388608,125,1,6291456,21,1,flexible,125,125,0,0
186,8388608,125,1,6377292,2,13,forced,124,125,1,0
186,8388608,125,1,6718464,10,8,flexible,125,125,0,0
186,8388608,125,1,7077888,18,3,flexible,125,125,0,0
186,8388608,125,1,7558272,7,10,forced,124,125,1,0
186,8388608,125,1,7962624,15,5,forced,124,125,1,0
186,8388608,125,1,8388608,23,0,forced,124,125,1,0
187,8503056,126,1,1,0,0,forced,125,126,1,0
187,8503056,126,1,2,1,0,forced,125,126,1,0
187,8503056,126,1,3,0,1,none,126,125,0,1
187,8503056,126,1,4,2,0,none,126,125,0,1
187,8503056,126,1,6,1,1,forced,125,126,1,0
187,8503056,126,1,8,3,0,forced,125,126,1,0
187,8503056,126,1,9,0,2,forced,125,126,1,0
187,8503056,126,1,12,2,1,forced,125,126,1,0
187,8503056,126,1,16,4,0,forced,125,126,1,0
187,8503056,126,1,18,1,2,none,126,125,0,1
187,8503056,126,1,24,3,1,none,126,125,0,1
187,8503056,126,1,27,0,3,forced,125,126,1,0
187,8503056,126,1,32,5,0,none,126,125,0,1
187,8503056,126,1,36,2,2,forced,125,126,1,0
187,8503056,126,1,48,4,1,forced,125,126,1,0
187,8503056,126,1,54,1,3,forced,125,126,1,0
187,8503056,126,1,64,6,0,forced,125,126,1,0
187,8503056,126,1,72,3,2,forced,125,126,1,0
187,8503056,126,1,81,0,4,none,126,125,0,1
187,8503056,126,1,96,5,1,forced,125,126,1,0
187,8503056,126,1,108,2,3,none,126,125,0,1
187,8503056,126,1,128,7,0,forced,125,126,1,0
187,8503056,126,1,144,4,2,none,126,125,0,1
187,8503056,126,1,162,1,4,forced,125,126,1,0
187,8503056,126,1,192,6,1,none,126,125,0,1
187,8503056,126,1,216,3,3,forced,125,126,1,0
187,8503056,126,1,243,0,5,forced,125,126,1,0
187,8503056,126,1,256,8,0,none,126,125,0,1
187,8503056,126,1,288,5,2,forced,125,126,1,0
187,8503056,126,1,324,2,4,forced,125,126,1,0
187,8503056,126,1,384,7,1,forced,125,126,1,0
187,8503056,126,1,432,4,3,forced,125,126,1,0
187,8503056,126,1,486,1,5,none,126,125,0,1
187,8503056,126,1,512,9,0,forced,125,126,1,0
187,8503056,126,1,576,6,2,forced,125,126,1,0
187,8503056,126,1,648,3,4,none,126,125,0,1
187,8503056,126,1,729,0,6,forced,125,126,1,0
187,8503056,126,1,768,8,1,forced,125,126,1,0
187,8503056,126,1,864,5,3,none,126,125,0,1
187,8503056,126,1,972,2,5,forced,125,126,1,0
187,8503056,126,1,1024,10,0,forced,125,126,1,0
187,8503056,126,1,1152,7,2,none,126,125,0,1
187,8503056,126,1,1296,4,4,forced,125,126,1,0
187,8503056,126,1,1458,1,6,forced,125,126,1,0
187,8503056,126,1,1536,9,1,none,126,125,0,1
187,8503056,126,1,1728,6,3,forced,125,126,1,0
187,8503056,126,1,1944,3,5,forced,125,126,1,0
187,8503056,126,1,2048,11,0,none,126,125,0,1
187,8503056,126,1,2187,0,7,none,126,125,0,1
187,8503056,126,1,2304,8,2,forced,125,126,1,0
187,8503056,126,1,2592,5,4,forced,125,126,1,0
187,8503056,126,1,2916,2,6,none,126,125,0,1
187,8503056,126,1,3072,10,1,forced,125,126,1,0
187,8503056,126,1,3456,7,3,forced,125,126,1,0
187,8503056,126,1,3888,4,5,none,126,125,0,1
187,8503056,126,1,4096,12,0,forced,125,126,1,0
187,8503056,126,1,4374,1,7,forced,125,126,1,0
187,8503056,126,1,4608,9,2,forced,125,126,1,0
187,8503056,126,1,5184,6,4,none,126,125,0,1
187,8503056,126,1,5832,3,6,forced,125,126,1,0
187,8503056,126,1,6144,11,1,forced,125,126,1,0
187,8503056,126,1,6561,0,8,forced,125,126,1,0
187,8503056,126,1,6912,8,3,none,126,125,0,1
187,8503056,126,1,7776,5,5,forced,125,126,1,0
187,8503056,126,1,8192,13,0,forced,125,126,1,0
187,8503056,126,1,8748,2,7,forced,125,126,1,0
187,8503056,126,1,9216,10,2,none,126,125,0,1
187,8503056,126,1,10368,7,4,forced,125,126,1,0
187,8503056,126,1,11664,4,6,forced,125,126,1,0
187,8503056,126,1,12288,12,1,none,126,125,0,1
187,8503056,126,1,13122,1,8,none,126,125,0,1
187,8503056,126,1,13824,9,3,forced,125,126,1,0
187,8503056,126,1,15552,6,5,forced,125,126,1,0
187,8503056,126,1,16384,14,0,none,126,125,0,1
187,8503056,126,1,17496,3,7,none,126,125,0,1
187,8503056,126,1,18432,11,2,forced,125,126,1,0
187,8503056,126,1,19683,0,9,forced,125,126,1,0
187,8503056,126,1,20736,8,4,forced,125,126,1,0
187,8503056,126,1,23328,5,6,none,126,125,0,1
187,8503056,126,1,24576,13,1,forced,125,126,1,0
187,8503056,126,1,26244,2,8,forced,125,126,1,0
187,8503056,126,1,27648,10,3,forced,125,126,1,0
187,8503056,126,1,31104,7,5,none,126,125,0,1
187,8503056,126,1,32768,15,0,forced,125,126,1,0
187,8503056,126,1,34992,4,7,forced,125,126,1,0
187,8503056,126,1,36864,12,2,forced,125,126,1,0
187,8503056,126,1,39366,1,9,forced,125,126,1,0
187,8503056,126,1,41472,9,4,none,126,125,0,1
187,8503056,126,1,46656,6,6,forced,125,126,1,0
187,8503056,126,1,49152,14,1,forced,125,126,1,0
187,8503056,126,1,52488,3,8,forced,125,126,1,0
187,8503056,126,1,55296,11,3,none,126,125,0,1
187,8503056,126,1,59049,0,10,none,126,125,0,1
187,8503056,126,1,62208,8,5,forced,125,126,1,0
187,8503056,126,1,65536,16,0,forced,125,126,1,0
187,8503056,126,1,69984,5,7,forced,125,126,1,0
187,8503056,126,1,73728,13,2,none,126,125,0,1
187,8503056,126,1,78732,2,9,none,126,125,0,1
187,8503056,126,1,82944,10,4,forced,125,126,1,0
187,8503056,126,1,93312,7,6,forced,125,126,1,0
187,8503056,126,1,98304,15,1,none,126,125,0,1
187,8503056,126,1,104976,4,8,none,126,125,0,1
187,8503056,126,1,110592,12,3,forced,125,126,1,0
187,8503056,126,1,118098,1,10,forced,125,126,1,0
187,8503056,126,1,124416,9,5,forced,125,126,1,0
187,8503056,126,1,131072,17,0,none,126,125,0,1
187,8503056,126,1,139968,6,7,none,126,125,0,1
187,8503056,126,1,147456,14,2,forced,125,126,1,0
187,8503056,126,1,157464,3,9,forced,125,126,1,0
187,8503056,126,1,165888,11,4,forced,125,126,1,0
187,8503056,126,1,177147,0,11,forced,125,126,1,0
187,8503056,126,1,186624,8,6,none,126,125,0,1
187,8503056,126,1,196608,16,1,forced,125,126,1,0
187,8503056,126,1,209952,5,8,forced,125,126,1,0
187,8503056,126,1,221184,13,3,forced,125,126,1,0
187,8503056,126,1,236196,2,10,forced,125,126,1,0
187,8503056,126,1,248832,10,5,none,126,125,0,1
187,8503056,126,1,262144,18,0,forced,125,126,1,0
187,8503056,126,1,279936,7,7,forced,125,126,1,0
187,8503056,126,1,294912,15,2,forced,125,126,1,0
187,8503056,126,1,314928,4,9,forced,125,126,1,0
187,8503056,126,1,331776,12,4,none,126,125,0,1
187,8503056,126,1,354294,1,11,none,126,125,0,1
187,8503056,126,1,373248,9,6,forced,125,126,1,0
187,8503056,126,1,393216,17,1,forced,125,126,1,0
187,8503056,126,1,419904,6,8,forced,125,126,1,0
187,8503056,126,1,442368,14,3,none,126,125,0,1
187,8503056,126,1,472392,3,10,none,126,125,0,1
187,8503056,126,1,497664,11,5,forced,125,126,1,0
187,8503056,126,1,524288,19,0,flexible,126,126,0,0
187,8503056,126,1,531441,0,12,forced,125,126,1,0
187,8503056,126,1,559872,8,7,forced,125,126,1,0
187,8503056,126,1,589824,16,2,none,126,125,0,1
187,8503056,126,1,629856,5,9,none,126,125,0,1
187,8503056,126,1,663552,13,4,forced,125,126,1,0
187,8503056,126,1,708588,2,11,forced,125,126,1,0
187,8503056,126,1,746496,10,6,forced,125,126,1,0
187,8503056,126,1,786432,18,1,none,126,125,0,1
187,8503056,126,1,839808,7,8,none,126,125,0,1
187,8503056,126,1,884736,15,3,forced,125,126,1,0
187,8503056,126,1,944784,4,10,forced,125,126,1,0
187,8503056,126,1,995328,12,5,forced,125,126,1,0
187,8503056,126,1,1048576,20,0,flexible,126,126,0,0
187,8503056,126,1,1062882,1,12,forced,125,126,1,0
187,8503056,126,1,1119744,9,7,none,126,125,0,1
187,8503056,126,1,1179648,17,2,forced,125,126,1,0
187,8503056,126,1,1259712,6,9,forced,125,126,1,0
187,8503056,126,1,1327104,14,4,forced,125,126,1,0
187,8503056,126,1,1417176,3,11,forced,125,126,1,0
187,8503056,126,1,1492992,11,6,none,126,125,0,1
187,8503056,126,1,1572864,19,1,flexible,126,126,0,0
187,8503056,126,1,1594323,0,13,none,126,125,0,1
187,8503056,126,1,1679616,8,8,forced,125,126,1,0
187,8503056,126,1,1769472,16,3,flexible,126,126,0,0
187,8503056,126,1,1889568,5,10,forced,125,126,1,0
187,8503056,126,1,1990656,13,5,none,126,125,0,1
187,8503056,126,1,2097152,21,0,flexible,126,126,0,0
187,8503056,126,1,2125764,2,12,none,126,125,0,1
187,8503056,126,1,2239488,10,7,flexible,126,126,0,0
187,8503056,126,1,2359296,18,2,flexible,126,126,0,0
187,8503056,126,1,2519424,7,9,forced,125,126,1,0
187,8503056,126,1,2654208,15,4,none,126,125,0,1
187,8503056,126,1,2834352,4,11,none,126,125,0,1
187,8503056,126,1,2985984,12,6,forced,125,126,1,0
187,8503056,126,1,3145728,20,1,forced,125,126,1,0
187,8503056,126,1,3188646,1,13,forced,125,126,1,0
187,8503056,126,1,3359232,9,8,forced,125,126,1,0
187,8503056,126,1,3538944,17,3,flexible,126,126,0,0
187,8503056,126,1,3779136,6,10,none,126,125,0,1
187,8503056,126,1,3981312,14,5,forced,125,126,1,0
187,8503056,126,1,4194304,22,0,flexible,126,126,0,0
187,8503056,126,1,4251528,3,12,forced,125,126,1,0
187,8503056,126,1,4478976,11,7,flexible,126,126,0,0
187,8503056,126,1,4718592,19,2,flexible,126,126,0,0
187,8503056,126,1,4782969,0,14,forced,125,126,1,0
187,8503056,126,1,5038848,8,9,none,126,125,0,1
187,8503056,126,1,5308416,16,4,flexible,126,126,0,0
187,8503056,126,1,5668704,5,11,forced,125,126,1,0
187,8503056,126,1,5971968,13,6,forced,125,126,1,0
187,8503056,126,1,6291456,21,1,flexible,126,126,0,0
187,8503056,126,1,6377292,2,13,forced,125,126,1,0
187,8503056,126,1,6718464,10,8,flexible,126,126,0,0
187,8503056,126,1,7077888,18,3,flexible,126,126,0,0
187,8503056,126,1,7558272,7,10,forced,125,126,1,0
187,8503056,126,1,7962624,15,5,forced,125,126,1,0
187,8503056,126,1,8388608,23,0,forced,125,126,1,0
187,8503056,126,1,8503056,4,12,forced,125,126,1,0
188,8957952,126,0,1,0,0,flexible,126,126,0,0
188,8957952,126,0,2,1,0,flexible,126,126,0,0
188,8957952,126,0,3,0,1,flexible,126,126,0,0
188,8957952,126,0,4,2,0,flexible,126,126,0,0
188,8957952,126,0,6,1,1,flexible,126,126,0,0
188,8957952,126,0,8,3,0,flexible,126,126,0,0
188,8957952,126,0,9,0,2,forced,125,126,1,0
188,8957952,126,0,12,2,1,forced,125,126,1,0
188,8957952,126,0,16,4,0,forced,125,126,1,0
188,8957952,126,0,18,1,2,flexible,126,126,0,0
188,8957952,126,0,24,3,1,flexible,126,126,0,0
188,8957952,126,0,27,0,3,flexible,126,126,0,0
188,8957952,126,0,32,5,0,flexible,126,126,0,0
188,8957952,126,0,36,2,2,flexible,126,126,0,0
188,8957952,126,0,48,4,1,flexible,126,126,0,0
188,8957952,126,0,54,1,3,forced,125,126,1,0
188,8957952,126,0,64,6,0,flexible,126,126,0,0
188,8957952,126,0,72,3,2,forced,125,126,1,0
188,8957952,126,0,81,0,4,flexible,126,126,0,0
188,8957952,126,0,96,5,1,forced,125,126,1,0
188,8957952,126,0,108,2,3,flexible,126,126,0,0
188,8957952,126,0,128,7,0,forced,125,126,1,0
188,8957952,126,0,144,4,2,flexible,126,126,0,0
188,8957952,126,0,162,1,4,flexible,126,126,0,0
188,8957952,126,0,192,6,1,flexible,126,126,0,0
188,8957952,126,0,216,3,3,flexible,126,126,0,0
188,8957952,126,0,243,0,5,forced,125,126,1,0
188,8957952,126,0,256,8,0,flexible,126,126,0,0
188,8957952,126,0,288,5,2,flexible,126,126,0,0
188,8957952,126,0,324,2,4,forced,125,126,1,0
188,8957952,126,0,384,7,1,flexible,126,126,0,0
188,8957952,126,0,432,4,3,forced,125,126,1,0
188,8957952,126,0,486,1,5,flexible,126,126,0,0
188,8957952,126,0,512,9,0,flexible,126,126,0,0
188,8957952,126,0,576,6,2,forced,125,126,1,0
188,8957952,126,0,648,3,4,flexible,126,126,0,0
188,8957952,126,0,729,0,6,flexible,126,126,0,0
188,8957952,126,0,768,8,1,forced,125,126,1,0
188,8957952,126,0,864,5,3,flexible,126,126,0,0
188,8957952,126,0,972,2,5,flexible,126,126,0,0
188,8957952,126,0,1024,10,0,forced,125,126,1,0
188,8957952,126,0,1152,7,2,flexible,126,126,0,0
188,8957952,126,0,1296,4,4,flexible,126,126,0,0
188,8957952,126,0,1458,1,6,forced,125,126,1,0
188,8957952,126,0,1536,9,1,flexible,126,126,0,0
188,8957952,126,0,1728,6,3,flexible,126,126,0,0
188,8957952,126,0,1944,3,5,forced,125,126,1,0
188,8957952,126,0,2048,11,0,flexible,126,126,0,0
188,8957952,126,0,2187,0,7,flexible,126,126,0,0
188,8957952,126,0,2304,8,2,flexible,126,126,0,0
188,8957952,126,0,2592,5,4,forced,125,126,1,0
188,8957952,126,0,2916,2,6,flexible,126,126,0,0
188,8957952,126,0,3072,10,1,flexible,126,126,0,0
188,8957952,126,0,3456,7,3,forced,125,126,1,0
188,8957952,126,0,3888,4,5,flexible,126,126,0,0
188,8957952,126,0,4096,12,0,flexible,126,126,0,0
188,8957952,126,0,4374,1,7,flexible,126,126,0,0
188,8957952,126,0,4608,9,2,forced,125,126,1,0
188,8957952,126,0,5184,6,4,flexible,126,126,0,0
188,8957952,126,0,5832,3,6,flexible,126,126,0,0
188,8957952,126,0,6144,11,1,forced,125,126,1,0
188,8957952,126,0,6561,0,8,forced,125,126,1,0
188,8957952,126,0,6912,8,3,flexible,126,126,0,0
188,8957952,126,0,7776,5,5,flexible,126,126,0,0
188,8957952,126,0,8192,13,0,forced,125,126,1,0
188,8957952,126,0,8748,2,7,forced,125,126,1,0
188,8957952,126,0,9216,10,2,flexible,126,126,0,0
188,8957952,126,0,10368,7,4,flexible,126,126,0,0
188,8957952,126,0,11664,4,6,forced,125,126,1,0
188,8957952,126,0,12288,12,1,flexible,126,126,0,0
188,8957952,126,0,13122,1,8,flexible,126,126,0,0
188,8957952,126,0,13824,9,3,flexible,126,126,0,0
188,8957952,126,0,15552,6,5,forced,125,126,1,0
188,8957952,126,0,16384,14,0,flexible,126,126,0,0
188,8957952,126,0,17496,3,7,flexible,126,126,0,0
188,8957952,126,0,18432,11,2,flexible,126,126,0,0
188,8957952,126,0,19683,0,9,flexible,126,126,0,0
188,8957952,126,0,20736,8,4,forced,125,126,1,0
188,8957952,126,0,23328,5,6,flexible,126,126,0,0
188,8957952,126,0,24576,13,1,flexible,126,126,0,0
188,8957952,126,0,26244,2,8,flexible,126,126,0,0
188,8957952,126,0,27648,10,3,forced,125,126,1,0
188,8957952,126,0,31104,7,5,flexible,126,126,0,0
188,8957952,126,0,32768,15,0,flexible,126,126,0,0
188,8957952,126,0,34992,4,7,flexible,126,126,0,0
188,8957952,126,0,36864,12,2,forced,125,126,1,0
188,8957952,126,0,39366,1,9,forced,125,126,1,0
188,8957952,126,0,41472,9,4,flexible,126,126,0,0
188,8957952,126,0,46656,6,6,flexible,126,126,0,0
188,8957952,126,0,49152,14,1,forced,125,126,1,0
188,8957952,126,0,52488,3,8,forced,125,126,1,0
188,8957952,126,0,55296,11,3,flexible,126,126,0,0
188,8957952,126,0,59049,0,10,flexible,126,126,0,0
188,8957952,126,0,62208,8,5,flexible,126,126,0,0
188,8957952,126,0,65536,16,0,forced,125,126,1,0
188,8957952,126,0,69984,5,7,forced,125,126,1,0
188,8957952,126,0,73728,13,2,flexible,126,126,0,0
188,8957952,126,0,78732,2,9,flexible,126,126,0,0
188,8957952,126,0,82944,10,4,flexible,126,126,0,0
188,8957952,126,0,93312,7,6,forced,125,126,1,0
188,8957952,126,0,98304,15,1,flexible,126,126,0,0
188,8957952,126,0,104976,4,8,flexible,126,126,0,0
188,8957952,126,0,110592,12,3,flexible,126,126,0,0
188,8957952,126,0,118098,1,10,flexible,126,126,0,0
188,8957952,126,0,124416,9,5,forced,125,126,1,0
188,8957952,126,0,131072,17,0,flexible,126,126,0,0
188,8957952,126,0,139968,6,7,flexible,126,126,0,0
188,8957952,126,0,147456,14,2,flexible,126,126,0,0
188,8957952,126,0,157464,3,9,flexible,126,126,0,0
188,8957952,126,0,165888,11,4,forced,125,126,1,0
188,8957952,126,0,177147,0,11,forced,125,126,1,0
188,8957952,126,0,186624,8,6,flexible,126,126,0,0
188,8957952,126,0,196608,16,1,flexible,126,126,0,0
188,8957952,126,0,209952,5,8,flexible,126,126,0,0
188,8957952,126,0,221184,13,3,forced,125,126,1,0
188,8957952,126,0,236196,2,10,forced,125,126,1,0
188,8957952,126,0,248832,10,5,flexible,126,126,0,0
188,8957952,126,0,262144,18,0,flexible,126,126,0,0
188,8957952,126,0,279936,7,7,flexible,126,126,0,0
188,8957952,126,0,294912,15,2,forced,125,126,1,0
188,8957952,126,0,314928,4,9,forced,125,126,1,0
188,8957952,126,0,331776,12,4,flexible,126,126,0,0
188,8957952,126,0,354294,1,11,flexible,126,126,0,0
188,8957952,126,0,373248,9,6,flexible,126,126,0,0
188,8957952,126,0,393216,17,1,forced,125,126,1,0
188,8957952,126,0,419904,6,8,forced,125,126,1,0
188,8957952,126,0,442368,14,3,flexible,126,126,0,0
188,8957952,126,0,472392,3,10,flexible,126,126,0,0
188,8957952,126,0,497664,11,5,flexible,126,126,0,0
188,8957952,126,0,524288,19,0,flexible,126,126,0,0
188,8957952,126,0,531441,0,12,flexible,126,126,0,0
188,8957952,126,0,559872,8,7,forced,125,126,1,0
188,8957952,126,0,589824,16,2,flexible,126,126,0,0
188,8957952,126,0,629856,5,9,flexible,126,126,0,0
188,8957952,126,0,663552,13,4,flexible,126,126,0,0
188,8957952,126,0,708588,2,11,flexible,126,126,0,0
188,8957952,126,0,746496,10,6,forced,125,126,1,0
188,8957952,126,0,786432,18,1,flexible,126,126,0,0
188,8957952,126,0,839808,7,8,flexible,126,126,0,0
188,8957952,126,0,884736,15,3,flexible,126,126,0,0
188,8957952,126,0,944784,4,10,flexible,126,126,0,0
188,8957952,126,0,995328,12,5,flexible,126,126,0,0
188,8957952,126,0,1048576,20,0,flexible,126,126,0,0
188,8957952,126,0,1062882,1,12,forced,125,126,1,0
188,8957952,126,0,1119744,9,7,flexible,126,126,0,0
188,8957952,126,0,1179648,17,2,flexible,126,126,0,0
188,8957952,126,0,1259712,6,9,flexible,126,126,0,0
188,8957952,126,0,1327104,14,4,forced,125,126,1,0
188,8957952,126,0,1417176,3,11,forced,125,126,1,0
188,8957952,126,0,1492992,11,6,flexible,126,126,0,0
188,8957952,126,0,1572864,19,1,flexible,126,126,0,0
188,8957952,126,0,1594323,0,13,flexible,126,126,0,0
188,8957952,126,0,1679616,8,8,flexible,126,126,0,0
188,8957952,126,0,1769472,16,3,flexible,126,126,0,0
188,8957952,126,0,1889568,5,10,forced,125,126,1,0
188,8957952,126,0,1990656,13,5,flexible,126,126,0,0
188,8957952,126,0,2097152,21,0,flexible,126,126,0,0
188,8957952,126,0,2125764,2,12,flexible,126,126,0,0
188,8957952,126,0,2239488,10,7,flexible,126,126,0,0
188,8957952,126,0,2359296,18,2,flexible,126,126,0,0
188,8957952,126,0,2519424,7,9,flexible,126,126,0,0
188,8957952,126,0,2654208,15,4,flexible,126,126,0,0
188,8957952,126,0,2834352,4,11,flexible,126,126,0,0
188,8957952,126,0,2985984,12,6,flexible,126,126,0,0
188,8957952,126,0,3145728,20,1,forced,125,126,1,0
188,8957952,126,0,3188646,1,13,flexible,126,126,0,0
188,8957952,126,0,3359232,9,8,forced,125,126,1,0
188,8957952,126,0,3538944,17,3,flexible,126,126,0,0
188,8957952,126,0,3779136,6,10,flexible,126,126,0,0
188,8957952,126,0,3981312,14,5,flexible,126,126,0,0
188,8957952,126,0,4194304,22,0,flexible,126,126,0,0
188,8957952,126,0,4251528,3,12,flexible,126,126,0,0
188,8957952,126,0,4478976,11,7,flexible,126,126,0,0
188,8957952,126,0,4718592,19,2,flexible,126,126,0,0
188,8957952,126,0,4782969,0,14,forced,125,126,1,0
188,8957952,126,0,5038848,8,9,flexible,126,126,0,0
188,8957952,126,0,5308416,16,4,flexible,126,126,0,0
188,8957952,126,0,5668704,5,11,flexible,126,126,0,0
188,8957952,126,0,5971968,13,6,flexible,126,126,0,0
188,8957952,126,0,6291456,21,1,flexible,126,126,0,0
188,8957952,126,0,6377292,2,13,forced,125,126,1,0
188,8957952,126,0,6718464,10,8,flexible,126,126,0,0
188,8957952,126,0,7077888,18,3,flexible,126,126,0,0
188,8957952,126,0,7558272,7,10,flexible,126,126,0,0
188,8957952,126,0,7962624,15,5,forced,125,126,1,0
188,8957952,126,0,8388608,23,0,forced,125,126,1,0
188,8957952,126,0,8503056,4,12,forced,125,126,1,0
188,8957952,126,0,8957952,12,7,flexible,126,126,0,0
189,9437184,127,1,1,0,0,forced,126,127,1,0
189,9437184,127,1,2,1,0,forced,126,127,1,0
189,9437184,127,1,3,0,1,none,127,126,0,1
189,9437184,127,1,4,2,0,none,127,126,0,1
189,9437184,127,1,6,1,1,forced,126,127,1,0
189,9437184,127,1,8,3,0,forced,126,127,1,0
189,9437184,127,1,9,0,2,forced,126,127,1,0
189,9437184,127,1,12,2,1,forced,126,127,1,0
189,9437184,127,1,16,4,0,forced,126,127,1,0
189,9437184,127,1,18,1,2,none,127,126,0,1
189,9437184,127,1,24,3,1,none,127,126,0,1
189,9437184,127,1,27,0,3,forced,126,127,1,0
189,9437184,127,1,32,5,0,none,127,126,0,1
189,9437184,127,1,36,2,2,forced,126,127,1,0
189,9437184,127,1,48,4,1,forced,126,127,1,0
189,9437184,127,1,54,1,3,forced,126,127,1,0
189,9437184,127,1,64,6,0,forced,126,127,1,0
189,9437184,127,1,72,3,2,forced,126,127,1,0
189,9437184,127,1,81,0,4,none,127,126,0,1
189,9437184,127,1,96,5,1,forced,126,127,1,0
189,9437184,127,1,108,2,3,none,127,126,0,1
189,9437184,127,1,128,7,0,forced,126,127,1,0
189,9437184,127,1,144,4,2,none,127,126,0,1
189,9437184,127,1,162,1,4,forced,126,127,1,0
189,9437184,127,1,192,6,1,none,127,126,0,1
189,9437184,127,1,216,3,3,forced,126,127,1,0
189,9437184,127,1,243,0,5,forced,126,127,1,0
189,9437184,127,1,256,8,0,none,127,126,0,1
189,9437184,127,1,288,5,2,forced,126,127,1,0
189,9437184,127,1,324,2,4,forced,126,127,1,0
189,9437184,127,1,384,7,1,forced,126,127,1,0
189,9437184,127,1,432,4,3,forced,126,127,1,0
189,9437184,127,1,486,1,5,none,127,126,0,1
189,9437184,127,1,512,9,0,forced,126,127,1,0
189,9437184,127,1,576,6,2,forced,126,127,1,0
189,9437184,127,1,648,3,4,none,127,126,0,1
189,9437184,127,1,729,0,6,forced,126,127,1,0
189,9437184,127,1,768,8,1,forced,126,127,1,0
189,9437184,127,1,864,5,3,none,127,126,0,1
189,9437184,127,1,972,2,5,forced,126,127,1,0
189,9437184,127,1,1024,10,0,forced,126,127,1,0
189,9437184,127,1,1152,7,2,none,127,126,0,1
189,9437184,127,1,1296,4,4,forced,126,127,1,0
189,9437184,127,1,1458,1,6,forced,126,127,1,0
189,9437184,127,1,1536,9,1,none,127,126,0,1
189,9437184,127,1,1728,6,3,forced,126,127,1,0
189,9437184,127,1,1944,3,5,forced,126,127,1,0
189,9437184,127,1,2048,11,0,none,127,126,0,1
189,9437184,127,1,2187,0,7,none,127,126,0,1
189,9437184,127,1,2304,8,2,forced,126,127,1,0
189,9437184,127,1,2592,5,4,forced,126,127,1,0
189,9437184,127,1,2916,2,6,none,127,126,0,1
189,9437184,127,1,3072,10,1,forced,126,127,1,0
189,9437184,127,1,3456,7,3,forced,126,127,1,0
189,9437184,127,1,3888,4,5,none,127,126,0,1
189,9437184,127,1,4096,12,0,forced,126,127,1,0
189,9437184,127,1,4374,1,7,forced,126,127,1,0
189,9437184,127,1,4608,9,2,forced,126,127,1,0
189,9437184,127,1,5184,6,4,none,127,126,0,1
189,9437184,127,1,5832,3,6,forced,126,127,1,0
189,9437184,127,1,6144,11,1,forced,126,127,1,0
189,9437184,127,1,6561,0,8,forced,126,127,1,0
189,9437184,127,1,6912,8,3,none,127,126,0,1
189,9437184,127,1,7776,5,5,forced,126,127,1,0
189,9437184,127,1,8192,13,0,forced,126,127,1,0
189,9437184,127,1,8748,2,7,forced,126,127,1,0
189,9437184,127,1,9216,10,2,none,127,126,0,1
189,9437184,127,1,10368,7,4,forced,126,127,1,0
189,9437184,127,1,11664,4,6,forced,126,127,1,0
189,9437184,127,1,12288,12,1,none,127,126,0,1
189,9437184,127,1,13122,1,8,none,127,126,0,1
189,9437184,127,1,13824,9,3,forced,126,127,1,0
189,9437184,127,1,15552,6,5,forced,126,127,1,0
189,9437184,127,1,16384,14,0,none,127,126,0,1
189,9437184,127,1,17496,3,7,none,127,126,0,1
189,9437184,127,1,18432,11,2,forced,126,127,1,0
189,9437184,127,1,19683,0,9,forced,126,127,1,0
189,9437184,127,1,20736,8,4,forced,126,127,1,0
189,9437184,127,1,23328,5,6,none,127,126,0,1
189,9437184,127,1,24576,13,1,forced,126,127,1,0
189,9437184,127,1,26244,2,8,forced,126,127,1,0
189,9437184,127,1,27648,10,3,forced,126,127,1,0
189,9437184,127,1,31104,7,5,none,127,126,0,1
189,9437184,127,1,32768,15,0,forced,126,127,1,0
189,9437184,127,1,34992,4,7,forced,126,127,1,0
189,9437184,127,1,36864,12,2,forced,126,127,1,0
189,9437184,127,1,39366,1,9,forced,126,127,1,0
189,9437184,127,1,41472,9,4,none,127,126,0,1
189,9437184,127,1,46656,6,6,forced,126,127,1,0
189,9437184,127,1,49152,14,1,forced,126,127,1,0
189,9437184,127,1,52488,3,8,forced,126,127,1,0
189,9437184,127,1,55296,11,3,none,127,126,0,1
189,9437184,127,1,59049,0,10,none,127,126,0,1
189,9437184,127,1,62208,8,5,forced,126,127,1,0
189,9437184,127,1,65536,16,0,forced,126,127,1,0
189,9437184,127,1,69984,5,7,forced,126,127,1,0
189,9437184,127,1,73728,13,2,none,127,126,0,1
189,9437184,127,1,78732,2,9,none,127,126,0,1
189,9437184,127,1,82944,10,4,forced,126,127,1,0
189,9437184,127,1,93312,7,6,forced,126,127,1,0
189,9437184,127,1,98304,15,1,none,127,126,0,1
189,9437184,127,1,104976,4,8,none,127,126,0,1
189,9437184,127,1,110592,12,3,forced,126,127,1,0
189,9437184,127,1,118098,1,10,forced,126,127,1,0
189,9437184,127,1,124416,9,5,forced,126,127,1,0
189,9437184,127,1,131072,17,0,none,127,126,0,1
189,9437184,127,1,139968,6,7,none,127,126,0,1
189,9437184,127,1,147456,14,2,forced,126,127,1,0
189,9437184,127,1,157464,3,9,forced,126,127,1,0
189,9437184,127,1,165888,11,4,forced,126,127,1,0
189,9437184,127,1,177147,0,11,forced,126,127,1,0
189,9437184,127,1,186624,8,6,none,127,126,0,1
189,9437184,127,1,196608,16,1,forced,126,127,1,0
189,9437184,127,1,209952,5,8,forced,126,127,1,0
189,9437184,127,1,221184,13,3,forced,126,127,1,0
189,9437184,127,1,236196,2,10,forced,126,127,1,0
189,9437184,127,1,248832,10,5,none,127,126,0,1
189,9437184,127,1,262144,18,0,forced,126,127,1,0
189,9437184,127,1,279936,7,7,forced,126,127,1,0
189,9437184,127,1,294912,15,2,forced,126,127,1,0
189,9437184,127,1,314928,4,9,forced,126,127,1,0
189,9437184,127,1,331776,12,4,none,127,126,0,1
189,9437184,127,1,354294,1,11,none,127,126,0,1
189,9437184,127,1,373248,9,6,forced,126,127,1,0
189,9437184,127,1,393216,17,1,forced,126,127,1,0
189,9437184,127,1,419904,6,8,forced,126,127,1,0
189,9437184,127,1,442368,14,3,none,127,126,0,1
189,9437184,127,1,472392,3,10,none,127,126,0,1
189,9437184,127,1,497664,11,5,flexible,127,127,0,0
189,9437184,127,1,524288,19,0,forced,126,127,1,0
189,9437184,127,1,531441,0,12,forced,126,127,1,0
189,9437184,127,1,559872,8,7,forced,126,127,1,0
189,9437184,127,1,589824,16,2,none,127,126,0,1
189,9437184,127,1,629856,5,9,none,127,126,0,1
189,9437184,127,1,663552,13,4,forced,126,127,1,0
189,9437184,127,1,708588,2,11,forced,126,127,1,0
189,9437184,127,1,746496,10,6,forced,126,127,1,0
189,9437184,127,1,786432,18,1,none,127,126,0,1
189,9437184,127,1,839808,7,8,none,127,126,0,1
189,9437184,127,1,884736,15,3,forced,126,127,1,0
189,9437184,127,1,944784,4,10,forced,126,127,1,0
189,9437184,127,1,995328,12,5,flexible,127,127,0,0
189,9437184,127,1,1048576,20,0,none,127,126,0,1
189,9437184,127,1,1062882,1,12,forced,126,127,1,0
189,9437184,127,1,1119744,9,7,none,127,126,0,1
189,9437184,127,1,1179648,17,2,forced,126,127,1,0
189,9437184,127,1,1259712,6,9,forced,126,127,1,0
189,9437184,127,1,1327104,14,4,forced,126,127,1,0
189,9437184,127,1,1417176,3,11,forced,126,127,1,0
189,9437184,127,1,1492992,11,6,flexible,127,127,0,0
189,9437184,127,1,1572864,19,1,forced,126,127,1,0
189,9437184,127,1,1594323,0,13,none,127,126,0,1
189,9437184,127,1,1679616,8,8,forced,126,127,1,0
189,9437184,127,1,1769472,16,3,forced,126,127,1,0
189,9437184,127,1,1889568,5,10,forced,126,127,1,0
189,9437184,127,1,1990656,13,5,none,127,126,0,1
189,9437184,127,1,2097152,21,0,forced,126,127,1,0
189,9437184,127,1,2125764,2,12,none,127,126,0,1
189,9437184,127,1,2239488,10,7,flexible,127,127,0,0
189,9437184,127,1,2359296,18,2,forced,126,127,1,0
189,9437184,127,1,2519424,7,9,forced,126,127,1,0
189,9437184,127,1,2654208,15,4,none,127,126,0,1
189,9437184,127,1,2834352,4,11,none,127,126,0,1
189,9437184,127,1,2985984,12,6,flexible,127,127,0,0
189,9437184,127,1,3145728,20,1,forced,126,127,1,0
189,9437184,127,1,3188646,1,13,forced,126,127,1,0
189,9437184,127,1,3359232,9,8,forced,126,127,1,0
189,9437184,127,1,3538944,17,3,none,127,126,0,1
189,9437184,127,1,3779136,6,10,none,127,126,0,1
189,9437184,127,1,3981312,14,5,forced,126,127,1,0
189,9437184,127,1,4194304,22,0,forced,126,127,1,0
189,9437184,127,1,4251528,3,12,forced,126,127,1,0
189,9437184,127,1,4478976,11,7,flexible,127,127,0,0
189,9437184,127,1,4718592,19,2,none,127,126,0,1
189,9437184,127,1,4782969,0,14,forced,126,127,1,0
189,9437184,127,1,5038848,8,9,none,127,126,0,1
189,9437184,127,1,5308416,16,4,forced,126,127,1,0
189,9437184,127,1,5668704,5,11,forced,126,127,1,0
189,9437184,127,1,5971968,13,6,flexible,127,127,0,0
189,9437184,127,1,6291456,21,1,none,127,126,0,1
189,9437184,127,1,6377292,2,13,forced,126,127,1,0
189,9437184,127,1,6718464,10,8,flexible,127,127,0,0
189,9437184,127,1,7077888,18,3,forced,126,127,1,0
189,9437184,127,1,7558272,7,10,forced,126,127,1,0
189,9437184,127,1,7962624,15,5,forced,126,127,1,0
189,9437184,127,1,8388608,23,0,forced,126,127,1,0
189,9437184,127,1,8503056,4,12,forced,126,127,1,0
189,9437184,127,1,8957952,12,7,flexible,127,127,0,0
189,9437184,127,1,9437184,20,2,forced,126,127,1,0
190,9565938,127,0,1,0,0,flexible,127,127,0,0
190,9565938,127,0,2,1,0,flexible,127,127,0,0
190,9565938,127,0,3,0,1,flexible,127,127,0,0
190,9565938,127,0,4,2,0,flexible,127,127,0,0
190,9565938,127,0,6,1,1,flexible,127,127,0,0
190,9565938,127,0,8,3,0,flexible,127,127,0,0
190,9565938,127,0,9,0,2,flexible,127,127,0,0
190,9565938,127,0,12,2,1,flexible,127,127,0,0
190,9565938,127,0,16,4,0,flexible,127,127,0,0
190,9565938,127,0,18,1,2,flexible,127,127,0,0
190,9565938,127,0,24,3,1,flexible,127,127,0,0
190,9565938,127,0,27,0,3,flexible,127,127,0,0
190,9565938,127,0,32,5,0,flexible,127,127,0,0
190,9565938,127,0,36,2,2,flexible,127,127,0,0
190,9565938,127,0,48,4,1,flexible,127,127,0,0
190,9565938,127,0,54,1,3,flexible,127,127,0,0
190,9565938,127,0,64,6,0,flexible,127,127,0,0
190,9565938,127,0,72,3,2,flexible,127,127,0,0
190,9565938,127,0,81,0,4,flexible,127,127,0,0
190,9565938,127,0,96,5,1,flexible,127,127,0,0
190,9565938,127,0,108,2,3,flexible,127,127,0,0
190,9565938,127,0,128,7,0,flexible,127,127,0,0
190,9565938,127,0,144,4,2,flexible,127,127,0,0
190,9565938,127,0,162,1,4,flexible,127,127,0,0
190,9565938,127,0,192,6,1,flexible,127,127,0,0
190,9565938,127,0,216,3,3,flexible,127,127,0,0
190,9565938,127,0,243,0,5,flexible,127,127,0,0
190,9565938,127,0,256,8,0,flexible,127,127,0,0
190,9565938,127,0,288,5,2,flexible,127,127,0,0
190,9565938,127,0,324,2,4,flexible,127,127,0,0
190,9565938,127,0,384,7,1,flexible,127,127,0,0
190,9565938,127,0,432,4,3,flexible,127,127,0,0
190,9565938,127,0,486,1,5,flexible,127,127,0,0
190,9565938,127,0,512,9,0,flexible,127,127,0,0
190,9565938,127,0,576,6,2,flexible,127,127,0,0
190,9565938,127,0,648,3,4,flexible,127,127,0,0
190,9565938,127,0,729,0,6,flexible,127,127,0,0
190,9565938,127,0,768,8,1,flexible,127,127,0,0
190,9565938,127,0,864,5,3,flexible,127,127,0,0
190,9565938,127,0,972,2,5,flexible,127,127,0,0
190,9565938,127,0,1024,10,0,flexible,127,127,0,0
190,9565938,127,0,1152,7,2,flexible,127,127,0,0
190,9565938,127,0,1296,4,4,flexible,127,127,0,0
190,9565938,127,0,1458,1,6,flexible,127,127,0,0
190,9565938,127,0,1536,9,1,flexible,127,127,0,0
190,9565938,127,0,1728,6,3,flexible,127,127,0,0
190,9565938,127,0,1944,3,5,flexible,127,127,0,0
190,9565938,127,0,2048,11,0,flexible,127,127,0,0
190,9565938,127,0,2187,0,7,flexible,127,127,0,0
190,9565938,127,0,2304,8,2,flexible,127,127,0,0
190,9565938,127,0,2592,5,4,flexible,127,127,0,0
190,9565938,127,0,2916,2,6,flexible,127,127,0,0
190,9565938,127,0,3072,10,1,flexible,127,127,0,0
190,9565938,127,0,3456,7,3,flexible,127,127,0,0
190,9565938,127,0,3888,4,5,flexible,127,127,0,0
190,9565938,127,0,4096,12,0,flexible,127,127,0,0
190,9565938,127,0,4374,1,7,flexible,127,127,0,0
190,9565938,127,0,4608,9,2,flexible,127,127,0,0
190,9565938,127,0,5184,6,4,flexible,127,127,0,0
190,9565938,127,0,5832,3,6,flexible,127,127,0,0
190,9565938,127,0,6144,11,1,flexible,127,127,0,0
190,9565938,127,0,6561,0,8,flexible,127,127,0,0
190,9565938,127,0,6912,8,3,flexible,127,127,0,0
190,9565938,127,0,7776,5,5,flexible,127,127,0,0
190,9565938,127,0,8192,13,0,flexible,127,127,0,0
190,9565938,127,0,8748,2,7,flexible,127,127,0,0
190,9565938,127,0,9216,10,2,flexible,127,127,0,0
190,9565938,127,0,10368,7,4,flexible,127,127,0,0
190,9565938,127,0,11664,4,6,flexible,127,127,0,0
190,9565938,127,0,12288,12,1,flexible,127,127,0,0
190,9565938,127,0,13122,1,8,flexible,127,127,0,0
190,9565938,127,0,13824,9,3,flexible,127,127,0,0
190,9565938,127,0,15552,6,5,flexible,127,127,0,0
190,9565938,127,0,16384,14,0,flexible,127,127,0,0
190,9565938,127,0,17496,3,7,flexible,127,127,0,0
190,9565938,127,0,18432,11,2,flexible,127,127,0,0
190,9565938,127,0,19683,0,9,flexible,127,127,0,0
190,9565938,127,0,20736,8,4,flexible,127,127,0,0
190,9565938,127,0,23328,5,6,flexible,127,127,0,0
190,9565938,127,0,24576,13,1,flexible,127,127,0,0
190,9565938,127,0,26244,2,8,flexible,127,127,0,0
190,9565938,127,0,27648,10,3,flexible,127,127,0,0
190,9565938,127,0,31104,7,5,flexible,127,127,0,0
190,9565938,127,0,32768,15,0,flexible,127,127,0,0
190,9565938,127,0,34992,4,7,flexible,127,127,0,0
190,9565938,127,0,36864,12,2,flexible,127,127,0,0
190,9565938,127,0,39366,1,9,flexible,127,127,0,0
190,9565938,127,0,41472,9,4,flexible,127,127,0,0
190,9565938,127,0,46656,6,6,flexible,127,127,0,0
190,9565938,127,0,49152,14,1,flexible,127,127,0,0
190,9565938,127,0,52488,3,8,flexible,127,127,0,0
190,9565938,127,0,55296,11,3,flexible,127,127,0,0
190,9565938,127,0,59049,0,10,flexible,127,127,0,0
190,9565938,127,0,62208,8,5,flexible,127,127,0,0
190,9565938,127,0,65536,16,0,flexible,127,127,0,0
190,9565938,127,0,69984,5,7,flexible,127,127,0,0
190,9565938,127,0,73728,13,2,flexible,127,127,0,0
190,9565938,127,0,78732,2,9,flexible,127,127,0,0
190,9565938,127,0,82944,10,4,flexible,127,127,0,0
190,9565938,127,0,93312,7,6,flexible,127,127,0,0
190,9565938,127,0,98304,15,1,flexible,127,127,0,0
190,9565938,127,0,104976,4,8,flexible,127,127,0,0
190,9565938,127,0,110592,12,3,flexible,127,127,0,0
190,9565938,127,0,118098,1,10,flexible,127,127,0,0
190,9565938,127,0,124416,9,5,flexible,127,127,0,0
190,9565938,127,0,131072,17,0,flexible,127,127,0,0
190,9565938,127,0,139968,6,7,flexible,127,127,0,0
190,9565938,127,0,147456,14,2,flexible,127,127,0,0
190,9565938,127,0,157464,3,9,flexible,127,127,0,0
190,9565938,127,0,165888,11,4,flexible,127,127,0,0
190,9565938,127,0,177147,0,11,flexible,127,127,0,0
190,9565938,127,0,186624,8,6,flexible,127,127,0,0
190,9565938,127,0,196608,16,1,flexible,127,127,0,0
190,9565938,127,0,209952,5,8,flexible,127,127,0,0
190,9565938,127,0,221184,13,3,flexible,127,127,0,0
190,9565938,127,0,236196,2,10,flexible,127,127,0,0
190,9565938,127,0,248832,10,5,flexible,127,127,0,0
190,9565938,127,0,262144,18,0,flexible,127,127,0,0
190,9565938,127,0,279936,7,7,flexible,127,127,0,0
190,9565938,127,0,294912,15,2,flexible,127,127,0,0
190,9565938,127,0,314928,4,9,flexible,127,127,0,0
190,9565938,127,0,331776,12,4,flexible,127,127,0,0
190,9565938,127,0,354294,1,11,flexible,127,127,0,0
190,9565938,127,0,373248,9,6,flexible,127,127,0,0
190,9565938,127,0,393216,17,1,flexible,127,127,0,0
190,9565938,127,0,419904,6,8,flexible,127,127,0,0
190,9565938,127,0,442368,14,3,flexible,127,127,0,0
190,9565938,127,0,472392,3,10,flexible,127,127,0,0
190,9565938,127,0,497664,11,5,flexible,127,127,0,0
190,9565938,127,0,524288,19,0,flexible,127,127,0,0
190,9565938,127,0,531441,0,12,flexible,127,127,0,0
190,9565938,127,0,559872,8,7,flexible,127,127,0,0
190,9565938,127,0,589824,16,2,flexible,127,127,0,0
190,9565938,127,0,629856,5,9,flexible,127,127,0,0
190,9565938,127,0,663552,13,4,flexible,127,127,0,0
190,9565938,127,0,708588,2,11,flexible,127,127,0,0
190,9565938,127,0,746496,10,6,flexible,127,127,0,0
190,9565938,127,0,786432,18,1,flexible,127,127,0,0
190,9565938,127,0,839808,7,8,flexible,127,127,0,0
190,9565938,127,0,884736,15,3,flexible,127,127,0,0
190,9565938,127,0,944784,4,10,flexible,127,127,0,0
190,9565938,127,0,995328,12,5,flexible,127,127,0,0
190,9565938,127,0,1048576,20,0,flexible,127,127,0,0
190,9565938,127,0,1062882,1,12,flexible,127,127,0,0
190,9565938,127,0,1119744,9,7,flexible,127,127,0,0
190,9565938,127,0,1179648,17,2,flexible,127,127,0,0
190,9565938,127,0,1259712,6,9,flexible,127,127,0,0
190,9565938,127,0,1327104,14,4,flexible,127,127,0,0
190,9565938,127,0,1417176,3,11,flexible,127,127,0,0
190,9565938,127,0,1492992,11,6,flexible,127,127,0,0
190,9565938,127,0,1572864,19,1,flexible,127,127,0,0
190,9565938,127,0,1594323,0,13,flexible,127,127,0,0
190,9565938,127,0,1679616,8,8,flexible,127,127,0,0
190,9565938,127,0,1769472,16,3,flexible,127,127,0,0
190,9565938,127,0,1889568,5,10,flexible,127,127,0,0
190,9565938,127,0,1990656,13,5,flexible,127,127,0,0
190,9565938,127,0,2097152,21,0,flexible,127,127,0,0
190,9565938,127,0,2125764,2,12,flexible,127,127,0,0
190,9565938,127,0,2239488,10,7,flexible,127,127,0,0
190,9565938,127,0,2359296,18,2,flexible,127,127,0,0
190,9565938,127,0,2519424,7,9,flexible,127,127,0,0
190,9565938,127,0,2654208,15,4,flexible,127,127,0,0
190,9565938,127,0,2834352,4,11,flexible,127,127,0,0
190,9565938,127,0,2985984,12,6,flexible,127,127,0,0
190,9565938,127,0,3145728,20,1,flexible,127,127,0,0
190,9565938,127,0,3188646,1,13,flexible,127,127,0,0
190,9565938,127,0,3359232,9,8,flexible,127,127,0,0
190,9565938,127,0,3538944,17,3,flexible,127,127,0,0
190,9565938,127,0,3779136,6,10,flexible,127,127,0,0
190,9565938,127,0,3981312,14,5,flexible,127,127,0,0
190,9565938,127,0,4194304,22,0,flexible,127,127,0,0
190,9565938,127,0,4251528,3,12,flexible,127,127,0,0
190,9565938,127,0,4478976,11,7,flexible,127,127,0,0
190,9565938,127,0,4718592,19,2,flexible,127,127,0,0
190,9565938,127,0,4782969,0,14,flexible,127,127,0,0
190,9565938,127,0,5038848,8,9,flexible,127,127,0,0
190,9565938,127,0,5308416,16,4,flexible,127,127,0,0
190,9565938,127,0,5668704,5,11,flexible,127,127,0,0
190,9565938,127,0,5971968,13,6,flexible,127,127,0,0
190,9565938,127,0,6291456,21,1,flexible,127,127,0,0
190,9565938,127,0,6377292,2,13,flexible,127,127,0,0
190,9565938,127,0,6718464,10,8,flexible,127,127,0,0
190,9565938,127,0,7077888,18,3,flexible,127,127,0,0
190,9565938,127,0,7558272,7,10,flexible,127,127,0,0
190,9565938,127,0,7962624,15,5,flexible,127,127,0,0
190,9565938,127,0,8388608,23,0,forced,126,127,1,0
190,9565938,127,0,8503056,4,12,flexible,127,127,0,0
190,9565938,127,0,8957952,12,7,flexible,127,127,0,0
190,9565938,127,0,9437184,20,2,flexible,127,127,0,0
190,9565938,127,0,9565938,1,14,flexible,127,127,0,0
191,10077696,128,1,1,0,0,forced,127,128,1,0
191,10077696,128,1,2,1,0,flexible,128,128,0,0
191,10077696,128,1,3,0,1,flexible,128,128,0,0
191,10077696,128,1,4,2,0,flexible,128,128,0,0
191,10077696,128,1,6,1,1,forced,127,128,1,0
191,10077696,128,1,8,3,0,forced,127,128,1,0
191,10077696,128,1,9,0,2,flexible,128,128,0,0
191,10077696,128,1,12,2,1,flexible,128,128,0,0
191,10077696,128,1,16,4,0,flexible,128,128,0,0
191,10077696,128,1,18,1,2,flexible,128,128,0,0
191,10077696,128,1,24,3,1,flexible,128,128,0,0
191,10077696,128,1,27,0,3,forced,127,128,1,0
191,10077696,128,1,32,5,0,flexible,128,128,0,0
191,10077696,128,1,36,2,2,forced,127,128,1,0
191,10077696,128,1,48,4,1,forced,127,128,1,0
191,10077696,128,1,54,1,3,flexible,128,128,0,0
191,10077696,128,1,64,6,0,forced,127,128,1,0
191,10077696,128,1,72,3,2,flexible,128,128,0,0
191,10077696,128,1,81,0,4,flexible,128,128,0,0
191,10077696,128,1,96,5,1,flexible,128,128,0,0
191,10077696,128,1,108,2,3,flexible,128,128,0,0
191,10077696,128,1,128,7,0,flexible,128,128,0,0
191,10077696,128,1,144,4,2,flexible,128,128,0,0
191,10077696,128,1,162,1,4,forced,127,128,1,0
191,10077696,128,1,192,6,1,flexible,128,128,0,0
191,10077696,128,1,216,3,3,forced,127,128,1,0
191,10077696,128,1,243,0,5,flexible,128,128,0,0
191,10077696,128,1,256,8,0,flexible,128,128,0,0
191,10077696,128,1,288,5,2,forced,127,128,1,0
191,10077696,128,1,324,2,4,flexible,128,128,0,0
191,10077696,128,1,384,7,1,forced,127,128,1,0
191,10077696,128,1,432,4,3,flexible,128,128,0,0
191,10077696,128,1,486,1,5,flexible,128,128,0,0
191,10077696,128,1,512,9,0,forced,127,128,1,0
191,10077696,128,1,576,6,2,flexible,128,128,0,0
191,10077696,128,1,648,3,4,flexible,128,128,0,0
191,10077696,128,1,729,0,6,forced,127,128,1,0
191,10077696,128,1,768,8,1,flexible,128,128,0,0
191,10077696,128,1,864,5,3,flexible,128,128,0,0
191,10077696,128,1,972,2,5,forced,127,128,1,0
191,10077696,128,1,1024,10,0,flexible,128,128,0,0
191,10077696,128,1,1152,7,2,flexible,128,128,0,0
191,10077696,128,1,1296,4,4,forced,127,128,1,0
191,10077696,128,1,1458,1,6,flexible,128,128,0,0
191,10077696,128,1,1536,9,1,flexible,128,128,0,0
191,10077696,128,1,1728,6,3,forced,127,128,1,0
191,10077696,128,1,1944,3,5,flexible,128,128,0,0
191,10077696,128,1,2048,11,0,flexible,128,128,0,0
191,10077696,128,1,2187,0,7,flexible,128,128,0,0
191,10077696,128,1,2304,8,2,forced,127,128,1,0
191,10077696,128,1,2592,5,4,flexible,128,128,0,0
191,10077696,128,1,2916,2,6,flexible,128,128,0,0
191,10077696,128,1,3072,10,1,forced,127,128,1,0
191,10077696,128,1,3456,7,3,flexible,128,128,0,0
191,10077696,128,1,3888,4,5,flexible,128,128,0,0
191,10077696,128,1,4096,12,0,forced,127,128,1,0
191,10077696,128,1,4374,1,7,forced,127,128,1,0
191,10077696,128,1,4608,9,2,flexible,128,128,0,0
191,10077696,128,1,5184,6,4,flexible,128,128,0,0
191,10077696,128,1,5832,3,6,forced,127,128,1,0
191,10077696,128,1,6144,11,1,flexible,128,128,0,0
191,10077696,128,1,6561,0,8,flexible,128,128,0,0
191,10077696,128,1,6912,8,3,flexible,128,128,0,0
191,10077696,128,1,7776,5,5,forced,127,128,1,0
191,10077696,128,1,8192,13,0,flexible,128,128,0,0
191,10077696,128,1,8748,2,7,flexible,128,128,0,0
191,10077696,128,1,9216,10,2,flexible,128,128,0,0
191,10077696,128,1,10368,7,4,forced,127,128,1,0
191,10077696,128,1,11664,4,6,flexible,128,128,0,0
191,10077696,128,1,12288,12,1,flexible,128,128,0,0
191,10077696,128,1,13122,1,8,flexible,128,128,0,0
191,10077696,128,1,13824,9,3,forced,127,128,1,0
191,10077696,128,1,15552,6,5,flexible,128,128,0,0
191,10077696,128,1,16384,14,0,flexible,128,128,0,0
191,10077696,128,1,17496,3,7,flexible,128,128,0,0
191,10077696,128,1,18432,11,2,forced,127,128,1,0
191,10077696,128,1,19683,0,9,forced,127,128,1,0
191,10077696,128,1,20736,8,4,flexible,128,128,0,0
191,10077696,128,1,23328,5,6,flexible,128,128,0,0
191,10077696,128,1,24576,13,1,forced,127,128,1,0
191,10077696,128,1,26244,2,8,forced,127,128,1,0
191,10077696,128,1,27648,10,3,flexible,128,128,0,0
191,10077696,128,1,31104,7,5,flexible,128,128,0,0
191,10077696,128,1,32768,15,0,forced,127,128,1,0
191,10077696,128,1,34992,4,7,forced,127,128,1,0
191,10077696,128,1,36864,12,2,flexible,128,128,0,0
191,10077696,128,1,39366,1,9,flexible,128,128,0,0
191,10077696,128,1,41472,9,4,flexible,128,128,0,0
191,10077696,128,1,46656,6,6,forced,127,128,1,0
191,10077696,128,1,49152,14,1,flexible,128,128,0,0
191,10077696,128,1,52488,3,8,flexible,128,128,0,0
191,10077696,128,1,55296,11,3,flexible,128,128,0,0
191,10077696,128,1,59049,0,10,flexible,128,128,0,0
191,10077696,128,1,62208,8,5,forced,127,128,1,0
191,10077696,128,1,65536,16,0,flexible,128,128,0,0
191,10077696,128,1,69984,5,7,flexible,128,128,0,0
191,10077696,128,1,73728,13,2,flexible,128,128,0,0
191,10077696,128,1,78732,2,9,flexible,128,128,0,0
191,10077696,128,1,82944,10,4,forced,127,128,1,0
191,10077696,128,1,93312,7,6,flexible,128,128,0,0
191,10077696,128,1,98304,15,1,flexible,128,128,0,0
191,10077696,128,1,104976,4,8,flexible,128,128,0,0
191,10077696,128,1,110592,12,3,forced,127,128,1,0
191,10077696,128,1,118098,1,10,forced,127,128,1,0
191,10077696,128,1,124416,9,5,flexible,128,128,0,0
191,10077696,128,1,131072,17,0,flexible,128,128,0,0
191,10077696,128,1,139968,6,7,flexible,128,128,0,0
191,10077696,128,1,147456,14,2,forced,127,128,1,0
191,10077696,128,1,157464,3,9,forced,127,128,1,0
191,10077696,128,1,165888,11,4,flexible,128,128,0,0
191,10077696,128,1,177147,0,11,flexible,128,128,0,0
191,10077696,128,1,186624,8,6,flexible,128,128,0,0
191,10077696,128,1,196608,16,1,forced,127,128,1,0
191,10077696,128,1,209952,5,8,forced,127,128,1,0
191,10077696,128,1,221184,13,3,flexible,128,128,0,0
191,10077696,128,1,236196,2,10,flexible,128,128,0,0
191,10077696,128,1,248832,10,5,flexible,128,128,0,0
191,10077696,128,1,262144,18,0,forced,127,128,1,0
191,10077696,128,1,279936,7,7,forced,127,128,1,0
191,10077696,128,1,294912,15,2,flexible,128,128,0,0
191,10077696,128,1,314928,4,9,flexible,128,128,0,0
191,10077696,128,1,331776,12,4,flexible,128,128,0,0
191,10077696,128,1,354294,1,11,flexible,128,128,0,0
191,10077696,128,1,373248,9,6,forced,127,128,1,0
191,10077696,128,1,393216,17,1,flexible,128,128,0,0
191,10077696,128,1,419904,6,8,flexible,128,128,0,0
191,10077696,128,1,442368,14,3,flexible,128,128,0,0
191,10077696,128,1,472392,3,10,flexible,128,128,0,0
191,10077696,128,1,497664,11,5,forced,127,128,1,0
191,10077696,128,1,524288,19,0,flexible,128,128,0,0
191,10077696,128,1,531441,0,12,flexible,128,128,0,0
191,10077696,128,1,559872,8,7,flexible,128,128,0,0
191,10077696,128,1,589824,16,2,flexible,128,128,0,0
191,10077696,128,1,629856,5,9,flexible,128,128,0,0
191,10077696,128,1,663552,13,4,forced,127,128,1,0
191,10077696,128,1,708588,2,11,forced,127,128,1,0
191,10077696,128,1,746496,10,6,flexible,128,128,0,0
191,10077696,128,1,786432,18,1,flexible,128,128,0,0
191,10077696,128,1,839808,7,8,flexible,128,128,0,0
191,10077696,128,1,884736,15,3,forced,127,128,1,0
191,10077696,128,1,944784,4,10,flexible,128,128,0,0
191,10077696,128,1,995328,12,5,flexible,128,128,0,0
191,10077696,128,1,1048576,20,0,flexible,128,128,0,0
191,10077696,128,1,1062882,1,12,flexible,128,128,0,0
191,10077696,128,1,1119744,9,7,flexible,128,128,0,0
191,10077696,128,1,1179648,17,2,forced,127,128,1,0
191,10077696,128,1,1259712,6,9,forced,127,128,1,0
191,10077696,128,1,1327104,14,4,flexible,128,128,0,0
191,10077696,128,1,1417176,3,11,flexible,128,128,0,0
191,10077696,128,1,1492992,11,6,flexible,128,128,0,0
191,10077696,128,1,1572864,19,1,forced,127,128,1,0
191,10077696,128,1,1594323,0,13,flexible,128,128,0,0
191,10077696,128,1,1679616,8,8,forced,127,128,1,0
191,10077696,128,1,1769472,16,3,flexible,128,128,0,0
191,10077696,128,1,1889568,5,10,flexible,128,128,0,0
191,10077696,128,1,1990656,13,5,flexible,128,128,0,0
191,10077696,128,1,2097152,21,0,flexible,128,128,0,0
191,10077696,128,1,2125764,2,12,flexible,128,128,0,0
191,10077696,128,1,2239488,10,7,forced,127,128,1,0
191,10077696,128,1,2359296,18,2,flexible,128,128,0,0
191,10077696,128,1,2519424,7,9,flexible,128,128,0,0
191,10077696,128,1,2654208,15,4,flexible,128,128,0,0
191,10077696,128,1,2834352,4,11,flexible,128,128,0,0
191,10077696,128,1,2985984,12,6,flexible,128,128,0,0
191,10077696,128,1,3145728,20,1,flexible,128,128,0,0
191,10077696,128,1,3188646,1,13,flexible,128,128,0,0
191,10077696,128,1,3359232,9,8,flexible,128,128,0,0
191,10077696,128,1,3538944,17,3,flexible,128,128,0,0
191,10077696,128,1,3779136,6,10,flexible,128,128,0,0
191,10077696,128,1,3981312,14,5,forced,127,128,1,0
191,10077696,128,1,4194304,22,0,flexible,128,128,0,0
191,10077696,128,1,4251528,3,12,flexible,128,128,0,0
191,10077696,128,1,4478976,11,7,flexible,128,128,0,0
191,10077696,128,1,4718592,19,2,flexible,128,128,0,0
191,10077696,128,1,4782969,0,14,flexible,128,128,0,0
191,10077696,128,1,5038848,8,9,flexible,128,128,0,0
191,10077696,128,1,5308416,16,4,flexible,128,128,0,0
191,10077696,128,1,5668704,5,11,flexible,128,128,0,0
191,10077696,128,1,5971968,13,6,flexible,128,128,0,0
191,10077696,128,1,6291456,21,1,flexible,128,128,0,0
191,10077696,128,1,6377292,2,13,flexible,128,128,0,0
191,10077696,128,1,6718464,10,8,flexible,128,128,0,0
191,10077696,128,1,7077888,18,3,forced,127,128,1,0
191,10077696,128,1,7558272,7,10,forced,127,128,1,0
191,10077696,128,1,7962624,15,5,flexible,128,128,0,0
191,10077696,128,1,8388608,23,0,forced,127,128,1,0
191,10077696,128,1,8503056,4,12,flexible,128,128,0,0
191,10077696,128,1,8957952,12,7,flexible,128,128,0,0
191,10077696,128,1,9437184,20,2,forced,127,128,1,0
191,10077696,128,1,9565938,1,14,flexible,128,128,0,0
191,10077696,128,1,10077696,9,9,forced,127,128,1,0
192,10616832,129,1,1,0,0,forced,128,129,1,0
192,10616832,129,1,2,1,0,forced,128,129,1,0
192,10616832,129,1,3,0,1,none,129,128,0,1
192,10616832,129,1,4,2,0,none,129,128,0,1
192,10616832,129,1,6,1,1,forced,128,129,1,0
192,10616832,129,1,8,3,0,forced,128,129,1,0
192,10616832,129,1,9,0,2,forced,128,129,1,0
192,10616832,129,1,12,2,1,forced,128,129,1,0
192,10616832,129,1,16,4,0,forced,128,129,1,0
192,10616832,129,1,18,1,2,none,129,128,0,1
192,10616832,129,1,24,3,1,none,129,128,0,1
192,10616832,129,1,27,0,3,forced,128,129,1,0
192,10616832,129,1,32,5,0,none,129,128,0,1
192,10616832,129,1,36,2,2,forced,128,129,1,0
192,10616832,129,1,48,4,1,forced,128,129,1,0
192,10616832,129,1,54,1,3,forced,128,129,1,0
192,10616832,129,1,64,6,0,forced,128,129,1,0
192,10616832,129,1,72,3,2,forced,128,129,1,0
192,10616832,129,1,81,0,4,none,129,128,0,1
192,10616832,129,1,96,5,1,forced,128,129,1,0
192,10616832,129,1,108,2,3,none,129,128,0,1
192,10616832,129,1,128,7,0,forced,128,129,1,0
192,10616832,129,1,144,4,2,none,129,128,0,1
192,10616832,129,1,162,1,4,forced,128,129,1,0
192,10616832,129,1,192,6,1,none,129,128,0,1
192,10616832,129,1,216,3,3,forced,128,129,1,0
192,10616832,129,1,243,0,5,forced,128,129,1,0
192,10616832,129,1,256,8,0,none,129,128,0,1
192,10616832,129,1,288,5,2,forced,128,129,1,0
192,10616832,129,1,324,2,4,forced,128,129,1,0
192,10616832,129,1,384,7,1,forced,128,129,1,0
192,10616832,129,1,432,4,3,forced,128,129,1,0
192,10616832,129,1,486,1,5,none,129,128,0,1
192,10616832,129,1,512,9,0,forced,128,129,1,0
192,10616832,129,1,576,6,2,forced,128,129,1,0
192,10616832,129,1,648,3,4,none,129,128,0,1
192,10616832,129,1,729,0,6,forced,128,129,1,0
192,10616832,129,1,768,8,1,forced,128,129,1,0
192,10616832,129,1,864,5,3,none,129,128,0,1
192,10616832,129,1,972,2,5,forced,128,129,1,0
192,10616832,129,1,1024,10,0,forced,128,129,1,0
192,10616832,129,1,1152,7,2,none,129,128,0,1
192,10616832,129,1,1296,4,4,forced,128,129,1,0
192,10616832,129,1,1458,1,6,forced,128,129,1,0
192,10616832,129,1,1536,9,1,none,129,128,0,1
192,10616832,129,1,1728,6,3,forced,128,129,1,0
192,10616832,129,1,1944,3,5,forced,128,129,1,0
192,10616832,129,1,2048,11,0,none,129,128,0,1
192,10616832,129,1,2187,0,7,none,129,128,0,1
192,10616832,129,1,2304,8,2,forced,128,129,1,0
192,10616832,129,1,2592,5,4,forced,128,129,1,0
192,10616832,129,1,2916,2,6,none,129,128,0,1
192,10616832,129,1,3072,10,1,forced,128,129,1,0
192,10616832,129,1,3456,7,3,forced,128,129,1,0
192,10616832,129,1,3888,4,5,none,129,128,0,1
192,10616832,129,1,4096,12,0,forced,128,129,1,0
192,10616832,129,1,4374,1,7,forced,128,129,1,0
192,10616832,129,1,4608,9,2,forced,128,129,1,0
192,10616832,129,1,5184,6,4,none,129,128,0,1
192,10616832,129,1,5832,3,6,forced,128,129,1,0
192,10616832,129,1,6144,11,1,forced,128,129,1,0
192,10616832,129,1,6561,0,8,forced,128,129,1,0
192,10616832,129,1,6912,8,3,none,129,128,0,1
192,10616832,129,1,7776,5,5,forced,128,129,1,0
192,10616832,129,1,8192,13,0,forced,128,129,1,0
192,10616832,129,1,8748,2,7,forced,128,129,1,0
192,10616832,129,1,9216,10,2,none,129,128,0,1
192,10616832,129,1,10368,7,4,forced,128,129,1,0
192,10616832,129,1,11664,4,6,forced,128,129,1,0
192,10616832,129,1,12288,12,1,none,129,128,0,1
192,10616832,129,1,13122,1,8,none,129,128,0,1
192,10616832,129,1,13824,9,3,forced,128,129,1,0
192,10616832,129,1,15552,6,5,forced,128,129,1,0
192,10616832,129,1,16384,14,0,none,129,128,0,1
192,10616832,129,1,17496,3,7,none,129,128,0,1
192,10616832,129,1,18432,11,2,forced,128,129,1,0
192,10616832,129,1,19683,0,9,forced,128,129,1,0
192,10616832,129,1,20736,8,4,forced,128,129,1,0
192,10616832,129,1,23328,5,6,none,129,128,0,1
192,10616832,129,1,24576,13,1,forced,128,129,1,0
192,10616832,129,1,26244,2,8,forced,128,129,1,0
192,10616832,129,1,27648,10,3,forced,128,129,1,0
192,10616832,129,1,31104,7,5,none,129,128,0,1
192,10616832,129,1,32768,15,0,forced,128,129,1,0
192,10616832,129,1,34992,4,7,forced,128,129,1,0
192,10616832,129,1,36864,12,2,forced,128,129,1,0
192,10616832,129,1,39366,1,9,forced,128,129,1,0
192,10616832,129,1,41472,9,4,none,129,128,0,1
192,10616832,129,1,46656,6,6,forced,128,129,1,0
192,10616832,129,1,49152,14,1,forced,128,129,1,0
192,10616832,129,1,52488,3,8,forced,128,129,1,0
192,10616832,129,1,55296,11,3,none,129,128,0,1
192,10616832,129,1,59049,0,10,none,129,128,0,1
192,10616832,129,1,62208,8,5,forced,128,129,1,0
192,10616832,129,1,65536,16,0,forced,128,129,1,0
192,10616832,129,1,69984,5,7,forced,128,129,1,0
192,10616832,129,1,73728,13,2,none,129,128,0,1
192,10616832,129,1,78732,2,9,none,129,128,0,1
192,10616832,129,1,82944,10,4,forced,128,129,1,0
192,10616832,129,1,93312,7,6,forced,128,129,1,0
192,10616832,129,1,98304,15,1,none,129,128,0,1
192,10616832,129,1,104976,4,8,none,129,128,0,1
192,10616832,129,1,110592,12,3,forced,128,129,1,0
192,10616832,129,1,118098,1,10,forced,128,129,1,0
192,10616832,129,1,124416,9,5,forced,128,129,1,0
192,10616832,129,1,131072,17,0,none,129,128,0,1
192,10616832,129,1,139968,6,7,none,129,128,0,1
192,10616832,129,1,147456,14,2,forced,128,129,1,0
192,10616832,129,1,157464,3,9,forced,128,129,1,0
192,10616832,129,1,165888,11,4,forced,128,129,1,0
192,10616832,129,1,177147,0,11,forced,128,129,1,0
192,10616832,129,1,186624,8,6,none,129,128,0,1
192,10616832,129,1,196608,16,1,forced,128,129,1,0
192,10616832,129,1,209952,5,8,forced,128,129,1,0
192,10616832,129,1,221184,13,3,forced,128,129,1,0
192,10616832,129,1,236196,2,10,forced,128,129,1,0
192,10616832,129,1,248832,10,5,none,129,128,0,1
192,10616832,129,1,262144,18,0,forced,128,129,1,0
192,10616832,129,1,279936,7,7,forced,128,129,1,0
192,10616832,129,1,294912,15,2,forced,128,129,1,0
192,10616832,129,1,314928,4,9,forced,128,129,1,0
192,10616832,129,1,331776,12,4,none,129,128,0,1
192,10616832,129,1,354294,1,11,none,129,128,0,1
192,10616832,129,1,373248,9,6,forced,128,129,1,0
192,10616832,129,1,393216,17,1,forced,128,129,1,0
192,10616832,129,1,419904,6,8,forced,128,129,1,0
192,10616832,129,1,442368,14,3,none,129,128,0,1
192,10616832,129,1,472392,3,10,none,129,128,0,1
192,10616832,129,1,497664,11,5,forced,128,129,1,0
192,10616832,129,1,524288,19,0,forced,128,129,1,0
192,10616832,129,1,531441,0,12,flexible,129,129,0,0
192,10616832,129,1,559872,8,7,forced,128,129,1,0
192,10616832,129,1,589824,16,2,none,129,128,0,1
192,10616832,129,1,629856,5,9,none,129,128,0,1
192,10616832,129,1,663552,13,4,forced,128,129,1,0
192,10616832,129,1,708588,2,11,forced,128,129,1,0
192,10616832,129,1,746496,10,6,forced,128,129,1,0
192,10616832,129,1,786432,18,1,none,129,128,0,1
192,10616832,129,1,839808,7,8,none,129,128,0,1
192,10616832,129,1,884736,15,3,forced,128,129,1,0
192,10616832,129,1,944784,4,10,forced,128,129,1,0
192,10616832,129,1,995328,12,5,forced,128,129,1,0
192,10616832,129,1,1048576,20,0,none,129,128,0,1
192,10616832,129,1,1062882,1,12,flexible,129,129,0,0
192,10616832,129,1,1119744,9,7,none,129,128,0,1
192,10616832,129,1,1179648,17,2,forced,128,129,1,0
192,10616832,129,1,1259712,6,9,forced,128,129,1,0
192,10616832,129,1,1327104,14,4,forced,128,129,1,0
192,10616832,129,1,1417176,3,11,forced,128,129,1,0
192,10616832,129,1,1492992,11,6,none,129,128,0,1
192,10616832,129,1,1572864,19,1,forced,128,129,1,0
192,10616832,129,1,1594323,0,13,flexible,129,129,0,0
192,10616832,129,1,1679616,8,8,forced,128,129,1,0
192,10616832,129,1,1769472,16,3,forced,128,129,1,0
192,10616832,129,1,1889568,5,10,forced,128,129,1,0
192,10616832,129,1,1990656,13,5,none,129,128,0,1
192,10616832,129,1,2097152,21,0,forced,128,129,1,0
192,10616832,129,1,2125764,2,12,none,129,128,0,1
192,10616832,129,1,2239488,10,7,forced,128,129,1,0
192,10616832,129,1,2359296,18,2,forced,128,129,1,0
192,10616832,129,1,2519424,7,9,forced,128,129,1,0
192,10616832,129,1,2654208,15,4,none,129,128,0,1
192,10616832,129,1,2834352,4,11,none,129,128,0,1
192,10616832,129,1,2985984,12,6,flexible,129,129,0,0
192,10616832,129,1,3145728,20,1,forced,128,129,1,0
192,10616832,129,1,3188646,1,13,flexible,129,129,0,0
192,10616832,129,1,3359232,9,8,forced,128,129,1,0
192,10616832,129,1,3538944,17,3,none,129,128,0,1
192,10616832,129,1,3779136,6,10,none,129,128,0,1
192,10616832,129,1,3981312,14,5,forced,128,129,1,0
192,10616832,129,1,4194304,22,0,forced,128,129,1,0
192,10616832,129,1,4251528,3,12,forced,128,129,1,0
192,10616832,129,1,4478976,11,7,forced,128,129,1,0
192,10616832,129,1,4718592,19,2,none,129,128,0,1
192,10616832,129,1,4782969,0,14,forced,128,129,1,0
192,10616832,129,1,5038848,8,9,none,129,128,0,1
192,10616832,129,1,5308416,16,4,forced,128,129,1,0
192,10616832,129,1,5668704,5,11,forced,128,129,1,0
192,10616832,129,1,5971968,13,6,flexible,129,129,0,0
192,10616832,129,1,6291456,21,1,none,129,128,0,1
192,10616832,129,1,6377292,2,13,flexible,129,129,0,0
192,10616832,129,1,6718464,10,8,none,129,128,0,1
192,10616832,129,1,7077888,18,3,forced,128,129,1,0
192,10616832,129,1,7558272,7,10,forced,128,129,1,0
192,10616832,129,1,7962624,15,5,forced,128,129,1,0
192,10616832,129,1,8388608,23,0,forced,128,129,1,0
192,10616832,129,1,8503056,4,12,forced,128,129,1,0
192,10616832,129,1,8957952,12,7,flexible,129,129,0,0
192,10616832,129,1,9437184,20,2,forced,128,129,1,0
192,10616832,129,1,9565938,1,14,flexible,129,129,0,0
192,10616832,129,1,10077696,9,9,forced,128,129,1,0
192,10616832,129,1,10616832,17,4,forced,128,129,1,0
193,11337408,130,1,1,0,0,forced,129,130,1,0
193,11337408,130,1,2,1,0,forced,129,130,1,0
193,11337408,130,1,3,0,1,none,130,129,0,1
193,11337408,130,1,4,2,0,none,130,129,0,1
193,11337408,130,1,6,1,1,forced,129,130,1,0
193,11337408,130,1,8,3,0,forced,129,130,1,0
193,11337408,130,1,9,0,2,forced,129,130,1,0
193,11337408,130,1,12,2,1,forced,129,130,1,0
193,11337408,130,1,16,4,0,forced,129,130,1,0
193,11337408,130,1,18,1,2,none,130,129,0,1
193,11337408,130,1,24,3,1,none,130,129,0,1
193,11337408,130,1,27,0,3,forced,129,130,1,0
193,11337408,130,1,32,5,0,none,130,129,0,1
193,11337408,130,1,36,2,2,forced,129,130,1,0
193,11337408,130,1,48,4,1,forced,129,130,1,0
193,11337408,130,1,54,1,3,forced,129,130,1,0
193,11337408,130,1,64,6,0,forced,129,130,1,0
193,11337408,130,1,72,3,2,forced,129,130,1,0
193,11337408,130,1,81,0,4,none,130,129,0,1
193,11337408,130,1,96,5,1,forced,129,130,1,0
193,11337408,130,1,108,2,3,none,130,129,0,1
193,11337408,130,1,128,7,0,forced,129,130,1,0
193,11337408,130,1,144,4,2,none,130,129,0,1
193,11337408,130,1,162,1,4,forced,129,130,1,0
193,11337408,130,1,192,6,1,none,130,129,0,1
193,11337408,130,1,216,3,3,forced,129,130,1,0
193,11337408,130,1,243,0,5,forced,129,130,1,0
193,11337408,130,1,256,8,0,none,130,129,0,1
193,11337408,130,1,288,5,2,forced,129,130,1,0
193,11337408,130,1,324,2,4,forced,129,130,1,0
193,11337408,130,1,384,7,1,forced,129,130,1,0
193,11337408,130,1,432,4,3,forced,129,130,1,0
193,11337408,130,1,486,1,5,none,130,129,0,1
193,11337408,130,1,512,9,0,forced,129,130,1,0
193,11337408,130,1,576,6,2,forced,129,130,1,0
193,11337408,130,1,648,3,4,none,130,129,0,1
193,11337408,130,1,729,0,6,forced,129,130,1,0
193,11337408,130,1,768,8,1,forced,129,130,1,0
193,11337408,130,1,864,5,3,none,130,129,0,1
193,11337408,130,1,972,2,5,forced,129,130,1,0
193,11337408,130,1,1024,10,0,forced,129,130,1,0
193,11337408,130,1,1152,7,2,none,130,129,0,1
193,11337408,130,1,1296,4,4,forced,129,130,1,0
193,11337408,130,1,1458,1,6,forced,129,130,1,0
193,11337408,130,1,1536,9,1,none,130,129,0,1
193,11337408,130,1,1728,6,3,forced,129,130,1,0
193,11337408,130,1,1944,3,5,forced,129,130,1,0
193,11337408,130,1,2048,11,0,none,130,129,0,1
193,11337408,130,1,2187,0,7,none,130,129,0,1
193,11337408,130,1,2304,8,2,forced,129,130,1,0
193,11337408,130,1,2592,5,4,forced,129,130,1,0
193,11337408,130,1,2916,2,6,none,130,129,0,1
193,11337408,130,1,3072,10,1,forced,129,130,1,0
193,11337408,130,1,3456,7,3,forced,129,130,1,0
193,11337408,130,1,3888,4,5,none,130,129,0,1
193,11337408,130,1,4096,12,0,forced,129,130,1,0
193,11337408,130,1,4374,1,7,forced,129,130,1,0
193,11337408,130,1,4608,9,2,forced,129,130,1,0
193,11337408,130,1,5184,6,4,none,130,129,0,1
193,11337408,130,1,5832,3,6,forced,129,130,1,0
193,11337408,130,1,6144,11,1,forced,129,130,1,0
193,11337408,130,1,6561,0,8,forced,129,130,1,0
193,11337408,130,1,6912,8,3,none,130,129,0,1
193,11337408,130,1,7776,5,5,forced,129,130,1,0
193,11337408,130,1,8192,13,0,forced,129,130,1,0
193,11337408,130,1,8748,2,7,forced,129,130,1,0
193,11337408,130,1,9216,10,2,none,130,129,0,1
193,11337408,130,1,10368,7,4,forced,129,130,1,0
193,11337408,130,1,11664,4,6,forced,129,130,1,0
193,11337408,130,1,12288,12,1,none,130,129,0,1
193,11337408,130,1,13122,1,8,none,130,129,0,1
193,11337408,130,1,13824,9,3,forced,129,130,1,0
193,11337408,130,1,15552,6,5,forced,129,130,1,0
193,11337408,130,1,16384,14,0,none,130,129,0,1
193,11337408,130,1,17496,3,7,none,130,129,0,1
193,11337408,130,1,18432,11,2,forced,129,130,1,0
193,11337408,130,1,19683,0,9,forced,129,130,1,0
193,11337408,130,1,20736,8,4,forced,129,130,1,0
193,11337408,130,1,23328,5,6,none,130,129,0,1
193,11337408,130,1,24576,13,1,forced,129,130,1,0
193,11337408,130,1,26244,2,8,forced,129,130,1,0
193,11337408,130,1,27648,10,3,forced,129,130,1,0
193,11337408,130,1,31104,7,5,none,130,129,0,1
193,11337408,130,1,32768,15,0,forced,129,130,1,0
193,11337408,130,1,34992,4,7,forced,129,130,1,0
193,11337408,130,1,36864,12,2,forced,129,130,1,0
193,11337408,130,1,39366,1,9,forced,129,130,1,0
193,11337408,130,1,41472,9,4,none,130,129,0,1
193,11337408,130,1,46656,6,6,forced,129,130,1,0
193,11337408,130,1,49152,14,1,forced,129,130,1,0
193,11337408,130,1,52488,3,8,forced,129,130,1,0
193,11337408,130,1,55296,11,3,none,130,129,0,1
193,11337408,130,1,59049,0,10,none,130,129,0,1
193,11337408,130,1,62208,8,5,forced,129,130,1,0
193,11337408,130,1,65536,16,0,forced,129,130,1,0
193,11337408,130,1,69984,5,7,forced,129,130,1,0
193,11337408,130,1,73728,13,2,none,130,129,0,1
193,11337408,130,1,78732,2,9,none,130,129,0,1
193,11337408,130,1,82944,10,4,forced,129,130,1,0
193,11337408,130,1,93312,7,6,forced,129,130,1,0
193,11337408,130,1,98304,15,1,none,130,129,0,1
193,11337408,130,1,104976,4,8,none,130,129,0,1
193,11337408,130,1,110592,12,3,forced,129,130,1,0
193,11337408,130,1,118098,1,10,forced,129,130,1,0
193,11337408,130,1,124416,9,5,forced,129,130,1,0
193,11337408,130,1,131072,17,0,none,130,129,0,1
193,11337408,130,1,139968,6,7,none,130,129,0,1
193,11337408,130,1,147456,14,2,forced,129,130,1,0
193,11337408,130,1,157464,3,9,forced,129,130,1,0
193,11337408,130,1,165888,11,4,forced,129,130,1,0
193,11337408,130,1,177147,0,11,forced,129,130,1,0
193,11337408,130,1,186624,8,6,none,130,129,0,1
193,11337408,130,1,196608,16,1,forced,129,130,1,0
193,11337408,130,1,209952,5,8,forced,129,130,1,0
193,11337408,130,1,221184,13,3,forced,129,130,1,0
193,11337408,130,1,236196,2,10,forced,129,130,1,0
193,11337408,130,1,248832,10,5,none,130,129,0,1
193,11337408,130,1,262144,18,0,forced,129,130,1,0
193,11337408,130,1,279936,7,7,forced,129,130,1,0
193,11337408,130,1,294912,15,2,forced,129,130,1,0
193,11337408,130,1,314928,4,9,forced,129,130,1,0
193,11337408,130,1,331776,12,4,none,130,129,0,1
193,11337408,130,1,354294,1,11,none,130,129,0,1
193,11337408,130,1,373248,9,6,forced,129,130,1,0
193,11337408,130,1,393216,17,1,forced,129,130,1,0
193,11337408,130,1,419904,6,8,forced,129,130,1,0
193,11337408,130,1,442368,14,3,none,130,129,0,1
193,11337408,130,1,472392,3,10,none,130,129,0,1
193,11337408,130,1,497664,11,5,forced,129,130,1,0
193,11337408,130,1,524288,19,0,forced,129,130,1,0
193,11337408,130,1,531441,0,12,flexible,130,130,0,0
193,11337408,130,1,559872,8,7,forced,129,130,1,0
193,11337408,130,1,589824,16,2,none,130,129,0,1
193,11337408,130,1,629856,5,9,none,130,129,0,1
193,11337408,130,1,663552,13,4,forced,129,130,1,0
193,11337408,130,1,708588,2,11,forced,129,130,1,0
193,11337408,130,1,746496,10,6,forced,129,130,1,0
193,11337408,130,1,786432,18,1,none,130,129,0,1
193,11337408,130,1,839808,7,8,none,130,129,0,1
193,11337408,130,1,884736,15,3,forced,129,130,1,0
193,11337408,130,1,944784,4,10,forced,129,130,1,0
193,11337408,130,1,995328,12,5,forced,129,130,1,0
193,11337408,130,1,1048576,20,0,none,130,129,0,1
193,11337408,130,1,1062882,1,12,flexible,130,130,0,0
193,11337408,130,1,1119744,9,7,none,130,129,0,1
193,11337408,130,1,1179648,17,2,forced,129,130,1,0
193,11337408,130,1,1259712,6,9,forced,129,130,1,0
193,11337408,130,1,1327104,14,4,forced,129,130,1,0
193,11337408,130,1,1417176,3,11,forced,129,130,1,0
193,11337408,130,1,1492992,11,6,none,130,129,0,1
193,11337408,130,1,1572864,19,1,forced,129,130,1,0
193,11337408,130,1,1594323,0,13,flexible,130,130,0,0
193,11337408,130,1,1679616,8,8,forced,129,130,1,0
193,11337408,130,1,1769472,16,3,forced,129,130,1,0
193,11337408,130,1,1889568,5,10,forced,129,130,1,0
193,11337408,130,1,1990656,13,5,none,130,129,0,1
193,11337408,130,1,2097152,21,0,forced,129,130,1,0
193,11337408,130,1,2125764,2,12,none,130,129,0,1
193,11337408,130,1,2239488,10,7,forced,129,130,1,0
193,11337408,130,1,2359296,18,2,forced,129,130,1,0
193,11337408,130,1,2519424,7,9,forced,129,130,1,0
193,11337408,130,1,2654208,15,4,none,130,129,0,1
193,11337408,130,1,2834352,4,11,none,130,129,0,1
193,11337408,130,1,2985984,12,6,flexible,130,130,0,0
193,11337408,130,1,3145728,20,1,forced,129,130,1,0
193,11337408,130,1,3188646,1,13,flexible,130,130,0,0
193,11337408,130,1,3359232,9,8,forced,129,130,1,0
193,11337408,130,1,3538944,17,3,none,130,129,0,1
193,11337408,130,1,3779136,6,10,none,130,129,0,1
193,11337408,130,1,3981312,14,5,forced,129,130,1,0
193,11337408,130,1,4194304,22,0,forced,129,130,1,0
193,11337408,130,1,4251528,3,12,forced,129,130,1,0
193,11337408,130,1,4478976,11,7,forced,129,130,1,0
193,11337408,130,1,4718592,19,2,none,130,129,0,1
193,11337408,130,1,4782969,0,14,forced,129,130,1,0
193,11337408,130,1,5038848,8,9,none,130,129,0,1
193,11337408,130,1,5308416,16,4,forced,129,130,1,0
193,11337408,130,1,5668704,5,11,forced,129,130,1,0
193,11337408,130,1,5971968,13,6,flexible,130,130,0,0
193,11337408,130,1,6291456,21,1,none,130,129,0,1
193,11337408,130,1,6377292,2,13,flexible,130,130,0,0
193,11337408,130,1,6718464,10,8,none,130,129,0,1
193,11337408,130,1,7077888,18,3,forced,129,130,1,0
193,11337408,130,1,7558272,7,10,forced,129,130,1,0
193,11337408,130,1,7962624,15,5,forced,129,130,1,0
193,11337408,130,1,8388608,23,0,forced,129,130,1,0
193,11337408,130,1,8503056,4,12,forced,129,130,1,0
193,11337408,130,1,8957952,12,7,flexible,130,130,0,0
193,11337408,130,1,9437184,20,2,forced,129,130,1,0
193,11337408,130,1,9565938,1,14,flexible,130,130,0,0
193,11337408,130,1,10077696,9,9,forced,129,130,1,0
193,11337408,130,1,10616832,17,4,forced,129,130,1,0
193,11337408,130,1,11337408,6,11,forced,129,130,1,0
194,11943936,130,0,1,0,0,flexible,130,130,0,0
194,11943936,130,0,2,1,0,flexible,130,130,0,0
194,11943936,130,0,3,0,1,flexible,130,130,0,0
194,11943936,130,0,4,2,0,flexible,130,130,0,0
194,11943936,130,0,6,1,1,flexible,130,130,0,0
194,11943936,130,0,8,3,0,flexible,130,130,0,0
194,11943936,130,0,9,0,2,forced,129,130,1,0
194,11943936,130,0,12,2,1,forced,129,130,1,0
194,11943936,130,0,16,4,0,forced,129,130,1,0
194,11943936,130,0,18,1,2,flexible,130,130,0,0
194,11943936,130,0,24,3,1,flexible,130,130,0,0
194,11943936,130,0,27,0,3,flexible,130,130,0,0
194,11943936,130,0,32,5,0,flexible,130,130,0,0
194,11943936,130,0,36,2,2,flexible,130,130,0,0
194,11943936,130,0,48,4,1,flexible,130,130,0,0
194,11943936,130,0,54,1,3,forced,129,130,1,0
194,11943936,130,0,64,6,0,flexible,130,130,0,0
194,11943936,130,0,72,3,2,forced,129,130,1,0
194,11943936,130,0,81,0,4,flexible,130,130,0,0
194,11943936,130,0,96,5,1,forced,129,130,1,0
194,11943936,130,0,108,2,3,flexible,130,130,0,0
194,11943936,130,0,128,7,0,forced,129,130,1,0
194,11943936,130,0,144,4,2,flexible,130,130,0,0
194,11943936,130,0,162,1,4,flexible,130,130,0,0
194,11943936,130,0,192,6,1,flexible,130,130,0,0
194,11943936,130,0,216,3,3,flexible,130,130,0,0
194,11943936,130,0,243,0,5,forced,129,130,1,0
194,11943936,130,0,256,8,0,flexible,130,130,0,0
194,11943936,130,0,288,5,2,flexible,130,130,0,0
194,11943936,130,0,324,2,4,forced,129,130,1,0
194,11943936,130,0,384,7,1,flexible,130,130,0,0
194,11943936,130,0,432,4,3,forced,129,130,1,0
194,11943936,130,0,486,1,5,flexible,130,130,0,0
194,11943936,130,0,512,9,0,flexible,130,130,0,0
194,11943936,130,0,576,6,2,forced,129,130,1,0
194,11943936,130,0,648,3,4,flexible,130,130,0,0
194,11943936,130,0,729,0,6,flexible,130,130,0,0
194,11943936,130,0,768,8,1,forced,129,130,1,0
194,11943936,130,0,864,5,3,flexible,130,130,0,0
194,11943936,130,0,972,2,5,flexible,130,130,0,0
194,11943936,130,0,1024,10,0,forced,129,130,1,0
194,11943936,130,0,1152,7,2,flexible,130,130,0,0
194,11943936,130,0,1296,4,4,flexible,130,130,0,0
194,11943936,130,0,1458,1,6,forced,129,130,1,0
194,11943936,130,0,1536,9,1,flexible,130,130,0,0
194,11943936,130,0,1728,6,3,flexible,130,130,0,0
194,11943936,130,0,1944,3,5,forced,129,130,1,0
194,11943936,130,0,2048,11,0,flexible,130,130,0,0
194,11943936,130,0,2187,0,7,flexible,130,130,0,0
194,11943936,130,0,2304,8,2,flexible,130,130,0,0
194,11943936,130,0,2592,5,4,forced,129,130,1,0
194,11943936,130,0,2916,2,6,flexible,130,130,0,0
194,11943936,130,0,3072,10,1,flexible,130,130,0,0
194,11943936,130,0,3456,7,3,forced,129,130,1,0
194,11943936,130,0,3888,4,5,flexible,130,130,0,0
194,11943936,130,0,4096,12,0,flexible,130,130,0,0
194,11943936,130,0,4374,1,7,flexible,130,130,0,0
194,11943936,130,0,4608,9,2,forced,129,130,1,0
194,11943936,130,0,5184,6,4,flexible,130,130,0,0
194,11943936,130,0,5832,3,6,flexible,130,130,0,0
194,11943936,130,0,6144,11,1,forced,129,130,1,0
194,11943936,130,0,6561,0,8,forced,129,130,1,0
194,11943936,130,0,6912,8,3,flexible,130,130,0,0
194,11943936,130,0,7776,5,5,flexible,130,130,0,0
194,11943936,130,0,8192,13,0,forced,129,130,1,0
194,11943936,130,0,8748,2,7,forced,129,130,1,0
194,11943936,130,0,9216,10,2,flexible,130,130,0,0
194,11943936,130,0,10368,7,4,flexible,130,130,0,0
194,11943936,130,0,11664,4,6,forced,129,130,1,0
194,11943936,130,0,12288,12,1,flexible,130,130,0,0
194,11943936,130,0,13122,1,8,flexible,130,130,0,0
194,11943936,130,0,13824,9,3,flexible,130,130,0,0
194,11943936,130,0,15552,6,5,forced,129,130,1,0
194,11943936,130,0,16384,14,0,flexible,130,130,0,0
194,11943936,130,0,17496,3,7,flexible,130,130,0,0
194,11943936,130,0,18432,11,2,flexible,130,130,0,0
194,11943936,130,0,19683,0,9,flexible,130,130,0,0
194,11943936,130,0,20736,8,4,forced,129,130,1,0
194,11943936,130,0,23328,5,6,flexible,130,130,0,0
194,11943936,130,0,24576,13,1,flexible,130,130,0,0
194,11943936,130,0,26244,2,8,flexible,130,130,0,0
194,11943936,130,0,27648,10,3,forced,129,130,1,0
194,11943936,130,0,31104,7,5,flexible,130,130,0,0
194,11943936,130,0,32768,15,0,flexible,130,130,0,0
194,11943936,130,0,34992,4,7,flexible,130,130,0,0
194,11943936,130,0,36864,12,2,forced,129,130,1,0
194,11943936,130,0,39366,1,9,forced,129,130,1,0
194,11943936,130,0,41472,9,4,flexible,130,130,0,0
194,11943936,130,0,46656,6,6,flexible,130,130,0,0
194,11943936,130,0,49152,14,1,forced,129,130,1,0
194,11943936,130,0,52488,3,8,forced,129,130,1,0
194,11943936,130,0,55296,11,3,flexible,130,130,0,0
194,11943936,130,0,59049,0,10,flexible,130,130,0,0
194,11943936,130,0,62208,8,5,flexible,130,130,0,0
194,11943936,130,0,65536,16,0,forced,129,130,1,0
194,11943936,130,0,69984,5,7,forced,129,130,1,0
194,11943936,130,0,73728,13,2,flexible,130,130,0,0
194,11943936,130,0,78732,2,9,flexible,130,130,0,0
194,11943936,130,0,82944,10,4,flexible,130,130,0,0
194,11943936,130,0,93312,7,6,forced,129,130,1,0
194,11943936,130,0,98304,15,1,flexible,130,130,0,0
194,11943936,130,0,104976,4,8,flexible,130,130,0,0
194,11943936,130,0,110592,12,3,flexible,130,130,0,0
194,11943936,130,0,118098,1,10,flexible,130,130,0,0
194,11943936,130,0,124416,9,5,forced,129,130,1,0
194,11943936,130,0,131072,17,0,flexible,130,130,0,0
194,11943936,130,0,139968,6,7,flexible,130,130,0,0
194,11943936,130,0,147456,14,2,flexible,130,130,0,0
194,11943936,130,0,157464,3,9,flexible,130,130,0,0
194,11943936,130,0,165888,11,4,forced,129,130,1,0
194,11943936,130,0,177147,0,11,forced,129,130,1,0
194,11943936,130,0,186624,8,6,flexible,130,130,0,0
194,11943936,130,0,196608,16,1,flexible,130,130,0,0
194,11943936,130,0,209952,5,8,flexible,130,130,0,0
194,11943936,130,0,221184,13,3,forced,129,130,1,0
194,11943936,130,0,236196,2,10,forced,129,130,1,0
194,11943936,130,0,248832,10,5,flexible,130,130,0,0
194,11943936,130,0,262144,18,0,flexible,130,130,0,0
194,11943936,130,0,279936,7,7,flexible,130,130,0,0
194,11943936,130,0,294912,15,2,forced,129,130,1,0
194,11943936,130,0,314928,4,9,forced,129,130,1,0
194,11943936,130,0,331776,12,4,flexible,130,130,0,0
194,11943936,130,0,354294,1,11,flexible,130,130,0,0
194,11943936,130,0,373248,9,6,flexible,130,130,0,0
194,11943936,130,0,393216,17,1,forced,129,130,1,0
194,11943936,130,0,419904,6,8,forced,129,130,1,0
194,11943936,130,0,442368,14,3,flexible,130,130,0,0
194,11943936,130,0,472392,3,10,flexible,130,130,0,0
194,11943936,130,0,497664,11,5,flexible,130,130,0,0
194,11943936,130,0,524288,19,0,forced,129,130,1,0
194,11943936,130,0,531441,0,12,flexible,130,130,0,0
194,11943936,130,0,559872,8,7,forced,129,130,1,0
194,11943936,130,0,589824,16,2,flexible,130,130,0,0
194,11943936,130,0,629856,5,9,flexible,130,130,0,0
194,11943936,130,0,663552,13,4,flexible,130,130,0,0
194,11943936,130,0,708588,2,11,flexible,130,130,0,0
194,11943936,130,0,746496,10,6,forced,129,130,1,0
194,11943936,130,0,786432,18,1,flexible,130,130,0,0
194,11943936,130,0,839808,7,8,flexible,130,130,0,0
194,11943936,130,0,884736,15,3,flexible,130,130,0,0
194,11943936,130,0,944784,4,10,flexible,130,130,0,0
194,11943936,130,0,995328,12,5,forced,129,130,1,0
194,11943936,130,0,1048576,20,0,flexible,130,130,0,0
194,11943936,130,0,1062882,1,12,flexible,130,130,0,0
194,11943936,130,0,1119744,9,7,flexible,130,130,0,0
194,11943936,130,0,1179648,17,2,flexible,130,130,0,0
194,11943936,130,0,1259712,6,9,flexible,130,130,0,0
194,11943936,130,0,1327104,14,4,flexible,130,130,0,0
194,11943936,130,0,1417176,3,11,forced,129,130,1,0
194,11943936,130,0,1492992,11,6,flexible,130,130,0,0
194,11943936,130,0,1572864,19,1,flexible,130,130,0,0
194,11943936,130,0,1594323,0,13,flexible,130,130,0,0
194,11943936,130,0,1679616,8,8,flexible,130,130,0,0
194,11943936,130,0,1769472,16,3,forced,129,130,1,0
194,11943936,130,0,1889568,5,10,forced,129,130,1,0
194,11943936,130,0,1990656,13,5,flexible,130,130,0,0
194,11943936,130,0,2097152,21,0,flexible,130,130,0,0
194,11943936,130,0,2125764,2,12,flexible,130,130,0,0
194,11943936,130,0,2239488,10,7,flexible,130,130,0,0
194,11943936,130,0,2359296,18,2,forced,129,130,1,0
194,11943936,130,0,2519424,7,9,forced,129,130,1,0
194,11943936,130,0,2654208,15,4,flexible,130,130,0,0
194,11943936,130,0,2834352,4,11,flexible,130,130,0,0
194,11943936,130,0,2985984,12,6,flexible,130,130,0,0
194,11943936,130,0,3145728,20,1,flexible,130,130,0,0
194,11943936,130,0,3188646,1,13,flexible,130,130,0,0
194,11943936,130,0,3359232,9,8,flexible,130,130,0,0
194,11943936,130,0,3538944,17,3,flexible,130,130,0,0
194,11943936,130,0,3779136,6,10,flexible,130,130,0,0
194,11943936,130,0,3981312,14,5,flexible,130,130,0,0
194,11943936,130,0,4194304,22,0,flexible,130,130,0,0
194,11943936,130,0,4251528,3,12,flexible,130,130,0,0
194,11943936,130,0,4478976,11,7,forced,129,130,1,0
194,11943936,130,0,4718592,19,2,flexible,130,130,0,0
194,11943936,130,0,4782969,0,14,forced,129,130,1,0
194,11943936,130,0,5038848,8,9,flexible,130,130,0,0
194,11943936,130,0,5308416,16,4,flexible,130,130,0,0
194,11943936,130,0,5668704,5,11,flexible,130,130,0,0
194,11943936,130,0,5971968,13,6,flexible,130,130,0,0
194,11943936,130,0,6291456,21,1,flexible,130,130,0,0
194,11943936,130,0,6377292,2,13,flexible,130,130,0,0
194,11943936,130,0,6718464,10,8,flexible,130,130,0,0
194,11943936,130,0,7077888,18,3,flexible,130,130,0,0
194,11943936,130,0,7558272,7,10,flexible,130,130,0,0
194,11943936,130,0,7962624,15,5,flexible,130,130,0,0
194,11943936,130,0,8388608,23,0,forced,129,130,1,0
194,11943936,130,0,8503056,4,12,forced,129,130,1,0
194,11943936,130,0,8957952,12,7,flexible,130,130,0,0
194,11943936,130,0,9437184,20,2,flexible,130,130,0,0
194,11943936,130,0,9565938,1,14,flexible,130,130,0,0
194,11943936,130,0,10077696,9,9,flexible,130,130,0,0
194,11943936,130,0,10616832,17,4,forced,129,130,1,0
194,11943936,130,0,11337408,6,11,forced,129,130,1,0
194,11943936,130,0,11943936,14,6,flexible,130,130,0,0
195,12582912,131,1,1,0,0,flexible,131,131,0,0
195,12582912,131,1,2,1,0,flexible,131,131,0,0
195,12582912,131,1,3,0,1,flexible,131,131,0,0
195,12582912,131,1,4,2,0,forced,130,131,1,0
195,12582912,131,1,6,1,1,none,131,130,0,1
195,12582912,131,1,8,3,0,none,131,130,0,1
195,12582912,131,1,9,0,2,forced,130,131,1,0
195,12582912,131,1,12,2,1,forced,130,131,1,0
195,12582912,131,1,16,4,0,forced,130,131,1,0
195,12582912,131,1,18,1,2,forced,130,131,1,0
195,12582912,131,1,24,3,1,forced,130,131,1,0
195,12582912,131,1,27,0,3,none,131,130,0,1
195,12582912,131,1,32,5,0,forced,130,131,1,0
195,12582912,131,1,36,2,2,none,131,130,0,1
195,12582912,131,1,48,4,1,none,131,130,0,1
195,12582912,131,1,54,1,3,forced,130,131,1,0
195,12582912,131,1,64,6,0,none,131,130,0,1
195,12582912,131,1,72,3,2,forced,130,131,1,0
195,12582912,131,1,81,0,4,forced,130,131,1,0
195,12582912,131,1,96,5,1,forced,130,131,1,0
195,12582912,131,1,108,2,3,forced,130,131,1,0
195,12582912,131,1,128,7,0,forced,130,131,1,0
195,12582912,131,1,144,4,2,forced,130,131,1,0
195,12582912,131,1,162,1,4,none,131,130,0,1
195,12582912,131,1,192,6,1,forced,130,131,1,0
195,12582912,131,1,216,3,3,none,131,130,0,1
195,12582912,131,1,243,0,5,forced,130,131,1,0
195,12582912,131,1,256,8,0,forced,130,131,1,0
195,12582912,131,1,288,5,2,none,131,130,0,1
195,12582912,131,1,324,2,4,forced,130,131,1,0
195,12582912,131,1,384,7,1,none,131,130,0,1
195,12582912,131,1,432,4,3,forced,130,131,1,0
195,12582912,131,1,486,1,5,forced,130,131,1,0
195,12582912,131,1,512,9,0,none,131,130,0,1
195,12582912,131,1,576,6,2,forced,130,131,1,0
195,12582912,131,1,648,3,4,forced,130,131,1,0
195,12582912,131,1,729,0,6,none,131,130,0,1
195,12582912,131,1,768,8,1,forced,130,131,1,0
195,12582912,131,1,864,5,3,forced,130,131,1,0
195,12582912,131,1,972,2,5,none,131,130,0,1
195,12582912,131,1,1024,10,0,forced,130,131,1,0
195,12582912,131,1,1152,7,2,forced,130,131,1,0
195,12582912,131,1,1296,4,4,none,131,130,0,1
195,12582912,131,1,1458,1,6,forced,130,131,1,0
195,12582912,131,1,1536,9,1,forced,130,131,1,0
195,12582912,131,1,1728,6,3,none,131,130,0,1
195,12582912,131,1,1944,3,5,forced,130,131,1,0
195,12582912,131,1,2048,11,0,forced,130,131,1,0
195,12582912,131,1,2187,0,7,forced,130,131,1,0
195,12582912,131,1,2304,8,2,none,131,130,0,1
195,12582912,131,1,2592,5,4,forced,130,131,1,0
195,12582912,131,1,2916,2,6,forced,130,131,1,0
195,12582912,131,1,3072,10,1,none,131,130,0,1
195,12582912,131,1,3456,7,3,forced,130,131,1,0
195,12582912,131,1,3888,4,5,forced,130,131,1,0
195,12582912,131,1,4096,12,0,none,131,130,0,1
195,12582912,131,1,4374,1,7,none,131,130,0,1
195,12582912,131,1,4608,9,2,forced,130,131,1,0
195,12582912,131,1,5184,6,4,forced,130,131,1,0
195,12582912,131,1,5832,3,6,none,131,130,0,1
195,12582912,131,1,6144,11,1,forced,130,131,1,0
195,12582912,131,1,6561,0,8,forced,130,131,1,0
195,12582912,131,1,6912,8,3,forced,130,131,1,0
195,12582912,131,1,7776,5,5,none,131,130,0,1
195,12582912,131,1,8192,13,0,forced,130,131,1,0
195,12582912,131,1,8748,2,7,forced,130,131,1,0
195,12582912,131,1,9216,10,2,forced,130,131,1,0
195,12582912,131,1,10368,7,4,none,131,130,0,1
195,12582912,131,1,11664,4,6,forced,130,131,1,0
195,12582912,131,1,12288,12,1,forced,130,131,1,0
195,12582912,131,1,13122,1,8,forced,130,131,1,0
195,12582912,131,1,13824,9,3,none,131,130,0,1
195,12582912,131,1,15552,6,5,forced,130,131,1,0
195,12582912,131,1,16384,14,0,forced,130,131,1,0
195,12582912,131,1,17496,3,7,forced,130,131,1,0
195,12582912,131,1,18432,11,2,none,131,130,0,1
195,12582912,131,1,19683,0,9,none,131,130,0,1
195,12582912,131,1,20736,8,4,forced,130,131,1,0
195,12582912,131,1,23328,5,6,forced,130,131,1,0
195,12582912,131,1,24576,13,1,none,131,130,0,1
195,12582912,131,1,26244,2,8,none,131,130,0,1
195,12582912,131,1,27648,10,3,forced,130,131,1,0
195,12582912,131,1,31104,7,5,forced,130,131,1,0
195,12582912,131,1,32768,15,0,none,131,130,0,1
195,12582912,131,1,34992,4,7,none,131,130,0,1
195,12582912,131,1,36864,12,2,forced,130,131,1,0
195,12582912,131,1,39366,1,9,forced,130,131,1,0
195,12582912,131,1,41472,9,4,forced,130,131,1,0
195,12582912,131,1,46656,6,6,none,131,130,0,1
195,12582912,131,1,49152,14,1,forced,130,131,1,0
195,12582912,131,1,52488,3,8,forced,130,131,1,0
195,12582912,131,1,55296,11,3,forced,130,131,1,0
195,12582912,131,1,59049,0,10,forced,130,131,1,0
195,12582912,131,1,62208,8,5,none,131,130,0,1
195,12582912,131,1,65536,16,0,forced,130,131,1,0
195,12582912,131,1,69984,5,7,forced,130,131,1,0
195,12582912,131,1,73728,13,2,forced,130,131,1,0
195,12582912,131,1,78732,2,9,forced,130,131,1,0
195,12582912,131,1,82944,10,4,none,131,130,0,1
195,12582912,131,1,93312,7,6,forced,130,131,1,0
195,12582912,131,1,98304,15,1,forced,130,131,1,0
195,12582912,131,1,104976,4,8,forced,130,131,1,0
195,12582912,131,1,110592,12,3,none,131,130,0,1
195,12582912,131,1,118098,1,10,none,131,130,0,1
195,12582912,131,1,124416,9,5,forced,130,131,1,0
195,12582912,131,1,131072,17,0,forced,130,131,1,0
195,12582912,131,1,139968,6,7,forced,130,131,1,0
195,12582912,131,1,147456,14,2,none,131,130,0,1
195,12582912,131,1,157464,3,9,none,131,130,0,1
195,12582912,131,1,165888,11,4,forced,130,131,1,0
195,12582912,131,1,177147,0,11,forced,130,131,1,0
195,12582912,131,1,186624,8,6,forced,130,131,1,0
195,12582912,131,1,196608,16,1,none,131,130,0,1
195,12582912,131,1,209952,5,8,none,131,130,0,1
195,12582912,131,1,221184,13,3,forced,130,131,1,0
195,12582912,131,1,236196,2,10,forced,130,131,1,0
195,12582912,131,1,248832,10,5,forced,130,131,1,0
195,12582912,131,1,262144,18,0,none,131,130,0,1
195,12582912,131,1,279936,7,7,none,131,130,0,1
195,12582912,131,1,294912,15,2,forced,130,131,1,0
195,12582912,131,1,314928,4,9,forced,130,131,1,0
195,12582912,131,1,331776,12,4,forced,130,131,1,0
195,12582912,131,1,354294,1,11,forced,130,131,1,0
195,12582912,131,1,373248,9,6,none,131,130,0,1
195,12582912,131,1,393216,17,1,forced,130,131,1,0
195,12582912,131,1,419904,6,8,forced,130,131,1,0
195,12582912,131,1,442368,14,3,forced,130,131,1,0
195,12582912,131,1,472392,3,10,forced,130,131,1,0
195,12582912,131,1,497664,11,5,none,131,130,0,1
195,12582912,131,1,524288,19,0,forced,130,131,1,0
195,12582912,131,1,531441,0,12,none,131,130,0,1
195,12582912,131,1,559872,8,7,forced,130,131,1,0
195,12582912,131,1,589824,16,2,forced,130,131,1,0
195,12582912,131,1,629856,5,9,forced,130,131,1,0
195,12582912,131,1,663552,13,4,none,131,130,0,1
195,12582912,131,1,708588,2,11,none,131,130,0,1
195,12582912,131,1,746496,10,6,forced,130,131,1,0
195,12582912,131,1,786432,18,1,forced,130,131,1,0
195,12582912,131,1,839808,7,8,forced,130,131,1,0
195,12582912,131,1,884736,15,3,none,131,130,0,1
195,12582912,131,1,944784,4,10,none,131,130,0,1
195,12582912,131,1,995328,12,5,forced,130,131,1,0
195,12582912,131,1,1048576,20,0,forced,130,131,1,0
195,12582912,131,1,1062882,1,12,forced,130,131,1,0
195,12582912,131,1,1119744,9,7,forced,130,131,1,0
195,12582912,131,1,1179648,17,2,none,131,130,0,1
195,12582912,131,1,1259712,6,9,none,131,130,0,1
195,12582912,131,1,1327104,14,4,forced,130,131,1,0
195,12582912,131,1,1417176,3,11,forced,130,131,1,0
195,12582912,131,1,1492992,11,6,forced,130,131,1,0
195,12582912,131,1,1572864,19,1,none,131,130,0,1
195,12582912,131,1,1594323,0,13,forced,130,131,1,0
195,12582912,131,1,1679616,8,8,none,131,130,0,1
195,12582912,131,1,1769472,16,3,forced,130,131,1,0
195,12582912,131,1,1889568,5,10,forced,130,131,1,0
195,12582912,131,1,1990656,13,5,forced,130,131,1,0
195,12582912,131,1,2097152,21,0,forced,130,131,1,0
195,12582912,131,1,2125764,2,12,forced,130,131,1,0
195,12582912,131,1,2239488,10,7,none,131,130,0,1
195,12582912,131,1,2359296,18,2,forced,130,131,1,0
195,12582912,131,1,2519424,7,9,forced,130,131,1,0
195,12582912,131,1,2654208,15,4,forced,130,131,1,0
195,12582912,131,1,2834352,4,11,forced,130,131,1,0
195,12582912,131,1,2985984,12,6,none,131,130,0,1
195,12582912,131,1,3145728,20,1,none,131,130,0,1
195,12582912,131,1,3188646,1,13,none,131,130,0,1
195,12582912,131,1,3359232,9,8,flexible,131,131,0,0
195,12582912,131,1,3538944,17,3,forced,130,131,1,0
195,12582912,131,1,3779136,6,10,forced,130,131,1,0
195,12582912,131,1,3981312,14,5,none,131,130,0,1
195,12582912,131,1,4194304,22,0,none,131,130,0,1
195,12582912,131,1,4251528,3,12,none,131,130,0,1
195,12582912,131,1,4478976,11,7,forced,130,131,1,0
195,12582912,131,1,4718592,19,2,forced,130,131,1,0
195,12582912,131,1,4782969,0,14,forced,130,131,1,0
195,12582912,131,1,5038848,8,9,forced,130,131,1,0
195,12582912,131,1,5308416,16,4,none,131,130,0,1
195,12582912,131,1,5668704,5,11,none,131,130,0,1
195,12582912,131,1,5971968,13,6,forced,130,131,1,0
195,12582912,131,1,6291456,21,1,forced,130,131,1,0
195,12582912,131,1,6377292,2,13,forced,130,131,1,0
195,12582912,131,1,6718464,10,8,flexible,131,131,0,0
195,12582912,131,1,7077888,18,3,none,131,130,0,1
195,12582912,131,1,7558272,7,10,none,131,130,0,1
195,12582912,131,1,7962624,15,5,forced,130,131,1,0
195,12582912,131,1,8388608,23,0,forced,130,131,1,0
195,12582912,131,1,8503056,4,12,forced,130,131,1,0
195,12582912,131,1,8957952,12,7,forced,130,131,1,0
195,12582912,131,1,9437184,20,2,forced,130,131,1,0
195,12582912,131,1,9565938,1,14,forced,130,131,1,0
195,12582912,131,1,10077696,9,9,flexible,131,131,0,0
195,12582912,131,1,10616832,17,4,forced,130,131,1,0
195,12582912,131,1,11337408,6,11,forced,130,131,1,0
195,12582912,131,1,11943936,14,6,forced,130,131,1,0
195,12582912,131,1,12582912,22,1,forced,130,131,1,0
196,12754584,132,1,1,0,0,flexible,132,132,0,0
196,12754584,132,1,2,1,0,flexible,132,132,0,0
196,12754584,132,1,3,0,1,flexible,132,132,0,0
196,12754584,132,1,4,2,0,forced,131,132,1,0
196,12754584,132,1,6,1,1,none,132,131,0,1
196,12754584,132,1,8,3,0,none,132,131,0,1
196,12754584,132,1,9,0,2,forced,131,132,1,0
196,12754584,132,1,12,2,1,forced,131,132,1,0
196,12754584,132,1,16,4,0,forced,131,132,1,0
196,12754584,132,1,18,1,2,forced,131,132,1,0
196,12754584,132,1,24,3,1,forced,131,132,1,0
196,12754584,132,1,27,0,3,none,132,131,0,1
196,12754584,132,1,32,5,0,forced,131,132,1,0
196,12754584,132,1,36,2,2,none,132,131,0,1
196,12754584,132,1,48,4,1,none,132,131,0,1
196,12754584,132,1,54,1,3,forced,131,132,1,0
196,12754584,132,1,64,6,0,none,132,131,0,1
196,12754584,132,1,72,3,2,forced,131,132,1,0
196,12754584,132,1,81,0,4,forced,131,132,1,0
196,12754584,132,1,96,5,1,forced,131,132,1,0
196,12754584,132,1,108,2,3,forced,131,132,1,0
196,12754584,132,1,128,7,0,forced,131,132,1,0
196,12754584,132,1,144,4,2,forced,131,132,1,0
196,12754584,132,1,162,1,4,none,132,131,0,1
196,12754584,132,1,192,6,1,forced,131,132,1,0
196,12754584,132,1,216,3,3,none,132,131,0,1
196,12754584,132,1,243,0,5,forced,131,132,1,0
196,12754584,132,1,256,8,0,forced,131,132,1,0
196,12754584,132,1,288,5,2,none,132,131,0,1
196,12754584,132,1,324,2,4,forced,131,132,1,0
196,12754584,132,1,384,7,1,none,132,131,0,1
196,12754584,132,1,432,4,3,forced,131,132,1,0
196,12754584,132,1,486,1,5,forced,131,132,1,0
196,12754584,132,1,512,9,0,none,132,131,0,1
196,12754584,132,1,576,6,2,forced,131,132,1,0
196,12754584,132,1,648,3,4,forced,131,132,1,0
196,12754584,132,1,729,0,6,none,132,131,0,1
196,12754584,132,1,768,8,1,forced,131,132,1,0
196,12754584,132,1,864,5,3,forced,131,132,1,0
196,12754584,132,1,972,2,5,none,132,131,0,1
196,12754584,132,1,1024,10,0,forced,131,132,1,0
196,12754584,132,1,1152,7,2,forced,131,132,1,0
196,12754584,132,1,1296,4,4,none,132,131,0,1
196,12754584,132,1,1458,1,6,forced,131,132,1,0
196,12754584,132,1,1536,9,1,forced,131,132,1,0
196,12754584,132,1,1728,6,3,none,132,131,0,1
196,12754584,132,1,1944,3,5,forced,131,132,1,0
196,12754584,132,1,2048,11,0,forced,131,132,1,0
196,12754584,132,1,2187,0,7,forced,131,132,1,0
196,12754584,132,1,2304,8,2,none,132,131,0,1
196,12754584,132,1,2592,5,4,forced,131,132,1,0
196,12754584,132,1,2916,2,6,forced,131,132,1,0
196,12754584,132,1,3072,10,1,none,132,131,0,1
196,12754584,132,1,3456,7,3,forced,131,132,1,0
196,12754584,132,1,3888,4,5,forced,131,132,1,0
196,12754584,132,1,4096,12,0,none,132,131,0,1
196,12754584,132,1,4374,1,7,none,132,131,0,1
196,12754584,132,1,4608,9,2,forced,131,132,1,0
196,12754584,132,1,5184,6,4,forced,131,132,1,0
196,12754584,132,1,5832,3,6,none,132,131,0,1
196,12754584,132,1,6144,11,1,forced,131,132,1,0
196,12754584,132,1,6561,0,8,forced,131,132,1,0
196,12754584,132,1,6912,8,3,forced,131,132,1,0
196,12754584,132,1,7776,5,5,none,132,131,0,1
196,12754584,132,1,8192,13,0,forced,131,132,1,0
196,12754584,132,1,8748,2,7,forced,131,132,1,0
196,12754584,132,1,9216,10,2,forced,131,132,1,0
196,12754584,132,1,10368,7,4,none,132,131,0,1
196,12754584,132,1,11664,4,6,forced,131,132,1,0
196,12754584,132,1,12288,12,1,forced,131,132,1,0
196,12754584,132,1,13122,1,8,forced,131,132,1,0
196,12754584,132,1,13824,9,3,none,132,131,0,1
196,12754584,132,1,15552,6,5,forced,131,132,1,0
196,12754584,132,1,16384,14,0,forced,131,132,1,0
196,12754584,132,1,17496,3,7,forced,131,132,1,0
196,12754584,132,1,18432,11,2,none,132,131,0,1
196,12754584,132,1,19683,0,9,none,132,131,0,1
196,12754584,132,1,20736,8,4,forced,131,132,1,0
196,12754584,132,1,23328,5,6,forced,131,132,1,0
196,12754584,132,1,24576,13,1,none,132,131,0,1
196,12754584,132,1,26244,2,8,none,132,131,0,1
196,12754584,132,1,27648,10,3,forced,131,132,1,0
196,12754584,132,1,31104,7,5,forced,131,132,1,0
196,12754584,132,1,32768,15,0,none,132,131,0,1
196,12754584,132,1,34992,4,7,none,132,131,0,1
196,12754584,132,1,36864,12,2,forced,131,132,1,0
196,12754584,132,1,39366,1,9,forced,131,132,1,0
196,12754584,132,1,41472,9,4,forced,131,132,1,0
196,12754584,132,1,46656,6,6,none,132,131,0,1
196,12754584,132,1,49152,14,1,forced,131,132,1,0
196,12754584,132,1,52488,3,8,forced,131,132,1,0
196,12754584,132,1,55296,11,3,forced,131,132,1,0
196,12754584,132,1,59049,0,10,forced,131,132,1,0
196,12754584,132,1,62208,8,5,none,132,131,0,1
196,12754584,132,1,65536,16,0,forced,131,132,1,0
196,12754584,132,1,69984,5,7,forced,131,132,1,0
196,12754584,132,1,73728,13,2,forced,131,132,1,0
196,12754584,132,1,78732,2,9,forced,131,132,1,0
196,12754584,132,1,82944,10,4,none,132,131,0,1
196,12754584,132,1,93312,7,6,forced,131,132,1,0
196,12754584,132,1,98304,15,1,forced,131,132,1,0
196,12754584,132,1,104976,4,8,forced,131,132,1,0
196,12754584,132,1,110592,12,3,none,132,131,0,1
196,12754584,132,1,118098,1,10,none,132,131,0,1
196,12754584,132,1,124416,9,5,forced,131,132,1,0
196,12754584,132,1,131072,17,0,forced,131,132,1,0
196,12754584,132,1,139968,6,7,forced,131,132,1,0
196,12754584,132,1,147456,14,2,none,132,131,0,1
196,12754584,132,1,157464,3,9,none,132,131,0,1
196,12754584,132,1,165888,11,4,forced,131,132,1,0
196,12754584,132,1,177147,0,11,forced,131,132,1,0
196,12754584,132,1,186624,8,6,forced,131,132,1,0
196,12754584,132,1,196608,16,1,none,132,131,0,1
196,12754584,132,1,209952,5,8,none,132,131,0,1
196,12754584,132,1,221184,13,3,forced,131,132,1,0
196,12754584,132,1,236196,2,10,forced,131,132,1,0
196,12754584,132,1,248832,10,5,forced,131,132,1,0
196,12754584,132,1,262144,18,0,none,132,131,0,1
196,12754584,132,1,279936,7,7,none,132,131,0,1
196,12754584,132,1,294912,15,2,forced,131,132,1,0
196,12754584,132,1,314928,4,9,forced,131,132,1,0
196,12754584,132,1,331776,12,4,forced,131,132,1,0
196,12754584,132,1,354294,1,11,forced,131,132,1,0
196,12754584,132,1,373248,9,6,none,132,131,0,1
196,12754584,132,1,393216,17,1,forced,131,132,1,0
196,12754584,132,1,419904,6,8,forced,131,132,1,0
196,12754584,132,1,442368,14,3,forced,131,132,1,0
196,12754584,132,1,472392,3,10,forced,131,132,1,0
196,12754584,132,1,497664,11,5,none,132,131,0,1
196,12754584,132,1,524288,19,0,forced,131,132,1,0
196,12754584,132,1,531441,0,12,none,132,131,0,1
196,12754584,132,1,559872,8,7,forced,131,132,1,0
196,12754584,132,1,589824,16,2,forced,131,132,1,0
196,12754584,132,1,629856,5,9,forced,131,132,1,0
196,12754584,132,1,663552,13,4,none,132,131,0,1
196,12754584,132,1,708588,2,11,none,132,131,0,1
196,12754584,132,1,746496,10,6,forced,131,132,1,0
196,12754584,132,1,786432,18,1,forced,131,132,1,0
196,12754584,132,1,839808,7,8,forced,131,132,1,0
196,12754584,132,1,884736,15,3,none,132,131,0,1
196,12754584,132,1,944784,4,10,none,132,131,0,1
196,12754584,132,1,995328,12,5,forced,131,132,1,0
196,12754584,132,1,1048576,20,0,forced,131,132,1,0
196,12754584,132,1,1062882,1,12,forced,131,132,1,0
196,12754584,132,1,1119744,9,7,forced,131,132,1,0
196,12754584,132,1,1179648,17,2,none,132,131,0,1
196,12754584,132,1,1259712,6,9,none,132,131,0,1
196,12754584,132,1,1327104,14,4,forced,131,132,1,0
196,12754584,132,1,1417176,3,11,forced,131,132,1,0
196,12754584,132,1,1492992,11,6,forced,131,132,1,0
196,12754584,132,1,1572864,19,1,none,132,131,0,1
196,12754584,132,1,1594323,0,13,forced,131,132,1,0
196,12754584,132,1,1679616,8,8,none,132,131,0,1
196,12754584,132,1,1769472,16,3,forced,131,132,1,0
196,12754584,132,1,1889568,5,10,forced,131,132,1,0
196,12754584,132,1,1990656,13,5,forced,131,132,1,0
196,12754584,132,1,2097152,21,0,forced,131,132,1,0
196,12754584,132,1,2125764,2,12,forced,131,132,1,0
196,12754584,132,1,2239488,10,7,none,132,131,0,1
196,12754584,132,1,2359296,18,2,forced,131,132,1,0
196,12754584,132,1,2519424,7,9,forced,131,132,1,0
196,12754584,132,1,2654208,15,4,forced,131,132,1,0
196,12754584,132,1,2834352,4,11,forced,131,132,1,0
196,12754584,132,1,2985984,12,6,none,132,131,0,1
196,12754584,132,1,3145728,20,1,none,132,131,0,1
196,12754584,132,1,3188646,1,13,none,132,131,0,1
196,12754584,132,1,3359232,9,8,flexible,132,132,0,0
196,12754584,132,1,3538944,17,3,forced,131,132,1,0
196,12754584,132,1,3779136,6,10,forced,131,132,1,0
196,12754584,132,1,3981312,14,5,none,132,131,0,1
196,12754584,132,1,4194304,22,0,none,132,131,0,1
196,12754584,132,1,4251528,3,12,none,132,131,0,1
196,12754584,132,1,4478976,11,7,forced,131,132,1,0
196,12754584,132,1,4718592,19,2,forced,131,132,1,0
196,12754584,132,1,4782969,0,14,forced,131,132,1,0
196,12754584,132,1,5038848,8,9,forced,131,132,1,0
196,12754584,132,1,5308416,16,4,none,132,131,0,1
196,12754584,132,1,5668704,5,11,none,132,131,0,1
196,12754584,132,1,5971968,13,6,forced,131,132,1,0
196,12754584,132,1,6291456,21,1,forced,131,132,1,0
196,12754584,132,1,6377292,2,13,forced,131,132,1,0
196,12754584,132,1,6718464,10,8,flexible,132,132,0,0
196,12754584,132,1,7077888,18,3,none,132,131,0,1
196,12754584,132,1,7558272,7,10,none,132,131,0,1
196,12754584,132,1,7962624,15,5,forced,131,132,1,0
196,12754584,132,1,8388608,23,0,forced,131,132,1,0
196,12754584,132,1,8503056,4,12,forced,131,132,1,0
196,12754584,132,1,8957952,12,7,forced,131,132,1,0
196,12754584,132,1,9437184,20,2,forced,131,132,1,0
196,12754584,132,1,9565938,1,14,forced,131,132,1,0
196,12754584,132,1,10077696,9,9,flexible,132,132,0,0
196,12754584,132,1,10616832,17,4,forced,131,132,1,0
196,12754584,132,1,11337408,6,11,forced,131,132,1,0
196,12754584,132,1,11943936,14,6,forced,131,132,1,0
196,12754584,132,1,12582912,22,1,forced,131,132,1,0
196,12754584,132,1,12754584,3,13,forced,131,132,1,0
197,13436928,132,0,1,0,0,flexible,132,132,0,0
197,13436928,132,0,2,1,0,flexible,132,132,0,0
197,13436928,132,0,3,0,1,flexible,132,132,0,0
197,13436928,132,0,4,2,0,forced,131,132,1,0
197,13436928,132,0,6,1,1,flexible,132,132,0,0
197,13436928,132,0,8,3,0,flexible,132,132,0,0
197,13436928,132,0,9,0,2,flexible,132,132,0,0
197,13436928,132,0,12,2,1,flexible,132,132,0,0
197,13436928,132,0,16,4,0,flexible,132,132,0,0
197,13436928,132,0,18,1,2,forced,131,132,1,0
197,13436928,132,0,24,3,1,forced,131,132,1,0
197,13436928,132,0,27,0,3,flexible,132,132,0,0
197,13436928,132,0,32,5,0,forced,131,132,1,0
197,13436928,132,0,36,2,2,flexible,132,132,0,0
197,13436928,132,0,48,4,1,flexible,132,132,0,0
197,13436928,132,0,54,1,3,flexible,132,132,0,0
197,13436928,132,0,64,6,0,flexible,132,132,0,0
197,13436928,132,0,72,3,2,flexible,132,132,0,0
197,13436928,132,0,81,0,4,forced,131,132,1,0
197,13436928,132,0,96,5,1,flexible,132,132,0,0
197,13436928,132,0,108,2,3,forced,131,132,1,0
197,13436928,132,0,128,7,0,flexible,132,132,0,0
197,13436928,132,0,144,4,2,forced,131,132,1,0
197,13436928,132,0,162,1,4,flexible,132,132,0,0
197,13436928,132,0,192,6,1,forced,131,132,1,0
197,13436928,132,0,216,3,3,flexible,132,132,0,0
197,13436928,132,0,243,0,5,flexible,132,132,0,0
197,13436928,132,0,256,8,0,forced,131,132,1,0
197,13436928,132,0,288,5,2,flexible,132,132,0,0
197,13436928,132,0,324,2,4,flexible,132,132,0,0
197,13436928,132,0,384,7,1,flexible,132,132,0,0
197,13436928,132,0,432,4,3,flexible,132,132,0,0
197,13436928,132,0,486,1,5,forced,131,132,1,0
197,13436928,132,0,512,9,0,flexible,132,132,0,0
197,13436928,132,0,576,6,2,flexible,132,132,0,0
197,13436928,132,0,648,3,4,forced,131,132,1,0
197,13436928,132,0,729,0,6,flexible,132,132,0,0
197,13436928,132,0,768,8,1,flexible,132,132,0,0
197,13436928,132,0,864,5,3,forced,131,132,1,0
197,13436928,132,0,972,2,5,flexible,132,132,0,0
197,13436928,132,0,1024,10,0,flexible,132,132,0,0
197,13436928,132,0,1152,7,2,forced,131,132,1,0
197,13436928,132,0,1296,4,4,flexible,132,132,0,0
197,13436928,132,0,1458,1,6,flexible,132,132,0,0
197,13436928,132,0,1536,9,1,forced,131,132,1,0
197,13436928,132,0,1728,6,3,flexible,132,132,0,0
197,13436928,132,0,1944,3,5,flexible,132,132,0,0
197,13436928,132,0,2048,11,0,forced,131,132,1,0
197,13436928,132,0,2187,0,7,forced,131,132,1,0
197,13436928,132,0,2304,8,2,flexible,132,132,0,0
197,13436928,132,0,2592,5,4,flexible,132,132,0,0
197,13436928,132,0,2916,2,6,forced,131,132,1,0
197,13436928,132,0,3072,10,1,flexible,132,132,0,0
197,13436928,132,0,3456,7,3,flexible,132,132,0,0
197,13436928,132,0,3888,4,5,forced,131,132,1,0
197,13436928,132,0,4096,12,0,flexible,132,132,0,0
197,13436928,132,0,4374,1,7,flexible,132,132,0,0
197,13436928,132,0,4608,9,2,flexible,132,132,0,0
197,13436928,132,0,5184,6,4,forced,131,132,1,0
197,13436928,132,0,5832,3,6,flexible,132,132,0,0
197,13436928,132,0,6144,11,1,flexible,132,132,0,0
197,13436928,132,0,6561,0,8,flexible,132,132,0,0
197,13436928,132,0,6912,8,3,forced,131,132,1,0
197,13436928,132,0,7776,5,5,flexible,132,132,0,0
197,13436928,132,0,8192,13,0,flexible,132,132,0,0
197,13436928,132,0,8748,2,7,flexible,132,132,0,0
197,13436928,132,0,9216,10,2,forced,131,132,1,0
197,13436928,132,0,10368,7,4,flexible,132,132,0,0
197,13436928,132,0,11664,4,6,flexible,132,132,0,0
197,13436928,132,0,12288,12,1,forced,131,132,1,0
197,13436928,132,0,13122,1,8,forced,131,132,1,0
197,13436928,132,0,13824,9,3,flexible,132,132,0,0
197,13436928,132,0,15552,6,5,flexible,132,132,0,0
197,13436928,132,0,16384,14,0,forced,131,132,1,0
197,13436928,132,0,17496,3,7,forced,131,132,1,0
197,13436928,132,0,18432,11,2,flexible,132,132,0,0
197,13436928,132,0,19683,0,9,flexible,132,132,0,0
197,13436928,132,0,20736,8,4,flexible,132,132,0,0
197,13436928,132,0,23328,5,6,forced,131,132,1,0
197,13436928,132,0,24576,13,1,flexible,132,132,0,0
197,13436928,132,0,26244,2,8,flexible,132,132,0,0
197,13436928,132,0,27648,10,3,flexible,132,132,0,0
197,13436928,132,0,31104,7,5,forced,131,132,1,0
197,13436928,132,0,32768,15,0,flexible,132,132,0,0
197,13436928,132,0,34992,4,7,flexible,132,132,0,0
197,13436928,132,0,36864,12,2,flexible,132,132,0,0
197,13436928,132,0,39366,1,9,flexible,132,132,0,0
197,13436928,132,0,41472,9,4,forced,131,132,1,0
197,13436928,132,0,46656,6,6,flexible,132,132,0,0
197,13436928,132,0,49152,14,1,flexible,132,132,0,0
197,13436928,132,0,52488,3,8,flexible,132,132,0,0
197,13436928,132,0,55296,11,3,forced,131,132,1,0
197,13436928,132,0,59049,0,10,forced,131,132,1,0
197,13436928,132,0,62208,8,5,flexible,132,132,0,0
197,13436928,132,0,65536,16,0,flexible,132,132,0,0
197,13436928,132,0,69984,5,7,flexible,132,132,0,0
197,13436928,132,0,73728,13,2,forced,131,132,1,0
197,13436928,132,0,78732,2,9,forced,131,132,1,0
197,13436928,132,0,82944,10,4,flexible,132,132,0,0
197,13436928,132,0,93312,7,6,flexible,132,132,0,0
197,13436928,132,0,98304,15,1,forced,131,132,1,0
197,13436928,132,0,104976,4,8,forced,131,132,1,0
197,13436928,132,0,110592,12,3,flexible,132,132,0,0
197,13436928,132,0,118098,1,10,flexible,132,132,0,0
197,13436928,132,0,124416,9,5,flexible,132,132,0,0
197,13436928,132,0,131072,17,0,forced,131,132,1,0
197,13436928,132,0,139968,6,7,forced,131,132,1,0
197,13436928,132,0,147456,14,2,flexible,132,132,0,0
197,13436928,132,0,157464,3,9,flexible,132,132,0,0
197,13436928,132,0,165888,11,4,flexible,132,132,0,0
197,13436928,132,0,177147,0,11,flexible,132,132,0,0
197,13436928,132,0,186624,8,6,forced,131,132,1,0
197,13436928,132,0,196608,16,1,flexible,132,132,0,0
197,13436928,132,0,209952,5,8,flexible,132,132,0,0
197,13436928,132,0,221184,13,3,flexible,132,132,0,0
197,13436928,132,0,236196,2,10,flexible,132,132,0,0
197,13436928,132,0,248832,10,5,forced,131,132,1,0
197,13436928,132,0,262144,18,0,flexible,132,132,0,0
197,13436928,132,0,279936,7,7,flexible,132,132,0,0
197,13436928,132,0,294912,15,2,flexible,132,132,0,0
197,13436928,132,0,314928,4,9,flexible,132,132,0,0
197,13436928,132,0,331776,12,4,forced,131,132,1,0
197,13436928,132,0,354294,1,11,forced,131,132,1,0
197,13436928,132,0,373248,9,6,flexible,132,132,0,0
197,13436928,132,0,393216,17,1,flexible,132,132,0,0
197,13436928,132,0,419904,6,8,flexible,132,132,0,0
197,13436928,132,0,442368,14,3,forced,131,132,1,0
197,13436928,132,0,472392,3,10,forced,131,132,1,0
197,13436928,132,0,497664,11,5,flexible,132,132,0,0
197,13436928,132,0,524288,19,0,flexible,132,132,0,0
197,13436928,132,0,531441,0,12,flexible,132,132,0,0
197,13436928,132,0,559872,8,7,flexible,132,132,0,0
197,13436928,132,0,589824,16,2,forced,131,132,1,0
197,13436928,132,0,629856,5,9,flexible,132,132,0,0
197,13436928,132,0,663552,13,4,flexible,132,132,0,0
197,13436928,132,0,708588,2,11,flexible,132,132,0,0
197,13436928,132,0,746496,10,6,flexible,132,132,0,0
197,13436928,132,0,786432,18,1,forced,131,132,1,0
197,13436928,132,0,839808,7,8,forced,131,132,1,0
197,13436928,132,0,884736,15,3,flexible,132,132,0,0
197,13436928,132,0,944784,4,10,flexible,132,132,0,0
197,13436928,132,0,995328,12,5,flexible,132,132,0,0
197,13436928,132,0,1048576,20,0,forced,131,132,1,0
197,13436928,132,0,1062882,1,12,flexible,132,132,0,0
197,13436928,132,0,1119744,9,7,forced,131,132,1,0
197,13436928,132,0,1179648,17,2,flexible,132,132,0,0
197,13436928,132,0,1259712,6,9,flexible,132,132,0,0
197,13436928,132,0,1327104,14,4,flexible,132,132,0,0
197,13436928,132,0,1417176,3,11,flexible,132,132,0,0
197,13436928,132,0,1492992,11,6,flexible,132,132,0,0
197,13436928,132,0,1572864,19,1,flexible,132,132,0,0
197,13436928,132,0,1594323,0,13,flexible,132,132,0,0
197,13436928,132,0,1679616,8,8,flexible,132,132,0,0
197,13436928,132,0,1769472,16,3,flexible,132,132,0,0
197,13436928,132,0,1889568,5,10,flexible,132,132,0,0
197,13436928,132,0,1990656,13,5,forced,131,132,1,0
197,13436928,132,0,2097152,21,0,forced,131,132,1,0
197,13436928,132,0,2125764,2,12,flexible,132,132,0,0
197,13436928,132,0,2239488,10,7,flexible,132,132,0,0
197,13436928,132,0,2359296,18,2,flexible,132,132,0,0
197,13436928,132,0,2519424,7,9,flexible,132,132,0,0
197,13436928,132,0,2654208,15,4,forced,131,132,1,0
197,13436928,132,0,2834352,4,11,flexible,132,132,0,0
197,13436928,132,0,2985984,12,6,flexible,132,132,0,0
197,13436928,132,0,3145728,20,1,none,132,131,0,1
197,13436928,132,0,3188646,1,13,flexible,132,132,0,0
197,13436928,132,0,3359232,9,8,flexible,132,132,0,0
197,13436928,132,0,3538944,17,3,flexible,132,132,0,0
197,13436928,132,0,3779136,6,10,flexible,132,132,0,0
197,13436928,132,0,3981312,14,5,flexible,132,132,0,0
197,13436928,132,0,4194304,22,0,none,132,131,0,1
197,13436928,132,0,4251528,3,12,flexible,132,132,0,0
197,13436928,132,0,4478976,11,7,flexible,132,132,0,0
197,13436928,132,0,4718592,19,2,forced,131,132,1,0
197,13436928,132,0,4782969,0,14,flexible,132,132,0,0
197,13436928,132,0,5038848,8,9,forced,131,132,1,0
197,13436928,132,0,5308416,16,4,flexible,132,132,0,0
197,13436928,132,0,5668704,5,11,flexible,132,132,0,0
197,13436928,132,0,5971968,13,6,flexible,132,132,0,0
197,13436928,132,0,6291456,21,1,forced,131,132,1,0
197,13436928,132,0,6377292,2,13,flexible,132,132,0,0
197,13436928,132,0,6718464,10,8,flexible,132,132,0,0
197,13436928,132,0,7077888,18,3,flexible,132,132,0,0
197,13436928,132,0,7558272,7,10,flexible,132,132,0,0
197,13436928,132,0,7962624,15,5,flexible,132,132,0,0
197,13436928,132,0,8388608,23,0,forced,131,132,1,0
197,13436928,132,0,8503056,4,12,flexible,132,132,0,0
197,13436928,132,0,8957952,12,7,flexible,132,132,0,0
197,13436928,132,0,9437184,20,2,forced,131,132,1,0
197,13436928,132,0,9565938,1,14,forced,131,132,1,0
197,13436928,132,0,10077696,9,9,flexible,132,132,0,0
197,13436928,132,0,10616832,17,4,flexible,132,132,0,0
197,13436928,132,0,11337408,6,11,flexible,132,132,0,0
197,13436928,132,0,11943936,14,6,forced,131,132,1,0
197,13436928,132,0,12582912,22,1,forced,131,132,1,0
197,13436928,132,0,12754584,3,13,forced,131,132,1,0
197,13436928,132,0,13436928,11,8,flexible,132,132,0,0
198,14155776,132,0,1,0,0,flexible,132,132,0,0
198,14155776,132,0,2,1,0,flexible,132,132,0,0
198,14155776,132,0,3,0,1,flexible,132,132,0,0
198,14155776,132,0,4,2,0,flexible,132,132,0,0
198,14155776,132,0,6,1,1,flexible,132,132,0,0
198,14155776,132,0,8,3,0,flexible,132,132,0,0
198,14155776,132,0,9,0,2,flexible,132,132,0,0
198,14155776,132,0,12,2,1,flexible,132,132,0,0
198,14155776,132,0,16,4,0,flexible,132,132,0,0
198,14155776,132,0,18,1,2,flexible,132,132,0,0
198,14155776,132,0,24,3,1,flexible,132,132,0,0
198,14155776,132,0,27,0,3,flexible,132,132,0,0
198,14155776,132,0,32,5,0,flexible,132,132,0,0
198,14155776,132,0,36,2,2,flexible,132,132,0,0
198,14155776,132,0,48,4,1,flexible,132,132,0,0
198,14155776,132,0,54,1,3,flexible,132,132,0,0
198,14155776,132,0,64,6,0,flexible,132,132,0,0
198,14155776,132,0,72,3,2,flexible,132,132,0,0
198,14155776,132,0,81,0,4,flexible,132,132,0,0
198,14155776,132,0,96,5,1,flexible,132,132,0,0
198,14155776,132,0,108,2,3,flexible,132,132,0,0
198,14155776,132,0,128,7,0,flexible,132,132,0,0
198,14155776,132,0,144,4,2,flexible,132,132,0,0
198,14155776,132,0,162,1,4,flexible,132,132,0,0
198,14155776,132,0,192,6,1,flexible,132,132,0,0
198,14155776,132,0,216,3,3,flexible,132,132,0,0
198,14155776,132,0,243,0,5,flexible,132,132,0,0
198,14155776,132,0,256,8,0,flexible,132,132,0,0
198,14155776,132,0,288,5,2,flexible,132,132,0,0
198,14155776,132,0,324,2,4,flexible,132,132,0,0
198,14155776,132,0,384,7,1,flexible,132,132,0,0
198,14155776,132,0,432,4,3,flexible,132,132,0,0
198,14155776,132,0,486,1,5,flexible,132,132,0,0
198,14155776,132,0,512,9,0,flexible,132,132,0,0
198,14155776,132,0,576,6,2,flexible,132,132,0,0
198,14155776,132,0,648,3,4,flexible,132,132,0,0
198,14155776,132,0,729,0,6,flexible,132,132,0,0
198,14155776,132,0,768,8,1,flexible,132,132,0,0
198,14155776,132,0,864,5,3,flexible,132,132,0,0
198,14155776,132,0,972,2,5,flexible,132,132,0,0
198,14155776,132,0,1024,10,0,flexible,132,132,0,0
198,14155776,132,0,1152,7,2,flexible,132,132,0,0
198,14155776,132,0,1296,4,4,flexible,132,132,0,0
198,14155776,132,0,1458,1,6,flexible,132,132,0,0
198,14155776,132,0,1536,9,1,flexible,132,132,0,0
198,14155776,132,0,1728,6,3,flexible,132,132,0,0
198,14155776,132,0,1944,3,5,flexible,132,132,0,0
198,14155776,132,0,2048,11,0,flexible,132,132,0,0
198,14155776,132,0,2187,0,7,flexible,132,132,0,0
198,14155776,132,0,2304,8,2,flexible,132,132,0,0
198,14155776,132,0,2592,5,4,flexible,132,132,0,0
198,14155776,132,0,2916,2,6,flexible,132,132,0,0
198,14155776,132,0,3072,10,1,flexible,132,132,0,0
198,14155776,132,0,3456,7,3,flexible,132,132,0,0
198,14155776,132,0,3888,4,5,flexible,132,132,0,0
198,14155776,132,0,4096,12,0,flexible,132,132,0,0
198,14155776,132,0,4374,1,7,flexible,132,132,0,0
198,14155776,132,0,4608,9,2,flexible,132,132,0,0
198,14155776,132,0,5184,6,4,flexible,132,132,0,0
198,14155776,132,0,5832,3,6,flexible,132,132,0,0
198,14155776,132,0,6144,11,1,flexible,132,132,0,0
198,14155776,132,0,6561,0,8,flexible,132,132,0,0
198,14155776,132,0,6912,8,3,flexible,132,132,0,0
198,14155776,132,0,7776,5,5,flexible,132,132,0,0
198,14155776,132,0,8192,13,0,flexible,132,132,0,0
198,14155776,132,0,8748,2,7,flexible,132,132,0,0
198,14155776,132,0,9216,10,2,flexible,132,132,0,0
198,14155776,132,0,10368,7,4,flexible,132,132,0,0
198,14155776,132,0,11664,4,6,flexible,132,132,0,0
198,14155776,132,0,12288,12,1,flexible,132,132,0,0
198,14155776,132,0,13122,1,8,flexible,132,132,0,0
198,14155776,132,0,13824,9,3,flexible,132,132,0,0
198,14155776,132,0,15552,6,5,flexible,132,132,0,0
198,14155776,132,0,16384,14,0,flexible,132,132,0,0
198,14155776,132,0,17496,3,7,flexible,132,132,0,0
198,14155776,132,0,18432,11,2,flexible,132,132,0,0
198,14155776,132,0,19683,0,9,flexible,132,132,0,0
198,14155776,132,0,20736,8,4,flexible,132,132,0,0
198,14155776,132,0,23328,5,6,flexible,132,132,0,0
198,14155776,132,0,24576,13,1,flexible,132,132,0,0
198,14155776,132,0,26244,2,8,flexible,132,132,0,0
198,14155776,132,0,27648,10,3,flexible,132,132,0,0
198,14155776,132,0,31104,7,5,flexible,132,132,0,0
198,14155776,132,0,32768,15,0,flexible,132,132,0,0
198,14155776,132,0,34992,4,7,flexible,132,132,0,0
198,14155776,132,0,36864,12,2,flexible,132,132,0,0
198,14155776,132,0,39366,1,9,flexible,132,132,0,0
198,14155776,132,0,41472,9,4,flexible,132,132,0,0
198,14155776,132,0,46656,6,6,flexible,132,132,0,0
198,14155776,132,0,49152,14,1,flexible,132,132,0,0
198,14155776,132,0,52488,3,8,flexible,132,132,0,0
198,14155776,132,0,55296,11,3,flexible,132,132,0,0
198,14155776,132,0,59049,0,10,flexible,132,132,0,0
198,14155776,132,0,62208,8,5,flexible,132,132,0,0
198,14155776,132,0,65536,16,0,flexible,132,132,0,0
198,14155776,132,0,69984,5,7,flexible,132,132,0,0
198,14155776,132,0,73728,13,2,flexible,132,132,0,0
198,14155776,132,0,78732,2,9,flexible,132,132,0,0
198,14155776,132,0,82944,10,4,flexible,132,132,0,0
198,14155776,132,0,93312,7,6,flexible,132,132,0,0
198,14155776,132,0,98304,15,1,flexible,132,132,0,0
198,14155776,132,0,104976,4,8,flexible,132,132,0,0
198,14155776,132,0,110592,12,3,flexible,132,132,0,0
198,14155776,132,0,118098,1,10,flexible,132,132,0,0
198,14155776,132,0,124416,9,5,flexible,132,132,0,0
198,14155776,132,0,131072,17,0,flexible,132,132,0,0
198,14155776,132,0,139968,6,7,flexible,132,132,0,0
198,14155776,132,0,147456,14,2,flexible,132,132,0,0
198,14155776,132,0,157464,3,9,flexible,132,132,0,0
198,14155776,132,0,165888,11,4,flexible,132,132,0,0
198,14155776,132,0,177147,0,11,flexible,132,132,0,0
198,14155776,132,0,186624,8,6,flexible,132,132,0,0
198,14155776,132,0,196608,16,1,flexible,132,132,0,0
198,14155776,132,0,209952,5,8,flexible,132,132,0,0
198,14155776,132,0,221184,13,3,flexible,132,132,0,0
198,14155776,132,0,236196,2,10,flexible,132,132,0,0
198,14155776,132,0,248832,10,5,flexible,132,132,0,0
198,14155776,132,0,262144,18,0,flexible,132,132,0,0
198,14155776,132,0,279936,7,7,flexible,132,132,0,0
198,14155776,132,0,294912,15,2,flexible,132,132,0,0
198,14155776,132,0,314928,4,9,flexible,132,132,0,0
198,14155776,132,0,331776,12,4,flexible,132,132,0,0
198,14155776,132,0,354294,1,11,flexible,132,132,0,0
198,14155776,132,0,373248,9,6,flexible,132,132,0,0
198,14155776,132,0,393216,17,1,flexible,132,132,0,0
198,14155776,132,0,419904,6,8,flexible,132,132,0,0
198,14155776,132,0,442368,14,3,flexible,132,132,0,0
198,14155776,132,0,472392,3,10,flexible,132,132,0,0
198,14155776,132,0,497664,11,5,flexible,132,132,0,0
198,14155776,132,0,524288,19,0,flexible,132,132,0,0
198,14155776,132,0,531441,0,12,flexible,132,132,0,0
198,14155776,132,0,559872,8,7,flexible,132,132,0,0
198,14155776,132,0,589824,16,2,flexible,132,132,0,0
198,14155776,132,0,629856,5,9,flexible,132,132,0,0
198,14155776,132,0,663552,13,4,flexible,132,132,0,0
198,14155776,132,0,708588,2,11,flexible,132,132,0,0
198,14155776,132,0,746496,10,6,flexible,132,132,0,0
198,14155776,132,0,786432,18,1,flexible,132,132,0,0
198,14155776,132,0,839808,7,8,flexible,132,132,0,0
198,14155776,132,0,884736,15,3,flexible,132,132,0,0
198,14155776,132,0,944784,4,10,flexible,132,132,0,0
198,14155776,132,0,995328,12,5,flexible,132,132,0,0
198,14155776,132,0,1048576,20,0,flexible,132,132,0,0
198,14155776,132,0,1062882,1,12,flexible,132,132,0,0
198,14155776,132,0,1119744,9,7,flexible,132,132,0,0
198,14155776,132,0,1179648,17,2,flexible,132,132,0,0
198,14155776,132,0,1259712,6,9,flexible,132,132,0,0
198,14155776,132,0,1327104,14,4,flexible,132,132,0,0
198,14155776,132,0,1417176,3,11,flexible,132,132,0,0
198,14155776,132,0,1492992,11,6,flexible,132,132,0,0
198,14155776,132,0,1572864,19,1,flexible,132,132,0,0
198,14155776,132,0,1594323,0,13,flexible,132,132,0,0
198,14155776,132,0,1679616,8,8,flexible,132,132,0,0
198,14155776,132,0,1769472,16,3,flexible,132,132,0,0
198,14155776,132,0,1889568,5,10,flexible,132,132,0,0
198,14155776,132,0,1990656,13,5,flexible,132,132,0,0
198,14155776,132,0,2097152,21,0,flexible,132,132,0,0
198,14155776,132,0,2125764,2,12,flexible,132,132,0,0
198,14155776,132,0,2239488,10,7,flexible,132,132,0,0
198,14155776,132,0,2359296,18,2,flexible,132,132,0,0
198,14155776,132,0,2519424,7,9,flexible,132,132,0,0
198,14155776,132,0,2654208,15,4,flexible,132,132,0,0
198,14155776,132,0,2834352,4,11,flexible,132,132,0,0
198,14155776,132,0,2985984,12,6,flexible,132,132,0,0
198,14155776,132,0,3145728,20,1,flexible,132,132,0,0
198,14155776,132,0,3188646,1,13,flexible,132,132,0,0
198,14155776,132,0,3359232,9,8,flexible,132,132,0,0
198,14155776,132,0,3538944,17,3,flexible,132,132,0,0
198,14155776,132,0,3779136,6,10,flexible,132,132,0,0
198,14155776,132,0,3981312,14,5,flexible,132,132,0,0
198,14155776,132,0,4194304,22,0,flexible,132,132,0,0
198,14155776,132,0,4251528,3,12,flexible,132,132,0,0
198,14155776,132,0,4478976,11,7,flexible,132,132,0,0
198,14155776,132,0,4718592,19,2,flexible,132,132,0,0
198,14155776,132,0,4782969,0,14,flexible,132,132,0,0
198,14155776,132,0,5038848,8,9,flexible,132,132,0,0
198,14155776,132,0,5308416,16,4,flexible,132,132,0,0
198,14155776,132,0,5668704,5,11,flexible,132,132,0,0
198,14155776,132,0,5971968,13,6,flexible,132,132,0,0
198,14155776,132,0,6291456,21,1,flexible,132,132,0,0
198,14155776,132,0,6377292,2,13,flexible,132,132,0,0
198,14155776,132,0,6718464,10,8,flexible,132,132,0,0
198,14155776,132,0,7077888,18,3,flexible,132,132,0,0
198,14155776,132,0,7558272,7,10,flexible,132,132,0,0
198,14155776,132,0,7962624,15,5,flexible,132,132,0,0
198,14155776,132,0,8388608,23,0,flexible,132,132,0,0
198,14155776,132,0,8503056,4,12,flexible,132,132,0,0
198,14155776,132,0,8957952,12,7,flexible,132,132,0,0
198,14155776,132,0,9437184,20,2,flexible,132,132,0,0
198,14155776,132,0,9565938,1,14,flexible,132,132,0,0
198,14155776,132,0,10077696,9,9,flexible,132,132,0,0
198,14155776,132,0,10616832,17,4,flexible,132,132,0,0
198,14155776,132,0,11337408,6,11,flexible,132,132,0,0
198,14155776,132,0,11943936,14,6,flexible,132,132,0,0
198,14155776,132,0,12582912,22,1,flexible,132,132,0,0
198,14155776,132,0,12754584,3,13,flexible,132,132,0,0
198,14155776,132,0,13436928,11,8,flexible,132,132,0,0
198,14155776,132,0,14155776,19,3,flexible,132,132,0,0
199,14348907,133,1,1,0,0,forced,132,133,1,0
199,14348907,133,1,2,1,0,flexible,133,133,0,0
199,14348907,133,1,3,0,1,flexible,133,133,0,0
199,14348907,133,1,4,2,0,flexible,133,133,0,0
199,14348907,133,1,6,1,1,forced,132,133,1,0
199,14348907,133,1,8,3,0,forced,132,133,1,0
199,14348907,133,1,9,0,2,flexible,133,133,0,0
199,14348907,133,1,12,2,1,flexible,133,133,0,0
199,14348907,133,1,16,4,0,flexible,133,133,0,0
199,14348907,133,1,18,1,2,flexible,133,133,0,0
199,14348907,133,1,24,3,1,flexible,133,133,0,0
199,14348907,133,1,27,0,3,forced,132,133,1,0
199,14348907,133,1,32,5,0,flexible,133,133,0,0
199,14348907,133,1,36,2,2,forced,132,133,1,0
199,14348907,133,1,48,4,1,forced,132,133,1,0
199,14348907,133,1,54,1,3,flexible,133,133,0,0
199,14348907,133,1,64,6,0,forced,132,133,1,0
199,14348907,133,1,72,3,2,flexible,133,133,0,0
199,14348907,133,1,81,0,4,flexible,133,133,0,0
199,14348907,133,1,96,5,1,flexible,133,133,0,0
199,14348907,133,1,108,2,3,flexible,133,133,0,0
199,14348907,133,1,128,7,0,flexible,133,133,0,0
199,14348907,133,1,144,4,2,flexible,133,133,0,0
199,14348907,133,1,162,1,4,forced,132,133,1,0
199,14348907,133,1,192,6,1,flexible,133,133,0,0
199,14348907,133,1,216,3,3,forced,132,133,1,0
199,14348907,133,1,243,0,5,flexible,133,133,0,0
199,14348907,133,1,256,8,0,flexible,133,133,0,0
199,14348907,133,1,288,5,2,forced,132,133,1,0
199,14348907,133,1,324,2,4,flexible,133,133,0,0
199,14348907,133,1,384,7,1,forced,132,133,1,0
199,14348907,133,1,432,4,3,flexible,133,133,0,0
199,14348907,133,1,486,1,5,flexible,133,133,0,0
199,14348907,133,1,512,9,0,forced,132,133,1,0
199,14348907,133,1,576,6,2,flexible,133,133,0,0
199,14348907,133,1,648,3,4,flexible,133,133,0,0
199,14348907,133,1,729,0,6,forced,132,133,1,0
199,14348907,133,1,768,8,1,flexible,133,133,0,0
199,14348907,133,1,864,5,3,flexible,133,133,0,0
199,14348907,133,1,972,2,5,forced,132,133,1,0
199,14348907,133,1,1024,10,0,flexible,133,133,0,0
199,14348907,133,1,1152,7,2,flexible,133,133,0,0
199,14348907,133,1,1296,4,4,forced,132,133,1,0
199,14348907,133,1,1458,1,6,flexible,133,133,0,0
199,14348907,133,1,1536,9,1,flexible,133,133,0,0
199,14348907,133,1,1728,6,3,forced,132,133,1,0
199,14348907,133,1,1944,3,5,flexible,133,133,0,0
199,14348907,133,1,2048,11,0,flexible,133,133,0,0
199,14348907,133,1,2187,0,7,flexible,133,133,0,0
199,14348907,133,1,2304,8,2,forced,132,133,1,0
199,14348907,133,1,2592,5,4,flexible,133,133,0,0
199,14348907,133,1,2916,2,6,flexible,133,133,0,0
199,14348907,133,1,3072,10,1,forced,132,133,1,0
199,14348907,133,1,3456,7,3,flexible,133,133,0,0
199,14348907,133,1,3888,4,5,flexible,133,133,0,0
199,14348907,133,1,4096,12,0,forced,132,133,1,0
199,14348907,133,1,4374,1,7,forced,132,133,1,0
199,14348907,133,1,4608,9,2,flexible,133,133,0,0
199,14348907,133,1,5184,6,4,flexible,133,133,0,0
199,14348907,133,1,5832,3,6,forced,132,133,1,0
199,14348907,133,1,6144,11,1,flexible,133,133,0,0
199,14348907,133,1,6561,0,8,flexible,133,133,0,0
199,14348907,133,1,6912,8,3,flexible,133,133,0,0
199,14348907,133,1,7776,5,5,forced,132,133,1,0
199,14348907,133,1,8192,13,0,flexible,133,133,0,0
199,14348907,133,1,8748,2,7,flexible,133,133,0,0
199,14348907,133,1,9216,10,2,flexible,133,133,0,0
199,14348907,133,1,10368,7,4,forced,132,133,1,0
199,14348907,133,1,11664,4,6,flexible,133,133,0,0
199,14348907,133,1,12288,12,1,flexible,133,133,0,0
199,14348907,133,1,13122,1,8,flexible,133,133,0,0
199,14348907,133,1,13824,9,3,forced,132,133,1,0
199,14348907,133,1,15552,6,5,flexible,133,133,0,0
199,14348907,133,1,16384,14,0,flexible,133,133,0,0
199,14348907,133,1,17496,3,7,flexible,133,133,0,0
199,14348907,133,1,18432,11,2,forced,132,133,1,0
199,14348907,133,1,19683,0,9,forced,132,133,1,0
199,14348907,133,1,20736,8,4,flexible,133,133,0,0
199,14348907,133,1,23328,5,6,flexible,133,133,0,0
199,14348907,133,1,24576,13,1,forced,132,133,1,0
199,14348907,133,1,26244,2,8,forced,132,133,1,0
199,14348907,133,1,27648,10,3,flexible,133,133,0,0
199,14348907,133,1,31104,7,5,flexible,133,133,0,0
199,14348907,133,1,32768,15,0,forced,132,133,1,0
199,14348907,133,1,34992,4,7,forced,132,133,1,0
199,14348907,133,1,36864,12,2,flexible,133,133,0,0
199,14348907,133,1,39366,1,9,flexible,133,133,0,0
199,14348907,133,1,41472,9,4,flexible,133,133,0,0
199,14348907,133,1,46656,6,6,forced,132,133,1,0
199,14348907,133,1,49152,14,1,flexible,133,133,0,0
199,14348907,133,1,52488,3,8,flexible,133,133,0,0
199,14348907,133,1,55296,11,3,flexible,133,133,0,0
199,14348907,133,1,59049,0,10,flexible,133,133,0,0
199,14348907,133,1,62208,8,5,forced,132,133,1,0
199,14348907,133,1,65536,16,0,flexible,133,133,0,0
199,14348907,133,1,69984,5,7,flexible,133,133,0,0
199,14348907,133,1,73728,13,2,flexible,133,133,0,0
199,14348907,133,1,78732,2,9,flexible,133,133,0,0
199,14348907,133,1,82944,10,4,forced,132,133,1,0
199,14348907,133,1,93312,7,6,flexible,133,133,0,0
199,14348907,133,1,98304,15,1,flexible,133,133,0,0
199,14348907,133,1,104976,4,8,flexible,133,133,0,0
199,14348907,133,1,110592,12,3,forced,132,133,1,0
199,14348907,133,1,118098,1,10,forced,132,133,1,0
199,14348907,133,1,124416,9,5,flexible,133,133,0,0
199,14348907,133,1,131072,17,0,flexible,133,133,0,0
199,14348907,133,1,139968,6,7,flexible,133,133,0,0
199,14348907,133,1,147456,14,2,forced,132,133,1,0
199,14348907,133,1,157464,3,9,forced,132,133,1,0
199,14348907,133,1,165888,11,4,flexible,133,133,0,0
199,14348907,133,1,177147,0,11,flexible,133,133,0,0
199,14348907,133,1,186624,8,6,flexible,133,133,0,0
199,14348907,133,1,196608,16,1,forced,132,133,1,0
199,14348907,133,1,209952,5,8,forced,132,133,1,0
199,14348907,133,1,221184,13,3,flexible,133,133,0,0
199,14348907,133,1,236196,2,10,flexible,133,133,0,0
199,14348907,133,1,248832,10,5,flexible,133,133,0,0
199,14348907,133,1,262144,18,0,flexible,133,133,0,0
199,14348907,133,1,279936,7,7,forced,132,133,1,0
199,14348907,133,1,294912,15,2,flexible,133,133,0,0
199,14348907,133,1,314928,4,9,flexible,133,133,0,0
199,14348907,133,1,331776,12,4,flexible,133,133,0,0
199,14348907,133,1,354294,1,11,flexible,133,133,0,0
199,14348907,133,1,373248,9,6,forced,132,133,1,0
199,14348907,133,1,393216,17,1,flexible,133,133,0,0
199,14348907,133,1,419904,6,8,flexible,133,133,0,0
199,14348907,133,1,442368,14,3,flexible,133,133,0,0
199,14348907,133,1,472392,3,10,flexible,133,133,0,0
199,14348907,133,1,497664,11,5,forced,132,133,1,0
199,14348907,133,1,524288,19,0,flexible,133,133,0,0
199,14348907,133,1,531441,0,12,forced,132,133,1,0
199,14348907,133,1,559872,8,7,flexible,133,133,0,0
199,14348907,133,1,589824,16,2,flexible,133,133,0,0
199,14348907,133,1,629856,5,9,flexible,133,133,0,0
199,14348907,133,1,663552,13,4,forced,132,133,1,0
199,14348907,133,1,708588,2,11,forced,132,133,1,0
199,14348907,133,1,746496,10,6,flexible,133,133,0,0
199,14348907,133,1,786432,18,1,flexible,133,133,0,0
199,14348907,133,1,839808,7,8,flexible,133,133,0,0
199,14348907,133,1,884736,15,3,forced,132,133,1,0
199,14348907,133,1,944784,4,10,forced,132,133,1,0
199,14348907,133,1,995328,12,5,flexible,133,133,0,0
199,14348907,133,1,1048576,20,0,flexible,133,133,0,0
199,14348907,133,1,1062882,1,12,flexible,133,133,0,0
199,14348907,133,1,1119744,9,7,flexible,133,133,0,0
199,14348907,133,1,1179648,17,2,forced,132,133,1,0
199,14348907,133,1,1259712,6,9,forced,132,133,1,0
199,14348907,133,1,1327104,14,4,flexible,133,133,0,0
199,14348907,133,1,1417176,3,11,flexible,133,133,0,0
199,14348907,133,1,1492992,11,6,flexible,133,133,0,0
199,14348907,133,1,1572864,19,1,flexible,133,133,0,0
199,14348907,133,1,1594323,0,13,flexible,133,133,0,0
199,14348907,133,1,1679616,8,8,forced,132,133,1,0
199,14348907,133,1,1769472,16,3,flexible,133,133,0,0
199,14348907,133,1,1889568,5,10,flexible,133,133,0,0
199,14348907,133,1,1990656,13,5,flexible,133,133,0,0
199,14348907,133,1,2097152,21,0,forced,132,133,1,0
199,14348907,133,1,2125764,2,12,flexible,133,133,0,0
199,14348907,133,1,2239488,10,7,forced,132,133,1,0
199,14348907,133,1,2359296,18,2,flexible,133,133,0,0
199,14348907,133,1,2519424,7,9,flexible,133,133,0,0
199,14348907,133,1,2654208,15,4,flexible,133,133,0,0
199,14348907,133,1,2834352,4,11,flexible,133,133,0,0
199,14348907,133,1,2985984,12,6,forced,132,133,1,0
199,14348907,133,1,3145728,20,1,flexible,133,133,0,0
199,14348907,133,1,3188646,1,13,forced,132,133,1,0
199,14348907,133,1,3359232,9,8,flexible,133,133,0,0
199,14348907,133,1,3538944,17,3,flexible,133,133,0,0
199,14348907,133,1,3779136,6,10,flexible,133,133,0,0
199,14348907,133,1,3981312,14,5,flexible,133,133,0,0
199,14348907,133,1,4194304,22,0,flexible,133,133,0,0
199,14348907,133,1,4251528,3,12,flexible,133,133,0,0
199,14348907,133,1,4478976,11,7,flexible,133,133,0,0
199,14348907,133,1,4718592,19,2,flexible,133,133,0,0
199,14348907,133,1,4782969,0,14,flexible,133,133,0,0
199,14348907,133,1,5038848,8,9,flexible,133,133,0,0
199,14348907,133,1,5308416,16,4,forced,132,133,1,0
199,14348907,133,1,5668704,5,11,forced,132,133,1,0
199,14348907,133,1,5971968,13,6,flexible,133,133,0,0
199,14348907,133,1,6291456,21,1,flexible,133,133,0,0
199,14348907,133,1,6377292,2,13,flexible,133,133,0,0
199,14348907,133,1,6718464,10,8,flexible,133,133,0,0
199,14348907,133,1,7077888,18,3,flexible,133,133,0,0
199,14348907,133,1,7558272,7,10,flexible,133,133,0,0
199,14348907,133,1,7962624,15,5,flexible,133,133,0,0
199,14348907,133,1,8388608,23,0,flexible,133,133,0,0
199,14348907,133,1,8503056,4,12,flexible,133,133,0,0
199,14348907,133,1,8957952,12,7,flexible,133,133,0,0
199,14348907,133,1,9437184,20,2,flexible,133,133,0,0
199,14348907,133,1,9565938,1,14,flexible,133,133,0,0
199,14348907,133,1,10077696,9,9,forced,132,133,1,0
199,14348907,133,1,10616832,17,4,flexible,133,133,0,0
199,14348907,133,1,11337408,6,11,flexible,133,133,0,0
199,14348907,133,1,11943936,14,6,flexible,133,133,0,0
199,14348907,133,1,12582912,22,1,flexible,133,133,0,0
199,14348907,133,1,12754584,3,13,flexible,133,133,0,0
199,14348907,133,1,13436928,11,8,forced,132,133,1,0
199,14348907,133,1,14155776,19,3,flexible,133,133,0,0
199,14348907,133,1,14348907,0,15,forced,132,133,1,0
200,15116544,134,1,1,0,0,forced,133,134,1,0
200,15116544,134,1,2,1,0,forced,133,134,1,0
200,15116544,134,1,3,0,1,none,134,133,0,1
200,15116544,134,1,4,2,0,none,134,133,0,1
200,15116544,134,1,6,1,1,forced,133,134,1,0
200,15116544,134,1,8,3,0,forced,133,134,1,0
200,15116544,134,1,9,0,2,forced,133,134,1,0
200,15116544,134,1,12,2,1,forced,133,134,1,0
200,15116544,134,1,16,4,0,forced,133,134,1,0
200,15116544,134,1,18,1,2,none,134,133,0,1
200,15116544,134,1,24,3,1,none,134,133,0,1
200,15116544,134,1,27,0,3,forced,133,134,1,0
200,15116544,134,1,32,5,0,none,134,133,0,1
200,15116544,134,1,36,2,2,forced,133,134,1,0
200,15116544,134,1,48,4,1,forced,133,134,1,0
200,15116544,134,1,54,1,3,forced,133,134,1,0
200,15116544,134,1,64,6,0,forced,133,134,1,0
200,15116544,134,1,72,3,2,forced,133,134,1,0
200,15116544,134,1,81,0,4,none,134,133,0,1
200,15116544,134,1,96,5,1,forced,133,134,1,0
200,15116544,134,1,108,2,3,none,134,133,0,1
200,15116544,134,1,128,7,0,forced,133,134,1,0
200,15116544,134,1,144,4,2,none,134,133,0,1
200,15116544,134,1,162,1,4,forced,133,134,1,0
200,15116544,134,1,192,6,1,none,134,133,0,1
200,15116544,134,1,216,3,3,forced,133,134,1,0
200,15116544,134,1,243,0,5,forced,133,134,1,0
200,15116544,134,1,256,8,0,none,134,133,0,1
200,15116544,134,1,288,5,2,forced,133,134,1,0
200,15116544,134,1,324,2,4,forced,133,134,1,0
200,15116544,134,1,384,7,1,forced,133,134,1,0
200,15116544,134,1,432,4,3,forced,133,134,1,0
200,15116544,134,1,486,1,5,none,134,133,0,1
200,15116544,134,1,512,9,0,forced,133,134,1,0
200,15116544,134,1,576,6,2,forced,133,134,1,0
200,15116544,134,1,648,3,4,none,134,133,0,1
200,15116544,134,1,729,0,6,forced,133,134,1,0
200,15116544,134,1,768,8,1,forced,133,134,1,0
200,15116544,134,1,864,5,3,none,134,133,0,1
200,15116544,134,1,972,2,5,forced,133,134,1,0
200,15116544,134,1,1024,10,0,forced,133,134,1,0
200,15116544,134,1,1152,7,2,none,134,133,0,1
200,15116544,134,1,1296,4,4,forced,133,134,1,0
200,15116544,134,1,1458,1,6,forced,133,134,1,0
200,15116544,134,1,1536,9,1,none,134,133,0,1
200,15116544,134,1,1728,6,3,forced,133,134,1,0
200,15116544,134,1,1944,3,5,forced,133,134,1,0
200,15116544,134,1,2048,11,0,none,134,133,0,1
200,15116544,134,1,2187,0,7,none,134,133,0,1
200,15116544,134,1,2304,8,2,forced,133,134,1,0
200,15116544,134,1,2592,5,4,forced,133,134,1,0
200,15116544,134,1,2916,2,6,none,134,133,0,1
200,15116544,134,1,3072,10,1,forced,133,134,1,0
200,15116544,134,1,3456,7,3,forced,133,134,1,0
200,15116544,134,1,3888,4,5,none,134,133,0,1
200,15116544,134,1,4096,12,0,forced,133,134,1,0
200,15116544,134,1,4374,1,7,forced,133,134,1,0
200,15116544,134,1,4608,9,2,forced,133,134,1,0
200,15116544,134,1,5184,6,4,none,134,133,0,1
200,15116544,134,1,5832,3,6,forced,133,134,1,0
200,15116544,134,1,6144,11,1,forced,133,134,1,0
200,15116544,134,1,6561,0,8,forced,133,134,1,0
200,15116544,134,1,6912,8,3,none,134,133,0,1
200,15116544,134,1,7776,5,5,forced,133,134,1,0
200,15116544,134,1,8192,13,0,forced,133,134,1,0
200,15116544,134,1,8748,2,7,forced,133,134,1,0
200,15116544,134,1,9216,10,2,none,134,133,0,1
200,15116544,134,1,10368,7,4,forced,133,134,1,0
200,15116544,134,1,11664,4,6,forced,133,134,1,0
200,15116544,134,1,12288,12,1,none,134,133,0,1
200,15116544,134,1,13122,1,8,none,134,133,0,1
200,15116544,134,1,13824,9,3,forced,133,134,1,0
200,15116544,134,1,15552,6,5,forced,133,134,1,0
200,15116544,134,1,16384,14,0,none,134,133,0,1
200,15116544,134,1,17496,3,7,none,134,133,0,1
200,15116544,134,1,18432,11,2,forced,133,134,1,0
200,15116544,134,1,19683,0,9,forced,133,134,1,0
200,15116544,134,1,20736,8,4,forced,133,134,1,0
200,15116544,134,1,23328,5,6,none,134,133,0,1
200,15116544,134,1,24576,13,1,forced,133,134,1,0
200,15116544,134,1,26244,2,8,forced,133,134,1,0
200,15116544,134,1,27648,10,3,forced,133,134,1,0
200,15116544,134,1,31104,7,5,none,134,133,0,1
200,15116544,134,1,32768,15,0,forced,133,134,1,0
200,15116544,134,1,34992,4,7,forced,133,134,1,0
200,15116544,134,1,36864,12,2,forced,133,134,1,0
200,15116544,134,1,39366,1,9,forced,133,134,1,0
200,15116544,134,1,41472,9,4,none,134,133,0,1
200,15116544,134,1,46656,6,6,forced,133,134,1,0
200,15116544,134,1,49152,14,1,forced,133,134,1,0
200,15116544,134,1,52488,3,8,forced,133,134,1,0
200,15116544,134,1,55296,11,3,none,134,133,0,1
200,15116544,134,1,59049,0,10,none,134,133,0,1
200,15116544,134,1,62208,8,5,forced,133,134,1,0
200,15116544,134,1,65536,16,0,forced,133,134,1,0
200,15116544,134,1,69984,5,7,forced,133,134,1,0
200,15116544,134,1,73728,13,2,none,134,133,0,1
200,15116544,134,1,78732,2,9,none,134,133,0,1
200,15116544,134,1,82944,10,4,forced,133,134,1,0
200,15116544,134,1,93312,7,6,forced,133,134,1,0
200,15116544,134,1,98304,15,1,none,134,133,0,1
200,15116544,134,1,104976,4,8,none,134,133,0,1
200,15116544,134,1,110592,12,3,forced,133,134,1,0
200,15116544,134,1,118098,1,10,forced,133,134,1,0
200,15116544,134,1,124416,9,5,forced,133,134,1,0
200,15116544,134,1,131072,17,0,none,134,133,0,1
200,15116544,134,1,139968,6,7,none,134,133,0,1
200,15116544,134,1,147456,14,2,forced,133,134,1,0
200,15116544,134,1,157464,3,9,forced,133,134,1,0
200,15116544,134,1,165888,11,4,forced,133,134,1,0
200,15116544,134,1,177147,0,11,forced,133,134,1,0
200,15116544,134,1,186624,8,6,none,134,133,0,1
200,15116544,134,1,196608,16,1,forced,133,134,1,0
200,15116544,134,1,209952,5,8,forced,133,134,1,0
200,15116544,134,1,221184,13,3,forced,133,134,1,0
200,15116544,134,1,236196,2,10,forced,133,134,1,0
200,15116544,134,1,248832,10,5,none,134,133,0,1
200,15116544,134,1,262144,18,0,forced,133,134,1,0
200,15116544,134,1,279936,7,7,forced,133,134,1,0
200,15116544,134,1,294912,15,2,forced,133,134,1,0
200,15116544,134,1,314928,4,9,forced,133,134,1,0
200,15116544,134,1,331776,12,4,none,134,133,0,1
200,15116544,134,1,354294,1,11,none,134,133,0,1
200,15116544,134,1,373248,9,6,forced,133,134,1,0
200,15116544,134,1,393216,17,1,forced,133,134,1,0
200,15116544,134,1,419904,6,8,forced,133,134,1,0
200,15116544,134,1,442368,14,3,none,134,133,0,1
200,15116544,134,1,472392,3,10,none,134,133,0,1
200,15116544,134,1,497664,11,5,forced,133,134,1,0
200,15116544,134,1,524288,19,0,flexible,134,134,0,0
200,15116544,134,1,531441,0,12,forced,133,134,1,0
200,15116544,134,1,559872,8,7,forced,133,134,1,0
200,15116544,134,1,589824,16,2,none,134,133,0,1
200,15116544,134,1,629856,5,9,none,134,133,0,1
200,15116544,134,1,663552,13,4,forced,133,134,1,0
200,15116544,134,1,708588,2,11,forced,133,134,1,0
200,15116544,134,1,746496,10,6,forced,133,134,1,0
200,15116544,134,1,786432,18,1,none,134,133,0,1
200,15116544,134,1,839808,7,8,none,134,133,0,1
200,15116544,134,1,884736,15,3,forced,133,134,1,0
200,15116544,134,1,944784,4,10,forced,133,134,1,0
200,15116544,134,1,995328,12,5,forced,133,134,1,0
200,15116544,134,1,1048576,20,0,flexible,134,134,0,0
200,15116544,134,1,1062882,1,12,forced,133,134,1,0
200,15116544,134,1,1119744,9,7,none,134,133,0,1
200,15116544,134,1,1179648,17,2,forced,133,134,1,0
200,15116544,134,1,1259712,6,9,forced,133,134,1,0
200,15116544,134,1,1327104,14,4,forced,133,134,1,0
200,15116544,134,1,1417176,3,11,forced,133,134,1,0
200,15116544,134,1,1492992,11,6,none,134,133,0,1
200,15116544,134,1,1572864,19,1,flexible,134,134,0,0
200,15116544,134,1,1594323,0,13,none,134,133,0,1
200,15116544,134,1,1679616,8,8,forced,133,134,1,0
200,15116544,134,1,1769472,16,3,forced,133,134,1,0
200,15116544,134,1,1889568,5,10,forced,133,134,1,0
200,15116544,134,1,1990656,13,5,none,134,133,0,1
200,15116544,134,1,2097152,21,0,forced,133,134,1,0
200,15116544,134,1,2125764,2,12,none,134,133,0,1
200,15116544,134,1,2239488,10,7,forced,133,134,1,0
200,15116544,134,1,2359296,18,2,forced,133,134,1,0
200,15116544,134,1,2519424,7,9,forced,133,134,1,0
200,15116544,134,1,2654208,15,4,none,134,133,0,1
200,15116544,134,1,2834352,4,11,none,134,133,0,1
200,15116544,134,1,2985984,12,6,forced,133,134,1,0
200,15116544,134,1,3145728,20,1,flexible,134,134,0,0
200,15116544,134,1,3188646,1,13,forced,133,134,1,0
200,15116544,134,1,3359232,9,8,forced,133,134,1,0
200,15116544,134,1,3538944,17,3,none,134,133,0,1
200,15116544,134,1,3779136,6,10,none,134,133,0,1
200,15116544,134,1,3981312,14,5,flexible,134,134,0,0
200,15116544,134,1,4194304,22,0,flexible,134,134,0,0
200,15116544,134,1,4251528,3,12,flexible,134,134,0,0
200,15116544,134,1,4478976,11,7,forced,133,134,1,0
200,15116544,134,1,4718592,19,2,none,134,133,0,1
200,15116544,134,1,4782969,0,14,forced,133,134,1,0
200,15116544,134,1,5038848,8,9,none,134,133,0,1
200,15116544,134,1,5308416,16,4,forced,133,134,1,0
200,15116544,134,1,5668704,5,11,forced,133,134,1,0
200,15116544,134,1,5971968,13,6,forced,133,134,1,0
200,15116544,134,1,6291456,21,1,flexible,134,134,0,0
200,15116544,134,1,6377292,2,13,forced,133,134,1,0
200,15116544,134,1,6718464,10,8,none,134,133,0,1
200,15116544,134,1,7077888,18,3,forced,133,134,1,0
200,15116544,134,1,7558272,7,10,forced,133,134,1,0
200,15116544,134,1,7962624,15,5,flexible,134,134,0,0
200,15116544,134,1,8388608,23,0,flexible,134,134,0,0
200,15116544,134,1,8503056,4,12,flexible,134,134,0,0
200,15116544,134,1,8957952,12,7,none,134,133,0,1
200,15116544,134,1,9437184,20,2,flexible,134,134,0,0
200,15116544,134,1,9565938,1,14,none,134,133,0,1
200,15116544,134,1,10077696,9,9,forced,133,134,1,0
200,15116544,134,1,10616832,17,4,forced,133,134,1,0
200,15116544,134,1,11337408,6,11,forced,133,134,1,0
200,15116544,134,1,11943936,14,6,flexible,134,134,0,0
200,15116544,134,1,12582912,22,1,flexible,134,134,0,0
200,15116544,134,1,12754584,3,13,flexible,134,134,0,0
200,15116544,134,1,13436928,11,8,forced,133,134,1,0
200,15116544,134,1,14155776,19,3,forced,133,134,1,0
200,15116544,134,1,14348907,0,15,forced,133,134,1,0
200,15116544,134,1,15116544,8,10,forced,133,134,1,0
