A,B,q,cleared_rectangle_head,tail_lower,tail_upper,tail_lower_display,all_smooth_tail_upper_display,certified_width,fractional_part_lower,fractional_part_display,distance_from_integers_lower,distance_display
1,0,1,3,1327770119996255132882363729176545244248263004726430328069711001735049858602017159060025076903187976558749918571326474133532258114376090743327143060293264144890570115372931278175347057805831506009/735283055690349694235977212520282932868872369771573996544932363483561905403612120419346540955880187209031246445445210362226667182906366649774020782655400074462397274134364475771781178744683626496,497913794998595674830886398441204466593098626772411373026141625650643696975756434647509403838696920827777095706739662957131677011321998680643836971064147589291497026124637420946418424445181184573/275731145883881135338491454695106099825827138664340248704349636306335714526354545157254952858455070203386717417041953885835000193589887493665257793495775027923398977800386678414417942029256359936,1.8057945300393539345425219583284944793483499346617075269151427362186824826549778013137052651026845633120824578,3,11436945967009939937881256456641747447717215169266587633388279660265862878305533045306222143954958557/2205849167071049082707931637560848798606617109314721989634797090450685716210836361258039622867640561627093739336335631086680001548719099949322062347966200223387191822403093427315343536234050879488,592487064305905438646386516656262311379390634954856331524778638251487953198405038640678535947307789349718672125881263771305590931469724093553122277637864070428172841238566802403565879061147879513/735283055690349694235977212520282932868872369771573996544932363483561905403612120419346540955880187209031246445445210362226667182906366649774020782655400074462397274134364475771781178744683626496,0.80579453003935393454252195832849447934834993466170752691514273621868248265497780131370526510268456331208245783,53548496769166595846096510949007733058555650556269124382557646962027732076952655667000501878213219578996339127344244814538323375857776306686678615927402466555300929476135935882417459613331535299/275731145883881135338491454695106099825827138664340248704349636306335714526354545157254952858455070203386717417041953885835000193589887493665257793495775027923398977800386678414417942029256359936,0.19420546996064606545747804167150552065165006533829247308485726378131751734502219868629473489731025186107727546
2,1,1,24,592487064305905438646386516656262311379390634954856331524778638251487953198405038640678535947307789349718672125881263771305590931469724093553122277637864070428172841238566802403565879061147879513/122547175948391615705996202086713822144812061628595666090822060580593650900602020069891090159313364534838541074240868393704444530484394441629003463775900012410399545689060745961963529790780604416,222182649114714539492394943746098366767271488108071124321791989344307982449401889490254450980241850624390378289697709071296676817732111186978579177568372561368098048324250742532000482415924824637/45955190980646855889748575782517683304304523110723374784058272717722619087725757526209158809742511700564452902840325647639166698931647915610876298915962504653899829633397779735736323671542726656,4.8347671802361236072551317499709668760900996079702451614908564173120948959298668078822315906161073798724947470,8,11436945967009939937881256456641747447717215169266587633388279660265862878305533045306222143954958557/367641527845174847117988606260141466434436184885786998272466181741780952701806060209673270477940093604515623222722605181113333591453183324887010391327700037231198637067182237885890589372341813248,102298360512338975822401708309407022800142388440473667161490395929113349595996958361114175310054331210364507828917790196487812809532146327037108422534264020786574658482323818555711759898025461849/122547175948391615705996202086713822144812061628595666090822060580593650900602020069891090159313364534838541074240868393704444530484394441629003463775900012410399545689060745961963529790780604416,0.83476718023612360725513174997096687609009960797024516149085641731209489592986680788223159061610737987249474700,7593305788519739956347935166490049754251127445545749598499374244305112989226898140791343068470707878431886224503919166899156676926128391075802317011439961901401099842738156146681135941788808643/45955190980646855889748575782517683304304523110723374784058272717722619087725757526209158809742511700564452902840325647639166698931647915610876298915962504653899829633397779735736323671542726656,0.16523281976387639274486825002903312390990039202975483850914358268790510407013319211776840938386151116646365274
3,1,1,52,347392712409122207234394112482834667089766511697664999343134517090300651397200998500896355628681060280041589977399526983896701870500935210295115350086064045607373749860445310479638819479586670681/61273587974195807852998101043356911072406030814297833045411030290296825450301010034945545079656682267419270537120434196852222265242197220814501731887950006205199772844530372980981764895390302208,130272267153420827712897792181063000158662441886624374753675443908862744273950374437836133360756827223261472484017057776018343419868815355756826579736447552060298389057455183060527835072839371325/22977595490323427944874287891258841652152261555361687392029136358861309543862878763104579404871255850282226451420162823819583349465823957805438149457981252326949914816698889867868161835771363328,5.6695343604722472145102634999419337521801992159404903229817128346241897918597336157644631812322147597449894940,12,11436945967009939937881256456641747447717215169266587633388279660265862878305533045306222143954958557/183820763922587423558994303130070733217218092442893499136233090870890476350903030104836635238970046802257811611361302590556666795726591662443505195663850018615599318533591118942945294686170906624,41024772538143167969403607266050111727736357626175834116079365638816524145695948326168630230397648942945237291797355999635590544289949106222606690646314014581374885637793445574729995002635159641/61273587974195807852998101043356911072406030814297833045411030290296825450301010034945545079656682267419270537120434196852222265242197220814501731887950006205199772844530372980981764895390302208,0.66953436047224721451026349994193375218019921594049032298171283462418979185973361576446318123221475974498949400,7593305788519739956347935166490049754251127445545749598499374244305112989226898140791343068470707878431886224503919166899156676926128391075802317011439961901401099842738156146681135941788808643/22977595490323427944874287891258841652152261555361687392029136358861309543862878763104579404871255850282226451420162823819583349465823957805438149457981252326949914816698889867868161835771363328,0.33046563952775278548973650005806624781980078405950967701828716537581020814026638423553681876772302233292730549
4,2,1,331,153359683824168815699900125845537782027147414119055194699332921171027370804581133390235462876434899766547233276518152027197998030567310677715859865774222359290907802519432462706529897310850713689/10212264662365967975499683507226151845401005135716305507568505048382804241716835005824257513276113711236545089520072366142037044207032870135750288647991667700866628807421728830163627482565050368,57509881434063305887462547192076668260180280294645698012249845439135264051717925021338298578664517030701088721186542167256329479893706156039605773119506919691623658804575365145611989259563387453/3829599248387237990812381315209806942025376925893614565338189393143551590643813127184096567478542641713704408570027137303263891577637326300906358242996875387824985802783148311311360305961893888,15.017206162833483287061580999651602513081195295642941937890277007745138751158401694586779087393288558469936964,29,11436945967009939937881256456641747447717215169266587633388279660265862878305533045306222143954958557/30636793987097903926499050521678455536203015407148916522705515145148412725150505017472772539828341133709635268560217098426111132621098610407250865943975003102599886422265186490490882447695151104,175713888679296067404873237145504346132337083310612085805345445285307178828608302871600177293194097999056933717066535067442367461817625679605536054347343777908370408106530254075485072374958169/10212264662365967975499683507226151845401005135716305507568505048382804241716835005824257513276113711236545089520072366142037044207032870135750288647991667700866628807421728830163627482565050368,0.017206162833483287061580999651602513081195295642941937890277007745138751158401694586779087393288558469936964005,175713888679296067404873237145504346132337083310612085805345445285307178828608302871600177293194097999056933717066535067442367461817625679605536054347343777908370408106530254075485072374958169/10212264662365967975499683507226151845401005135716305507568505048382804241716835005824257513276113711236545089520072366142037044207032870135750288647991667700866628807421728830163627482565050368,0.017206162833483287061580999651602513081195295642941937890277007745138751158401694586779087393288558469936964005
5,3,1,2031,76767698856424055883652499541341643186639875601182903392569133308156338991704870846553531526864046932273145105117609281132720199014564151697732700914284851534408086463769496480302691191612835929/1702044110394327995916613917871025307566834189286050917928084174730467373619472500970709585546018951872757514920012061023672840701172145022625048107998611283477771467903621471693937913760841728,28787887071159020956369687328003116194989953350443588772213424990558627121889326567457574322575447217848305656911338637481850293061426208782808086297030354282936265283701752810776786964849183293/638266541397872998468730219201634490337562820982269094223031565523925265107302187864016094579757106952284068095004522883877315262939554383484393040499479231304164300463858051885226717660315648,45.103236977000899722369485997909615078487171773857651627341662046470832506950410167520674524359731350819621784,72,11436945967009939937881256456641747447717215169266587633388279660265862878305533045306222143954958557/5106132331182983987749841753613075922700502567858152753784252524191402120858417502912128756638056855618272544760036183071018522103516435067875144323995833850433314403710864415081813741282525184,175713888679296067404873237145504346132337083310612085805345445285307178828608302871600177293194097999056933717066535067442367461817625679605536054347343777908370408106530254075485072374958169/1702044110394327995916613917871025307566834189286050917928084174730467373619472500970709585546018951872757514920012061023672840701172145022625048107998611283477771467903621471693937913760841728,0.10323697700089972236948599790961507848717177385765162734166204647083250695041016752067452435973135081962178403,175713888679296067404873237145504346132337083310612085805345445285307178828608302871600177293194097999056933717066535067442367461817625679605536054347343777908370408106530254075485072374958169/1702044110394327995916613917871025307566834189286050917928084174730467373619472500970709585546018951872757514920012061023672840701172145022625048107998611283477771467903621471693937913760841728,0.10323697700089972236948599790961507848717177385765162734166204647083250695041016752067452435973135081962178403
6,3,1,4092,51237037200509135944903290773276263573137362761892139623647870687199328387412783331992887743673762654181782381317428365777627588496981976358356979294305682282241514445215174404893622485200210009/851022055197163997958306958935512653783417094643025458964042087365233686809736250485354792773009475936378757460006030511836420350586072511312524053999305641738885733951810735846968956880420864,19213888950190925979338734039978598839926511035709552358867951507699748145279793749497332903879090613564044635486270794223690564117332893030542190689538165813373800776743882032498386199944448573/319133270698936499234365109600817245168781410491134547111515782761962632553651093932008047289878553476142034047502261441938657631469777191742196520249739615652082150231929025942613358830157824,60.206473954001799444738971995819230156974343547715303254683324092941665013900820335041349048719462701639243568,104,11436945967009939937881256456641747447717215169266587633388279660265862878305533045306222143954958557/2553066165591491993874920876806537961350251283929076376892126262095701060429208751456064378319028427809136272380018091535509261051758217533937572161997916925216657201855432207540906870641262592,175713888679296067404873237145504346132337083310612085805345445285307178828608302871600177293194097999056933717066535067442367461817625679605536054347343777908370408106530254075485072374958169/851022055197163997958306958935512653783417094643025458964042087365233686809736250485354792773009475936378757460006030511836420350586072511312524053999305641738885733951810735846968956880420864,0.20647395400179944473897199581923015697434354771530325468332409294166501390082033504134904871946270163924356806,175713888679296067404873237145504346132337083310612085805345445285307178828608302871600177293194097999056933717066535067442367461817625679605536054347343777908370408106530254075485072374958169/851022055197163997958306958935512653783417094643025458964042087365233686809736250485354792773009475936378757460006030511836420350586072511312524053999305641738885733951810735846968956880420864,0.20647395400179944473897199581923015697434354771530325468332409294166501390082033504134904871946270163924356806
7,4,1,24769,20458406204211704685411189091775222594637111172302718857781681860823376714460655606105889405049919941149417319847210262266210385817452353865887359341330794906018480400624686125094911878024988761/141837009199527332993051159822585442297236182440504243160673681227538947801622708414225798795501579322729792910001005085306070058431012085218754008999884273623147622325301789307828159480070144,7671902326579389257029195909415708472988916689613519571668130697808766267922745852289708526895149596176907737434939005406909113112509284595866083207172583047290163010022448927573869722253740605/53188878449822749872394184933469540861463568415189091185252630460327105425608515655334674548313092246023672341250376906989776271911629531957032753374956602608680358371988170990435559805026304,144.23884372401079666843383197491538094184606128629181952809994455764999008340492201024809429231677620983546141,249,11436945967009939937881256456641747447717215169266587633388279660265862878305533045306222143954958557/425511027598581998979153479467756326891708547321512729482021043682616843404868125242677396386504737968189378730003015255918210175293036255656262026999652820869442866975905367923484478440210432,33876879479768734411822077322918903835100900870107842644671764057768231026985594457374378497692518676327140807065529982136297403386613594386782045347459504285222785781228464767656912894888025/141837009199527332993051159822585442297236182440504243160673681227538947801622708414225798795501579322729792910001005085306070058431012085218754008999884273623147622325301789307828159480070144,0.23884372401079666843383197491538094184606128629181952809994455764999008340492201024809429231677620983546140833,33876879479768734411822077322918903835100900870107842644671764057768231026985594457374378497692518676327140807065529982136297403386613594386782045347459504285222785781228464767656912894888025/141837009199527332993051159822585442297236182440504243160673681227538947801622708414225798795501579322729792910001005085306070058431012085218754008999884273623147622325301789307828159480070144,0.23884372401079666843383197491538094184606128629181952809994455764999008340492201024809429231677620983546140833
8,5,1,149095,9087805966716263490468254445997956303808677213322295364401008415749004399030568481565454534943876665443912254895463021260840436133232885034183912953173405637229479344212992682250687759706032217/23639501533254555498841859970430907049539363740084040526778946871256491300270451402370966465916929887121632151666834180884345009738502014203125668166647378937191270387550298217971359913345024,3407927237518598808925595417249233613928253954995860761650378155905876649636463180587045450605383367787343338078033790029895381980926983783977290811613562071494287613868063886507285677884131901/8864813074970458312065697488911590143577261402531515197542105076721184237601419275889112424718848707670612056875062817831629378651938255326172125562492767101446726395331361831739259967504384,384.43306234406478001060299184949228565107636771775091716859966734589994050042953206148856575390065725901276845,620,11436945967009939937881256456641747447717215169266587633388279660265862878305533045306222143954958557/70918504599763666496525579911292721148618091220252121580336840613769473900811354207112899397750789661364896455000502542653035029215506042609377004499942136811573811162650894653914079740035072,10237377946514178912980217352487996785561537130023802117892817186511739726715143055003412031775588789205508655398695801251952393648111580183656377180812125348031515393678166549685552981543001/23639501533254555498841859970430907049539363740084040526778946871256491300270451402370966465916929887121632151666834180884345009738502014203125668166647378937191270387550298217971359913345024,0.43306234406478001060299184949228565107636771775091716859966734589994050042953206148856575390065725901276844999,10237377946514178912980217352487996785561537130023802117892817186511739726715143055003412031775588789205508655398695801251952393648111580183656377180812125348031515393678166549685552981543001/23639501533254555498841859970430907049539363740084040526778946871256491300270451402370966465916929887121632151666834180884345009738502014203125668166647378937191270387550298217971359913345024,0.43306234406478001060299184949228565107636771775091716859966734589994050042953206148856575390065725901276844999
9,5,1,298514,5258206718329025499655873130788149361783300287428680799062819022605452808386755354381357967465334023730207846325435883957576544555595558733277554710176530249404493541429844370939327453744138329/11819750766627277749420929985215453524769681870042020263389473435628245650135225701185483232958464943560816075833417090442172504869251007101562834083323689468595635193775149108985679956672512,1971827519373384562370952424045556010668737607785755299648557133477044803145033257893009237800929877144704184864273613541171422639312986421137406470489733801059917937824383269765525563148421693/4432406537485229156032848744455795071788630701265757598771052538360592118800709637944556212359424353835306028437531408915814689325969127663086062781246383550723363197665680915869629983752192,444.86612468812956002120598369898457130215273543550183433719933469179988100085906412297713150780131451802553690,876,11436945967009939937881256456641747447717215169266587633388279660265862878305533045306222143954958557/35459252299881833248262789955646360574309045610126060790168420306884736950405677103556449698875394830682448227500251271326517514607753021304688502249971068405786905581325447326957039870017536,10237377946514178912980217352487996785561537130023802117892817186511739726715143055003412031775588789205508655398695801251952393648111580183656377180812125348031515393678166549685552981543001/11819750766627277749420929985215453524769681870042020263389473435628245650135225701185483232958464943560816075833417090442172504869251007101562834083323689468595635193775149108985679956672512,0.86612468812956002120598369898457130215273543550183433719933469179988100085906412297713150780131451802553689998,593389807542412063665267237272796277203054277506831804561246093418689721282530992318276699013960312006997790427863426366114110743275388935891467164906879011978685136844737796459779621303747/4432406537485229156032848744455795071788630701265757598771052538360592118800709637944556212359424353835306028437531408915814689325969127663086062781246383550723363197665680915869629983752192,0.13387531187043997879401630101542869784726456449816566280066530820011899914093587702286849187614777389515164846
10,6,1,1792273,2915926108075719958978958838717953654958108330182020450201138370111788795384958127929768040134064887414572793964447063868286026507338984159317853089331219119711125167196735655841998542330202201/1969958461104546291570154997535908920794946978340336710564912239271374275022537616864247205493077490593469345972236181740362084144875167850260472347220614911432605865629191518164279992778752,1093472290528394984617109564519232620609290623818257668825426888791920798269359297973663015051703951026341040228902806007687478371216770955902518362672742127424904797486967501604027221368195645/738734422914204859338808124075965845298105116877626266461842089726765353133451606324092702059904058972551004739588568152635781554328187943847677130207730591787227199610946819311604997292032,1480.1967481287773601272359021939074278129164126130110060231960081507992860051543847378627890468078871081532214,2117,11436945967009939937881256456641747447717215169266587633388279660265862878305533045306222143954958557/5909875383313638874710464992607726762384840935021010131694736717814122825067612850592741616479232471780408037916708545221086252434625503550781417041661844734297817596887574554492839978336256,387585640991447455129442364808452181586802238322118565068255990154868351602454970682176004310201336238161925537514892550141972923735740932354015444709050790868486065532208958864153017649241/1969958461104546291570154997535908920794946978340336710564912239271374275022537616864247205493077490593469345972236181740362084144875167850260472347220614911432605865629191518164279992778752,0.19674812877736012723590219390742781291641261301100602319600815079928600515438473786278904680788710815322139988,387585640991447455129442364808452181586802238322118565068255990154868351602454970682176004310201336238161925537514892550141972923735740932354015444709050790868486065532208958864153017649241/1969958461104546291570154997535908920794946978340336710564912239271374275022537616864247205493077490593469345972236181740362084144875167850260472347220614911432605865629191518164279992778752,0.19674812877736012723590219390742781291641261301100602319600815079928600515438473786278904680788710815322139988
11,6,1,3585518,1958526295978910461275863509915501919451764098708616808866591021825900897724004846133743898264429226986146691821940279542470053612929652584091263528582000272754878716500948578014158465839728729/984979230552273145785077498767954460397473489170168355282456119635687137511268808432123602746538745296734672986118090870181042072437583925130236173610307455716302932814595759082139996389376,734447360992091422978448816218313219794411537015731303324971633184712836646501817300153961850590578365681251925462761885506488535813271615192547277391785059816312378476047347418587192684268093/369367211457102429669404062037982922649052558438813133230921044863382676566725803162046351029952029486275502369794284076317890777164093971923838565103865295893613599805473409655802498646016,1988.3934962575547202544718043878148556258328252260220120463920163015985720103087694757255780936157742163064428,3141,11436945967009939937881256456641747447717215169266587633388279660265862878305533045306222143954958557/2954937691656819437355232496303863381192420467510505065847368358907061412533806425296370808239616235890204018958354272610543126217312751775390708520830922367148908798443787277246419989168128,387585640991447455129442364808452181586802238322118565068255990154868351602454970682176004310201336238161925537514892550141972923735740932354015444709050790868486065532208958864153017649241/984979230552273145785077498767954460397473489170168355282456119635687137511268808432123602746538745296734672986118090870181042072437583925130236173610307455716302932814595759082139996389376,0.39349625755472025447180438781485562583282522602201204639201630159857201030876947572557809361577421630644279977,387585640991447455129442364808452181586802238322118565068255990154868351602454970682176004310201336238161925537514892550141972923735740932354015444709050790868486065532208958864153017649241/984979230552273145785077498767954460397473489170168355282456119635687137511268808432123602746538745296734672986118090870181042072437583925130236173610307455716302932814595759082139996389376,0.39349625755472025447180438781485562583282522602201204639201630159857201030876947572557809361577421630644279977
12,7,1,21520108,809383860334591791193273094686221715654711694676753727703725548917599237294191236296266361726800690806622906671469173527258837861752471338105987992703308241085858628217253525751661803385456729/164163205092045524297512916461325743399578914861694725880409353272614522918544801405353933791089790882789112164353015145030173678739597320855039362268384575952717155469099293180356666064896,303518947625471921697477410507333143370516885503782647888897080844099713985321713611099885648979877298359832494036097129802282629121828647948068951437275547940429845369661702820150944263916093/61561201909517071611567343672997153774842093073135522205153507477230446094454300527007725171658671581045917061632380679386315129527348995320639760850644215982268933300912234942633749774336,4930.3609775453283215268308263268891337549969513561320722783520978095914320618526168543534685616946452978386568,7376,11436945967009939937881256456641747447717215169266587633388279660265862878305533045306222143954958557/492489615276136572892538749383977230198736744585084177641228059817843568755634404216061801373269372648367336493059045435090521036218791962565118086805153727858151466407297879541069998194688,59259230807356406534416531885800694787644408598729113307437283609639305765365367871468136728021754472583701208808862260081625566256546290643936720172281638963051754594010372503439685519449/164163205092045524297512916461325743399578914861694725880409353272614522918544801405353933791089790882789112164353015145030173678739597320855039362268384575952717155469099293180356666064896,0.36097754532832152683082632688913375499695135613207227835209780959143206185261685435346856169464529783865679861,59259230807356406534416531885800694787644408598729113307437283609639305765365367871468136728021754472583701208808862260081625566256546290643936720172281638963051754594010372503439685519449/164163205092045524297512916461325743399578914861694725880409353272614522918544801405353933791089790882789112164353015145030173678739597320855039362268384575952717155469099293180356666064896,0.36097754532832152683082632688913375499695135613207227835209780959143206185261685435346856169464529783865679861
13,8,1,129133480,458293485711070429895658804014266392437478922092542607287490078718567644279063421024016081992256658038631258789306191803754306420821385867904010476598656427981647538387339837403272346894665817/27360534182007587382918819410220957233263152476949120980068225545435753819757466900892322298514965147131518694058835857505028946456599553475839893711397429325452859244849882196726111010816,171860057141651411210872051505349897164054595784703477732808779519462866604648782884006030748525865010362964538224978983488083338772671596622327382898031118026350686683444069689504898079869501/10260200318252845268594557278832858962473682178855920367525584579538407682409050087834620861943111930174319510272063446564385854921224832553439960141774035997044822216818705823772291629056,16750.165865271969929160984957961334802529981708136792433670112586857548592371115701126120811370167871787031941,18033,11436945967009939937881256456641747447717215169266587633388279660265862878305533045306222143954958557/82081602546022762148756458230662871699789457430847362940204676636307261459272400702676966895544895441394556082176507572515086839369798660427519681134192287976358577734549646590178333032448,4538162443341231768578893065358780321118103644830871347300832518767798125850434069683492130991824178320663820691190545071567673343347183692256932749486780312146036104310608109987463497817/27360534182007587382918819410220957233263152476949120980068225545435753819757466900892322298514965147131518694058835857505028946456599553475839893711397429325452859244849882196726111010816,0.16586527196992916098495796133480252998170813679243367011258685754859237111570112612081137016787178703194079169,4538162443341231768578893065358780321118103644830871347300832518767798125850434069683492130991824178320663820691190545071567673343347183692256932749486780312146036104310608109987463497817/27360534182007587382918819410220957233263152476949120980068225545435753819757466900892322298514965147131518694058835857505028946456599553475839893711397429325452859244849882196726111010816,0.16586527196992916098495796133480252998170813679243367011258685754859237111570112612081137016787178703194079169
14,8,1,258276549,327113404575435052188254524351962012982598737541810046748552971340975922590236245967687842732026657640709192410641103284946445137035219308764096106199361453080763804737907077211069007653308505/13680267091003793691459409705110478616631576238474560490034112772717876909878733450446161149257482573565759347029417928752514473228299776737919946855698714662726429622424941098363055505408,122667526715788144570595446631985754868474526578178767530707364252865970971338592237882941025939614861142189646225570788935135357352859136944859493998295502438519286564906784617428645864360509/5130100159126422634297278639416429481236841089427960183762792289769203841204525043917310430971555965087159755136031723282192927460612416276719980070887017998522411108409352911886145814528,23911.331730543939858321969915922669605059963416273584867340225173715097184742231402252241622740335743574063882,26225,11436945967009939937881256456641747447717215169266587633388279660265862878305533045306222143954958557/41040801273011381074378229115331435849894728715423681470102338318153630729636200351338483447772447720697278041088253786257543419684899330213759840567096143988179288867274823295089166516224,4538162443341231768578893065358780321118103644830871347300832518767798125850434069683492130991824178320663820691190545071567673343347183692256932749486780312146036104310608109987463497817/13680267091003793691459409705110478616631576238474560490034112772717876909878733450446161149257482573565759347029417928752514473228299776737919946855698714662726429622424941098363055505408,0.33173054393985832196991592266960505996341627358486734022517371509718474223140225224162274033574357406388158337,4538162443341231768578893065358780321118103644830871347300832518767798125850434069683492130991824178320663820691190545071567673343347183692256932749486780312146036104310608109987463497817/13680267091003793691459409705110478616631576238474560490034112772717876909878733450446161149257482573565759347029417928752514473228299776737919946855698714662726429622424941098363055505408,0.33173054393985832196991592266960505996341627358486734022517371509718474223140225224162274033574357406388158337
15,9,1,1549754336,110413413764904625517640321486443661535615692732293517066249280316867179712120481868137168074071714514569709100579446820863698376274541411976531508022808579918289584042155201899298754095810649/2280044515167298948576568284185079769438596039745760081672352128786312818313122241741026858209580428927626557838236321458752412204716629456319991142616452443787738270404156849727175917568,41405030161839234569115120557416373075855884774610068899843480118825192392045180700551438029206511188839883404952449614904105322067604925649522769682088175002591453803999831375514800780298813/855016693187737105716213106569404913539473514904660030627132048294867306867420840652885071828592660847859959189338620547032154576768736046119996678481169666420401851401558818647690969088,48425.990383263639149931819495536017630359780497641509204041351042290583108453388413513449736442014461444383290,62292,11436945967009939937881256456641747447717215169266587633388279660265862878305533045306222143954958557/6840133545501896845729704852555239308315788119237280245017056386358938454939366725223080574628741286782879673514708964376257236614149888368959973427849357331363214811212470549181527752704,2258117928173932820002324781173700551679507605085111265628480389981485307537311827942465272782243749393037262852954223612815261138630554235936941606870327868358297833906451260260287580249/2280044515167298948576568284185079769438596039745760081672352128786312818313122241741026858209580428927626557838236321458752412204716629456319991142616452443787738270404156849727175917568,0.99038326363914993181949553601763035978049764150920404135104229058310845338841351344973644201446144438328950024,8222470122512298215341313629267206659658162997743306016451902051810316540928905174459164917005378582978750462423706473795466997886119884189470040947263482926251972055976318282088756675/855016693187737105716213106569404913539473514904660030627132048294867306867420840652885071828592660847859959189338620547032154576768736046119996678481169666420401851401558818647690969088,0.0096167363608500681805044639823696402195023584907959586489577094168915466115864865502618859500598724661456108944
16,10,1,9298670866,55369339094574083400754335492408860768418920006097959094542579341084277756677855748772544672128760326208591283434691626980317224965674115851873055188143057171180602630814848618801848819189849/380007419194549824762761380697513294906432673290960013612058688131052136385520373623504476368263404821271092973039386909792068700786104909386665190436075407297956378400692808287862652928,20763502160465281275282875809653322788157095002286734660453467252906604158754195905789704253477903368204464223523166417197837390326779689602775849869088603972425585774747198895328461301566013/142502782197956184286035517761567485589912252484110005104522008049144551144570140108814178638098776807976659864889770091172025762794789341019999446413528277736733641900259803107948494848,145705.94229958183489959091697321610578215868298584905522424810625374349865072033048108069841865208676866629974,154109,11436945967009939937881256456641747447717215169266587633388279660265862878305533045306222143954958557/1140022257583649474288284142092539884719298019872880040836176064393156409156561120870513429104790214463813278919118160729376206102358314728159995571308226221893869135202078424863587958784,358080832201183696188517877686134077147344238630311197568186949326224625609709959824942890940926725286681797987757289063854917634700029689003615654689950831868515941902987218820974315609/380007419194549824762761380697513294906432673290960013612058688131052136385520373623504476368263404821271092973039386909792068700786104909386665190436075407297956378400692808287862652928,0.94229958183489959091697321610578215868298584905522424810625374349865072033048108069841865208676866629973700144,8222470122512298215341313629267206659658162997743306016451902051810316540928905174459164917005378582978750462423706473795466997886119884189470040947263482926251972055976318282088756675/142502782197956184286035517761567485589912252484110005104522008049144551144570140108814178638098776807976659864889770091172025762794789341019999446413528277736733641900259803107948494848,0.057700418165100409083026783894217841317014150944775751893746256501349279669518919301571315700359234796873665367
17,10,1,18597428037,38971068937781272087679275011859418309969084071909807107148216801509050441301687825984267755647273749658690443915609483355514980355001723749564985557850313157755540011878952209159855688714329/190003709597274912381380690348756647453216336645480006806029344065526068192760186811752238184131702410635546486519693454896034350393052454693332595218037703648978189200346404143931326464,14614150851667977032879728129447281866238406526966177665180581300565893915488132934744100409797345901998251408703510613338536548597777542564410323757728824967391187292646237741712713877637693/71251391098978092143017758880783742794956126242055002552261004024572275572285070054407089319049388403988329932444885045586012881397394670509999723206764138868366820950129901553974247424,205106.88459916366979918183394643221156431736597169811044849621250748699730144066096216139683730417353733259947,219645,11436945967009939937881256456641747447717215169266587633388279660265862878305533045306222143954958557/570011128791824737144142071046269942359649009936440020418088032196578204578280560435256714552395107231906639459559080364688103051179157364079997785654113110946934567601039212431793979392,168077122603908783807137187337377429694127901984831190762157605260698557416949773013190652756795022876046251501237595608958883284306977234310283059471913128219537752702640814677042989145/190003709597274912381380690348756647453216336645480006806029344065526068192760186811752238184131702410635546486519693454896034350393052454693332595218037703648978189200346404143931326464,0.88459916366979918183394643221156431736597169811044849621250748699730144066096216139683730417353733259947400288,8222470122512298215341313629267206659658162997743306016451902051810316540928905174459164917005378582978750462423706473795466997886119884189470040947263482926251972055976318282088756675/71251391098978092143017758880783742794956126242055002552261004024572275572285070054407089319049388403988329932444885045586012881397394670509999723206764138868366820950129901553974247424,0.11540083633020081816605356778843568263402830188955150378749251300269855933903783860314263140071846959374733073
18,11,1,111585328714,14888352084606139976555781017741644920803851023877410217826405480329041999293591161177087235459492644713849107477887030872049154488482849187124670224090991603852419834987312612455418634504281/31667284932879152063563448391459441242202722774246667801004890677587678032126697801958706364021950401772591081086615575816005725065508742448888765869672950608163031533391067357321887744,5583132031727302491208417881653116845301444133954028831684902055123390749735096685441407714726927987643935907539364693657236863897832964603495205507569079384677517226311872892948549982308925/11875231849829682023836293146797290465826021040342500425376834004095379262047511675734514886508231400664721655407480840931002146899565778418333287201127356478061136825021650258995707904,470149.30759498201879509100367859326938590419583018866269097727504492198380864396577296838102382504122399559684,527864,11436945967009939937881256456641747447717215169266587633388279660265862878305533045306222143954958557/95001854798637456190690345174378323726608168322740003403014672032763034096380093405876119092065851205317773243259846727448017175196526227346666297609018851824489094600173202071965663232,9740697939513023489319945380080223483114288113597851757133151872760167256316284003397120936685270867183296095804517729878854658979433522065839230123548375178722595035685477890433550425/31667284932879152063563448391459441242202722774246667801004890677587678032126697801958706364021950401772591081086615575816005725065508742448888765869672950608163031533391067357321887744,0.30759498201879509100367859326938590419583018866269097727504492198380864396577296838102382504122399559684401731,9740697939513023489319945380080223483114288113597851757133151872760167256316284003397120936685270867183296095804517729878854658979433522065839230123548375178722595035685477890433550425/31667284932879152063563448391459441242202722774246667801004890677587678032126697801958706364021950401772591081086615575816005725065508742448888765869672950608163031533391067357321887744,0.30759498201879509100367859326938590419583018866269097727504492198380864396577296838102382504122399559684401731
19,11,1,223170857268,11724156974112855102364521254467017551882954964274683171149996803824481210323491516805373295566419360568731806655712402536513862439937215641631704738393270379084769724170877162111815611123801/15833642466439576031781724195729720621101361387123333900502445338793839016063348900979353182010975200886295540543307787908002862532754371224444382934836475304081515766695533678660943872,4396558865292320663386695470425131581956108111603006189181248801434180453871309318802014987267025506089516919731049208031411129379628352023935343450432433925389648434755709599069698848541245/5937615924914841011918146573398645232913010520171250212688417002047689631023755837867257443254115700332360827703740420465501073449782889209166643600563678239030568412510825129497853952,740458.61518996403759018200735718653877180839166037732538195455008984396761728793154593676204765008244799119369,790008,11436945967009939937881256456641747447717215169266587633388279660265862878305533045306222143954958557/47500927399318728095345172587189161863304084161370001701507336016381517048190046702938059546032925602658886621629923363724008587598263113673333148804509425912244547300086601035982831616,9740697939513023489319945380080223483114288113597851757133151872760167256316284003397120936685270867183296095804517729878854658979433522065839230123548375178722595035685477890433550425/15833642466439576031781724195729720621101361387123333900502445338793839016063348900979353182010975200886295540543307787908002862532754371224444382934836475304081515766695533678660943872,0.61518996403759018200735718653877180839166037732538195455008984396761728793154593676204765008244799119368803461,2284854197597457203423167055868561426745152477572055803763485049762626909905149336591907473751262882646389634719966053329965924436336994980303397346699804687221403643465493152590902723/5937615924914841011918146573398645232913010520171250212688417002047689631023755837867257443254115700332360827703740420465501073449782889209166643600563678239030568412510825129497853952,0.38481003596240981799264281346122819160833962267461804544991015603238271206845406323771157680862163512496796880
20,12,1,1339028010101,4159652758354225166019506265302038543159170846498128710741170796068619879878078653269538455439388304483038479505944407389218054201586769669253162643055234945114346995067147091920841447376985/2638940411073262671963620699288286770183560231187222316750407556465639836010558150163225530335162533481049256757217964651333810422125728537407397155806079217346919294449255613110157312,1559869784382834437257314849488264453684689067436798266527939048525732454954279494976076922219388860057381922049886209851175201290246934784293390164680670637650739911341810822748083537136189/989602654152473501986357762233107538818835086695208368781402833674614938503959306311209573875685950055393471283956736744250178908297148201527773933427279706505094735418470854916308992,1576258.6911397842255410920441431192326308503499622639522917273005390638057037275892756205722859004946879471621,1845737,11436945967009939937881256456641747447717215169266587633388279660265862878305533045306222143954958557/7916821233219788015890862097864860310550680693561666950251222669396919508031674450489676591005487600443147770271653893954001431266377185612222191467418237652040757883347766839330471936,1823876706293235473429083282215363172563607420036184806881929203363247748284609552907444345679783266740148325532863835924853227713056336453617038656130137526681837152337711051103078489/2638940411073262671963620699288286770183560231187222316750407556465639836010558150163225530335162533481049256757217964651333810422125728537407397155806079217346919294449255613110157312,0.69113978422554109204414311923263085034996226395229172730053906380570372758927562057228590049468794716212820767,305648889292510199450451531402346349107482304181639066200679382413397032897230723969488325999890982535602692152052579841465566619742698577247849479845245274211214172628551442758284739/989602654152473501986357762233107538818835086695208368781402833674614938503959306311209573875685950055393471283956736744250178908297148201527773933427279706505094735418470854916308992,0.30886021577445890795585688076736914965003773604770827269946093619429627241072437942626946085172981074980781280
21,13,1,8034174380766,1379898486946093197879906765499728790918615841374756211168961492389973502217997120213603210805541498215440434408161292144089071655336412257089706775015343340729796087066079199295126141208665/439823401845543778660603449881381128363926705197870386125067926077606639335093025027204255055860422246841542792869660775222301737020954756234566192634346536224486549074875935518359552,517461932604784949204965037062398296594480940515533579188360559646240063331748920080101205481696307707032655138217541634251832835403050754732094214165711286006533320841410363013440297323069/164933775692078916997726293705517923136472514449201394796900472279102489750659884385201595645947658342565578547326122790708363151382858033587962322237879951084182455903078475819384832,3137392.1468387053532465522648587153957851020997735837137503638032343828342223655356537234337154029681276829728,4488636,11436945967009939937881256456641747447717215169266587633388279660265862878305533045306222143954958557/1319470205536631335981810349644143385091780115593611158375203778232819918005279075081612765167581266740524628378608982325666905211062864268703698577903039608673459647224627806555078656,64583098911060358786669482689838659107900599244703262381657499052821190944237452798627325456341577752782154361385192823964020764972517428678773885592751381783890956038207309029640281/439823401845543778660603449881381128363926705197870386125067926077606639335093025027204255055860422246841542792869660775222301737020954756234566192634346536224486549074875935518359552,0.14683870535324655226485871539578510209977358371375036380323438283422236553565372343371540296812768297276924602,64583098911060358786669482689838659107900599244703262381657499052821190944237452798627325456341577752782154361385192823964020764972517428678773885592751381783890956038207309029640281/439823401845543778660603449881381128363926705197870386125067926077606639335093025027204255055860422246841542792869660775222301737020954756234566192634346536224486549074875935518359552,0.14683870535324655226485871539578510209977358371375036380323438283422236553565372343371540296812768297276924602
22,13,1,16068350887297,912417890033997012557677919181181713750344515137280740488383982450791763384915108040125784181130932966661878300619004925168853529337237313396220473772667508441173262569002377761533344680025/219911700922771889330301724940690564181963352598935193062533963038803319667546512513602127527930211123420771396434830387611150868510477378117283096317173268112243274537437967759179776,342156708762748879709129219692943142656379193176480277683143993419046911269343165515047170497542345738740696597889183927156751038153360150847036851199707848898299761655006554938342998624829/82466887846039458498863146852758961568236257224600697398450236139551244875329942192600797822973829171282789273663061395354181575691429016793981161118939975542091227951539237909692416,4149019.2936774107064931045297174307915702041995471674275007276064687656684447310713074468674308059362553659455,6585788,11436945967009939937881256456641747447717215169266587633388279660265862878305533045306222143954958557/659735102768315667990905174822071692545890057796805579187601889116409959002639537540806382583790633370262314189304491162833452605531432134351849288951519804336729823612313903277539328,64583098911060358786669482689838659107900599244703262381657499052821190944237452798627325456341577752782154361385192823964020764972517428678773885592751381783890956038207309029640281/219911700922771889330301724940690564181963352598935193062533963038803319667546512513602127527930211123420771396434830387611150868510477378117283096317173268112243274537437967759179776,0.29367741070649310452971743079157020419954716742750072760646876566844473107130744686743080593625536594553849204,64583098911060358786669482689838659107900599244703262381657499052821190944237452798627325456341577752782154361385192823964020764972517428678773885592751381783890956038207309029640281/219911700922771889330301724940690564181963352598935193062533963038803319667546512513602127527930211123420771396434830387611150868510477378117283096317173268112243274537437967759179776,0.29367741070649310452971743079157020419954716742750072760646876566844473107130744686743080593625536594553849204
23,14,1,96410115863496,526116817870738379094172633417590795587588232658291800586068634831532114793829220774994528525145693433249606270985049604513741301845231051925216758403090919383112593894322632274370725742681/36651950153795314888383620823448427363660558766489198843755660506467219944591085418933687921321701853903461899405805064601858478085079563019547182719528878018707212422906327959863296,197293806701526892160314737531596548345345587246859425219775738061824543047685957790622949626547880913711094586776450681911083952843857802795410457936116628001527010902001650380657016523325/13744481307673243083143857808793160261372709537433449566408372689925207479221657032100132970495638195213798212277176899225696929281904836132330193519823329257015204658589872984948736,14354401.762064464238958627178304584749421225197283004565004365638812594010668386427844681204584835617532195673,15563061,11436945967009939937881256456641747447717215169266587633388279660265862878305533045306222143954958557/109955850461385944665150862470345282090981676299467596531266981519401659833773256256801063763965105561710385698217415193805575434255238689058641548158586634056121637268718983879589888,27931148757265043898285861866390231744240040478214063537901838546353970999646367379693637535019875898878692461979387759362162286887437865659226702873222503765183743615300981069776985/36651950153795314888383620823448427363660558766489198843755660506467219944591085418933687921321701853903461899405805064601858478085079563019547182719528878018707212422906327959863296,0.76206446423895862717830458474942122519728300456500436563881259401066838642784468120458483561753219567323095226,3270300523698851621286659608896823357282694358103175739695183235042468354354269263285400648986942240899131481954688058500234175540792182336585222409132030556879670139574237089412547/13744481307673243083143857808793160261372709537433449566408372689925207479221657032100132970495638195213798212277176899225696929281904836132330193519823329257015204658589872984948736,0.23793553576104137282169541525057877480271699543499563436118740598933161357215531869140118132454637398616252156
24,15,1,578460747859931,204319079068400633724840836068340353935747697569168464940025889695621466721126507077467212859920781352383432313816227648358175354609832306637485065259951021658451526994035395638890663053401/6108658358965885814730603470574737893943426461081533140625943417744536657431847569822281320220283642317243649900967510766976413014179927169924530453254813003117868737151054659977216,76619654650650237646815313525627632725905386588438174352509708635858050020422440154050206252088538883386279352838142448352746722630583273312511073007439166354779110814393936642351993014845/2290746884612207180523976301465526710228784922905574927734728781654201246536942838683355495082606365868966368712862816537616154880317472688721698919970554876169200776431645497491456,33447455.572386785433751763069827508496527351183698027390026193832875564064010318567068087227509013705193174039,38300576,11436945967009939937881256456641747447717215169266587633388279660265862878305533045306222143954958557/18325975076897657444191810411724213681830279383244599421877830253233609972295542709466843960660850926951730949702902532300929239042539781509773591359764439009353606211453163979931648,3496515321401500639363447984091280168466334633887930975398064875375824369918977100404512254138741329609717862375517716294256634830718156979528581060203251752712268666696762429868121/6108658358965885814730603470574737893943426461081533140625943417744536657431847569822281320220283642317243649900967510766976413014179927169924530453254813003117868737151054659977216,0.57238678543375176306982750849652735118369802739002619383287556406401031856706808722750901370519317403938571359,979553639086644440762683307431296647053909435197600811960454453388267107817326424602045153904335875030165113241825241962618020660474709647863523489161475680710469363142591591921091/2290746884612207180523976301465526710228784922905574927734728781654201246536942838683355495082606365868966368712862816537616154880317472688721698919970554876169200776431645497491456,0.42761321456624823693017249150347264881630197260997380616712443593598968143293191214840708794727824391697512936
25,15,1,1156921515036536,145319598019641137022653103536159951669371825873325633391192137224112951774796168715492589760428367699296032231962666803319588686667696791394897685575653290802357100008866089827410298603609/3054329179482942907365301735287368946971713230540766570312971708872268328715923784911140660110141821158621824950483755383488206507089963584962265226627406501558934368575527329988608,54494849257365426383494913826059981876014434702497112521697051459042356915548563268309722589778883763478504322143057131463276722152282455096540805625827517283743700694955446963046856346173/1145373442306103590261988150732763355114392461452787463867364390827100623268471419341677747541303182934483184356431408268808077440158736344360849459985277438084600388215822748745728,47578237.144773570867503526139655016993054702367396054780052387665751128128020637134136174455018027410386348079,55077792,11436945967009939937881256456641747447717215169266587633388279660265862878305533045306222143954958557/9162987538448828722095905205862106840915139691622299710938915126616804986147771354733421980330425463475865474851451266150464619521269890754886795679882219504676803105726581989965824,442186141918557731998146248803911221494621403347164405085093166503556041203053315493371594028599508451096037425033960910768428323628193394566315833575845251153334298121235099879513/3054329179482942907365301735287368946971713230540766570312971708872268328715923784911140660110141821158621824950483755383488206507089963584962265226627406501558934368575527329988608,0.14477357086750352613965501699305470236739605478005238766575112812802063713413617445501802741038634807877142717,442186141918557731998146248803911221494621403347164405085093166503556041203053315493371594028599508451096037425033960910768428323628193394566315833575845251153334298121235099879513/3054329179482942907365301735287368946971713230540766570312971708872268328715923784911140660110141821158621824950483755383488206507089963584962265226627406501558934368575527329988608,0.14477357086750352613965501699305470236739605478005238766575112812802063713413617445501802741038634807877142717
26,16,1,6941529287304491,44992380306487776904754767209978566179308405996281403687702326339061127868334796044117088500180229180621398733401341417855004746883260970914518701106853335319602015219256229477273539512409/509054863247157151227550289214561491161952205090127761718828618145378054785987297485190110018356970193103637491747292563914701084514993930827044204437901083593155728095921221664768,16872142614932916339283037703741962317240652248605526382888372377147922950625548516543909617185831818975516760182560111914057744733119022416398686450027533977710543898851749331745571686973/190895573717683931710331358455460559185732076908797910644560731804516770544745236556946291256883863822413864059405234711468012906693122724060141576664212906347433398035970458124288,88384147.868641425205021156837930101958328214204376328680314325994506768768123822804817046730108164462318088473,131678945,11436945967009939937881256456641747447717215169266587633388279660265862878305533045306222143954958557/1527164589741471453682650867643684473485856615270383285156485854436134164357961892455570330055070910579310912475241877691744103253544981792481132613313703250779467184287763664994304,442186141918557731998146248803911221494621403347164405085093166503556041203053315493371594028599508451096037425033960910768428323628193394566315833575845251153334298121235099879513/509054863247157151227550289214561491161952205090127761718828618145378054785987297485190110018356970193103637491747292563914701084514993930827044204437901083593155728095921221664768,0.86864142520502115683793010195832821420437632868031432599450676876812382280481704673010816446231808847262856303,25075770498224782211026515153993851125249050653611258737650794365683255093600241817313697619916555918095792944799068405277956127009096027562815605840411148973302372962739301299651/190895573717683931710331358455460559185732076908797910644560731804516770544745236556946291256883863822413864059405234711468012906693122724060141576664212906347433398035970458124288,0.13135857479497884316206989804167178579562367131968567400549323123187617719518294578088505536733892700370155234
27,17,1,41649175962619730,24732608972566454200232142033053514210349412341546307164947707848093170795859724218262964310088603844252026200537822581888389845133401855833636483095388076174964285276327554882938361940057/84842477207859525204591714869093581860325367515021293619804769690896342464331216247531685003059495032183939581957882093985783514085832321804507367406316847265525954682653536944128,9274728364712420325087053262395067828881029628079865186855390443034939048447396581848613045901472317837002060358740548426577156576921854261067854695728061798471395170253496358869880097341/31815928952947321951721893075910093197622012818132985107426788634086128424124206092824381876147310637068977343234205785244668817782187120676690262777368817724572233005995076354048,291512103.21184855123012694102758061174996928522625797208188595596704061260874293682890228038064898677390853084,327927972,11436945967009939937881256456641747447717215169266587633388279660265862878305533045306222143954958557/254527431623578575613775144607280745580976102545063880859414309072689027392993648742595055009178485096551818745873646281957350542257496965413522102218950541796577864047960610832384,17973755879260105975187674458443312192994565772057936986069318049074328881397234255713169013302033290176339515244550440839510753199031785543778996544261014825704524707967415158873/84842477207859525204591714869093581860325367515021293619804769690896342464331216247531685003059495032183939581957882093985783514085832321804507367406316847265525954682653536944128,0.21184855123012694102758061174996928522625797208188595596704061260874293682890228038064898677390853083577137821,17973755879260105975187674458443312192994565772057936986069318049074328881397234255713169013302033290176339515244550440839510753199031785543778996544261014825704524707967415158873/84842477207859525204591714869093581860325367515021293619804769690896342464331216247531685003059495032183939581957882093985783514085832321804507367406316847265525954682653536944128,0.21184855123012694102758061174996928522625797208188595596704061260874293682890228038064898677390853083577137821
28,17,1,83298352070923184,18552524956053405349893750572215651455393888645917843168032408347327116761768169842068103470468274529327998114892508844586006372438486601693612966460793846458173766327915452151042288453721/42421238603929762602295857434546790930162683757510646809902384845448171232165608123765842501529747516091969790978941046992891757042916160902253683703158423632762977341326768472064,6957196858520027006210156464580869295772708242219191188012153130247668785663063690775540231043848824740491528241747896938183354316328633958559035957755225654674950564598957834408852539965/15907964476473660975860946537955046598811006409066492553713394317043064212062103046412190938073655318534488671617102892622334408891093560338345131388684408862286116502997538177024,437340482.42369710246025388205516122349993857045251594416377191193408122521748587365780456076129797354781706167,462145700,11436945967009939937881256456641747447717215169266587633388279660265862878305533045306222143954958557/127263715811789287806887572303640372790488051272531940429707154536344513696496824371297527504589242548275909372936823140978675271128748482706761051109475270898288932023980305416192,17973755879260105975187674458443312192994565772057936986069318049074328881397234255713169013302033290176339515244550440839510753199031785543778996544261014825704524707967415158873/42421238603929762602295857434546790930162683757510646809902384845448171232165608123765842501529747516091969790978941046992891757042916160902253683703158423632762977341326768472064,0.42369710246025388205516122349993857045251594416377191193408122521748587365780456076129797354781706167154275642,17973755879260105975187674458443312192994565772057936986069318049074328881397234255713169013302033290176339515244550440839510753199031785543778996544261014825704524707967415158873/42421238603929762602295857434546790930162683757510646809902384845448171232165608123765842501529747516091969790978941046992891757042916160902253683703158423632762977341326768472064,0.42369710246025388205516122349993857045251594416377191193408122521748587365780456076129797354781706167154275642
29,18,1,499790114060243249,6994829192407072647420579794785200567062997868796704964402665755287231779119690354340487512690300011768165245137832421714353048976088603174546127028948509007483166850847460780919232202841/7070206433988293767049309572424465155027113959585107801650397474241361872027601353960973750254957919348661631829823507832148626173819360150375613950526403938793829556887794745344,2623060947152652242782717423044450212648624200798764361650999658232711917169883882877684246877108380655554202083744238361313358017929384513908971170813224110665975760698461070612706445885/2651327412745610162643491089659174433135167734844415425618899052840510702010350507735365156345609219755748111936183815437055734815182260056390855231447401477047686083832923029504,989338749.54218261476152329233096734099963142271509566498263147160448735130491524194682736456778784128690237003,1118001645,11436945967009939937881256456641747447717215169266587633388279660265862878305533045306222143954958557/21210619301964881301147928717273395465081341878755323404951192422724085616082804061882921250764873758045984895489470523496445878521458080451126841851579211816381488670663384236032,3833343011283518441089055313594381882940337852887721382768523100591605137342031547791221512792117451479016251584903425175213500851393065243027768643208206948116865594191825668185/7070206433988293767049309572424465155027113959585107801650397474241361872027601353960973750254957919348661631829823507832148626173819360150375613950526403938793829556887794745344,0.54218261476152329233096734099963142271509566498263147160448735130491524194682736456778784128690237002925653851,1213823783514290747235095347061281227032541040011519907080702890118658775507087247695411212806072940294059937373414066344454513672455687055297908757384535679873198208242994034115/2651327412745610162643491089659174433135167734844415425618899052840510702010350507735365156345609219755748111936183815437055734815182260056390855231447401477047686083832923029504,0.45781738523847670766903265900036857728490433501736852839551264869508475805317209622372398644840274426651176845
30,18,1,999580228558069112,5447929485954964631427907819986840677018657985141134050743678534828465381678804714032396438879326185363870978009032534856432514437264256185341729911785403751704516878560749316237686278233/3535103216994146883524654786212232577513556979792553900825198737120680936013800676980486875127478959674330815914911753916074313086909680075187806975263201969396914778443897372672,2042973557233111736785465432495065253881996744427925269028879450560674518129551767762150094197993195753943851910444280789593157565870254392957322251877059639748982021090944271357126724157/1325663706372805081321745544829587216567583867422207712809449526420255351005175253867682578172804609877874055968091907718527867407591130028195427615723700738523843041916461514752,1541094885.0843652295230465846619346819992628454301913299652629432089747026098304838936547291355756825738047401,1654872557,11436945967009939937881256456641747447717215169266587633388279660265862878305533045306222143954958557/10605309650982440650573964358636697732540670939377661702475596211362042808041402030941460625382436879022992447744735261748222939260729040225563420925789605908190744335331692118016,298239794289371557564400527382149305426780873095167481943324363470924201328230870810734637664638491804685435669991671259139187764483385167839961667945004978719950815747928295513/3535103216994146883524654786212232577513556979792553900825198737120680936013800676980486875127478959674330815914911753916074313086909680075187806975263201969396914778443897372672,0.084365229523046584661934681999262845430191329965262943208974702609830483893654729135575682573804740058513077022,298239794289371557564400527382149305426780873095167481943324363470924201328230870810734637664638491804685435669991671259139187764483385167839961667945004978719950815747928295513/3535103216994146883524654786212232577513556979792553900825198737120680936013800676980486875127478959674330815914911753916074313086909680075187806975263201969396914778443897372672,0.084365229523046584661934681999262845430191329965262943208974702609830483893654729135575682573804740058513077022
31,19,1,5997481376952962366,2145820388812210043502009390951535495869444314335473623536916488291561291737820024641292005713829825451156017120856339752460887613285311343396468211763988144931227329853704994840766908505/589183869499024480587442464368705429585592829965425650137533122853446822668966779496747812521246493279055135985818625652679052181151613345864634495877200328232819129740649562112,804682645804578766313253521606825810951041617875802608826343683109335484401682509240485931760932060786675741577378207625603797506878150077227849114369028787208998440325802650833281960509/220943951062134180220290924138264536094597311237034618801574921070042558500862542311280429695467434979645675994681984619754644567931855004699237935953950123087307173652743585792,3642021616.5061913771382795079716080919955770725811479797915776592538482156589829033619283748134540954428284404,3890875848,11436945967009939937881256456641747447717215169266587633388279660265862878305533045306222143954958557/1767551608497073441762327393106116288756778489896276950412599368560340468006900338490243437563739479837165407957455876958037156543454840037593903487631600984698457389221948686336,298239794289371557564400527382149305426780873095167481943324363470924201328230870810734637664638491804685435669991671259139187764483385167839961667945004978719950815747928295513/589183869499024480587442464368705429585592829965425650137533122853446822668966779496747812521246493279055135985818625652679052181151613345864634495877200328232819129740649562112,0.50619137713827950797160809199557707258114797979157765925384821565898290336192837481345409544282844035107846213,109104028203619846133640726369958546559554483826346813072828284768445983002774536139009064328735765395831557400004143245681290832796412031801719077614785064436662339979276105155/220943951062134180220290924138264536094597311237034618801574921070042558500862542311280429695467434979645675994681984619754644567931855004699237935953950123087307173652743585792,0.49380862286172049202839190800442292741885202020842234074615178434101709663806515468468783738083293119814122136
32,20,1,35984888275358730721,806315130634298965234674538052806773284690887683792199095924888359669282666693307010558957465300816513106716610770524908553437516402714329304923596217957908907958025356949127835753711705/98197311583170746764573744061450904930932138327570941689588853808907803778161129916124635420207748879842522664303104275446508696858602224310772415979533388038803188290108260352,302368173987862111963002951769802539981759082881422074660971833134875981000009990128961038667733682434907253886096027059138503720547176196943519883539267448700272451139519200706402011709/36823991843689030036715154023044089349099551872839103133595820178340426416810423718546738282577905829940945999113664103292440761321975834116539655992325020514551195608790597632,8211173174.0371482628296770478296485519734624354868878787494659555230892939538974201715702488807245726569706421,9525143897,11436945967009939937881256456641747447717215169266587633388279660265862878305533045306222143954958557/294591934749512240293721232184352714792796414982712825068766561426723411334483389748373906260623246639527567992909312826339526090575806672932317247938600164116409564870324781056,3647859539859317270679295197796590633984458112454656874557802044200789993747481062360731404015245165157867677082358432799661673907578494907644420006404814603541250877603514457/98197311583170746764573744061450904930932138327570941689588853808907803778161129916124635420207748879842522664303104275446508696858602224310772415979533388038803188290108260352,0.037148262829677047829648551973462435486887878749465955523089293953897420171570248880724572656970642106470772806,3647859539859317270679295197796590633984458112454656874557802044200789993747481062360731404015245165157867677082358432799661673907578494907644420006404814603541250877603514457/98197311583170746764573744061450904930932138327570941689588853808907803778161129916124635420207748879842522664303104275446508696858602224310772415979533388038803188290108260352,0.037148262829677047829648551973462435486887878749465955523089293953897420171570248880724572656970642106470772806
33,20,1,71969776555366693542,578044084061209337415260841198965813395221897466700630530692520894378569033729304921400476167087389132655266952842766645026862483220623018106401850134658123562078111066591409583915862105/49098655791585373382286872030725452465466069163785470844794426904453901889080564958062317710103874439921261332151552137723254348429301112155386207989766694019401594145054130176,216766531522953501530722815449612180023208211550012736449009695335391963387648489345526608180903647167237960264373117710316038083103891955244074228758030029195567483280635056361962818109/18411995921844515018357577011522044674549775936419551566797910089170213208405211859273369141288952914970472999556832051646220380660987917058269827996162510257275597804395298816,11773114248.074296525659354095659297103946924870973775757498931911046178587907794840343140497761449145313941284,13820111193,11436945967009939937881256456641747447717215169266587633388279660265862878305533045306222143954958557/147295967374756120146860616092176357396398207491356412534383280713361705667241694874186953130311623319763783996454656413169763045287903336466158623969300082058204782435162390528,3647859539859317270679295197796590633984458112454656874557802044200789993747481062360731404015245165157867677082358432799661673907578494907644420006404814603541250877603514457/49098655791585373382286872030725452465466069163785470844794426904453901889080564958062317710103874439921261332151552137723254348429301112155386207989766694019401594145054130176,0.074296525659354095659297103946924870973775757498931911046178587907794840343140497761449145313941284212941545612,3647859539859317270679295197796590633984458112454656874557802044200789993747481062360731404015245165157867677082358432799661673907578494907644420006404814603541250877603514457/49098655791585373382286872030725452465466069163785470844794426904453901889080564958062317710103874439921261332151552137723254348429301112155386207989766694019401594145054130176,0.074296525659354095659297103946924870973775757498931911046178587907794840343140497761449145313941284212941545612
34,21,1,431818659371884334790,253304154575242217841061133704547926116367657342305102196048937359111104419146110411596024796045234252655618659350890986782778853023705841634610600255047521295664844238895935199244781657/8183109298597562230381145338454242077577678193964245140799071150742316981513427493010386285017312406653543555358592022953875724738216852025897701331627782336566932357509021696,94989057965715831690397925139205472293637871503364413323518351509666664157179791404349938916762839087238092154313664338474506721780048014067152510053176053345662508220249253467711162941/3068665986974085836392929501920340779091629322736591927799651681528368868067535309878894856881492152495078833259472008607703396776831319509711637999360418376212599634065883136,30954511950.445779153956124573955782623681549225842654544993591466277071527446769042058842986568694871883647705,32870398988,11436945967009939937881256456641747447717215169266587633388279660265862878305533045306222143954958557/24549327895792686691143436015362726232733034581892735422397213452226950944540282479031158855051937219960630666075776068861627174214650556077693103994883347009700797072527065088,3647859539859317270679295197796590633984458112454656874557802044200789993747481062360731404015245165157867677082358432799661673907578494907644420006404814603541250877603514457/8183109298597562230381145338454242077577678193964245140799071150742316981513427493010386285017312406653543555358592022953875724738216852025897701331627782336566932357509021696,0.44577915395612457395578262368154922584265454499359146627707152744676904205884298656869487188364770527764927367,3647859539859317270679295197796590633984458112454656874557802044200789993747481062360731404015245165157867677082358432799661673907578494907644420006404814603541250877603514457/8183109298597562230381145338454242077577678193964245140799071150742316981513427493010386285017312406653543555358592022953875724738216852025897701331627782336566932357509021696,0.44577915395612457395578262368154922584265454499359146627707152744676904205884298656869487188364770527764927367
35,22,1,2590911956345459512973,97615720915815804336178634438443836003105956992136893407572862424322560645575972399979406679430414870787501724171406932585231235080375802532902621157557223339382186978774138947573975129/1363851549766260371730190889742373679596279698994040856799845191790386163585571248835064380836218734442257259226432003825645954123036142004316283555271297056094488726251503616,36605895343430926626066987914416438501164733872051335027839823409120960242090989649993707123032281819037548303621357818150426365051299249404012017891617191612056511747703579873334610493/511444331162347639398821583653390129848604887122765321299941946921394811344589218313149142813582025415846472209912001434617232796138553251618606333226736396035433272344313856,71573567469.674674923736747443734695742089295355055927269961548797662429164680614252353057919412169231301886232,81431327781,11436945967009939937881256456641747447717215169266587633388279660265862878305533045306222143954958557/4091554649298781115190572669227121038788839096982122570399535575371158490756713746505193142508656203326771777679296011476937862369108426012948850665813891168283466178754510848,920156440326796527218913418311843274791898714466575160958111660620017666576338564690602642342807696273353158629494425148369765661506210899011852895862220491352273425100507225/1363851549766260371730190889742373679596279698994040856799845191790386163585571248835064380836218734442257259226432003825645954123036142004316283555271297056094488726251503616,0.67467492373674744373469574208929535505592726996154879766242916468061425235305791941216923130188623166589564202,166385666039798941691729051786448901801642869197799635940650074188888186377032638308296909442793982256258819292886940107820247218900189206955928637490212081115052969937253827/511444331162347639398821583653390129848604887122765321299941946921394811344589218313149142813582025415846472209912001434617232796138553251618606333226736396035433272344313856,0.32532507626325255626530425791070464494407273003845120233757083531938574764414682378514574851982627759700762859
36,22,1,5181823912732762291997,69081719290346654537356366144190561641302476134727969090252905016473436012105839465068445326908671689738557926772572538816454497429404963645291299580170700238374805595093252076035704921/681925774883130185865095444871186839798139849497020428399922595895193081792785624417532190418109367221128629613216001912822977061518071002158141777635648528047244363125751808,25905644733879995451508637304071460615488428550522988408844839381177538504539689799402096615836628126144194379596794920487135088432185184821157772300097245449178743728823247296507759165/255722165581173819699410791826695064924302443561382660649970973460697405672294609156574571406791012707923236104956000717308616398069276625809303166613368198017716636172156928,101303868888.34934984747349488746939148417859071011185453992309759532485832936122850470611583882433846260377246,115791066149,11436945967009939937881256456641747447717215169266587633388279660265862878305533045306222143954958557/2045777324649390557595286334613560519394419548491061285199767787685579245378356873252596571254328101663385888839648005738468931184554213006474425332906945584141733089377255424,238230665443666341353817973440656434993758864969554732558189064724824584783552940273070451924698329052224529016278423235546788599988139896853711118226571963305029061974755417/681925774883130185865095444871186839798139849497020428399922595895193081792785624417532190418109367221128629613216001912822977061518071002158141777635648528047244363125751808,0.34934984747349488746939148417859071011185453992309759532485832936122850470611583882433846260377246333179128404,238230665443666341353817973440656434993758864969554732558189064724824584783552940273070451924698329052224529016278423235546788599988139896853711118226571963305029061974755417/681925774883130185865095444871186839798139849497020428399922595895193081792785624417532190418109367221128629613216001912822977061518071002158141777635648528047244363125751808,0.34934984747349488746939148417859071011185453992309759532485832936122850470611583882433846260377246333179128404
37,23,1,31090943476777621539652,25774001311285452849274612087263862735919159629376903007155214488955644844667452873255083073603713909119444594336771651695840561823635222462234679605793207748692403960268943335385270361/113654295813855030977515907478531139966356641582836738066653765982532180298797604069588698403018227870188104935536000318803829510253011833693023629605941421341207393854291968,9665250491732044818477979532723948525969684861016338627683205433358366816750294827472085770847268958412026879933369587816904862580021531877511539809705685765547843115764131518763846205/42620360930195636616568465304449177487383740593563776774995162243449567612049101526095761901131835451320539350826000119551436066344879437634883861102228033002952772695359488,226775425660.09609908484096932481634890507154426067112723953858557194914997616737102823669503294603077562263478,278653721712,11436945967009939937881256456641747447717215169266587633388279660265862878305533045306222143954958557/340962887441565092932547722435593419899069924748510214199961297947596540896392812208766095209054683610564314806608000956411488530759035501079070888817824264023622181562875904,10922073815956279398786158483594155061045581803881256424881532759760224185957732133893055118661873311848319145206422597939129579482116229467663859014689120622614274266171481/113654295813855030977515907478531139966356641582836738066653765982532180298797604069588698403018227870188104935536000318803829510253011833693023629605941421341207393854291968,0.096099084840969324816348905071544260671127239538585571949149976167371028236695032946030775622634779990747704238,10922073815956279398786158483594155061045581803881256424881532759760224185957732133893055118661873311848319145206422597939129579482116229467663859014689120622614274266171481/113654295813855030977515907478531139966356641582836738066653765982532180298797604069588698403018227870188104935536000318803829510253011833693023629605941421341207393854291968,0.096099084840969324816348905071544260671127239538585571949149976167371028236695032946030775622634779990747704238
38,23,1,62181886953692841922980,17954651469887203048073937675293019908754767917166346244223589482032078832880603626687744705017105917475164858467020569127153411777905315205982445514832178190721380738242901522138073177/56827147906927515488757953739265569983178320791418369033326882991266090149398802034794349201509113935094052467768000159401914755126505916846511814802970710670603696927145984,6732994301207701143027726628234882465783037968937379841583846055762029562330226360009333882627290961545421978982212931853647181312872816656416952025595299681308709407504365838796147261/21310180465097818308284232652224588743691870296781888387497581121724783806024550763047880950565917725660269675413000059775718033172439718817441930551114016501476386347679744,315952007644.19219816968193864963269781014308852134225447907717114389829995233474205647339006589206155124526956,416092675184,11436945967009939937881256456641747447717215169266587633388279660265862878305533045306222143954958557/170481443720782546466273861217796709949534962374255107099980648973798270448196406104383047604527341805282157403304000478205744265379517750539535444408912132011811090781437952,10922073815956279398786158483594155061045581803881256424881532759760224185957732133893055118661873311848319145206422597939129579482116229467663859014689120622614274266171481/56827147906927515488757953739265569983178320791418369033326882991266090149398802034794349201509113935094052467768000159401914755126505916846511814802970710670603696927145984,0.19219816968193864963269781014308852134225447907717114389829995233474205647339006589206155124526955998149540848,10922073815956279398786158483594155061045581803881256424881532759760224185957732133893055118661873311848319145206422597939129579482116229467663859014689120622614274266171481/56827147906927515488757953739265569983178320791418369033326882991266090149398802034794349201509113935094052467768000159401914755126505916846511814802970710670603696927145984,0.19219816968193864963269781014308852134225447907717114389829995233474205647339006589206155124526955998149540848
39,24,1,373091321723299677242377,7132624817935824486064614979486277016520537044921033492794946390434661673723350600685289644535609129866317919644005141245583220903378137606851701680452444602645496653297425846877358169/9471191317821252581459658956544261663863053465236394838887813831877681691566467005799058200251518989182342077961333359900319125854417652807751969133828451778433949487857664,2674734306725934182274230617307353881195201391845387559798104896412998127646256475258413234946729666192104376923582146398058359734925125056742923087702899585780252875649812460573379133/3551696744182969718047372108704098123948645049463648064582930186954130634337425127174646825094319620943378279235500009962619672195406619802906988425185669416912731057946624,753086341368.15318901809163189779618686085853112805352687446302686338979971400845233884034039535236930747161736,973400118609,11436945967009939937881256456641747447717215169266587633388279660265862878305533045306222143954958557/28413573953463757744378976869632784991589160395709184516663441495633045074699401017397174600754556967547026233884000079700957377563252958423255907401485355335301848463572992,1450882498135026817326499527049893397182528338644861585993718927882542494391265128093996918410354322665977067245089238038810453627698576659911889880860668844180324778313817/9471191317821252581459658956544261663863053465236394838887813831877681691566467005799058200251518989182342077961333359900319125854417652807751969133828451778433949487857664,0.15318901809163189779618686085853112805352687446302686338979971400845233884034039535236930747161735988897245085,1450882498135026817326499527049893397182528338644861585993718927882542494391265128093996918410354322665977067245089238038810453627698576659911889880860668844180324778313817/9471191317821252581459658956544261663863053465236394838887813831877681691566467005799058200251518989182342077961333359900319125854417652807751969133828451778433949487857664,0.15318901809163189779618686085853112805352687446302686338979971400845233884034039535236930747161735988897245085
40,25,1,2238547930342952045079952,2153964252968676538447240928000537105348614095952088077109927606935388532590824805745312937885573891800779787828975322675843492084692154461713776906617284350358683371963982843869726809/1578531886303542096909943159424043610643842244206065806481302305312946948594411167633176366708586498197057012993555559983386520975736275467958661522304741963072324914642944,807736594863253701917715348000201414505730285982033028916222852600770699721559302155921969952966451917527577492945964434405961427917881377316201297514714491172697895149771334445517373/591949457363828286341228684784016353991440841577274677430488364492355105722904187862441137515719936823896379872583334993769945365901103300484498070864278236152121842991104,1364536422518.9191341085497913867771211651511867683211612467781611803387982840507140330420423721142158448297042,2370444541940,11436945967009939937881256456641747447717215169266587633388279660265862878305533045306222143954958557/4735595658910626290729829478272130831931526732618197419443906915938840845783233502899529100125759494591171038980666679950159562927208826403875984566914225889216974743928832,1450882498135026817326499527049893397182528338644861585993718927882542494391265128093996918410354322665977067245089238038810453627698576659911889880860668844180324778313817/1578531886303542096909943159424043610643842244206065806481302305312946948594411167633176366708586498197057012993555559983386520975736275467958661522304741963072324914642944,0.91913410854979138677712116515118676832116124677816118033879828405071403304204237211421584482970415933383470510,47868520563193229843791362140306330047992714585451582682843766536401668896561518950949800876680008743936548691022974570892571081979179519784679577349896756306732056753603/591949457363828286341228684784016353991440841577274677430488364492355105722904187862441137515719936823896379872583334993769945365901103300484498070864278236152121842991104,0.080865891450208613222878834848813231678838753221838819661201715949285964542855750365926721129903843814591104898
41,25,1,4477095860686861212477978,1398540203882391526951497153416777125673662601757850026894341429035644597869390939342243555779676196403627072868410204878538462142180690319321970292099952208989580907354203470215841881/789265943151771048454971579712021805321921122103032903240651152656473474297205583816588183354293249098528506496777779991693260487868137733979330761152370981536162457321472,524452576455896822606811432531291422127623475659193760085378035888366724201021602254770951663254816143595309382734045260416575199476082323919273817070714938159284470921104069325310525/295974728681914143170614342392008176995720420788637338715244182246177552861452093931220568757859968411948189936291667496884972682950551650242249035432139118076060921495552,1771950526963.8382682170995827735542423303023735366423224935563223606775965681014280660840847442284316896594083,3469956169716,11436945967009939937881256456641747447717215169266587633388279660265862878305533045306222143954958557/2367797829455313145364914739136065415965763366309098709721953457969420422891616751449764550062879747295585519490333339975079781463604413201937992283457112944608487371964416,661616554983255768871527947337871591860607216541828682753067775226069020094059544277408735056061073567448560748311458047117193139830438925932559119708297862644162320992345/789265943151771048454971579712021805321921122103032903240651152656473474297205583816588183354293249098528506496777779991693260487868137733979330761152370981536162457321472,0.83826821709958277355424233030237353664232249355632236067759656810142806608408474422843168965940831866766941020,47868520563193229843791362140306330047992714585451582682843766536401668896561518950949800876680008743936548691022974570892571081979179519784679577349896756306732056753603/295974728681914143170614342392008176995720420788637338715244182246177552861452093931220568757859968411948189936291667496884972682950551650242249035432139118076060921495552,0.16173178290041722644575766969762646335767750644367763932240343189857192908571150073185344225980768762918220980
42,26,1,26862575164126220546675968,733810980612007877160949329075863508092707509881987701318895162434690125930802783123865777767702234775336266022682730024783827907828404905761042031527220384078045011313501154150254681/131544323858628508075828596618670300886986853683838817206775192109412245716200930636098030559048874849754751082796296665282210081311356288996555126858728496922693742886912,275179117729502953935355998403448815534765316205745387994585685913008797224051043672879284908764580532986256815586242190258587361593975293833925719355940503817458509905840700800715325/49329121446985690528435723732001362832620070131439556452540697041029592143575348988536761459643328068658031656048611249480828780491758608373708172572023186346010153582592,5578431353683.0296093025974966413254539818142412198539349613379341640655794086085683965045084653705901379564499,8210845253597,11436945967009939937881256456641747447717215169266587633388279660265862878305533045306222143954958557/394632971575885524227485789856010902660960561051516451620325576328236737148602791908294091677146624549264253248388889995846630243934068866989665380576185490768081228660736,3894935690113228492384964244520087425672948122634596719191814679007791513054891096918582260816699318674805334329974720706142733273657480949783485414655378030693606557785/131544323858628508075828596618670300886986853683838817206775192109412245716200930636098030559048874849754751082796296665282210081311356288996555126858728496922693742886912,0.029609302597496641325453981814241219853934961337934164065579408608568396504508465370590137956449912006016461227,3894935690113228492384964244520087425672948122634596719191814679007791513054891096918582260816699318674805334329974720706142733273657480949783485414655378030693606557785/131544323858628508075828596618670300886986853683838817206775192109412245716200930636098030559048874849754751082796296665282210081311356288996555126858728496922693742886912,0.029609302597496641325453981814241219853934961337934164065579408608568396504508465370590137956449912006016461227
43,27,1,161175450984779103117212734,256308655185530457946971373642385397585876721320628038947820294305175346853397683163354334001465082646942648817434244359386870396696040665238415159598747296134028439798919305880995929/21924053976438084679304766103111716814497808947306469534462532018235374286033488439349671759841479141625791847132716110880368346885226048166092521143121416153782290481152,96115745694573921730114265115894524094703770495235514605432610364440755070024131187687493496425648484838650363618060065734728294919338703637940642382763095838452295587872507699743293/8221520241164281754739287288666893805436678355239926075423449506838265357262558164756126909940554678109671942674768541580138130081959768062284695428670531057668358930432,11690750965172.177655815584979847952723890885447319123609768027604984393476451651410379027050792223540827738699,20234489249688,11436945967009939937881256456641747447717215169266587633388279660265862878305533045306222143954958557/65772161929314254037914298309335150443493426841919408603387596054706122858100465318049015279524437424877375541398148332641105040655678144498277563429364248461346871443456,3894935690113228492384964244520087425672948122634596719191814679007791513054891096918582260816699318674805334329974720706142733273657480949783485414655378030693606557785/21924053976438084679304766103111716814497808947306469534462532018235374286033488439349671759841479141625791847132716110880368346885226048166092521143121416153782290481152,0.17765581558497984795272389088544731912360976802760498439347645165141037902705079222354082773869947203609876736,3894935690113228492384964244520087425672948122634596719191814679007791513054891096918582260816699318674805334329974720706142733273657480949783485414655378030693606557785/21924053976438084679304766103111716814497808947306469534462532018235374286033488439349671759841479141625791847132716110880368346885226048166092521143121416153782290481152,0.17765581558497984795272389088544731912360976802760498439347645165141037902705079222354082773869947203609876736
44,27,1,322350901969569252819398406,135215692584529182478586177606487015583441722112507173432648738948658561563398911181776719165711248297509529166943556443084945205429737374301991240998251255290039750128379245421463641/10962026988219042339652383051555858407248904473653234767231266009117687143016744219674835879920739570812895923566358055440184173442613024083046260571560708076891145240576,50705884719198443429469816602432630843790645792190190037243277105746960586274591694595887933017960603801230494684052097121506348194474969536781672907577080521956536961419985027418685/4110760120582140877369643644333446902718339177619963037711724753419132678631279082378063454970277339054835971337384270790069065040979884031142347714335265528834179465216,12334916957406.355311631169959695905447781770894638247219536055209968786952903302820758054101584447081655477399,29030582271896,11436945967009939937881256456641747447717215169266587633388279660265862878305533045306222143954958557/32886080964657127018957149154667575221746713420959704301693798027353061429050232659024507639762218712438687770699074166320552520327839072249138781714682124230673435721728,3894935690113228492384964244520087425672948122634596719191814679007791513054891096918582260816699318674805334329974720706142733273657480949783485414655378030693606557785/10962026988219042339652383051555858407248904473653234767231266009117687143016744219674835879920739570812895923566358055440184173442613024083046260571560708076891145240576,0.35531163116995969590544778177089463824721953605520996878695290330282075805410158444708165547739894407219753472,3894935690113228492384964244520087425672948122634596719191814679007791513054891096918582260816699318674805334329974720706142733273657480949783485414655378030693606557785/10962026988219042339652383051555858407248904473653234767231266009117687143016744219674835879920739570812895923566358055440184173442613024083046260571560708076891145240576,0.35531163116995969590544778177089463824721953605520996878695290330282075805410158444708165547739894407219753472
45,28,1,1934105411817449044381607821,73960862824604250610217860284326094257364443631081281799275762631833278569983526877810833575911082215657135629081035572133015147010475004750170768500435756994721465768660907427694681/1827004498036507056608730508592643067874817412275539127871877668186281190502790703279139313320123261802149320594393009240030695573768837347174376761926784679481857540096,27735323559226593978831697606622285346511666361655480674728410986937479463743822580608680836842898323106582917985606770514532576287251580954848995720896268661212180326525608279755325/685126686763690146228273940722241150453056529603327172951954125569855446438546513729677242495046223175805995222897378465011510840163314005190391285722544254805696577536,40482036527053.131869787019758175432686690625367829483317216331259812721717419816924548324609506682489932864394,69499560771273,11436945967009939937881256456641747447717215169266587633388279660265862878305533045306222143954958557/5481013494109521169826191525777929203624452236826617383615633004558843571508372109837417939960369785406447961783179027720092086721306512041523130285780354038445572620288,240926694040214379167503227334801289923313298083518463448059342635229132049309690360303634176452795070506693141188702226081342126119806255434731890801808671729891477593/1827004498036507056608730508592643067874817412275539127871877668186281190502790703279139313320123261802149320594393009240030695573768837347174376761926784679481857540096,0.13186978701975817543268669062536782948331721633125981272171741981692454832460950668248993286439366443318520833,240926694040214379167503227334801289923313298083518463448059342635229132049309690360303634176452795070506693141188702226081342126119806255434731890801808671729891477593/1827004498036507056608730508592643067874817412275539127871877668186281190502790703279139313320123261802149320594393009240030695573768837347174376761926784679481857540096,0.13186978701975817543268669062536782948331721633125981272171741981692454832460950668248993286439366443318520833
46,29,1,11604632470904806605270268814,39753559007766687480692136142581268211232882301779949222537965118031355528766988251267388473054340551131930375934012061639431273725155812692265753878746316779097619883109713431824473/304500749672751176101455084765440511312469568712589854645312944697713531750465117213189885553353876967024886765732168206671782595628139557862396126987797446580309590016,14907584627912507805259551053467975579212330863167480958451736919261758323287620595654888923271620198909630948055472954079438623805256883933134615237762728580353238119443910531303997/114187781127281691038045656787040191742176088267221195491992354261642574406424418954946207082507703862634332537149563077501918473360552334198398547620424042467616096256,130553238540430.79121872211854905259612014375220697689990329798755887633030451890154728994765704009493959718636,173314310224988,11436945967009939937881256456641747447717215169266587633388279660265862878305533045306222143954958557/913502249018253528304365254296321533937408706137769563935938834093140595251395351639569656660061630901074660297196504620015347786884418673587188380963392339740928770048,240926694040214379167503227334801289923313298083518463448059342635229132049309690360303634176452795070506693141188702226081342126119806255434731890801808671729891477593/304500749672751176101455084765440511312469568712589854645312944697713531750465117213189885553353876967024886765732168206671782595628139557862396126987797446580309590016,0.79121872211854905259612014375220697689990329798755887633030451890154728994765704009493959718636198659911124998,23840270862201298850231946536489708020933601485901771698970100773430220269687408827340109109280825492763357957307641419267241641108091755550585896939082512800912422339/114187781127281691038045656787040191742176088267221195491992354261642574406424418954946207082507703862634332537149563077501918473360552334198398547620424042467616096256,0.20878127788145094740387985624779302310009670201244112366969548109844019016420989696412233742152633484028778923
47,29,1,23209264941809713520097577793,24481391348730768452406137344414403171627267726576804787784512557620286675477861024084596768251641043109316142020856486436249527430785330823887229979643893422764167713482354634328153/152250374836375588050727542382720255656234784356294927322656472348856765875232558606594942776676938483512443382866084103335891297814069778931198063493898723290154795008,9180521755774038169652301504155401189360225397466301795419192209107607503304197885461342033970607883401150610338039613378245468944867953232492668775599319821728193555833650982242877/57093890563640845519022828393520095871088044133610597745996177130821287203212209477473103541253851931317166268574781538750959236680276167099199273810212021233808048128,160796920040696.58243744423709810519224028750441395379980659597511775266060903780309457989531408018987919437272,243683054402652,11436945967009939937881256456641747447717215169266587633388279660265862878305533045306222143954958557/456751124509126764152182627148160766968704353068884781967969417046570297625697675819784828330030815450537330148598252310007673893442209336793594190481696169870464385024,88676319203838791116775684952081034267078513727223536125402870286372366174077131753708691399775856586994249758322618122745450828305736476503533827307909948439736682585/152250374836375588050727542382720255656234784356294927322656472348856765875232558606594942776676938483512443382866084103335891297814069778931198063493898723290154795008,0.58243744423709810519224028750441395379980659597511775266060903780309457989531408018987919437272397319822249996,23840270862201298850231946536489708020933601485901771698970100773430220269687408827340109109280825492763357957307641419267241641108091755550585896939082512800912422339/57093890563640845519022828393520095871088044133610597745996177130821287203212209477473103541253851931317166268574781538750959236680276167099199273810212021233808048128,0.41756255576290189480775971249558604620019340402488224733939096219688038032841979392824467484305266968057557846
48,30,1,139255589650858935376793844555,7879599187973193858423253751201311084960053393775842636915850767064031998702111942508962435428075341530592965896821998107203132964781712948689553614755352651153765067182017842055257/25375062472729264675121257063786709276039130726049154553776078724809460979205426434432490462779489747252073897144347350555981882969011629821866343915649787215025799168,2954849695489947696908720156700491656860020022665940988843444037649011999513291979870479159161770745309129419291526680254853071020116596529293540138766117032374292563471024685140541/9515648427273474253170471398920015978514674022268432957666029521803547867202034912912183923542308655219527711429130256458493206113379361183199878968368670205634674688,310525311866382.49462466542258863115344172502648372279883957585070651596365422681856747937188448113927516623634,590311674852629,11436945967009939937881256456641747447717215169266587633388279660265862878305533045306222143954958557/76125187418187794025363771191360127828117392178147463661328236174428382937616279303297471388338469241756221691433042051667945648907034889465599031746949361645077397504,12551131785650997091411913760720906438961121549076072464074634111943983236460852450411220011437387345238028066889576071077505179398701587037934795560960586794659285081/25375062472729264675121257063786709276039130726049154553776078724809460979205426434432490462779489747252073897144347350555981882969011629821866343915649787215025799168,0.49462466542258863115344172502648372279883957585070651596365422681856747937188448113927516623634383918933499979,12551131785650997091411913760720906438961121549076072464074634111943983236460852450411220011437387345238028066889576071077505179398701587037934795560960586794659285081/25375062472729264675121257063786709276039130726049154553776078724809460979205426434432490462779489747252073897144347350555981882969011629821866343915649787215025799168,0.49462466542258863115344172502648372279883957585070651596365422681856747937188448113927516623634383918933499979
49,30,1,278511179301718179590285831083,3961223933361196411086611913746284635852610329640609144591228664953304082314599858862574502619578599461404178930486721852186965322553510974418044628284602024839899547114455317416025/12687531236364632337560628531893354638019565363024577276888039362404730489602713217216245231389744873626036948572173675277990941484505814910933171957824893607512899584,1485458975010448654157479467654856738444728873615228429221710749357489030867974948503083684358584467033183624179150951659222008154281020788941724268839585547506592993445688738400829/4757824213636737126585235699460007989257337011134216478833014760901773933601017456456091961771154327609763855714565128229246603056689680591599939484184335102817337344,312213925590791.98924933084517726230688345005296744559767915170141303192730845363713495874376896227855033247269,871786651563285,11436945967009939937881256456641747447717215169266587633388279660265862878305533045306222143954958557/38062593709093897012681885595680063914058696089073731830664118087214191468808139651648735694169234620878110845716521025833972824453517444732799515873474680822538698752,12551131785650997091411913760720906438961121549076072464074634111943983236460852450411220011437387345238028066889576071077505179398701587037934795560960586794659285081/12687531236364632337560628531893354638019565363024577276888039362404730489602713217216245231389744873626036948572173675277990941484505814910933171957824893607512899584,0.98924933084517726230688345005296744559767915170141303192730845363713495874376896227855033247268767837866999957,51149794017613217305768039189668074646916430230689304805026968921350601682321545059649300425053854714538678734815778121008625824643352592586199518160837286825735619/4757824213636737126585235699460007989257337011134216478833014760901773933601017456456091961771154327609763855714565128229246603056689680591599939484184335102817337344,0.010750669154822737693116549947032554402320848298586968072691546362564563941037527138936098116632036166906941568
50,31,1,1671067075810310077934193464743,1845805463475035305775543039657121657469856430497476898929860867269482622599756218213514267377369689694648098032326817630917649298126752875348833188389970086660540334593132681824345/2114588539394105389593438088648892439669927560504096212814673227067455081600452202869374205231624145604339491428695612546331823580750969151822195326304148934585483264,692177048803138239665828639871420621551196161436553837098697825226055983474908583259686096142756125870650093842340987576246014645120986501790769978879098570689333288750192750053949/792970702272789521097539283243334664876222835189036079805502460150295655600169576076015326961859054601627309285760854704874433842781613431933323247364055850469556224,872891075066506.93549598507106357384130070031780467358607491020847819156385072182280975246261377367130199483613,2052410001268544,11436945967009939937881256456641747447717215169266587633388279660265862878305533045306222143954958557/6343765618182316168780314265946677319009782681512288638444019681202365244801356608608122615694872436813018474286086837638995470742252907455466585978912446803756449792,1978189088680470143444723317476444240611483746555591400001267976606707828458591436064348985279266617216330609746098008345846061494946741278823818929439842121731868761/2114588539394105389593438088648892439669927560504096212814673227067455081600452202869374205231624145604339491428695612546331823580750969151822195326304148934585483264,0.93549598507106357384130070031780467358607491020847819156385072182280975246261377367130199483612607027201999745,51149794017613217305768039189668074646916430230689304805026968921350601682321545059649300425053854714538678734815778121008625824643352592586199518160837286825735619/792970702272789521097539283243334664876222835189036079805502460150295655600169576076015326961859054601627309285760854704874433842781613431933323247364055850469556224,0.064504014928936426158699299682195326413925089791521808436149278175387383646225162833616588699792217001441649407
51,32,1,10026402454861863396484179752875,813576462346034165132579488683571688031759667575889327449054518176431361135463527592205464606035847526382409728060533964118121378720946119646434559322838178183416190865485554321497/352431423232350898265573014774815406611654593417349368802445537844575846933408700478229034205270690934056581904782602091055303930125161525303699221050691489097580544,305091173379762811924717308256339383011909875340958497793395444316161760425798824276695295103505935057550460728241131201196191675343808968402370492978924105010411734852325077240381/132161783712131586849589880540555777479370472531506013300917076691715942600028262679335887826976509100271218214293475784145738973796935571988887207894009308411592704,2308467431434624.6129759104263814430478042019068280415164494612508691493831043309368585147756826420278119690168,5031330096963009,11436945967009939937881256456641747447717215169266587633388279660265862878305533045306222143954958557/1057294269697052694796719044324446219834963780252048106407336613533727540800226101434687102615812072802169745714347806273165911790375484575911097663152074467292741632,216031972518715652116858243602367207553210779468844555989040287383828593791547933673203814252913162546047700222184997890569541844320933652305322824186384676243966041/352431423232350898265573014774815406611654593417349368802445537844575846933408700478229034205270690934056581904782602091055303930125161525303699221050691489097580544,0.61297591042638144304780420190682804151644946125086914938310433093685851477568264202781196901675642163211998470,51149794017613217305768039189668074646916430230689304805026968921350601682321545059649300425053854714538678734815778121008625824643352592586199518160837286825735619/132161783712131586849589880540555777479370472531506013300917076691715942600028262679335887826976509100271218214293475784145738973796935571988887207894009308411592704,0.38702408957361855695219579809317195848355053874913085061689566905232430187735097700169953219875330200864989644
52,32,1,20052804909723728886194869134681,444717063377928958090376868984192999803525321681645760256922748318771481523331336812232635019829136278548255193626635617641811035061258545271371835054468621906229925168949891762265/176215711616175449132786507387407703305827296708674684401222768922287923466704350239114517102635345467028290952391301045527651965062580762651849610525345744548790272,166768898766723359283891325869072374926321995630617160096346030619539305571249252734205484008678418339612652777828419321267575296471426128011721971378285521406466885216124203780669/66080891856065793424794940270277888739685236265753006650458538345857971300014131339667943913488254550135609107146737892072869486898467785994443603947004654205796352,2523708353240318.2259518208527628860956084038136560830328989225017382987662086618737170295513652840556239380335,7283129910648257,11436945967009939937881256456641747447717215169266587633388279660265862878305533045306222143954958557/528647134848526347398359522162223109917481890126024053203668306766863770400113050717343551307906036401084872857173903136582955895187742287955548831576037233646370816,39816260902540202984071736214959504247383482760169871587817518461540670324843583434089297150277817079019409269793696845041889879258352889653473213661038931695175769/176215711616175449132786507387407703305827296708674684401222768922287923466704350239114517102635345467028290952391301045527651965062580762651849610525345744548790272,0.22595182085276288609560840381365608303289892250173829876620866187371702955136528405562393803351284326423996939,39816260902540202984071736214959504247383482760169871587817518461540670324843583434089297150277817079019409269793696845041889879258352889653473213661038931695175769/176215711616175449132786507387407703305827296708674684401222768922287923466704350239114517102635345467028290952391301045527651965062580762651849610525345744548790272,0.22595182085276288609560840381365608303289892250173829876620866187371702955136528405562393803351284326423996939
53,33,1,120316829458342381426710978632286,206545617912366287991765849084804094860988479516803651010281020364558111021741941019043312011416256875083135741150465959379649651106607486456347816666430266168274214407409478731865/29369285269362574855464417897901283884304549451445780733537128153714653911117391706519086183772557577838048492065216840921275327510430127108641601754224290758131712,77454606717137357996912193406801535572870679818801369128855382636709291633153229311759487880523588563313232983149855699419264777488431980956087964482771138004733493680546548894269/11013481976010965570799156711712981456614206044292167775076423057642995216669021889944657318914709091689268184524456315345478247816411297665740600657834109034299392,7032708355617709.3557109251165773165736504228819364981973935350104297925972519712423021773081917043337436282011,17345790104574276,11436945967009939937881256456641747447717215169266587633388279660265862878305533045306222143954958557/88107855808087724566393253693703851652913648354337342200611384461143961733352175119557258551317672733514145476195650522763825982531290381325924805262672872274395136,10446975633177628128607318317058220363078933308724090854280390307826016413726191727570210966505259501181360777728480004120614551747922762544831611906814640937044057/29369285269362574855464417897901283884304549451445780733537128153714653911117391706519086183772557577838048492065216840921275327510430127108641601754224290758131712,0.35571092511657731657365042288193649819739353501042979259725197124230217730819170433374362820107705958543981634,10446975633177628128607318317058220363078933308724090854280390307826016413726191727570210966505259501181360777728480004120614551747922762544831611906814640937044057/29369285269362574855464417897901283884304549451445780733537128153714653911117391706519086183772557577838048492065216840921275327510430127108641601754224290758131712,0.35571092511657731657365042288193649819739353501042979259725197124230217730819170433374362820107705958543981634
54,34,1,721900976750054308947451282570705,106752773884283585044180216248702700356916102977283512351854913278711126157248854315018960878583419731061792857791916458126686970502575235512890292960635566848741938541310825269337/4894880878227095809244069649650213980717424908574296788922854692285775651852898617753181030628759596306341415344202806820212554585071687851440266959037381793021952,40032290206606344391567581093263512633843538616481317131945592479516672308968321797750356205711274634305229401890399636449403772261919886852291393093098125759908890230759553845821/1835580329335160928466526118618830242769034340715361295846070509607165869444836981657442886485784848614878030754076052557579707969401882944290100109639018172383232,21809064722929267.134265550699463899441902537291618989184361210062578755583511827453813063849150226002461769206,43030171058981837,11436945967009939937881256456641747447717215169266587633388279660265862878305533045306222143954958557/14684642634681287427732208948950641942152274725722890366768564076857326955558695853259543091886278788919024246032608420460637663755215063554320800877112145379065856,657213876723436510119179017757792401644083491575497276434680923254465110020394492063848905247740308568677947040074390480189442577779386841951077988739877351000153/4894880878227095809244069649650213980717424908574296788922854692285775651852898617753181030628759596306341415344202806820212554585071687851440266959037381793021952,0.13426555069946389944190253729161898918436121006257875558351182745381306384915022600246176920646235751263889806,657213876723436510119179017757792401644083491575497276434680923254465110020394492063848905247740308568677947040074390480189442577779386841951077988739877351000153/4894880878227095809244069649650213980717424908574296788922854692285775651852898617753181030628759596306341415344202806820212554585071687851440266959037381793021952,0.13426555069946389944190253729161898918436121006257875558351182745381306384915022600246176920646235751263889806
55,34,1,1443801953500108636708522493518500,60707559665460964215815130781109155256278026883890661404135058143925678181973390964977905497084741258146783357460627863137471637221912020473421896593592938815879151646815773329497/2447440439113547904622034824825106990358712454287148394461427346142887825926449308876590515314379798153170707672101403410106277292535843925720133479518690896510976,22765334874547861580930674042915933221104260081458998026550646803972129318240023041484960437649270206962100839266166413328448022281671181212490744455457140247585345145323909368381/917790164667580464233263059309415121384517170357680647923035254803582934722418490828721443242892424307439015377038026278789853984700941472145050054819509086191616,24804509517481444.268531101398927798883805074583237978368722420125157511167023654907626127698300452004923538413,61044569568463821,11436945967009939937881256456641747447717215169266587633388279660265862878305533045306222143954958557/7342321317340643713866104474475320971076137362861445183384282038428663477779347926629771545943139394459512123016304210230318831877607531777160400438556072689532928,657213876723436510119179017757792401644083491575497276434680923254465110020394492063848905247740308568677947040074390480189442577779386841951077988739877351000153/2447440439113547904622034824825106990358712454287148394461427346142887825926449308876590515314379798153170707672101403410106277292535843925720133479518690896510976,0.26853110139892779888380507458323797836872242012515751116702365490762612769830045200492353841292471502527779611,657213876723436510119179017757792401644083491575497276434680923254465110020394492063848905247740308568677947040074390480189442577779386841951077988739877351000153/2447440439113547904622034824825106990358712454287148394461427346142887825926449308876590515314379798153170707672101403410106277292535843925720133479518690896510976,0.26853110139892779888380507458323797836872242012515751116702365490762612769830045200492353841292471502527779611
56,35,1,8662811721000651893376802043424411,30879107206392922545029693480458078721530451501003249478547101765586987787515009465699575522007661125305064240983392224841699617142492476317313001708844617341099955185572701079641/407906739852257984103672470804184498393118742381191399076904557690481304321074884812765085885729966358861784612016900568351046215422640654286688913253115149418496,11579665202397345954386135055171779520573919312876218554455163162095120420318129979255586696995365157146456170587203048967533514751888852153949908873676519694543146472357757274685/152965027444596744038877176551569186897419528392946774653839209133930489120403081804786907207148737384573169229506337713131642330783490245357508342469918181031936,75701390022575254.611186608393566793302830447499427870212334520750945067002141929445756766189802712029541230478,147104911686427496,11436945967009939937881256456641747447717215169266587633388279660265862878305533045306222143954958557/1223720219556773952311017412412553495179356227143574197230713673071443912963224654438295257657189899076585353836050701705053138646267921962860066739759345448255488,249307136871178526015506546953607903250964749194305877357776365563983805699319607251083819362010342209816162428057489911838396362356746187664389075486762201581657/407906739852257984103672470804184498393118742381191399076904557690481304321074884812765085885729966358861784612016900568351046215422640654286688913253115149418496,0.61118660839356679330283044749942787021233452075094506700214192944575676618980271202954123047754829015166677667,59474851117904796783062221443966223178307747445082070644673070617818316106915736850473417866176428091240212160661324822657286161666850636791731775884614361068995/152965027444596744038877176551569186897419528392946774653839209133930489120403081804786907207148737384573169229506337713131642330783490245357508342469918181031936,0.38881339160643320669716955250057212978766547924905493299785806120819682203124412946839581972285293547351052521
57,35,1,17325623442001303853465285547851736,17273034958982913806350629004293450289402587856147610078093759222445289434752779142060954197784926645977612037640975891489347481943681994434856023444740282078373283129948670330969/203953369926128992051836235402092249196559371190595699538452278845240652160537442406382542942864983179430892306008450284175523107711320327143344456626557574709248,6477388109618592677381485876610043858525970446055353779285159708416983538032293607891103700411839727398661594333796923960401464052334921448028542024637393971020644451498745743933/76482513722298372019438588275784593448709764196473387326919604566965244560201540902393453603574368692286584614753168856565821165391745122678754171234959090515968,84691098584147595.222373216787133586605660894998855740424669041501890134004283858891513532379605424059082460955,219162505724355432,11436945967009939937881256456641747447717215169266587633388279660265862878305533045306222143954958557/611860109778386976155508706206276747589678113571787098615356836535721956481612327219147628828594949538292676918025350852526569323133960981430033369879672724127744,45353766945049533963670311551515654054405378003710177819324086718743153538782164844701276419145359030385270122049039627662873254645425860521044618860204626872409/203953369926128992051836235402092249196559371190595699538452278845240652160537442406382542942864983179430892306008450284175523107711320327143344456626557574709248,0.22237321678713358660566089499885574042466904150189013400428385889151353237960542405908246095509658030333355333,45353766945049533963670311551515654054405378003710177819324086718743153538782164844701276419145359030385270122049039627662873254645425860521044618860204626872409/203953369926128992051836235402092249196559371190595699538452278845240652160537442406382542942864983179430892306008450284175523107711320327143344456626557574709248,0.22237321678713358660566089499885574042466904150189013400428385889151353237960542405908246095509658030333355333
58,36,1,103953740652007823381406541605260491,8414156210948537155033403861885136198504627363909392221594712365729207921426025672357088885592233656895363662703210477850936401098611126002530008888379725879786390310797111265369/33992228321021498675306039233682041532759895198432616589742046474206775360089573734397090490477497196571815384334741714029253851285220054523890742771092929118208,3155308579105701433137526448206926074439235261466022083098017137148452970534761056752154208339579856492818453732134893845997308735433345785906286566002185396550559644316911094333/12747085620383062003239764712630765574784960699412231221153267427827540760033590150398908933929061448714430769125528142760970194231957520446459028539159848419328,247531763186735496.33423930072280151963396536999313444254801424901134080402570315334908119427763254435449476573,513372329097210425,11436945967009939937881256456641747447717215169266587633388279660265862878305533045306222143954958557/101976684963064496025918117701046124598279685595297849769226139422620326080268721203191271471432491589715446153004225142087761553855660163571672228313278787354624,11361538624028035288364272317833612521645482805277561229582040244536378178692591110304185928667861833813454737714297913633619403360205805997153876089111697754201/33992228321021498675306039233682041532759895198432616589742046474206775360089573734397090490477497196571815384334741714029253851285220054523890742771092929118208,0.33423930072280151963396536999313444254801424901134080402570315334908119427763254435449476573057948182000132000,11361538624028035288364272317833612521645482805277561229582040244536378178692591110304185928667861833813454737714297913633619403360205805997153876089111697754201/33992228321021498675306039233682041532759895198432616589742046474206775360089573734397090490477497196571815384334741714029253851285220054523890742771092929118208,0.33423930072280151963396536999313444254801424901134080402570315334908119427763254435449476573057948182000132000
59,37,1,623722443912046940982599050391053573,4481483137833304135564990454779680803763281440355925673240729295209229756832167400450935787733610476551806341362910851511129232793859326026018404177186845852315969002521386092633/5665371386836916445884339872280340255459982533072102764957007745701129226681595622399515081746249532761969230722456952338208975214203342420648457128515488186368,1680556176687489050836871420542380301411230540133472127465273485703461158812064204787346796642596163863984458229522533968569620621151420794714434799304855386249151653713514154557/2124514270063843667206627452105127595797493449902038536858877904637923460005598358399818155654843574785738461520921357126828365705326253407743171423193308069888,791030778360922351.00543580433680911780379221995880665528808549406804482415421892009448716566579526612696859438,1251886611139919532,11436945967009939937881256456641747447717215169266587633388279660265862878305533045306222143954958557/16996114160510749337653019616841020766379947599216308294871023237103387680044786867198545245238748598285907692167370857014626925642610027261945371385546464559104,30795850354202396595592573272932010725517739133355699668024753134119725329399865505155765175362768289516276269384008957201452931799121155856961832080721381465/5665371386836916445884339872280340255459982533072102764957007745701129226681595622399515081746249532761969230722456952338208975214203342420648457128515488186368,0.0054358043368091178037922199588066552880854940680448241542189200944871656657952661269685943834768909200079199815,30795850354202396595592573272932010725517739133355699668024753134119725329399865505155765175362768289516276269384008957201452931799121155856961832080721381465/5665371386836916445884339872280340255459982533072102764957007745701129226681595622399515081746249532761969230722456952338208975214203342420648457128515488186368,0.0054358043368091178037922199588066552880854940680448241542189200944871656657952661269685943834768909200079199815
60,37,1,1247444887824093882640623959618582498,2568213970542345274789551115947555113998616167890477074665430249484021087605981514073829796213263380761378826349301255819711084404207025059621255515540725792616782741577378891865/2832685693418458222942169936140170127729991266536051382478503872850564613340797811199757540873124766380984615361228476169104487607101671210324228564257744093184,963080238953379478046081668480333167749481062958928902999536343556507907852244497395932049822466002942574140099418935584287814975031807932315504051187560363861956805859511454269/1062257135031921833603313726052563797898746724951019268429438952318961730002799179199909077827421787392869230760460678563414182852663126703871585711596654034944,906635697885369350.01087160867361823560758443991761331057617098813608964830843784018897433133159053225393718877,1828347363443343020,11436945967009939937881256456641747447717215169266587633388279660265862878305533045306222143954958557/8498057080255374668826509808420510383189973799608154147435511618551693840022393433599272622619374299142953846083685428507313462821305013630972685692773232279552,30795850354202396595592573272932010725517739133355699668024753134119725329399865505155765175362768289516276269384008957201452931799121155856961832080721381465/2832685693418458222942169936140170127729991266536051382478503872850564613340797811199757540873124766380984615361228476169104487607101671210324228564257744093184,0.010871608673618235607584439917613310576170988136089648308437840188974331331590532253937188766953781840015839963,30795850354202396595592573272932010725517739133355699668024753134119725329399865505155765175362768289516276269384008957201452931799121155856961832080721381465/2832685693418458222942169936140170127729991266536051382478503872850564613340797811199757540873124766380984615361228476169104487607101671210324228564257744093184,0.010871608673618235607584439917613310576170988136089648308437840188974331331590532253937188766953781840015839963
61,38,1,7484669326944563299014170986164767516,1071409995198358782609289890028021520287406897928083976429162146740220024037027612009356362212953636375705953664757235134816140326656783199066039813749628748640509254469615683673/472114282236409703823694989356695021288331877756008563746417312141760768890132968533292923478854127730164102560204746028184081267850278535054038094042957348864,401778748199384543478483708760508070107777586723031491160935805027582509013886784121754512072349848797946812842714927827452210945950467234607298163015898972370854248194100251197/177042855838653638933885621008760632983124454158503211404906492053160288333799863199984846304570297898811538460076779760569030475443854450645264285266109005824,2269386958858943572.0652296520417094136455066395056798634570259288165378898506270411338459879895431935236231326,4332120585723182085,11436945967009939937881256456641747447717215169266587633388279660265862878305533045306222143954958557/1416342846709229111471084968070085063864995633268025691239251936425282306670398905599878770436562383190492307680614238084552243803550835605162114282128872046592,30795850354202396595592573272932010725517739133355699668024753134119725329399865505155765175362768289516276269384008957201452931799121155856961832080721381465/472114282236409703823694989356695021288331877756008563746417312141760768890132968533292923478854127730164102560204746028184081267850278535054038094042957348864,0.065229652041709413645506639505679863457025928816537889850627041133845987989543193523623132601722691040095039778,30795850354202396595592573272932010725517739133355699668024753134119725329399865505155765175362768289516276269384008957201452931799121155856961832080721381465/472114282236409703823694989356695021288331877756008563746417312141760768890132968533292923478854127730164102560204746028184081267850278535054038094042957348864,0.065229652041709413645506639505679863457025928816537889850627041133845987989543193523623132601722691040095039778
62,39,1,44908015961667379800945094414941282700,531620609364436512809091057224067988210078300842326241916424007614798897822189013805392246257283012397355458383920515159533204790319042915033306062567974399371486518203291076697/78685713706068283970615831559449170214721979626001427291069552023626794815022161422215487246475687955027350426700791004697346877975046422509006349007159558144,199357728511663692303409146459025495578779362815872340718659002855549586683322309795267968588973364806065377112401157836721110119823814628095023006322778591394970722094228523581/29507142639775606488980936834793438830520742359750535234151082008860048055633310533330807717428382983135256410012796626761505079240642408440877380877684834304,6756253255200983828.3913779122502564818730398370340791807421555728992273391037622468030759279372591611417387956,10690518747955852304,11436945967009939937881256456641747447717215169266587633388279660265862878305533045306222143954958557/236057141118204851911847494678347510644165938878004281873208656070880384445066484266646461739427063865082051280102373014092040633925139267527019047021478674432,30795850354202396595592573272932010725517739133355699668024753134119725329399865505155765175362768289516276269384008957201452931799121155856961832080721381465/78685713706068283970615831559449170214721979626001427291069552023626794815022161422215487246475687955027350426700791004697346877975046422509006349007159558144,0.39137791225025648187303983703407918074215557289922733910376224680307592793725916114173879561033614624057023867,30795850354202396595592573272932010725517739133355699668024753134119725329399865505155765175362768289516276269384008957201452931799121155856961832080721381465/78685713706068283970615831559449170214721979626001427291069552023626794815022161422215487246475687955027350426700791004697346877975046422509006349007159558144,0.39137791225025648187303983703407918074215557289922733910376224680307592793725916114173879561033614624057023867
63,39,1,89816031923334759606468075206441038500,351513480962041352722130135730736326834796222072393762440318134424272623258947252677271038327279063429807083507596453786326579889882272235888523162248028688703832634815636113497/39342856853034141985307915779724585107360989813000713645534776011813397407511080711107743623237843977513675213350395502348673438987523211254503174503579779072,131817555360765507270798800899026122563048583277147660915119300409102233722106649372222515615221883943234736533779634821768625782160025623415729418702798949894600515823857912381/14753571319887803244490468417396719415260371179875267617075541004430024027816655266665403858714191491567628205006398313380752539620321204220438690438842417152,8934620133843494556.7827558245005129637460796740681583614843111457984546782075244936061518558745183222834775912,15302204766383240208,11436945967009939937881256456641747447717215169266587633388279660265862878305533045306222143954958557/118028570559102425955923747339173755322082969439002140936604328035440192222533242133323230869713531932541025640051186507046020316962569633763509523510739337216,30795850354202396595592573272932010725517739133355699668024753134119725329399865505155765175362768289516276269384008957201452931799121155856961832080721381465/39342856853034141985307915779724585107360989813000713645534776011813397407511080711107743623237843977513675213350395502348673438987523211254503174503579779072,0.78275582450051296374607967406815836148431114579845467820752449360615185587451832228347759122067229248114047734,3205127437061904521143253440047215393191219004866880241564828960889250786799470545174911699522188731102866280533221419472674457335862579143414725640577529283/14753571319887803244490468417396719415260371179875267617075541004430024027816655266665403858714191491567628205006398313380752539620321204220438690438842417152,0.21724417549948703625392032593184163851568885420154532179237860658465081993913432832785888653923498935712541875
64,40,1,538896191540008557670920680010515203090,140949010994787129813454166797728578633248396522192799061327122884998174993713670985980586733492386806108270160874102934913853496025408462308249266846024460458880549213313763417/6557142808839023664217985963287430851226831635500118940922462668635566234585180118517957270539640662918945868891732583724778906497920535209083862417263296512,52855879123045173680045312549148216987468148695822299647997671081874315622644056237988596267551880209347681528758753252488853384463701708323126707927047364302743483722987031101/2458928553314633874081744736232786569210061863312544602845923500738337337969442544444233976452365248594604700834399718896792089936720200703406448406473736192,21495492031191995250.696534947003077782476478044408950168905866874790728069245146961636911135247109933700865547,36683242262294944817,11436945967009939937881256456641747447717215169266587633388279660265862878305533045306222143954958557/19671428426517070992653957889862292553680494906500356822767388005906698703755540355553871811618921988756837606675197751174336719493761605627251587251789889536,4567279118846301938720629419782287320610412591355223904334902459577460391059145031083936093204205637840492793817078622302337305807439015020626382411668195417/6557142808839023664217985963287430851226831635500118940922462668635566234585180118517957270539640662918945868891732583724778906497920535209083862417263296512,0.69653494700307778247647804440895016890586687479072806924514696163691113524710993370086554732403375488684286401,746198883747270647061508703814428823981157141554335638718905460150913448830028000730677723069823482508261579698821700575882367399142378440008277234103793091/2458928553314633874081744736232786569210061863312544602845923500738337337969442544444233976452365248594604700834399718896792089936720200703406448406473736192,0.30346505299692221752352195559104983109413312520927193075427163950790491963480596996715331923540993614275251248
65,41,1,3233377149240051346097139085797174293948,62684041019085749328438946250397338952318992380487620352908681063531061772260982358091337223365266305305517393180365750308391552866965269734582884260482612547021846811787200601/1092857134806503944036330993881238475204471939250019823487077111439261039097530019752992878423273443819824311481955430620796484416320089201513977069543882752,23506515382157155998164604843899002107119622142682857632340755398824148164599298002530127701254210021546649240873601808261805155779285511108001814457469171335796470322414570045/409821425552438979013624122705464428201676977218757433807653916789722889661573757407372329408727541432434116805733286482798681656120033450567741401078956032,57357946453068896096.179209682018466694858868266453701013435201248744368415470881769821466811482659602205193284,91602982713175282836,11436945967009939937881256456641747447717215169266587633388279660265862878305533045306222143954958557/3278571404419511832108992981643715425613415817750059470461231334317783117292590059258978635269820331459472934445866291862389453248960267604541931208631648256,195850579620286162575305444257333419792524834355144610386594013820416234669024952071964579511111862561195547889256899819151368142158658214570474133492664409/1092857134806503944036330993881238475204471939250019823487077111439261039097530019752992878423273443819824311481955430620796484416320089201513977069543882752,0.17920968201846669485886826645370101343520124874436841547088176982146681148265960220519328394420252932105718408,195850579620286162575305444257333419792524834355144610386594013820416234669024952071964579511111862561195547889256899819151368142158658214570474133492664409/1092857134806503944036330993881238475204471939250019823487077111439261039097530019752992878423273443819824311481955430620796484416320089201513977069543882752,0.17920968201846669485886826645370101343520124874436841547088176982146681148265960220519328394420252932105718408
66,41,1,6466754298480102692242910987379419712202,36109681160863076010706398445388299045819258699128949648898246408957432177022251257234654949492738025369087308527208849229578788806788547307909098588403832737008815453146515545/546428567403251972018165496940619237602235969625009911743538555719630519548765009876496439211636721909912155740977715310398242208160044600756988534771941376,13541130435323653504014899417020612142182222012173356118336842403359037066384773839708871848552011916570487959128667970357250369256719240197999144830439628907041583562924313149/204910712776219489506812061352732214100838488609378716903826958394861444830786878703686164704363770716217058402866643241399340828060016725283870700539478016,66083077121066667886.358419364036933389717736532907402026870402497488736830941763539642933622965319204410386568,128496470860594386068,11436945967009939937881256456641747447717215169266587633388279660265862878305533045306222143954958557/1639285702209755916054496490821857712806707908875029735230615667158891558646295029629489317634910165729736467222933145931194726624480133802270965604315824128,195850579620286162575305444257333419792524834355144610386594013820416234669024952071964579511111862561195547889256899819151368142158658214570474133492664409/546428567403251972018165496940619237602235969625009911743538555719630519548765009876496439211636721909912155740977715310398242208160044600756988534771941376,0.35841936403693338971773653290740202687040249748873683094176353964293362296531920441038656788840505864211436815,195850579620286162575305444257333419792524834355144610386594013820416234669024952071964579511111862561195547889256899819151368142158658214570474133492664409/546428567403251972018165496940619237602235969625009911743538555719630519548765009876496439211636721909912155740977715310398242208160044600756988534771941376,0.35841936403693338971773653290740202687040249748873683094176353964293362296531920441038656788840505864211436815
67,42,1,38800525790880616153634747570761044320424,19964388474958187810749746706313848846874357990044917812981347166314677426690213262535896688110927957228941797679893682084167684524255001153179652700753112821902604319701141593/91071427900541995336360916156769872933705994937501651957256425953271753258127501646082739868606120318318692623496285885066373701360007433459498089128656896,7486645678109320429031155014867693317577884246266844179868005187368004035010259591696837500533833141017933392560924782677721205150769160389975602622570608938876754387882297917/34151785462703248251135343558788702350139748101563119483971159732476907471797813117281027450727295119369509733811107206899890138010002787547311783423246336,219216816241873960106.15051618422160033830641919744441216122241498493242098565058123785760173779191522646231941,311702436286944951741,11436945967009939937881256456641747447717215169266587633388279660265862878305533045306222143954958557/273214283701625986009082748470309618801117984812504955871769277859815259774382504938248219605818360954956077870488857655199121104080022300378494267385970688,13707723819202171902583611943793673925112844480141306472081161913872728152769948779799099773899621924558162642264328049018620739438643347651477955235350617/91071427900541995336360916156769872933705994937501651957256425953271753258127501646082739868606120318318692623496285885066373701360007433459498089128656896,0.15051618422160033830641919744441216122241498493242098565058123785760173779191522646231940733043035185268620891,13707723819202171902583611943793673925112844480141306472081161913872728152769948779799099773899621924558162642264328049018620739438643347651477955235350617/91071427900541995336360916156769872933705994937501651957256425953271753258127501646082739868606120318318692623496285885066373701360007433459498089128656896,0.15051618422160033830641919744441216122241498493242098565058123785760173779191522646231940733043035185268620891
68,42,1,77601051581761232307415387813367088756366,13321061502383507238930530830237147390454443611610747138484078712097653426418404039101877003240034816556441744334407329711653521773951768256267421940257912377890327777607485529/45535713950270997668180458078384936466852997468750825978628212976635876629063750823041369934303060159159346311748142942533186850680003716729749044564328448,4995398063393815214598949061338930271420416354354030176931529517036620034908331132909080118707248213265745872556367400538028394119405448053633516087384908772372150684597176893/17075892731351624125567671779394351175069874050781559741985579866238453735898906558640513725363647559684754866905553603449945069005001393773655891711623168,292540960638747804694.30103236844320067661283839488882432244482996986484197130116247571520347558383045292463881,459276388876621364669,11436945967009939937881256456641747447717215169266587633388279660265862878305533045306222143954958557/136607141850812993004541374235154809400558992406252477935884638929907629887191252469124109802909180477478038935244428827599560552040011150189247133692985344,13707723819202171902583611943793673925112844480141306472081161913872728152769948779799099773899621924558162642264328049018620739438643347651477955235350617/45535713950270997668180458078384936466852997468750825978628212976635876629063750823041369934303060159159346311748142942533186850680003716729749044564328448,0.30103236844320067661283839488882432244482996986484197130116247571520347558383045292463881466086070370537241783,13707723819202171902583611943793673925112844480141306472081161913872728152769948779799099773899621924558162642264328049018620739438643347651477955235350617/45535713950270997668180458078384936466852997468750825978628212976635876629063750823041369934303060159159346311748142942533186850680003716729749044564328448,0.30103236844320067661283839488882432244482996986484197130116247571520347558383045292463881466086070370537241783
69,43,1,465606309490567393845518729409323849466361,5531399508399676375560440829166095696448700186656790429678367289180430689229756669874306506240435766065886629828819961284941554624126512110720318410158513082601492769693829209/7589285658378499611363409679730822744475499578125137663104702162772646104843958470506894989050510026526557718624690490422197808446667286121624840760721408,2074274815649878640835165310937285886168262569996296411129387733442661508462588369448741182332398569331787704616772137378011406438220976999053352263597634036638837556629555773/2845982121891937354261278629899058529178312341796926623664263311039742289316484426440085620893941259947459144484258933908324178167500232295609315285270528,728843234711169900000.80619421065920405967703036933294593466897981918905182780697485429122085350298271754783289,1082681261450511268152,11436945967009939937881256456641747447717215169266587633388279660265862878305533045306222143954958557/22767856975135498834090229039192468233426498734375412989314106488317938314531875411520684967151530079579673155874071471266593425340001858364874522282164224,6118438160823672291220202264062851180637344902016168808976459751100082047925990309292204784849111898031604923639637558596422930991976061529853114474629209/7589285658378499611363409679730822744475499578125137663104702162772646104843958470506894989050510026526557718624690490422197808446667286121624840760721408,0.80619421065920405967703036933294593466897981918905182780697485429122085350298271754783288796516422223223450697,551567811583060245053702780875489336439308003540863318868472658500969029109081003375290395610872402027283843945859891901432719257317578558636629362914755/2845982121891937354261278629899058529178312341796926623664263311039742289316484426440085620893941259947459144484258933908324178167500232295609315285270528,0.19380578934079594032296963066705406533102018081094817169069653482985056447235805162046781939418482733817078265
70,44,1,2793637856943404363075014664972081818080117,3125231016128057304288827188096184103823032292898143164339728855252596682074313685433207888517960321887561467108644771875047238630721654764607395779522688561407486142138878041/1264880943063083268560568279955137124079249929687522943850783693795441017473993078417815831508418337754426286437448415070366301407777881020270806793453568,1171961631048021489108310195536069038933637109836803686627398320719723755779297250283329200686470277764915768596706441349301037940694155494261006277109199841191085071296449085/474330353648656225710213104983176421529718723632821103944043885173290381552747404406680936815656876657909857414043155651387363027916705382601552547545088,2470770892128298118053.8371652639552243580621822159976756080138789151343109668418491257473251210178963052869973,2657747973992828152745,11436945967009939937881256456641747447717215169266587633388279660265862878305533045306222143954958557/3794642829189249805681704839865411372237749789062568831552351081386323052421979235253447494525255013263278859312345245211098904223333643060812420380360704,1058914388571339216977929144242302684320345183266077033573324975918317978030017995620941458815438547013899777889843898314957725360864537448769887300814937/1264880943063083268560568279955137124079249929687522943850783693795441017473993078417815831508418337754426286437448415070366301407777881020270806793453568,0.83716526395522435806218221599767560801387891513431096684184912574732512101789630528699732779098533339340704184,77237457934404019343489675892312914909589279908042214924428773327678647556333598968609458795215525369373986531816736250045356229400873176035076815369667/474330353648656225710213104983176421529718723632821103944043885173290381552747404406680936815656876657909857414043155651387363027916705382601552547545088,0.16283473604477564193781778400232439198612108486568903014417920897910338683414830972280691636510896402902469587
71,44,1,5587275713886808726151468662449245237645872,2214938887923574215253820902256778046898352240331598262775262978485506540441871435528679663207614071384472622828532870447464638180435493526495244749541567232380229061352949849/632440471531541634280284139977568562039624964843761471925391846897720508736996539208907915754209168877213143218724207535183150703888940510135403396726784,830602082971340330720182838346291767586882090124349348540723616932064952667131406569131116195090433826257451991664478313957562771836845029968949640866279342805863666001726013/237165176824328112855106552491588210764859361816410551972021942586645190776373702203340468407828438328954928707021577825693681513958352691300776273772544,3502209279174994750469.6743305279104487161243644319953512160277578302686219336836982514946502420357926105739947,3838339594710239456169,11436945967009939937881256456641747447717215169266587633388279660265862878305533045306222143954958557/1897321414594624902840852419932705686118874894531284415776175540693161526210989617626723747262627506631639429656172622605549452111666821530406210190180352,426473917039797582697645004264734122280720218422315561647933129020597469293021456412033543061229378136686634671119690779774574656975596938634483904088153/632440471531541634280284139977568562039624964843761471925391846897720508736996539208907915754209168877213143218724207535183150703888940510135403396726784,0.67433052791044871612436443199535121602775783026862193368369825149465024203579261057399465558197066678681408368,77237457934404019343489675892312914909589279908042214924428773327678647556333598968609458795215525369373986531816736250045356229400873176035076815369667/237165176824328112855106552491588210764859361816410551972021942586645190776373702203340468407828438328954928707021577825693681513958352691300776273772544,0.32566947208955128387563556800464878397224216973137806028835841795820677366829661944561383273021792805804939175
72,45,1,33523654283320852356922685869188902879225526,752536825356132995929611749670943665559172896059720750805864494340741401179846686439223435828414541005011844389532050053495367435347364246951282818179367228663650629658937433/105406745255256939046714023329594760339937494140626911987565307816286751456166089868151319292368194812868857203120701255863858450648156751689233899454464,282201309508549873473604406126603874584689836022395281552199185377778025443872125660585030927890609933959660077039170666219086242428796550139963916605454341412146754116471357/39527529470721352142517758748598035127476560302735091995336990431107531796062283700556744734638073054825821451170262970948946918993058781883462712295424,7139361181618515152524.0459831674626922967461865919721072961665469816117316021021895089679014522147556634439679,9153835542695895761660,11436945967009939937881256456641747447717215169266587633388279660265862878305533045306222143954958557/316220235765770817140142069988784281019812482421880735962695923448860254368498269604453957877104584438606571609362103767591575351944470255067701698363392,4846936018769826510788910946355080920970241859807913697671897755450463468357096939428265891756598885211205858636885756319140854382969931877548306270297/105406745255256939046714023329594760339937494140626911987565307816286751456166089868151319292368194812868857203120701255863858450648156751689233899454464,0.045983167462692296746186591972107296166546981611731602102189508967901452214755663443967933491824000720884502100,4846936018769826510788910946355080920970241859807913697671897755450463468357096939428265891756598885211205858636885756319140854382969931877548306270297/105406745255256939046714023329594760339937494140626911987565307816286751456166089868151319292368194812868857203120701255863858450648156751689233899454464,0.045983167462692296746186591972107296166546981611731602102189508967901452214755663443967933491824000720884502100
73,46,1,201141925699925114141557465926127399533535117,377451999562582736345434585961544928753853669016464982969280431418021763671545809763731991458386698491870195154011312638079626161201065675994815779875917989754019883267983449/17567790875876156507785670554932460056656249023437818664594217969381125242694348311358553215394699135478142867186783542643976408441359458614872316575744,141544499835968526129537969735579348282695125881174368613480161781758161378259296907275739289130168991531541613718894135438183264623934586031288777241660876821035224219863613/6587921578453558690419626458099672521246093383789181999222831738517921966010380616759457455773012175804303575195043828491491153165509796980577118715904,21485456095728832733183.275899004776153780477119551832643776999281889670389612613137053807408713288533980663808,22739140145218042071285,11436945967009939937881256456641747447717215169266587633388279660265862878305533045306222143954958557/52703372627628469523357011664797380169968747070313455993782653908143375728083044934075659646184097406434428601560350627931929225324078375844616949727232,4846936018769826510788910946355080920970241859807913697671897755450463468357096939428265891756598885211205858636885756319140854382969931877548306270297/17567790875876156507785670554932460056656249023437818664594217969381125242694348311358553215394699135478142867186783542643976408441359458614872316575744,0.27589900477615378047711955183264377699928188967038961261313705380740871328853398066380760095094400432530701260,4846936018769826510788910946355080920970241859807913697671897755450463468357096939428265891756598885211205858636885756319140854382969931877548306270297/17567790875876156507785670554932460056656249023437818664594217969381125242694348311358553215394699135478142867186783542643976408441359458614872316575744,0.27589900477615378047711955183264377699928188967038961261313705380740871328853398066380760095094400432530701260
74,46,1,402283851399850228283127885844801423820554392,263665483529201695755610726649863141433819573373115263003095813466106267122252220393710869994114826003565995666253921524751734962808355407230342741044082935323409463312451673/8783895437938078253892835277466230028328124511718909332297108984690562621347174155679276607697349567739071433593391771321988204220679729307436158287872,98874556323450635908354022493698678037682340014918223626160930049789850172274200893517818740028216808417466805809872467940224065226668235244611387679722731409556316736539197/3293960789226779345209813229049836260623046691894590999611415869258960983005190308379728727886506087902151787597521914245745576582754898490288559357952,30016919644832911982208.551798009552307560954239103665287553998563779340779225226274107614817426577067961327615,32183873110957332498677,11436945967009939937881256456641747447717215169266587633388279660265862878305533045306222143954958557/26351686313814234761678505832398690084984373535156727996891326954071687864041522467037829823092048703217214300780175313965964612662039187922308474863616,4846936018769826510788910946355080920970241859807913697671897755450463468357096939428265891756598885211205858636885756319140854382969931877548306270297/8783895437938078253892835277466230028328124511718909332297108984690562621347174155679276607697349567739071433593391771321988204220679729307436158287872,0.55179800955230756095423910366528755399856377934077922522627410761481742657706796132761520190188800865061402520,1476359782188094403663971624166680915259205994466621933366208334722544947214221875875698053825885347624495417073732222393207967997510510758439950136771/3293960789226779345209813229049836260623046691894590999611415869258960983005190308379728727886506087902151787597521914245745576582754898490288559357952,0.44820199044769243904576089633471244600143622065922034076180609299088770411735660008419595657569082017955620570
75,47,1,2413703108399101369698878326246227977771856922,101147054380083633655165532590013020557410227626687482509340120334723690512593436598303688668433834707998864928959646437706025219276892391253521905042974627795420285603743833/1463982572989679708982139212911038338054687418619818222049518164115093770224529025946546101282891594623178572265565295220331367370113288217906026381312,37930145392531362620687074721254882709028835360007805941002545125521383943652156970240125742897845072579792779324519310298082911402369604253303574179307116086560375095773757/548993464871129890868302204841639376770507781982431833268569311543160163834198384729954787981084347983691964599586985707624262763792483081714759892992,69090340449562623362681.310788057313845365725434621991725323991382676044675351357644645688904559462407767965691,77662153401393416641248,11436945967009939937881256456641747447717215169266587633388279660265862878305533045306222143954958557/4391947718969039126946417638733115014164062255859454666148554492345281310673587077839638303848674783869535716796695885660994102110339864653718079143936,454988299800787383842493307621965906806179603948459031523343263105182157683509861588627587907924101341670141840189870658146752272630067223830227126361/1463982572989679708982139212911038338054687418619818222049518164115093770224529025946546101282891594623178572265565295220331367370113288217906026381312,0.31078805731384536572543462199172532399138267604467535135764464568890455946240776796569121141132805190368415123,454988299800787383842493307621965906806179603948459031523343263105182157683509861588627587907924101341670141840189870658146752272630067223830227126361/1463982572989679708982139212911038338054687418619818222049518164115093770224529025946546101282891594623178572265565295220331367370113288217906026381312,0.31078805731384536572543462199172532399138267604467535135764464568890455946240776796569121141132805190368415123
76,47,1,4827406216798202739397786647479421025490996607,79190985283126130878446896329029554608906362007864087176703844387955527529568078418227212680169691116948887420261483942446866073036897140648834361668614053402852601542281305/731991286494839854491069606455519169027343709309909111024759082057546885112264512973273050641445797311589286132782647610165683685056644108953013190656,29696619481172299079417586123386082978339885752949032691263941645483322825017647652711447247298791225936051213562708374575898231562371385276545745413921900689347493572725309/274496732435564945434151102420819688385253890991215916634284655771580081917099192364977393990542173991845982299793492853812131381896241540857379946496,108185693934055299442599.62157611462769073145086924398345064798276535208935070271528929137780911892481553593138,115441085264350578350816,11436945967009939937881256456641747447717215169266587633388279660265862878305533045306222143954958557/2195973859484519563473208819366557507082031127929727333074277246172640655336793538919819151924337391934767858398347942830497051055169932326859039571968,454988299800787383842493307621965906806179603948459031523343263105182157683509861588627587907924101341670141840189870658146752272630067223830227126361/731991286494839854491069606455519169027343709309909111024759082057546885112264512973273050641445797311589286132782647610165683685056644108953013190656,0.62157611462769073145086924398345064798276535208935070271528929137780911892481553593138242282265610380736830246,103876120010269676493216112062582473332936539510542350194785055864644537628725914050811083873174477665265505574764758124147311088029303054153050404291/274496732435564945434151102420819688385253890991215916634284655771580081917099192364977393990542173991845982299793492853812131381896241540857379946496,0.37842388537230926854913075601654935201723464791064408914167311589065244940827920101035147890828984215467446840
77,48,1,28964437300789216436387137593670905409049391406,28231118986812763230114009329326075970736608314699457549107123694866389338617759022415023928012655171529622298212970562971928045353013620362918945260597215646399418708068441/121998547749139975748511601075919861504557284884984851837459847009591147518710752162212175106907632885264881022130441268360947280842774018158835531776,10586669620054786211292753498497278489026228118012296580915171385574896003411277879281876465239902746403826792794515857272796471180915065169327464260915586530677550009895485/45749455405927490905691850403469948064208981831869319439047442628596680319516532060829565665090362331974330383298915475635355230316040256809563324416,231405369225075693243833.72945668776614438870521546390070388789659211253610421629173574826685471354889321558829,270765392067137411633313,11436945967009939937881256456641747447717215169266587633388279660265862878305533045306222143954958557/365995643247419927245534803227759584513671854654954555512379541028773442556132256486636525320722898655794643066391323805082841842528322054476506595328,88992656553367456596958504394206322292507749293504476010963722076408715127377605101991062587201202685875498773798546853063910430101745169353720531033/121998547749139975748511601075919861504557284884984851837459847009591147518710752162212175106907632885264881022130441268360947280842774018158835531776,0.72945668776614438870521546390070388789659211253610421629173574826685471354889321558829453693593662284420981474,12377209198414694681832411255642577204518575846803711316690170607451176989692849929151952542993753001316844808166927172876600627397222540533923755459/45749455405927490905691850403469948064208981831869319439047442628596680319516532060829565665090362331974330383298915475635355230316040256809563324416,0.27054331223385561129478453609929611210340788746386453485003869534391469644967520606210887344973905292804681038
78,49,1,173786623804735298618323749104839605620530273282,9452638634599408506665471354162296660964465257672015215336258783076048730818784146191559086360875552004736345018823679431094591633306750611221785781805751985344731036584025/20333091291523329291418600179319976917426214147497475306243307834931857919785125360368695851151272147544146837021740211393491213473795669693139255296,3544739487974778189999551757810861247861674471627005705751097043653518275486662300698077149620485389081994560346710775944983926036024989012441029456368787657782042133088829/7624909234321248484281975067244991344034830305311553239841240438099446719919422010138260944181727055329055063883152579272559205052673376134927220736,464889401177287925538156.37674012659686633223129278340422332737955267521662529775041448960112828129335929352977,661180448749583588061668,11436945967009939937881256456641747447717215169266587633388279660265862878305533045306222143954958557/60999273874569987874255800537959930752278642442492425918729923504795573759355376081106087553453816442632440511065220634180473640421387009079417765888,7660291387274139431284103676926414622802892703514574785990490736681283448237103660516279182596114095698911425711586007489945576206562490581163509849/20333091291523329291418600179319976917426214147497475306243307834931857919785125360368695851151272147544146837021740211393491213473795669693139255296,0.37674012659686633223129278340422332737955267521662529775041448960112828129335929352976722161561973706525888846,7660291387274139431284103676926414622802892703514574785990490736681283448237103660516279182596114095698911425711586007489945576206562490581163509849/20333091291523329291418600179319976917426214147497475306243307834931857919785125360368695851151272147544146837021740211393491213473795669693139255296,0.37674012659686633223129278340422332737955267521662529775041448960112828129335929352976722161561973706525888846
79,49,1,347573247609470597236647817275607457398365863982,6208840311077534229110221675536492046897162322235393375176233650025318725003914209077566346923276844575578779836638502842147469259615978059716097834302869663331124327811161/10166545645761664645709300089659988458713107073748737653121653917465928959892562680184347925575636073772073418510870105696745606736897834846569627648,2328315116654075335916333128326184517586435870838272515691087618759494523306086074280329872331385873796060473403391334724128755145890949305626396476055206787026939617299005/3812454617160624242140987533622495672017415152655776619920620219049723359959711005069130472090863527664527531941576289636279602526336688067463610368,610712874108418545758894.75348025319373266446258556680844665475910535043325059550082897920225656258671858705953,963411903653240881738212,11436945967009939937881256456641747447717215169266587633388279660265862878305533045306222143954958557/30499636937284993937127900268979965376139321221246212959364961752397786879677688040553043776726908221316220255532610317090236820210693504539708882944,7660291387274139431284103676926414622802892703514574785990490736681283448237103660516279182596114095698911425711586007489945576206562490581163509849/10166545645761664645709300089659988458713107073748737653121653917465928959892562680184347925575636073772073418510870105696745606736897834846569627648,0.75348025319373266446258556680844665475910535043325059550082897920225656258671858705953444323123947413051777693,939845346932821955409448654775090188466330388836381456928309950302006909813716913944561126721162418323262212342198303967761819818212476331532924355/3812454617160624242140987533622495672017415152655776619920620219049723359959711005069130472090863527664527531941576289636279602526336688067463610368,0.24651974680626733553741443319155334524089464956637441820046434412697635739610247274530648139686863513656172461
80,50,1,2085439485656823583419888460719397437738801155720,3570510303042672191546726178218204240933837217611723741582542983683186480797349440493888797793040844996087689245521481461333767027598130407631206631571452879267407804827737/1694424274293610774284883348276664743118851178958122942186942319577654826648760446697391320929272678962012236418478350949457601122816305807761604608,1338941363641002071830022316831826590350188956604396403093453618881194931728624286061450791407547373953751314431722451706323616808884256436094562275030925493003045921180221/635409102860104040356831255603749278669569192109296103320103369841620559993285167511521745348477254610754588656929381606046600421056114677910601728,2107211491957162668581540.5208815191623959867755134008506799285546321025995035730049738752135393755203115223572,2285772801152408057861549,11436945967009939937881256456641747447717215169266587633388279660265862878305533045306222143954958557/5083272822880832322854650044829994229356553536874368826560826958732964479946281340092173962787818036886036709255435052848372803368448917423284813824,882594290099696334144570283819755650327487987682083017242721458370664141642061873726713898879023379850862480037672603692115171715297267350117091417/1694424274293610774284883348276664743118851178958122942186942319577654826648760446697391320929272678962012236418478350949457601122816305807761604608,0.52088151916239598677551340085067992855463210259950357300497387521353937552031152235720665938743684478310666156,304436244072717915052617399171340909796761196727085353608206580460386349820431746433039381372685163712507623685268922361715219397156361653622322627/635409102860104040356831255603749278669569192109296103320103369841620559993285167511521745348477254610754588656929381606046600421056114677910601728,0.47911848083760401322448659914932007144536789739824650920278606476185814437661483647183888838121181081937034763
81,51,1,12512636913940941500519338470557345925030970102681,1394236678312659747327218043771657071946985150943125120536149235303283053910280344299236959614479157422203450192452700884792753112618899294241875525481741107937126701926489/282404045715601795714147224712777457186475196493020490364490386596275804441460074449565220154878779827002039403079725158242933520469384301293600768,522838754367247405247706766414371401980119431603671920201055963238731146645973374988456352090586741113544724786821658990120736590767044768573563110247283578754190507592253/105901517143350673392805209267291546444928198684882683886683894973603426665547527918586957558079542435125764776154896934341100070176019112985100288,4937027990444377848320882.1252891149743759206530804051040795713277926155970214380298432512812362531218691341432,5648392583842594998878472,11436945967009939937881256456641747447717215169266587633388279660265862878305533045306222143954958557/847212137146805387142441674138332371559425589479061471093471159788827413324380223348695660464636339481006118209239175474728800561408152903880802304,35382152952890947002128609681423278768062398203021546149250298581836728317681650378018238414387040369856361828433428217386371153889114446236289113/282404045715601795714147224712777457186475196493020490364490386596275804441460074449565220154878779827002039403079725158242933520469384301293600768,0.12528911497437592065308040510407957132779261559702143802984325128123625312186913414323995632462106869863996934,35382152952890947002128609681423278768062398203021546149250298581836728317681650378018238414387040369856361828433428217386371153889114446236289113/282404045715601795714147224712777457186475196493020490364490386596275804441460074449565220154878779827002039403079725158242933520469384301293600768,0.12528911497437592065308040510407957132779261559702143802984325128123625312186913414323995632462106869863996934
82,51,1,25025273827881883001038679840443889186435425372905,984845530718079608416004228524541842935377422702209048209731813177911766466624412117201765821845075702226478980823337197439837139190188561019334015494519183675891585189977/141202022857800897857073612356388728593237598246510245182245193298137902220730037224782610077439389913501019701539862579121466760234692150646800384,369317074019279853156001585696703191100766533513328393078649429941716913854602400420193154418348960468553360582460647607363393100731278243615110044002075357156227338816061/52950758571675336696402604633645773222464099342441341943341947486801713332773763959293478779039771217562882388077448467170550035088009556492550144,6974726783552382211474221.2505782299487518413061608102081591426555852311940428760596865025624725062437382682865,8066244223071853348290824,11436945967009939937881256456641747447717215169266587633388279660265862878305533045306222143954958557/423606068573402693571220837069166185779712794739530735546735579894413706662190111674347830232318169740503059104619587737364400280704076451940401152,35382152952890947002128609681423278768062398203021546149250298581836728317681650378018238414387040369856361828433428217386371153889114446236289113/141202022857800897857073612356388728593237598246510245182245193298137902220730037224782610077439389913501019701539862579121466760234692150646800384,0.25057822994875184130616081020815914265558523119404287605968650256247250624373826828647991264924213739727993868,35382152952890947002128609681423278768062398203021546149250298581836728317681650378018238414387040369856361828433428217386371153889114446236289113/141202022857800897857073612356388728593237598246510245182245193298137902220730037224782610077439389913501019701539862579121466760234692150646800384,0.25057822994875184130616081020815914265558523119404287605968650256247250624373826828647991264924213739727993868
83,52,1,150151642967291298006232107821852312796315562771110,307565580742243162740475396487584174016809242079210731623247149900403809146328044336920427581221869986311058871508840970441937600958033675163606583986031226665368207034457/23533670476300149642845602059398121432206266374418374197040865549689650370121672870797101679573231652250169950256643763186911126705782025107800064,115337092778341186027678273682844065256303465779704024358717681212651429859491262502587652578115258325085078041467711522239180773894220161419212257186392373277281072007741/8825126428612556116067100772274295537077349890406890323890324581133618888795627326548913129839961869593813731346241411195091672514668259415425024,13069171723636590258311647.503469379692511047836964861248954855933511387164257256358119015374835037462429609719,19363029390757043346047769,11436945967009939937881256456641747447717215169266587633388279660265862878305533045306222143954958557/70601011428900448928536806178194364296618799123255122591122596649068951110365018612391305038719694956750509850769931289560733380117346075323400192,11848482476590797359283007622025157335856131828603171952209433032147077947559977507221136734813808717606191878176784454199460027183332421128489049/23533670476300149642845602059398121432206266374418374197040865549689650370121672870797101679573231652250169950256643763186911126705782025107800064,0.50346937969251104783696486124895485593351138716425725635811901537483503746242960971887947589545282438367963207,4381945499891007106335972914014861536131300453251082595935544701843307601380417330376334958126460146317956819496714381082102531657640833497871811/8825126428612556116067100772274295537077349890406890323890324581133618888795627326548913129839961869593813731346241411195091672514668259415425024,0.49653062030748895216303513875104514406648861267374866260059666285378639511626822597239996344725037899466502968
84,52,1,300303285934582596012464225335327459432344166356937,193525851666158139921923016472092534175721936953637241820259791127365273958073136332094253818826088982627654141283920707080802826823295467721595349506909703863675154663513/11766835238150074821422801029699060716103133187209187098520432774844825185060836435398550839786615826125084975128321881593455563352891012553900032,72572194374809302470721131177034700315895726357613965682597421672761979163895672000777837417216840448703801267633366423478755233593693333628458044256721802226646177368637/4412563214306278058033550386137147768538674945203445161945162290566809444397813663274456564919980934796906865673120705597545836257334129707712512,16446720613433467475808578.006938759385022095673929722497909711867022774328514512716238030749670074924859219438,29034435947674076743697177,11436945967009939937881256456641747447717215169266587633388279660265862878305533045306222143954958557/35300505714450224464268403089097182148309399561627561295561298324534475555182509306195652519359847478375254925384965644780366690058673037661700096,81647238440722537860206592326096619752998641393984853689000257302252762499141071822585895027192891481106903048462572606004463830441408574589017/11766835238150074821422801029699060716103133187209187098520432774844825185060836435398550839786615826125084975128321881593455563352891012553900032,0.0069387593850220956739297224979097118670227743285145127162380307496700749248592194377589517909056487673592641351,81647238440722537860206592326096619752998641393984853689000257302252762499141071822585895027192891481106903048462572606004463830441408574589017/11766835238150074821422801029699060716103133187209187098520432774844825185060836435398550839786615826125084975128321881593455563352891012553900032,0.0069387593850220956739297224979097118670227743285145127162380307496700749248592194377589517909056487673592641351
85,53,1,1801819715607495576074785400282479105099785593778623,98860653466220487493562589267099371190154168204313213505498936417093256650985219560251619950268812223235198000155555188326767114943491022510749242312922227590107502282841/1961139206358345803570466838283176786017188864534864516420072129140804197510139405899758473297769304354180829188053646932242593892148502092316672,37072745049832682810085970975162264196307813076617455064562101156409972673737703211336849716507861663931630214710229353945991841638766666674390754058976498624058307725885/735427202384379676338925064356191294756445824200574193657527048427801574066302277212409427486663489132817810945520117599590972709555688284618752,50409809332095084259214467.041632556310132574043578334987458271202136645971087076297428184498020449549155316627,67760494729188163435792716,11436945967009939937881256456641747447717215169266587633388279660265862878305533045306222143954958557/5883417619075037410711400514849530358051566593604593549260216387422412592530418217699275419893307913062542487564160940796727781676445506276950016,81647238440722537860206592326096619752998641393984853689000257302252762499141071822585895027192891481106903048462572606004463830441408574589017/1961139206358345803570466838283176786017188864534864516420072129140804197510139405899758473297769304354180829188053646932242593892148502092316672,0.041632556310132574043578334987458271202136645971087076297428184498020449549155316626553710745433892604155584810,81647238440722537860206592326096619752998641393984853689000257302252762499141071822585895027192891481106903048462572606004463830441408574589017/1961139206358345803570466838283176786017188864534864516420072129140804197510139405899758473297769304354180829188053646932242593892148502092316672,0.041632556310132574043578334987458271202136645971087076297428184498020449549155316626553710745433892604155584810
86,54,1,10810918293644973456448712602595294478955725856249014,33195038476476265179868916421105925154957771442312912725689520124219001094522121715733324595053954872738493343229439410070012652581849405464934764507875053015658653091929/326856534393057633928411139713862797669531477422477419403345354856800699585023234316626412216294884059030138198008941155373765648691417015386112,12448139428678599442450843657914721933109164290867342272133570046582126840064041519642488958302290157495365968362935937099708918253151060282210324882083808158639989279293/122571200397396612723154177392698549126074304033429032276254508071300262344383712868734904581110581522136301824253352933265162118259281380769792,101558436144213493261709526.24979533786079544426147000992474962721281987582652245778456910698812269729493189976,164595857959896356716780517,11436945967009939937881256456641747447717215169266587633388279660265862878305533045306222143954958557/980569603179172901785233419141588393008594432267432258210036064570402098755069702949879236648884652177090414594026823466121296946074251046158336,81647238440722537860206592326096619752998641393984853689000257302252762499141071822585895027192891481106903048462572606004463830441408574589017/326856534393057633928411139713862797669531477422477419403345354856800699585023234316626412216294884059030138198008941155373765648691417015386112,0.24979533786079544426147000992474962721281987582652245778456910698812269729493189975932226447260335562493350886,81647238440722537860206592326096619752998641393984853689000257302252762499141071822585895027192891481106903048462572606004463830441408574589017/326856534393057633928411139713862797669531477422477419403345354856800699585023234316626412216294884059030138198008941155373765648691417015386112,0.24979533786079544426147000992474962721281987582652245778456910698812269729493189975932226447260335562493350886
87,54,1,21621836587289946912897425270878254831715962293574181,22459817066535834055501658554907322077009866948306027728597465019217070052625634299650771245531549734076575007029943850287688510198177187985143975853493982823446767798361/163428267196528816964205569856931398834765738711238709701672677428400349792511617158313206108147442029515069099004470577686882824345708507693056,8422431399950937770813121958090245778878700105614760398224049382206402699352858738611531452231388230497146592288125102181337364859273978727288779136690906836560532294205/61285600198698306361577088696349274563037152016714516138127254035650131172191856434367452290555290761068150912126676466632581059129640690384896,137429206414622475942342899.49959067572159088852294001984949925442563975165304491556913821397624539458986379952,241967110415232623897975781,11436945967009939937881256456641747447717215169266587633388279660265862878305533045306222143954958557/490284801589586450892616709570794196504297216133716129105018032285201049377534851474939618324442326088545207297013411733060648473037125523079168,81647238440722537860206592326096619752998641393984853689000257302252762499141071822585895027192891481106903048462572606004463830441408574589017/163428267196528816964205569856931398834765738711238709701672677428400349792511617158313206108147442029515069099004470577686882824345708507693056,0.49959067572159088852294001984949925442563975165304491556913821397624539458986379951864452894520671124986701772,81647238440722537860206592326096619752998641393984853689000257302252762499141071822585895027192891481106903048462572606004463830441408574589017/163428267196528816964205569856931398834765738711238709701672677428400349792511617158313206108147442029515069099004470577686882824345708507693056,0.49959067572159088852294001984949925442563975165304491556913821397624539458986379951864452894520671124986701772
88,55,1,129731019523739681477384552130718756325850966245491031,8692368503323475509793740071891717880169202338277719477163219343702575718805238943785277968416562250997471508352577920628500173710326263320685923860597922082183924222041/27238044532754802827367594976155233139127623118539784950278779571400058298751936193052201018024573671585844849834078429614480470724284751282176,3259638188746303316172652526959394205063450876854144803936207253888467324170210480161971473313267924342482780284112878559141738676329881978117009639354884058586965953085/10214266699783051060262848116058212427172858669452419356354542339275021862031976072394575381759215126844691818687779411105430176521606781730816,319126011152179663170011451.99754405432954533113764011909699552655383850991826949341482928385747236753918279711,571158826335025337331536816,11436945967009939937881256456641747447717215169266587633388279660265862878305533045306222143954958557/81714133598264408482102784928465699417382869355619354850836338714200174896255808579156603054073721014757534549502235288843441412172854253846528,27171149375212932205471402373786153474743395156905283788442698159452645901637199436481492991143744137935213348794415746775502888992839072024665/27238044532754802827367594976155233139127623118539784950278779571400058298751936193052201018024573671585844849834078429614480470724284751282176,0.99754405432954533113764011909699552655383850991826949341482928385747236753918279711186717367124026749920210635,25085684078201483211072225888404874144084055994692059446038294323222568699595319062119351756856901584029279657013717872985929871524135351747/10214266699783051060262848116058212427172858669452419356354542339275021862031976072394575381759215126844691818687779411105430176521606781730816,0.0024559456704546688623598809030044734461613501188444869155167056714453804557472401535684184243274513905856476720
89,56,1,778386117142438088864307313856363177392521924164819978,3825607993596041719864271405181164336704907665744645500566393917626807132078917164675318783337837656225335395830397672221957545121410530760742323606074116060925262366809/4539674088792467137894599162692538856521270519756630825046463261900009716458656032175366836337428945264307474972346404935746745120714125213696,1434602997598515644949101776942936626264340374654242062712397719110054104147839812995736778908746201302931738088295285406688252955486482268138159543908456800614967757373/1702377783297175176710474686009702071195476444908736559392423723212503643671996012065762563626535854474115303114629901850905029420267796955136,842705427475661852328194919.98526432597727198682584071458197315932303105950961696048897570314483420523509678267,1403991469183730943269829393,11436945967009939937881256456641747447717215169266587633388279660265862878305533045306222143954958557/13619022266377401413683797488077616569563811559269892475139389785700029149375968096526100509012286835792922424917039214807240235362142375641088,4472778931250596515998406560323459192137042558122129663210381849952597319343919275604658809456599411613675973932683722096769163389268445956185/4539674088792467137894599162692538856521270519756630825046463261900009716458656032175366836337428945264307474972346404935746745120714125213696,0.98526432597727198682584071458197315932303105950961696048897570314483420523509678267120304202744160499521263808,25085684078201483211072225888404874144084055994692059446038294323222568699595319062119351756856901584029279657013717872985929871524135351747/1702377783297175176710474686009702071195476444908736559392423723212503643671996012065762563626535854474115303114629901850905029420267796955136,0.014735674022728013174159285418026840676968100713066921493100234028672282734483440921410510545964708343513886032
90,56,1,1556772234284876177728614628410554105633161399382079409,2241652714113279304589866568627506598077444662417587843734129485736845231130434670878010862431991343794230633713354369883223297218144383850522287820070180623887399192665/2269837044396233568947299581346269428260635259878315412523231630950004858229328016087683418168714472632153737486173202467873372560357062606848,840619767792479739221199963235314974279041748406595441400298557151318391292158877821746308569053834141267452294404047029662909991761677176805646124156981011725769067069/851188891648587588355237343004851035597738222454368279696211861606251821835998006032881281813267927237057651557314950925452514710133898477568,987583104103206153603950386.97052865195454397365168142916394631864606211901923392097795140628966841047019356534,2022961488826421080719391505,11436945967009939937881256456641747447717215169266587633388279660265862878305533045306222143954958557/6809511133188700706841898744038808284781905779634946237569694892850014574687984048263050254506143417896461212458519607403620117681071187820544,2202941886854362947051106978977189763876407298243814250687150219002592461114591259516975391287884938981522236446510519628895790828911383349337/2269837044396233568947299581346269428260635259878315412523231630950004858229328016087683418168714472632153737486173202467873372560357062606848,0.97052865195454397365168142916394631864606211901923392097795140628966841047019356534240608405488320999042527616,25085684078201483211072225888404874144084055994692059446038294323222568699595319062119351756856901584029279657013717872985929871524135351747/851188891648587588355237343004851035597738222454368279696211861606251821835998006032881281813267927237057651557314950925452514710133898477568,0.029471348045456026348318570836053681353936201426133842986200468057344565468966881842821021091929416687027772064
91,57,1,9340633405709257066371687773079924319792649234919408657,1251776897842611079670523838347356030740144427420971748287770202482643688163121286985199737066444077340180963805883957375184856921539673468686544923807582472996709271641/378306174066038928157883263557711571376772543313052568753871938491667476371554669347947236361452412105358956247695533744645562093392843767808,469416336690979154876446439380258511527554160282864405607913825930992812679416358861942136556973609220998826079102642339148494880534910783617242538058506705141760346685/141864815274764598059206223834141839266289703742394713282701976934375303639333001005480213635544654539509608592885825154242085785022316412928,3308898938625556082996770118.8231719117272638419100885749836779118763727141154035258677084377380104628211613921,4830944427193882967259050292,11436945967009939937881256456641747447717215169266587633388279660265862878305533045306222143954958557/1134918522198116784473649790673134714130317629939157706261615815475002429114664008043841709084357236316076868743086601233936686280178531303424,311411016524168306261690661188631906992544581678551406917790526544255079256817912777239209480622878454727455208032850905667980361947164510297/378306174066038928157883263557711571376772543313052568753871938491667476371554669347947236361452412105358956247695533744645562093392843767808,0.82317191172726384191008857498367791187637271411540352586770843773801046282116139205443650432929925994255165696,25085684078201483211072225888404874144084055994692059446038294323222568699595319062119351756856901584029279657013717872985929871524135351747/141864815274764598059206223834141839266289703742394713282701976934375303639333001005480213635544654539509608592885825154242085785022316412928,0.17682808827273615808991142501632208812361720855680305791720280834406739281380129105692612655157650012216663238
92,58,1,56043800434255542398230126650302262557450401319680483315,506342448067374676265807172019415969771911497510896763450669171840087508896297066908807363493847679503154240923417967845456298139567192785514279042726031450182036031577/63051029011006488026313877259618595229462090552175428125645323081944579395259111557991206060242068684226492707949255624107593682232140627968,189878418025265503599677689507280988664466811566586286294000939440034245454357276333294996467249960032113804998177896265500285337295230527427642832652925071586257881661/23644135879127433009867703972356973211048283957065785547116996155729217273222166834246702272590775756584934765480970859040347630837052735488,8030676993058830587816589339.9390314703635830514605314499020674712582362846924211552062506264280627769269683523,12016953203010888351978902429,11436945967009939937881256456641747447717215169266587633388279660265862878305533045306222143954958557/189153087033019464078941631778855785688386271656526284376935969245833738185777334673973618180726206052679478123847766872322781046696421883904,59206900480142354156435152150157526074696219469849694415209234216476761675781466545274385239654603717821484376235828409237605633018601998425/63051029011006488026313877259618595229462090552175428125645323081944579395259111557991206060242068684226492707949255624107593682232140627968,0.93903147036358305146053144990206747125823628469242115520625062642806277692696835232661902597579555965530994177,1441548199074050201204521916047900933035772037626273898921298167493351426373152227872649484266125827444344891532747013945582240687082616259/23644135879127433009867703972356973211048283957065785547116996155729217273222166834246702272590775756584934765480970859040347630837052735488,0.060968529636416948539468550097932528741703251340818347503216850064404356882807746341556759309459000732999794291
93,58,1,112087600868511084796460253307669718160769953446114895687,283608602215646116073322043326371580704107033898385379928625154974396139360808780844432441950254969793176787505297917492022581254613609377339577262801947059710384998489/31525514505503244013156938629809297614731045276087714062822661540972289697629555778995603030121034342113246353974627812053796841116070313984,106353225830867293527495766247389342764040137711894517473234433115399981878549169059154400888402693890872259966382877382962641505437636749362129665181393425159388744253/11822067939563716504933851986178486605524141978532892773558498077864608636611083417123351136295387878292467382740485429520173815418526367744,8996160940248510368879249622.8780629407271661029210628998041349425164725693848423104125012528561255538539367047,16968713360152409451575399325,11436945967009939937881256456641747447717215169266587633388279660265862878305533045306222143954958557/94576543516509732039470815889427892844193135828263142188467984622916869092888667336986809090363103026339739061923883436161390523348210941952,27681385974639110143278213520348228459965174193761980352386572675504471978151910766278782209533569375708238022261200597183808791902531684441/31525514505503244013156938629809297614731045276087714062822661540972289697629555778995603030121034342113246353974627812053796841116070313984,0.87806294072716610292106289980413494251647256938484231041250125285612555385393670465323805195159111931061988354,1441548199074050201204521916047900933035772037626273898921298167493351426373152227872649484266125827444344891532747013945582240687082616259/11822067939563716504933851986178486605524141978532892773558498077864608636611083417123351136295387878292467382740485429520173815418526367744,0.12193705927283389707893710019586505748340650268163669500643370012880871376561549268311351861891800146599958858
94,59,1,672525605211066508778761519877042058775884496013992607111,120601989767290915465002536307816870315447529640328878517131748985902479626597596678601664553708562925562468495611339983044643769913229614860997816892748141401795528793/5254252417583874002192823104968216269121840879347952343803776923495381616271592629832600505020172390352207725662437968675632806852678385664,45225746162734093299375951115431326368292823615123329443924405869714859478219974996967859364697791315516890337750410817095914948674994338432662372965443830793667693117/1970344656593952750822308664363081100920690329755482128926416346310768106101847236187225189382564646382077897123414238253362302569754394624,22953215830226286875972264748.268377644362996617526377398824809655098835416309053862475007517136753323123620228,41002619766174186155533204184,11436945967009939937881256456641747447717215169266587633388279660265862878305533045306222143954958557/15762757252751622006578469314904648807365522638043857031411330770486144848814777889497801515060517171056623176987313906026898420558035156992,1410123886719740132314097995507147114355969797022218633367688058027563896793947617115779684432707423947199393949010753805644757639139756121/5254252417583874002192823104968216269121840879347952343803776923495381616271592629832600505020172390352207725662437968675632806852678385664,0.26837764436299661752637739882480965509883541630905386247500751713675332312362022791942831170954671586371930125,1410123886719740132314097995507147114355969797022218633367688058027563896793947617115779684432707423947199393949010753805644757639139756121/5254252417583874002192823104968216269121840879347952343803776923495381616271592629832600505020172390352207725662437968675632806852678385664,0.26837764436299661752637739882480965509883541630905386247500751713675332312362022791942831170954671586371930125
95,59,1,1345051210422133017557523039775279696689377093785132430822,64918528304357069526931207154389649550319801861496361989627597677873121490032632819242396288058216321750697336379135087572778978553079233788994405332993129162324117593/2627126208791937001096411552484108134560920439673976171901888461747690808135796314916300252510086195176103862831218984337816403426339192832,24344448114133901072599202682896118581369925698061135746110349129203850177008113549708133765078911339087476153038333981293965651914937945530661093630535701203865913917/985172328296976375411154332181540550460345164877741064463208173155384053050923618093612594691282323191038948561707119126681151284877197312,24710852522844471994797312896.536755288725993235052754797649619310197670832618107724950015034273506646247240456,60809660394740270553919191768,11436945967009939937881256456641747447717215169266587633388279660265862878305533045306222143954958557/7881378626375811003289234657452324403682761319021928515705665385243072424407388944748900757530258585528311588493656953013449210279017578496,1410123886719740132314097995507147114355969797022218633367688058027563896793947617115779684432707423947199393949010753805644757639139756121/2627126208791937001096411552484108134560920439673976171901888461747690808135796314916300252510086195176103862831218984337816403426339192832,0.53675528872599323505275479764961931019767083261810772495001503427350664624724045583885662341909343172743860251,456375870777073825793367583866360382575426872748532834458089994337967373322228609779036889574843504253305942971039894818901089402205418947/985172328296976375411154332181540550460345164877741064463208173155384053050923618093612594691282323191038948561707119126681151284877197312,0.46324471127400676494724520235038068980087803217964034007720440154570456518738591219736222342701601759199506298
96,60,1,8070307262532798105345138238731360555985421734156309614075,30029251975667780220548203606572195089028169728987427617238982475644851237762411742250813682748824149025951624025865398555356067690344930184724392083124325770394667097/437854368131989500182735258747351355760153406612329361983648076957948468022632719152716708751681032529350643805203164056302733904389865472,11260969490875417582705576352464573158385563648370285356464618428368248832406780645836290288087889274315696510905857847912432060341412581679059838661834899931892369981/164195388049496062568525722030256758410057527479623510743868028859230675508487269682268765781880387198506491426951186521113525214146199552,68582739287907660523268848236.220531732355959410316528785897715861186024995708646349700090205641039877483442735,142814899927088642864985600137,11436945967009939937881256456641747447717215169266587633388279660265862878305533045306222143954958557/1313563104395968500548205776242054067280460219836988085950944230873845404067898157458150126255043097588051931415609492168908201713169596416,96560782323771631765892219265093047075509577185230547416743827153718492726049459657629558177664326359147462533401261636736555925970159705/437854368131989500182735258747351355760153406612329361983648076957948468022632719152716708751681032529350643805203164056302733904389865472,0.22053173235595941031652878589771586118602499570864634970009020564103987748344273503313974051456059036463161505,96560782323771631765892219265093047075509577185230547416743827153718492726049459657629558177664326359147462533401261636736555925970159705/437854368131989500182735258747351355760153406612329361983648076957948468022632719152716708751681032529350643805203164056302733904389865472,0.22053173235595941031652878589771586118602499570864634970009020564103987748344273503313974051456059036463161505
97,61,1,48421843575196788632070829432592541191627968885389287308195,15114629163258741099674706896025823197695404344551405634671466167148978389926811626032464073953644215046544372733905790049674972389808667430170324922168603467706861657/72975728021998250030455876457891892626692234435388226997274679492991411337105453192119451458613505421558440634200527342717122317398310912,5667985936222027912378015086009683699135776629206777113001799812682296514468430602254409184789696799073418791671372994722801649603711483146102063476476504068384442941/27365898008249343761420953671709459735009587913270585123978004809871779251414544947044794296980064533084415237825197753518920869024366592,207118580012007482688183465672.32319039413575646189917271538629516711614997425187809820054123384623926490065641,349216537267001591001412850076,11436945967009939937881256456641747447717215169266587633388279660265862878305533045306222143954958557/218927184065994750091367629373675677880076703306164680991824038478974234011316359576358354375840516264675321902601582028151366952194932736,23585054301773381735436342807201154448817342749842320419469147660727081388944006465510106719050820937589021899200734294019433608571848793/72975728021998250030455876457891892626692234435388226997274679492991411337105453192119451458613505421558440634200527342717122317398310912,0.32319039413575646189917271538629516711614997425187809820054123384623926490065641019883844308736354218778969030,23585054301773381735436342807201154448817342749842320419469147660727081388944006465510106719050820937589021899200734294019433608571848793/72975728021998250030455876457891892626692234435388226997274679492991411337105453192119451458613505421558440634200527342717122317398310912,0.32319039413575646189917271538629516711614997425187809820054123384623926490065641019883844308736354218778969030
98,61,1,96843687150393577264141658865371132466797164441757977962105,8326059015771435807841936829339557985113910070529579693298361633130534704468136763523284615392615573093021544645302864771696059814784724060138019420557152716410390617/36487864010999125015227938228945946313346117217694113498637339746495705668552726596059725729306752710779220317100263671358561158699155456,3122272130914288427940726311002334244417716276448592384986885612425380132421427528813466887829311058340847731138146897743559557388077504382339948913372210036648266301/13682949004124671880710476835854729867504793956635292561989002404935889625707272473522397148490032266542207618912598876759460434512183296,228187076482788294396963585629.64638078827151292379834543077259033423229994850375619640108246769247852980131282,507672862295530266188500750748,11436945967009939937881256456641747447717215169266587633388279660265862878305533045306222143954958557/109463592032997375045683814686837838940038351653082340495912019239487117005658179788179177187920258132337660951300791014075683476097466368,23585054301773381735436342807201154448817342749842320419469147660727081388944006465510106719050820937589021899200734294019433608571848793/36487864010999125015227938228945946313346117217694113498637339746495705668552726596059725729306752710779220317100263671358561158699155456,0.64638078827151292379834543077259033423229994850375619640108246769247852980131282039767688617472708437557938061,4838553640959653729921848283154296947768672179568179912452914975083015673888618152797783674672439457413091546924131885838895063303370179/13682949004124671880710476835854729867504793956635292561989002404935889625707272473522397148490032266542207618912598876759460434512183296,0.35361921172848707620165456922740966566321831693410448555871691129072869349178567821008008674515326662364453429
99,62,1,581062122902361463584849953192967319459993472017500332531197,3822698505427492350030799795233711515989685355647219583570776066146367131649206730810261320209558748565447724564837002332116979130426180787281634261231857852103592025/6081310668499854169204656371490991052224352869615685583106223291082617611425454432676620954884458785129870052850043945226426859783192576,1433511939535309631261549923212641818496132008367707343839041024806317292614328766546083152135664749143007548607972199328717402131443050655018804478625224462533216829/2280491500687445313451746139309121644584132326105882093664833734155981604284545412253732858081672044423701269818766479459910072418697216,628597799686244399429316755210.87828472962907754279007258463554200539379969102253717840649480615487117880787692,1206105936829533448191326450901,11436945967009939937881256456641747447717215169266587633388279660265862878305533045306222143954958557/18243932005499562507613969114472973156673058608847056749318669873247852834276363298029862864653376355389610158550131835679280579349577728,5341122296273819227822373692728181292144284140995263670150477787479228554667643167480243854397444582199411740650602458340153029222271065/6081310668499854169204656371490991052224352869615685583106223291082617611425454432676620954884458785129870052850043945226426859783192576,0.87828472962907754279007258463554200539379969102253717840649480615487117880787692238606131704836250625347628366,277570639584763103018356004536053658600407527356415725123247506771052465319527328290317958509095368565689007286598926919074918465975747/2280491500687445313451746139309121644584132326105882093664833734155981604284545412253732858081672044423701269818766479459910072418697216,0.12171527037092245720992741536445799397930990160462691335230146774437216095071406926048052047091959974186720577
100,63,1,3486372737414168781509099719159778288885088446183239301346363,1821570127406277601084464466810193923615785930075840131637683220118532403871675923412192563811078586848637724259876395088547570104384623837988451268190325753998018649/1013551778083309028200776061915165175370725478269280930517703881847102935237575738779436825814076464188311675475007324204404476630532096,683088797777354100406674175053822721355919723778440049364131207545879269697754713771807368486234688499203798493611971612378873746677466799033860856234649925743626813/380081916781240885575291023218186940764022054350980348944138955692663600714090902042288809680278674070616878303127746576651678736449536,1797214672989852318338594372084.2697083777744652567404355078132520323627981461352230704389688369292270728472615,2984492510374485643825627750016,11436945967009939937881256456641747447717215169266587633388279660265862878305533045306222143954958557/3040655334249927084602328185745495526112176434807842791553111645541308805712727216338310477442229392564935026425021972613213429891596288,273363405857274086818493383152355415290656749648859017561958378243713878479764473583059725327062261257853363275565837318130646069610585/1013551778083309028200776061915165175370725478269280930517703881847102935237575738779436825814076464188311675475007324204404476630532096,0.26970837777446525674043550781325203236279814613522307043896883692922707284726153431636790229017503752085770196,273363405857274086818493383152355415290656749648859017561958378243713878479764473583059725327062261257853363275565837318130646069610585/1013551778083309028200776061915165175370725478269280930517703881847102935237575738779436825814076464188311675475007324204404476630532096,0.26970837777446525674043550781325203236279814613522307043896883692922707284726153431636790229017503752085770196
101,63,1,6972745474828337563018199438321229458479148798131257649299795,973794518856406748034200859254083877215924158944181568199585117629089697815831670241631611191357532752099876574004589644277945210977380324394852351124288313545525337/506775889041654514100388030957582587685362739134640465258851940923551467618787869389718412907038232094155837737503662102202238315266048,365172944571152530512825322220281453955971559604068088074844419112338254926813118832847011253839293213002105611410044570777764411649750481436261262334885885573941821/190040958390620442787645511609093470382011027175490174472069477846331800357045451021144404840139337035308439151563873288325839368224768,1921548637007798871898142137099.5394167555489305134808710156265040647255962922704461408779376738584541456945231,4252143110602715045322330955392,11436945967009939937881256456641747447717215169266587633388279660265862878305533045306222143954958557/1520327667124963542301164092872747763056088217403921395776555822770654402856363608169155238721114696282467513212510986306606714945798144,273363405857274086818493383152355415290656749648859017561958378243713878479764473583059725327062261257853363275565837318130646069610585/506775889041654514100388030957582587685362739134640465258851940923551467618787869389718412907038232094155837737503662102202238315266048,0.53941675554893051348087101562650406472559629227044614087793767385845414569452306863273580458035007504171540391,87529681194142660230710492926960188218396500180925550651178028924720664962481877269173553668956031530380568135035053630749079097750979/190040958390620442787645511609093470382011027175490174472069477846331800357045451021144404840139337035308439151563873288325839368224768,0.46058324445106948651912898437349592775171881925552296022761761293246593140856883112576624565103519690240646922
102,64,1,41836472848970025378109196629932844189255388471714941498224239,512000194513712837149802692804709602765535005664906109000666677681454901663401413635645714540146762102290197292442930869351831581001920415547204967750536833741162585/84462648173609085683398005159597097947560456522440077543141990153925244603131311564953068817839705349025972956250610350367039719211008,192000072942642313931176009801766101037075627124339790875250004131975206369651772605602300009635254219323475880824422530180471800408953015618393493569729080647305789/31673493065103407131274251934848911730335171195915029078678246307721966726174241836857400806689889505884739858593978881387639894704128,6061853441551110303993250397128.2365005332935830808852260937590243883535777536226768452676260431507248741671384,10221128131351686332973586455425,11436945967009939937881256456641747447717215169266587633388279660265862878305533045306222143954958557/253387944520827257050194015478791293842681369567320232629425970461775733809393934694859206453519116047077918868751831051101119157633024,19975461336446829768299367673564121447975380081538784932532407781938144670370538888200518873543145210775444406814006267029526911977561/84462648173609085683398005159597097947560456522440077543141990153925244603131311564953068817839705349025972956250610350367039719211008,0.23650053329358308088522609375902438835357775362267684526762604315072487416713841179641482748210045025029242349,19975461336446829768299367673564121447975380081538784932532407781938144670370538888200518873543145210775444406814006267029526911977561/84462648173609085683398005159597097947560456522440077543141990153925244603131311564953068817839705349025972956250610350367039719211008,0.23650053329358308088522609375902438835357775362267684526762604315072487416713841179641482748210045025029242349
103,64,1,83672945697940050756218393259870310845734661862413875769658720,316787283101197130652985168790114911767703165806568859287510621774662691755689334834362356644557981515955988138048503096316394098210682503926528384354387487968790617/42231324086804542841699002579798548973780228261220038771570995076962622301565655782476534408919852674512986478125305175183519859605504,118795231162948923994869438296293091912888687177463322232816483166928127654259743055121040798789461499448147447926512115292182744362238798760639774796173075982666301/15836746532551703565637125967424455865167585597957514539339123153860983363087120918428700403344944752942369929296989440693819947352064,7501239659217301623993727584014.4730010665871661617704521875180487767071555072453536905352520863014497483342768,15291730532264603938960399276929,11436945967009939937881256456641747447717215169266587633388279660265862878305533045306222143954958557/126693972260413628525097007739395646921340684783660116314712985230887866904696967347429603226759558023538959434375915525550559578816512,19975461336446829768299367673564121447975380081538784932532407781938144670370538888200518873543145210775444406814006267029526911977561/42231324086804542841699002579798548973780228261220038771570995076962622301565655782476534408919852674512986478125305175183519859605504,0.47300106658716616177045218751804877670715550724535369053525208630144974833427682359282965496420090050058484697,19975461336446829768299367673564121447975380081538784932532407781938144670370538888200518873543145210775444406814006267029526911977561/42231324086804542841699002579798548973780228261220038771570995076962622301565655782476534408919852674512986478125305175183519859605504,0.47300106658716616177045218751804877670715550724535369053525208630144974833427682359282965496420090050058484697
104,65,1,502037674187640304537310359559246826533056882045496883631437979,141094708120942922723075653923857765087659531091811365059306829154999208543517725617862859132631208912011316145701587636371511920318908929153466274227944090685212761/7038554014467423806949833763299758162296704710203339795261832512827103716927609297079422401486642112418831079687550862530586643267584,52910515545353596021153370221446661907872324159429261897240060934554321449695389598933729231816921772968895450796418817812851927652823708220741483498756802001324605/2639457755425283927606187661237409310861264266326252423223187192310163893847853486404783400557490792157061654882831573448969991225344,20045979306392938730333352018427.838006399522996970622713125108292660242933043472122143211512517808698490005661,35733986794967976604907572187780,11436945967009939937881256456641747447717215169266587633388279660265862878305533045306222143954958557/21115662043402271420849501289899274486890114130610019385785497538481311150782827891238267204459926337256493239062652587591759929802752,5898353307511982154399700146964605123381970661132105342008742756283937236515320294041674070569860985937782247438904541968353625442393/7038554014467423806949833763299758162296704710203339795261832512827103716927609297079422401486642112418831079687550862530586643267584,0.83800639952299697062271312510829266024293304347212214321151251780869849000566094155697792978520540300350908183,427575265108290619706300106125680959974779392159220684812851578485256465502712217815701450558835389197533523901611706933069387314627/2639457755425283927606187661237409310861264266326252423223187192310163893847853486404783400557490792157061654882831573448969991225344,0.16199360047700302937728687489170679812375498639765313638846813113754706141695584105516968687453417697326578420
105,66,1,3012226045125841827223862157355535554896756836616422872533990495,77048912745045854769385472507808900224798305233429010551530581667596942066285181561061355220726110617804156823829311158746839599945268949947020081939250690949449817/1173092335744570634491638960549959693716117451700556632543638752137850619487934882846570400247773685403138513281258477088431107211264,28893342279392195538519552190428337584299364462535878956823968126778471520733185577633165264852509912641210705094315138703599807512708716018324161390496777100413501/439909625904213987934364610206234885143544044387708737203864532051693982307975581067463900092915132026176942480471928908161665204224,65680177422813288940429366747946.028038397137981823736278750649755961457598260832732859269075106852190940033966,86919550781252259390775465277325,11436945967009939937881256456641747447717215169266587633388279660265862878305533045306222143954958557/3519277007233711903474916881649879081148352355101669897630916256413551858463804648539711200743321056209415539843775431265293321633792,32891628789128981941505344214806654801383402629322179290548995594684139075645879808822069330992558922089681032612156526198089386073/1173092335744570634491638960549959693716117451700556632543638752137850619487934882846570400247773685403138513281258477088431107211264,0.028038397137981823736278750649755961457598260832732859269075106852190940033965649341867578711232418021054490959,32891628789128981941505344214806654801383402629322179290548995594684139075645879808822069330992558922089681032612156526198089386073/1173092335744570634491638960549959693716117451700556632543638752137850619487934882846570400247773685403138513281258477088431107211264,0.028038397137981823736278750649755961457598260832732859269075106852190940033965649341867578711232418021054490959
106,66,1,6024452090251683654447724314711117464525087622134093770934735767,49859722577597697951667561755211465687936930543385819717364083011136067053311101296722119398284751481826585576604158370049358684590104111602089517113568509839345753/586546167872285317245819480274979846858058725850278316271819376068925309743967441423285200123886842701569256640629238544215553605632,18697395966599136731875335658204299632976348953769682394011531130605643390867905478505951831437000236649621487384882842942044464254521901638975199580865959184124477/219954812952106993967182305103117442571772022193854368601932266025846991153987790533731950046457566013088471240235964454080832602112,85005623271677676632832866741115.056076794275963647472557501299511922915196521665465718538150213704381880067931,127484369988555600238669967849357,11436945967009939937881256456641747447717215169266587633388279660265862878305533045306222143954958557/1759638503616855951737458440824939540574176177550834948815458128206775929231902324269855600371660528104707769921887715632646660816896,32891628789128981941505344214806654801383402629322179290548995594684139075645879808822069330992558922089681032612156526198089386073/586546167872285317245819480274979846858058725850278316271819376068925309743967441423285200123886842701569256640629238544215553605632,0.056076794275963647472557501299511922915196521665465718538150213704381880067931298683735157422464836042108981918,32891628789128981941505344214806654801383402629322179290548995594684139075645879808822069330992558922089681032612156526198089386073/586546167872285317245819480274979846858058725850278316271819376068925309743967441423285200123886842701569256640629238544215553605632,0.056076794275963647472557501299511922915196521665465718538150213704381880067931298683735157422464836042108981918
107,67,1,36146712541510101926686345888267005673946814973771418158047747120,20445723023127156784213326524705127748302539715052338043803535348989151274146260314031609942436688450615770209575398805482068937131256528558076553660392418125088857/97757694645380886207636580045829974476343120975046386045303229344820884957327906903880866687314473783594876106771539757369258934272,7667146133672683794079997446764422905613452393144626766426325757300549973681090109997010785493976599945565724749098006229310808957454057997470338285924924791278141/36659135492017832327863717517186240428628670365642394766988711004307831858997965088955325007742927668848078540039327409013472100352,209146943340825092941464761114172.33646076565578188483534500779707153749117912999279431122890128222629128040759,301323471551060119020220898404008,11436945967009939937881256456641747447717215169266587633388279660265862878305533045306222143954958557/293273083936142658622909740137489923429029362925139158135909688034462654871983720711642600061943421350784628320314619272107776802816,32891628789128981941505344214806654801383402629322179290548995594684139075645879808822069330992558922089681032612156526198089386073/97757694645380886207636580045829974476343120975046386045303229344820884957327906903880866687314473783594876106771539757369258934272,0.33646076565578188483534500779707153749117912999279431122890128222629128040758779210241094453478901625265389151,32891628789128981941505344214806654801383402629322179290548995594684139075645879808822069330992558922089681032612156526198089386073/97757694645380886207636580045829974476343120975046386045303229344820884957327906903880866687314473783594876106771539757369258934272,0.33646076565578188483534500779707153749117912999279431122890128222629128040758779210241094453478901625265389151
108,68,1,216880275249060611560118075329602609724781362546548688333390510207,11066180150939252787953679220056101983759643319430678371636977586913914409651957806514032926301772614510922590719815001013574476734451467210068997014038967356033113/16292949107563481034606096674304995746057186829174397674217204890803480826221317817313477781219078963932479351128589959561543155712,4149817556602219795482629707521038243909866244786504389363866596522336149495726669677919404443383161406247867678254079553625386308652159991967504543542380752882237/6109855915336305387977286252864373404771445060940399127831451834051305309832994181492554167957154611474679756673221234835578683392,679200559572246637469403462657547.01876459393469130901207004678242922494707477995676586737340769335774768244553,741711137823966993669084684923897,11436945967009939937881256456641747447717215169266587633388279660265862878305533045306222143954958557/48878847322690443103818290022914987238171560487523193022651614672410442478663953451940433343657236891797438053385769878684629467136,305730574002019872293150866196663309269028970973383942114585813077177423203244174195113768554400994224722330354976607075003074649/16292949107563481034606096674304995746057186829174397674217204890803480826221317817313477781219078963932479351128589959561543155712,0.018764593934691309012070046782429224947074779956765867373407693357747682445526752614465667208734097515923349041,305730574002019872293150866196663309269028970973383942114585813077177423203244174195113768554400994224722330354976607075003074649/16292949107563481034606096674304995746057186829174397674217204890803480826221317817313477781219078963932479351128589959561543155712,0.018764593934691309012070046782429224947074779956765867373407693357747682445526752614465667208734097515923349041
109,68,1,433760550498121223120236150659205636642146890633358703534878812532,7667531380008231962996813269827395749397372314861455959866232275133675791629767548517516520725863047177938063966538974110620139047318657010172442958575686615894105/8146474553781740517303048337152497873028593414587198837108602445401740413110658908656738890609539481966239675564294979780771577856,2875324267503086986123804976185273406024014618073045984949837104604746667737405322929225752352417073656378670145775569465017509675977356167006296772743650475330109/3054927957668152693988643126432186702385722530470199563915725917025652654916497090746277083978577305737339878336610617417789341696,941208534978953013611938827522976.03752918786938261802414009356485844989414955991353173474681538671549536489105,1066229691482393720452240705500153,11436945967009939937881256456641747447717215169266587633388279660265862878305533045306222143954958557/24439423661345221551909145011457493619085780243761596511325807336205221239331976725970216671828618445898719026692884939342314733568,305730574002019872293150866196663309269028970973383942114585813077177423203244174195113768554400994224722330354976607075003074649/8146474553781740517303048337152497873028593414587198837108602445401740413110658908656738890609539481966239675564294979780771577856,0.037529187869382618024140093564858449894149559913531734746815386715495364891053505228931334417468195031846698082,305730574002019872293150866196663309269028970973383942114585813077177423203244174195113768554400994224722330354976607075003074649/8146474553781740517303048337152497873028593414587198837108602445401740413110658908656738890609539481966239675564294979780771577856,0.037529187869382618024140093564858449894149559913531734746815386715495364891053505228931334417468195031846698082
110,69,1,2602563302988727338721416903955237634895816394992822950121017853545,2487673014678340882667905488266752854971203441049257623770858011365187285585821210713866588530032078833242138350139729043611211469220343303445251232891360553535577/1357745758963623419550508056192082978838098902431199806184767074233623402185109818109456481768256580327706612594049163296795262976,932877380504377831000464558100032320614201290393471608914071755691563477970925446252857027778980460527117698039625852564889161834190488526983599875612028201945661/509154659611358782331440521072031117064287088411699927319287652837608775819416181791046180663096217622889979722768436236298223616,1832208274822525410942721220159503.2251751272162957081448405613891506993648973594811904084808923202929721893463,2549651967130327707790410075347948,11436945967009939937881256456641747447717215169266587633388279660265862878305533045306222143954958557/4073237276890870258651524168576248936514296707293599418554301222700870206555329454328369445304769740983119837782147489890385788928,305730574002019872293150866196663309269028970973383942114585813077177423203244174195113768554400994224722330354976607075003074649/1357745758963623419550508056192082978838098902431199806184767074233623402185109818109456481768256580327706612594049163296795262976,0.22517512721629570814484056138915069936489735948119040848089232029297218934632103137358800650480917019108018849,305730574002019872293150866196663309269028970973383942114585813077177423203244174195113768554400994224722330354976607075003074649/1357745758963623419550508056192082978838098902431199806184767074233623402185109818109456481768256580327706612594049163296795262976,0.22517512721629570814484056138915069936489735948119040848089232029297218934632103137358800650480917019108018849
111,70,1,15615379817932364032328501423731432153269780938011691223073738813953,1052106952658705854681922035368430195439610061055034239866880210990540364346674143614528014454309953036745509433742824133024373451823454585028811730316420053534809/226290959827270569925084676032013829806349817071866634364127845705603900364184969684909413628042763387951102099008193882799210496,394540107247014695505720763263161323289853772895637839950080080551070882506245296090605062500584663353431462195977013223419097577666655257577435062146425514445373/84859109935226463721906753512005186177381181401949987886547942139601462636569363631841030110516036270481663287128072706049703936,4649354766367097712133979689264336.3510507632977742488690433683349041961893841568871424508853539217578331360779,6350881686757276216238606143738821,11436945967009939937881256456641747447717215169266587633388279660265862878305533045306222143954958557/678872879481811709775254028096041489419049451215599903092383537116811701092554909054728240884128290163853306297024581648397631488,79439614174749302368066190164649479462679153901517307750457967371573522839059204510204354926358230836771228255968413192203864153/226290959827270569925084676032013829806349817071866634364127845705603900364184969684909413628042763387951102099008193882799210496,0.35105076329777424886904336833490419618938415688714245088535392175783313607792618824152803902885502114648113093,79439614174749302368066190164649479462679153901517307750457967371573522839059204510204354926358230836771228255968413192203864153/226290959827270569925084676032013829806349817071866634364127845705603900364184969684909413628042763387951102099008193882799210496,0.35105076329777424886904336833490419618938415688714245088535392175783313607792618824152803902885502114648113093
112,70,1,31230759635864728064657002847462867676318168088129321776879147894355,670831735056136115430325308777421432074592426137885460208393793083224830948509375772938812082879679093605862312036091292903299955414304796812143151365632474810457/113145479913635284962542338016006914903174908535933317182063922852801950182092484842454706814021381693975551049504096941399605248,251561900646051043286371990791533037027972159801707047578147673835827557481933508150009111611298310624754094525336988408373695016513224086996184345039880172423741/42429554967613231860953376756002593088690590700974993943273971069800731318284681815920515055258018135240831643564036353024851968,5928930926522089484937227708262223.7021015265955484977380867366698083923787683137742849017707078435156662721559,8947030116024690030503854308348869,11436945967009939937881256456641747447717215169266587633388279660265862878305533045306222143954958557/339436439740905854887627014048020744709524725607799951546191768558405850546277454527364120442064145081926653148512290824198815744,79439614174749302368066190164649479462679153901517307750457967371573522839059204510204354926358230836771228255968413192203864153/113145479913635284962542338016006914903174908535933317182063922852801950182092484842454706814021381693975551049504096941399605248,0.70210152659554849773808673666980839237876831377428490177070784351566627215585237648305607805771004229296226187,12639699652082243472928555442829420044309665495670846479772014874496008357479156670420347000340448711663429416912603637954033091/42429554967613231860953376756002593088690590700974993943273971069800731318284681815920515055258018135240831643564036353024851968,0.29789847340445150226191326329649768255019382520630845382550180452759662598896035999588109102208115291790346703
113,71,1,187384557815188368387942017084777222105311861168720510876338260687086,368216552201238378389942334520155309769621897818110496893476169745756099444047018686129410437530633357469319185119603641041326117900258077349113947461093607147609/18857579985605880827090389669334485817195818089322219530343987142133658363682080807075784469003563615662591841584016156899934208,138081207075464391896228375445058241163608211681791436335053565084276783167760124242455585994292418473702890852743305538925454827445456567197548393575678097050173/7071592494602205310158896126000432181448431783495832323878995178300121886380780302653419175876336355873471940594006058837475328,19526182706492592329408302876252386.212609159573290986428520420018850354272609882645709410624247061093997632935,21648793489539242462981066595826512,11436945967009939937881256456641747447717215169266587633388279660265862878305533045306222143954958557/56572739956817642481271169008003457451587454267966658591031961426400975091046242421227353407010690846987775524752048470699802624,4009294232325779059704631487311536193895881544228429629082018803038889384330881281901217050343976374120860889632348564604127321/18857579985605880827090389669334485817195818089322219530343987142133658363682080807075784469003563615662591841584016156899934208,0.21260915957329098642852042001885035427260988264570941062424706109399763293511425889833646834626025375777357121,4009294232325779059704631487311536193895881544228429629082018803038889384330881281901217050343976374120860889632348564604127321/18857579985605880827090389669334485817195818089322219530343987142133658363682080807075784469003563615662591841584016156899934208,0.21260915957329098642852042001885035427260988264570941062424706109399763293511425889833646834626025375777357121
114,71,1,374769115630376736775884034169554454223689039292521232148515279470981,273805462143450115382153836182793417270549314776909348410854739095004257542232731890271015033306126285959554458438040679191161179758087376272147053806213909776473/9428789992802940413545194834667242908597909044661109765171993571066829181841040403537892234501781807831295920792008078449967104,102677048303793793268307688568547531476455993041341005654070528590244842454579766694008687717708228321886729080237719428231642975642142554293685808455098210535997/3535796247301102655079448063000216090724215891747916161939497589150060943190390151326709587938168177936735970297003029418737664,29039300096030104448420766994407963.425218319146581972857040840037700708545219765291418821248494122187995265870,32033387206608897720042059254266704,11436945967009939937881256456641747447717215169266587633388279660265862878305533045306222143954958557/28286369978408821240635584504001728725793727133983329295515980713200487545523121210613676703505345423493887762376024235349901312,4009294232325779059704631487311536193895881544228429629082018803038889384330881281901217050343976374120860889632348564604127321/9428789992802940413545194834667242908597909044661109765171993571066829181841040403537892234501781807831295920792008078449967104,0.42521831914658197285704084003770070854521976529141882124849412218799526587022851779667293669252050751554714243,4009294232325779059704631487311536193895881544228429629082018803038889384330881281901217050343976374120860889632348564604127321/9428789992802940413545194834667242908597909044661109765171993571066829181841040403537892234501781807831295920792008078449967104,0.42521831914658197285704084003770070854521976529141882124849412218799526587022851779667293669252050751554714243
115,72,1,2248614693782260420655304205017326838726554434139740485837678265944776,95625814392401377425280498713519943557353121411595114088447735373895700306830445390396523537299205511366977559326880140974225065191425562166966024375466435610713/1571464998800490068924199139111207151432984840776851627528665595177804863640173400589648705750296967971882653465334679741661184,35859680397150516534480187017569978834007420529348167783167902194829133491303909256555753406705633031414512743071034226400291932679644374004242922418567907723837/589299374550183775846574677166702681787369315291319360323249598191676823865065025221118264656361362989455995049500504903122944,60851380377796013597578015377328890.551309914879491837142245040226204251271318591748512927490964733127971595221,75330974185687382646004192445919729,11436945967009939937881256456641747447717215169266587633388279660265862878305533045306222143954958557/4714394996401470206772597417333621454298954522330554882585996785533414590920520201768946117250890903915647960396004039224983552,866364234724798921856233209089121891029911862674726374024687612683279657050534480721919638843382438177095582701679205120804953/1571464998800490068924199139111207151432984840776851627528665595177804863640173400589648705750296967971882653465334679741661184,0.55130991487949183714224504022620425127131859174851292749096473312797159522137110678003762015512304509328285457,264412786528384180150487222328663726774909874553139912983773312470795056312791140776863442556860088884853520873093034988451267/589299374550183775846574677166702681787369315291319360323249598191676823865065025221118264656361362989455995049500504903122944,0.44869008512050816285775495734783314361395541485420867543612992598695707120514591970343855358984301008904962584
116,73,1,13491688162693562523931825230103961213994431468561199089077974857158574,48053612751268549272776076659522597032672856552927998288591643811221617648157225660909469331481405990173023496713167771634793858497979613070812326382339070953561/261910833133415011487366523185201191905497473462808604588110932529634143940028900098274784291716161328647108910889113290276864,18020104781725705977291028747320973887252321207347999358221867858826352494301451857998108079523958210966779969590892087898005230169602143093185285671145145977405/98216562425030629307762446194450446964561552548553226720541599698612803977510837536853044109393560498242665841583417483853824,183473177403053325411416187002483425.30785948927695102285347024135722550762791155049107756494578839876782957133,184454547688783526909768606703998420,11436945967009939937881256456641747447717215169266587633388279660265862878305533045306222143954958557/785732499400245034462099569555603575716492420388425813764332797588902431820086700294824352875148483985941326732667339870830592,80631735324553887394133639533518315313419442286300560260354815094377225230447780427095285968233954191154255969011865249974361/261910833133415011487366523185201191905497473462808604588110932529634143940028900098274784291716161328647108910889113290276864,0.30785948927695102285347024135722550762791155049107756494578839876782957132822664068022572093073827055969712743,80631735324553887394133639533518315313419442286300560260354815094377225230447780427095285968233954191154255969011865249974361/261910833133415011487366523185201191905497473462808604588110932529634143940028900098274784291716161328647108910889113290276864,0.30785948927695102285347024135722550762791155049107756494578839876782957132822664068022572093073827055969712743
117,73,1,26983376325387125047863650460207922529366660889265810830166177134567815,34777640989830101562026139871117236352064381655100558627056366683798931054909104999721597564890134985032481619313292044466835492911252128438364119999566715619417/130955416566707505743683261592600595952748736731404302294055466264817071970014450049137392145858080664323554455444556645138432,13041615371186288085759802451668963632024143120662709485146138936042845021833406610052656167052231584039076765565938690210020843074579336356017208277605512727101/49108281212515314653881223097225223482280776274276613360270799849306401988755418768426522054696780249121332920791708741926912,265568556853963238170822146584716183.61571897855390204570694048271445101525582310098215512989157679753565914266,267531297425340768966256547971519956,11436945967009939937881256456641747447717215169266587633388279660265862878305533045306222143954958557/392866249700122517231049784777801787858246210194212906882166398794451215910043350147412176437574241992970663366333669935415296,80631735324553887394133639533518315313419442286300560260354815094377225230447780427095285968233954191154255969011865249974361/130955416566707505743683261592600595952748736731404302294055466264817071970014450049137392145858080664323554455444556645138432,0.61571897855390204570694048271445101525582310098215512989157679753565914265645328136045144186147654111939425485,18871380465807606881081106842537609363505993181756846182419313224263046369014046934730832283376187639246856269134491278816707/49108281212515314653881223097225223482280776274276613360270799849306401988755418768426522054696780249121332920791708741926912,0.38428102144609795429305948817399772336746497825050410523355911184348485446175103644126264307811612106859551002
118,74,1,161900257952322750287181902761247536144947277798540588915357961040013681,13633856347919532394523152325291438381820022898533365862844343809839386880298638144158454895900733477667369021667146948875887089797689301590954210420347979237465/21825902761117917623947210265433432658791456121900717049009244377469511995002408341522898690976346777387259075907426107523072,5112696130469824647946182121984289393182508586950012198566630358308015956354481539216477666181206018777159541448634279363415191906993276288238492185398486583869/8184713535419219108980203849537537247046796045712768893378466641551066998125903128071087009116130041520222153465284790321152,624664028660833705090571981275690310.69431387132341227424164289628670609153493860589293077934946078521395485594,636440392802907822785793761379516797,11436945967009939937881256456641747447717215169266587633388279660265862878305533045306222143954958557/65477708283353752871841630796300297976374368365702151147027733132408535985007225024568696072929040332161777227722278322569216,15154027041200134522292008737218017337045073920598409113327081961968689245440555402526589895304913858992478741289586927405145/21825902761117917623947210265433432658791456121900717049009244377469511995002408341522898690976346777387259075907426107523072,0.69431387132341227424164289628670609153493860589293077934946078521395485593871968816270865116885924671636552913,2501953394969168663120699143462534869412401090331308395662379941160912372762240678588658265143927556206411962203921698174403/8184713535419219108980203849537537247046796045712768893378466641551066998125903128071087009116130041520222153465284790321152,0.30568612867658772575835692904398634020478986950302463140135467106090912677050621864757585846869672641157306013
119,75,1,971401547713936501723091416567485219087623667470742491586484001194622924,5565765883782106994438919497343909324506979225559180910333369494160208699765971513343745727990352362979636389949628046175007635118825330688327242472181437368409/3637650460186319603991201710905572109798576020316786174834874062911585332500401390253816448496057796231209845984571017920512,2087162206418290122914594811503965996690117209584692841375014989928324138654731552660961728214813100769259804554564690850585396402419287199753379204836033382973/1364118922569869851496700641589589541174466007618794815563077773591844499687650521345181168186021673586703692244214131720192,1530044171285503272449095652699601026.1658832279404736454498573777202365492096316353575846760967647112837291356,1577014179462494500131429519068464248,11436945967009939937881256456641747447717215169266587633388279660265862878305533045306222143954958557/10912951380558958811973605132716716329395728060950358524504622188734755997501204170761449345488173388693629537953713053761536,603425200454856106327201893595728897850769839331264413987585710322347915438949841511324101320682674067639357351302855723097/3637650460186319603991201710905572109798576020316786174834874062911585332500401390253816448496057796231209845984571017920512,0.16588322794047364544985737772023654920963163535758467609676471128372913563231812897625190701315548029819317476,603425200454856106327201893595728897850769839331264413987585710322347915438949841511324101320682674067639357351302855723097/3637650460186319603991201710905572109798576020316786174834874062911585332500401390253816448496057796231209845984571017920512,0.16588322794047364544985737772023654920963163535758467609676471128372913563231812897625190701315548029819317476
120,75,1,1942803095427873003446182833134970439087647516511493595028751901760272104,3906269413600995299622530348604956675313871659614970540801626449977431386701235464663369104559539338938347084460560489823997601045054564391707917481459200886873/1818825230093159801995600855452786054899288010158393087417437031455792666250200695126908224248028898115604922992285508960256,1464851030100373237358448880726858753242701872355613952800611348359782646255455534405820494428258216753776314996164357218956633624755249838521132333315194702397/682059461284934925748350320794794770587233003809397407781538886795922249843825260672590584093010836793351846122107065860096,2147688161000997933042407406028175796.3317664558809472908997147554404730984192632707151693521935294225674582713,2241628177354952436583333049208636536,11436945967009939937881256456641747447717215169266587633388279660265862878305533045306222143954958557/5456475690279479405986802566358358164697864030475179262252311094367377998750602085380724672744086694346814768976856526880768,603425200454856106327201893595728897850769839331264413987585710322347915438949841511324101320682674067639357351302855723097/1818825230093159801995600855452786054899288010158393087417437031455792666250200695126908224248028898115604922992285508960256,0.33176645588094729089971475544047309841926327071516935219352942256745827126463625795250381402631096059638634951,603425200454856106327201893595728897850769839331264413987585710322347915438949841511324101320682674067639357351302855723097/1818825230093159801995600855452786054899288010158393087417437031455792666250200695126908224248028898115604922992285508960256,0.33176645588094729089971475544047309841926327071516935219352942256745827126463625795250381402631096059638634951
121,76,1,11656818572567238020677096998809822642299365685827765281738497970582471312,1549835644128279961707037602605448392060254158399274432703330635131470498891969167438321236450339788156077921735076893496851775767243653560744461766875204356185/303137538348859966999266809242131009149881335026398847902906171909298777708366782521151370708004816352600820498714251493376,581188366548104985640139100977043147022595309399727912263750417792547313326980672946427543887308385210425378974108008596276949145576158276909836440346196003389/113676576880822487624725053465799128431205500634899567963589814465987041640637543445431764015501806132225307687017844310016,5112648379247183886688457876148216089.9905987352856837453982885326428385905155796242910161131611765354047496276,5395656536279941436846192087345565033,11436945967009939937881256456641747447717215169266587633388279660265862878305533045306222143954958557/909412615046579900997800427726393027449644005079196543708718515727896333125100347563454112124014449057802461496142754480128,300287662105996139327935084353597888700888504304865566084679538413049137730583058990172730612677857715038536852588604229721/303137538348859966999266809242131009149881335026398847902906171909298777708366782521151370708004816352600820498714251493376,0.99059873528568374539828853264283859051557962429101611316117653540474962758781754771502288415786576357831809707,1068703591073935376747967214954043925880076363517900463404022909197456668214722789159456802887821297455193089529123354051/113676576880822487624725053465799128431205500634899567963589814465987041640637543445431764015501806132225307687017844310016,0.0094012647143162546016988911670164947448706042177734608975363163854571274764477426254618097461643016332603295934
122,76,1,23313637145134476041354193997619645287265843562225746278096819864887218582,1145584732153434622384821755801699431845767038065916144490660641087952229301607334360097627851381819123195834756094440287816812934777818888548564467035663829081/151568769174429983499633404621065504574940667513199423951453085954649388854183391260575685354002408176300410249357125746688,429594274557537983394308158425637286942162639274718554183999170026227962230594985542093690662699146823094596356989588642888838083401470274836374952906368305725/56838288440411243812362526732899564215602750317449783981794907232993520820318771722715882007750903066112653843508922155008,7558184567924152058757091828574156221.9811974705713674907965770652856771810311592485820322263223530708094992552,8054112527849773182653806207906254185,11436945967009939937881256456641747447717215169266587633388279660265862878305533045306222143954958557/454706307523289950498900213863196513724822002539598271854359257863948166562550173781727056062007224528901230748071377240064,148718892931566155828301679732532384125947836791666142133226452458399748876399667729597045258675449538738126603231478483033/151568769174429983499633404621065504574940667513199423951453085954649388854183391260575685354002408176300410249357125746688,0.98119747057136749079657706528567718103115924858203222632235307080949925517563509543004576831573152715663619413,1068703591073935376747967214954043925880076363517900463404022909197456668214722789159456802887821297455193089529123354051/56838288440411243812362526732899564215602750317449783981794907232993520820318771722715882007750903066112653843508922155008,0.018802529428632509203397782334032989489741208435546921795072632770914254952895485250923619492328603266520659187
123,77,1,139881822870806856248125163985717871752162231517481413511326842209019808005,423936262563127412001778659092396388716716838873714112687166077382640382198275582047308669224649771915443408060256097936788337709617376385786091002811878279257/25261461529071663916605567436844250762490111252199903991908847659108231475697231876762614225667068029383401708226187624448,158976098461172779500666997159648645768768814577642792257688708636736019566845578424797831177674629120187436346050210261253159873966304336300447403822448724541/9473048073401873968727087788816594035933791719574963996965817872165586803386461953785980334625150511018775640584820359168,16781937263417976509796627951748440818.887184823428204944779462391714063086186955491492193357934118424856995531,18845425600409656056346190382597384252,11436945967009939937881256456641747447717215169266587633388279660265862878305533045306222143954958557/75784384587214991749816702310532752287470333756599711975726542977324694427091695630287842677001204088150205124678562873344,22411585286207836245273842548311130313497280530666622173682214162858591497913508345783974130340109391821118062100540360793/25261461529071663916605567436844250762490111252199903991908847659108231475697231876762614225667068029383401708226187624448,0.88718482342820494477946239171406308618695549149219335793411842485699553105381057258027460989438916293981716480,1068703591073935376747967214954043925880076363517900463404022909197456668214722789159456802887821297455193089529123354051/9473048073401873968727087788816594035933791719574963996965817872165586803386461953785980334625150511018775640584820359168,0.11281517657179505522038669400419793693844725061328153077043579662548552971737291150554171695397161959912395512
124,78,1,839290937224841137488750983914307230577617802405363416068831809671708047442,151767535953234718702269781606607008570498537344521052718574518655763057117714141490638597280116345796507899064331737449127485349747272310705966437121471875161/4210243588178610652767594572807375127081685208699983998651474609851371912616205312793769037611178004897233618037697937408,56912825982463019513351168102477628213936951504195394769466874114157022661635038216046554198474594325586620472578575078380340239015015308145400691688546323005/1578841345566978994787847964802765672655631953262493999494302978694264467231076992297663389104191751836462606764136726528,36047210280032924057909011292901445501.323108940569229668676774350284378517121732948953160147604710549141973186,45902452834949641185808114665549396149,11436945967009939937881256456641747447717215169266587633388279660265862878305533045306222143954958557/12630730764535831958302783718422125381245055626099951995954423829554115737848615938381307112833534014691700854113093812224,1360367345314782981435869684274254678088854487166702180424841113601731934832481781815128942284219367334949971912050673753/4210243588178610652767594572807375127081685208699983998651474609851371912616205312793769037611178004897233618037697937408,0.32310894056922966867677435028437851712173294895316014760471054914197318632286343548164765936633497763890298877,1360367345314782981435869684274254678088854487166702180424841113601731934832481781815128942284219367334949971912050673753/4210243588178610652767594572807375127081685208699983998651474609851371912616205312793769037611178004897233618037697937408,0.32310894056922966867677435028437851712173294895316014760471054914197318632286343548164765936633497763890298877
125,78,1,1678581874449682274977501967828614461177133312183806896349602834130934203486,105670194921573804718787306127357244072169104493943620774540272944112351705131264652344489942389120874609065336584764953770899925775337513281012580249100683353/2105121794089305326383797286403687563540842604349991999325737304925685956308102656396884518805589002448616809018848968704,39626323095590176769545239797758966527063414185228857790454031972288008131916459401686263946826884979874557824673460392621620705025539759111042995361407126077/789420672783489497393923982401382836327815976631246999747151489347132233615538496148831694552095875918231303382068363264,50196713186985783903878807798284782400.646217881138459337353548700568757034243465897906320295209421098283946373,67170100767508295152269027630034909365,11436945967009939937881256456641747447717215169266587633388279660265862878305533045306222143954958557/6315365382267915979151391859211062690622527813049975997977211914777057868924307969190653556416767007345850427056546906112,1360367345314782981435869684274254678088854487166702180424841113601731934832481781815128942284219367334949971912050673753/2105121794089305326383797286403687563540842604349991999325737304925685956308102656396884518805589002448616809018848968704,0.64621788113845933735354870056875703424346589790632029520942109828394637264572687096329531873266995527780597754,279282918290445879354043232552661089552260386886653463656871419850324434599184293010625108335725421536961786147054990787/789420672783489497393923982401382836327815976631246999747151489347132233615538496148831694552095875918231303382068363264,0.35378211886154066264464032805037524326136700735937836924522955950582635660847493806650060344765943518948746145
126,79,1,10071491246698093649865011806971686767213337242777949635573747571905748135527,52853611966915657876427342354516284335661425323764296941624998346389745294970105587463935203020270761466514895306790732305479916004487299045738996164086794329/350853632348217554397299547733947927256807100724998666554289550820947659384683776066147419800931500408102801503141494784,19820104487593371703660253382943606625873034496411611353110803998142030728106024752356055919563566187446101409194220059572088201361470928772815401329526917693/131570112130581582898987330400230472721302662771874499957858581557855372269256416024805282425349312653038550563678060544,150642909446806445947142279669565779792.87730728683075602412129220341254220546079538743792177125652658970367824,158975006437407577523885256961133701664,11436945967009939937881256456641747447717215169266587633388279660265862878305533045306222143954958557/1052560897044652663191898643201843781770421302174995999662868652462842978154051328198442259402794501224308404509424484352,307806448270130318243971041072410896318433184991706180761972461138888956678430453616686682881424866110641567402626189401/350853632348217554397299547733947927256807100724998666554289550820947659384683776066147419800931500408102801503141494784,0.87730728683075602412129220341254220546079538743792177125652658970367823587436122577977191239601973166683586526,16142694029282713556068571752200144109655061342904463741154256734613690060671460961014543485026796230884685019698869699/131570112130581582898987330400230472721302662771874499957858581557855372269256416024805282425349312653038550563678060544,0.12269271316924397586784196830225145956820204415627021547137735703495813965084962839900362068595661113692476869
127,80,1,60428947480188561899190070841830120603819287839912325152271210157296762317394,21319800690682529372833191164921693011906670769492204777019417101482599529087623878999770743459173128903283045292691961031454675927876027050827652176381806681/58475605391369592399549924622324654542801183454166444425714925136824609897447296011024569966821916734683800250523582464,7994925259005948514812446686845634879465001538559576791383711031301851065900094111681994247228154575234889465438933020344328736332741701774723647334137547325/21928352021763597149831221733371745453550443795312416659643096926309228711542736004134213737558218775506425093946343424,364593073436211336854128952155121174525.26384372098453614472775322047525323276477232462753062753915953822206942,391854427581988116705812119025459052129,11436945967009939937881256456641747447717215169266587633388279660265862878305533045306222143954958557/175426816174108777198649773866973963628403550362499333277144775410473829692341888033073709900465750204051400751570747392,15428421313282356246221417960787623604427267720873958633397835454765907191193973561563833047315282437222566150008277081/58475605391369592399549924622324654542801183454166444425714925136824609897447296011024569966821916734683800250523582464,0.26384372098453614472775322047525323276477232462753062753915953822206941524616735467863147437611839000101519158,15428421313282356246221417960787623604427267720873958633397835454765907191193973561563833047315282437222566150008277081/58475605391369592399549924622324654542801183454166444425714925136824609897447296011024569966821916734683800250523582464,0.26384372098453614472775322047525323276477232462753062753915953822206941524616735467863147437611839000101519158
128,80,1,120857894960377123798380141683660241207854611767245989413580752385907118235669,15003380191509704478402962313002169954947876276604393531924173842364198118036743374849550153552824776172767229391099972169374401366616651209116114929428531289/29237802695684796199774962311162327271400591727083222212857462568412304948723648005512284983410958367341900125261791232,5626267571816139179401110867375813733105453603726647574472994809132450536756013922625661526013273942960946034475836024521048633372269435834081820866530069053/10964176010881798574915610866685872726775221897656208329821548463154614355771368002067106868779109387753212546973171712,513150059451083564669925832996648748169.52768744196907228945550644095050646552954464925506125507831907644413883,561995611042457348437499422741343157857,11436945967009939937881256456641747447717215169266587633388279660265862878305533045306222143954958557/87713408087054388599324886933486981814201775181249666638572387705236914846170944016536854950232875102025700375785373696,15428421313282356246221417960787623604427267720873958633397835454765907191193973561563833047315282437222566150008277081/29237802695684796199774962311162327271400591727083222212857462568412304948723648005512284983410958367341900125261791232,0.52768744196907228945550644095050646552954464925506125507831907644413883049233470935726294875223678000203038317,5178518018400914981152960885514271382879839445248255411332708271459075704900092958947436616247686843131472472725697987/10964176010881798574915610866685872726775221897656208329821548463154614355771368002067106868779109387753212546973171712,0.47231255803092771041410361962701751481842452987524258565652828441949767581019554078804344823147933364309722432
129,81,1,725147369762262742790280850101961447249153607253096751059333168468023328949416,5131057518914691659908992171852547367412125657558719017998547823074867912241313111455202936218116513595554597877497688877433705481492221140552432805068998745/4872967115947466033295827051860387878566765287847203702142910428068717491453941334252047497235159727890316687543631872,1924146569593009372465872064444705262779547121584519631750885051898951709582727573852781319512758344494491297658235168286570872415347774558370440069895244349/1827362668480299762485935144447645454462536982942701388303591410525769059295228000344517811463184897958868757828861952,1052963707085686810170900845399272953615.1661246518144337367330386457030387931772678955303675304699144586648330,1345704466206433581849123660792261262116,11436945967009939937881256456641747447717215169266587633388279660265862878305533045306222143954958557/14618901347842398099887481155581163635700295863541611106428731284206152474361824002756142491705479183670950062630895616,809519965439958146333936805206459968726971857332347526969104170559754716832149558807690555609803253551616087377381465/4872967115947466033295827051860387878566765287847203702142910428068717491453941334252047497235159727890316687543631872,0.16612465181443373673303864570303879317726789553036753046991445866483298295400825614357769251342068001218229899,809519965439958146333936805206459968726971857332347526969104170559754716832149558807690555609803253551616087377381465/4872967115947466033295827051860387878566765287847203702142910428068717491453941334252047497235159727890316687543631872,0.16612465181443373673303864570303879317726789553036753046991445866483298295400825614357769251342068001218229899
130,82,1,4350884218573576456741685100611768683498069948400933529767954449682170361679484,2574126491800835185613516167197811899037941512225067352568278142880241608704501603502424354693999491818894757578658254508918068635084470093019011999390566489/812161185991244338882637841976731313094460881307867283690485071344786248575656889042007916205859954648386114590605312,965297434425313194605068562699179462139228067084400257214533921825966845756423258370489351441214461328243857546170380398377508597944867915545407267765832253/304560444746716627080989190741274242410422830490450231383931901754294843215871333390752968577197482993144792971476992,3169477360161097449069966198365249738702.9967479108866024203982318742182327590636073731822051828194867519889979,3356548664777423818620621767513247363437,11436945967009939937881256456641747447717215169266587633388279660265862878305533045306222143954958557/2436483557973733016647913525930193939283382643923601851071455214034358745726970667126023748617579863945158343771815936,809519965439958146333936805206459968726971857332347526969104170559754716832149558807690555609803253551616087377381465/812161185991244338882637841976731313094460881307867283690485071344786248575656889042007916205859954648386114590605312,0.99674791088660242039823187421823275906360737318220518281948675198899789772404953686146615508052408007309379396,990457706732320776144642912609261902651326910601477805865941636063370230280291304636150435329632248010992210589123/304560444746716627080989190741274242410422830490450231383931901754294843215871333390752968577197482993144792971476992,0.0032520891133975749077303065726305334632830755087330836350182391019163291670394683695641363332560111515000756140
131,82,1,8701768437147152913483370201223537366998084221588792746791866751004734262532714,1784573929349965382249813341409239710971208019473570476226266973524229889427634267873487023517491425566795834207063596779376216103458125002880127230151297113/406080592995622169441318920988365656547230440653933641845242535672393124287828444521003958102929977324193057295302656,669215223506237018343680003028464891614203007302588928586279733317462451027598007509637852250023936483706761281822383749799313898584988506743325479301106237/152280222373358313540494595370637121205211415245225115691965950877147421607935666695376484288598741496572396485738496,4394629933396507642182080756336960303659.9934958217732048407964637484364655181272147463644103656389735039779958,4717678132461177672474120197240320209261,11436945967009939937881256456641747447717215169266587633388279660265862878305533045306222143954958557/1218241778986866508323956762965096969641691321961800925535727607017179372863485333563011874308789931972579171885907968,403439372444335976892617884218094312179741416678413885123861634887361592544321114286686597506873276227423030082078809/406080592995622169441318920988365656547230440653933641845242535672393124287828444521003958102929977324193057295302656,0.99349582177320484079646374843646551812721474636441036563897350397799579544809907372293231016104816014618758792,990457706732320776144642912609261902651326910601477805865941636063370230280291304636150435329632248010992210589123/152280222373358313540494595370637121205211415245225115691965950877147421607935666695376484288598741496572396485738496,0.0065041782267951498154606131452610669265661510174661672700364782038326583340789367391282726665120223030001512280
132,83,1,52210610622882917480900221207341224202004715717517023099051679221143024192494493,687453268459949265970238368445789745837485303710465170940282300709434806905678770914430811437115753976841521063698516476682921735401443831767052209874339929/67680098832603694906886486831394276091205073442322273640873755945398854047971407420167326350488329554032176215883776,257794975672480974738839388167171154689056988891424439104035481011914295081864696149991772719883059637473893853060478636289328510563733067575922346697247293/25380037062226385590082432561772853534201902540870852615327658479524570267989277782562747381433123582762066080956416,10157391616112427552613769423403144523750.960974930639229044778782490618793108763288478186462193833841023867975,11430775462016025309715363732266814936136,11436945967009939937881256456641747447717215169266587633388279660265862878305533045306222143954958557/203040296497811084720659460494182828273615220326966820922621267836196562143914222260501979051464988662096528647651328,65038878281317502358185450061122931723716049466802516919492855160367322304464077185849965754431628457262149002659929/67680098832603694906886486831394276091205073442322273640873755945398854047971407420167326350488329554032176215883776,0.96097493063922904477878249061879310876328847818646219383384102386797477268859444233759386096628896087712552753,990457706732320776144642912609261902651326910601477805865941636063370230280291304636150435329632248010992210589123/25380037062226385590082432561772853534201902540870852615327658479524570267989277782562747381433123582762066080956416,0.039025069360770898892763678871566401559396906104797003620218869222995950004473620434769635999072133818000907368
133,83,1,104421221245765834961800442414682448404013933521663306614353266303653716333092642,535102434449304965156403802142956736195148533956467751757534977487558419208231819804948808469277882105045572670029188308898380754207279689622959087225997401/33840049416301847453443243415697138045602536721161136820436877972699427023985703710083663175244164777016088107941888,200663412918489361933651425803608776073180700233675406910505234803710649695322089483936021606943857685550413205434480573370125642615921514271887425704118845/12690018531113192795041216280886426767100951270435426307663829239762285133994638891281373690716561791381033040478208,15812696602964438855319677479138340943845.921949861278458089557564981237586217526576956372924387667682047735950,16875293332751040725129357451175106319432,11436945967009939937881256456641747447717215169266587633388279660265862878305533045306222143954958557/101520148248905542360329730247091414136807610163483410461310633918098281071957111130250989525732494331048264323825664,31198828865015654904742206645425793678113512745641380099055977187667895280478373475766302579187463680246060894718041/33840049416301847453443243415697138045602536721161136820436877972699427023985703710083663175244164777016088107941888,0.92194986127845808955756498123758621752657695637292438766768204773594954537718888467518772193257792175425105505,990457706732320776144642912609261902651326910601477805865941636063370230280291304636150435329632248010992210589123/12690018531113192795041216280886426767100951270435426307663829239762285133994638891281373690716561791381033040478208,0.078050138721541797785527357743132803118793812209594007240437738445991900008947240869539271998144267636001814736
134,84,1,626527327474595009770802654488094690424144490243627908966347573714297501201057758,191687331988391015189180153317944532565692391085100944970744436043663397923987798885751832612784454984073898667414840844668675996634907831114504848883124313/5640008236050307908907207235949523007600422786860189470072812995449904503997617285013943862540694129502681351323648,71882749495646630695942557494229199712134646656912854365458781762250016713730581639237155660758822515186035454454100274283986358526282067331217086325541437/2115003088518865465840202713481071127850158545072571051277304873293714188999106481880228948452760298563505506746368,33987065969717352903942172499626843161169.531699167670748537345389887425517305159461738237546326006092286415697,39736844256783091344560084915708736191705,11436945967009939937881256456641747447717215169266587633388279660265862878305533045306222143954958557/16920024708150923726721621707848569022801268360580568410218438986349713511992851855041831587622082388508044053970944,2998787684764115360206170465678178640111398811340432748691912210418372760490287050696583266483993032732654138099801/5640008236050307908907207235949523007600422786860189470072812995449904503997617285013943862540694129502681351323648,0.53169916767074853734538988742551730515946173823754632600609228641569727226313330805112633159546753052550633033,990457706732320776144642912609261902651326910601477805865941636063370230280291304636150435329632248010992210589123/2115003088518865465840202713481071127850158545072571051277304873293714188999106481880228948452760298563505506746368,0.46830083232925078671316414645879681871276287325756404344262643067595140005368344521723563198886560581601088842
135,85,1,3759163964847570058624815926928568142545001945929575607905213825528097270959314289,64782946931461377750869085891634541702385215840226467879762733157774864575551157477909863987229078591031728391529349936824918323287912512677364112450717785/940001372675051318151201205991587167933403797810031578345468832574984083999602880835657310423449021583780225220608,24293605099298016656575907209362953138394455940084925456340643180041816708066841111296417426175556367795221600997041183842577231021158822917289310163388989/352500514753144244306700452246845187975026424178761841879550812215619031499851080313371491408793383093917584457728,68917928010150010295269792685497305999276.190195006024491224072339324553103830956770429425277956036553718494184,97432461287409212372024279871493043041932,11436945967009939937881256456641747447717215169266587633388279660265862878305533045306222143954958557/2820004118025153954453603617974761503800211393430094735036406497724952251998808642506971931270347064751340675661824,178783566738961405752566847703417136311187417910338013655505712693420508491478408189611335213645967981313462437977/940001372675051318151201205991587167933403797810031578345468832574984083999602880835657310423449021583780225220608,0.19019500602449122407233932455310383095677042942527795603655371849418363357879984830675798957280518315303798198,178783566738961405752566847703417136311187417910338013655505712693420508491478408189611335213645967981313462437977/940001372675051318151201205991587167933403797810031578345468832574984083999602880835657310423449021583780225220608,0.19019500602449122407233932455310383095677042942527795603655371849418363357879984830675798957280518315303798198
136,85,1,7518327929695140117249631853857136285090051781943287021281552010266913034257195550,42274574518870956948743359168283594249729331686870436614327462096342334811895061475512946214419754494617640493737939845242638265602241431677239334809438297/470000686337525659075600602995793583966701898905015789172734416287492041999801440417828655211724510791890112610304,15852965444576608855778759688106347843648499382576413731802416532004618046695805110397573261372059831639938639325262399499222209389032167542242518547909181/176250257376572122153350226123422593987513212089380920939775406107809515749925540156685745704396691546958792228864,89945771884494549466180374652502273431580.380390012048982448144678649106207661913540858850555912073107436988367,140988604253289335695336229622759374108300,11436945967009939937881256456641747447717215169266587633388279660265862878305533045306222143954958557/1410002059012576977226801808987380751900105696715047367518203248862476125999404321253485965635173532375670337830912,178783566738961405752566847703417136311187417910338013655505712693420508491478408189611335213645967981313462437977/470000686337525659075600602995793583966701898905015789172734416287492041999801440417828655211724510791890112610304,0.38039001204898244814467864910620766191354085885055591207310743698836726715759969661351597914561036630607596395,178783566738961405752566847703417136311187417910338013655505712693420508491478408189611335213645967981313462437977/470000686337525659075600602995793583966701898905015789172734416287492041999801440417828655211724510791890112610304,0.38039001204898244814467864910620766191354085885055591207310743698836726715759969661351597914561036630607596395
137,86,1,45109967578170840703497791123142817710540540812021280526758293133946357923681789181,24248453206756437251313446843726257296484438356346726748299070290721966813633981226316811659357505976178646810893698309162514570778660993386734511726331993/78333447722920943179266767165965597327783649817502631528789069381248673666633573402971442535287418465315018768384,9093169952533663969242542566397346486181664383630022532041769604896980047347900016949022803223716637225316008258671823469175823830189503183303209891744317/29375042896095353692225037687237098997918868681563486823295901017968252624987590026114290950732781924493132038144,309554269748568227816009903035295501973601.28234007229389468886807189463724597148124515310333547243864462193020,335853526828107760439384789365745460192165,11436945967009939937881256456641747447717215169266587633388279660265862878305533045306222143954958557/235000343168762829537800301497896791983350949452507894586367208143746020999900720208914327605862255395945056305152,22116671293119519394033313371485941655620118275332750597927573930923161158211261383668450143071131050683424901209/78333447722920943179266767165965597327783649817502631528789069381248673666633573402971442535287418465315018768384,0.28234007229389468886807189463724597148124515310333547243864462193020360294559817968109587487366219783645578370,22116671293119519394033313371485941655620118275332750597927573930923161158211261383668450143071131050683424901209/78333447722920943179266767165965597327783649817502631528789069381248673666633573402971442535287418465315018768384,0.28234007229389468886807189463724597148124515310333547243864462193020360294559817968109587487366219783645578370
138,87,1,270659805469025044220986746738856906263244372629786205919783595201060683962302191134,9524928942087055765580346358250370810360751457473551584835701118314149517833968059027427556052041866442711494220102119767091841316731470692819663675000921/13055574620486823863211127860994266221297274969583771921464844896874778944438928900495240422547903077552503128064,3571848353282645912092629884343889053885281796552581845743006165244048561422895079215503764484167596074340264506073252445892300281965932173085141872495165/4895840482682558948704172947872849832986478113593914470549316836328042104164598337685715158455463654082188673024,729567959968650133059662035675352800385559.69404043376336813320843136782347582888747091862001283463186773158122,833336008620802788024906569092171056311024,11436945967009939937881256456641747447717215169266587633388279660265862878305533045306222143954958557/39166723861460471589633383582982798663891824908751315764394534690624336833316786701485721267643709232657509384192,9061096672632695530822185510491675434322843305748978676462729034048382213772332483173209720523227973130921773145/13055574620486823863211127860994266221297274969583771921464844896874778944438928900495240422547903077552503128064,0.69404043376336813320843136782347582888747091862001283463186773158122161767358907808657524924197318701873470221,1497929230443868506399977138946236388058331655507082814979635125105725239042440423635973321628589886390098638275/4895840482682558948704172947872849832986478113593914470549316836328042104164598337685715158455463654082188673024,0.30595956623633986008691127020022568391356124726766676721461805201100482319124833384579301918994171251670379580
139,87,1,541319610938050088441973493477713812526489180433330891983740768840920175396103196812,6684207203729439257188871227699742042284789435405245985203522956453436413443803815975604571012280800255921089890583917364053615369446837722094649766119513/6527787310243411931605563930497133110648637484791885960732422448437389472219464450247620211273951538776251564032,2506577701398539721445826710387403265856796038276967245880939354546281147276583488071070145094257196254293862882503926544752965551734194809063261656664637/2447920241341279474352086473936424916493239056796957235274658418164021052082299168842857579227731827041094336512,1023962161457156092540885272543234101956575.3880808675267362664168627356469516577749418372400256692637354631624,1181785152347843774611402167102301704841968,11436945967009939937881256456641747447717215169266587633388279660265862878305533045306222143954958557/19583361930730235794816691791491399331945912454375657882197267345312168416658393350742860633821854616328754692096,2533309362389283599216621579994542323674205820957092715730306585610992741552868032925589509249276434354670209113/6527787310243411931605563930497133110648637484791885960732422448437389472219464450247620211273951538776251564032,0.38808086752673626641686273564695165777494183724002566926373546316244323534717815617315049848394637403746940442,2533309362389283599216621579994542323674205820957092715730306585610992741552868032925589509249276434354670209113/6527787310243411931605563930497133110648637484791885960732422448437389472219464450247620211273951538776251564032,0.38808086752673626641686273564695165777494183724002566926373546316244323534717815617315049848394637403746940442
140,88,1,3247917665628300530651840960866282875158939286584891582794058386325211536324883586636,2110420649837963541715382350408091083727568735127699927050107530026148356403609447770140819274994054893085444582972922988610032797623602538664953086806105/1087964551707235321934260655082855518441439580798647660122070408072898245369910741707936701878991923129375260672,791407743689236328143268381403034156397838275672887474073408569636048125886510599994021238192774666743230495892149803653961622087300481615277125401922109/407986706890213245725347745656070819415539842799492872545776403027336842013716528140476263204621971173515722752,1939788062512044941472031944775456347333688.3284852051604175985011764138817099466496510234401540155824127789747,2848457169589449350661215305286643817464017,11436945967009939937881256456641747447717215169266587633388279660265862878305533045306222143954958557/3263893655121705965802781965248566555324318742395942980366211224218694736109732225123810105636975769388125782016,357380258974812955348100269828831286791326659359797395486165769465196250813046549509716105491292588095919687769/1087964551707235321934260655082855518441439580798647660122070408072898245369910741707936701878991923129375260672,0.32848520516041759850117641388170994664965102344015401558241277897465941208306893703890299090367824422481642651,357380258974812955348100269828831286791326659359797395486165769465196250813046549509716105491292588095919687769/1087964551707235321934260655082855518441439580798647660122070408072898245369910741707936701878991923129375260672,0.32848520516041759850117641388170994664965102344015401558241277897465941208306893703890299090367824422481642651
